num_vehicles,distance,fitness,time
2.0,388.1087474485617,200.38810874744857,240.65059304237366
2.0,388.1087474485617,200.38810874744857,242.78157544136047
2.0,388.1087474485617,200.38810874744857,238.52370643615723
2.0,388.1087474485617,200.38810874744857,239.58880853652954
