num_vehicles,distance,fitness,time
1.0,389.9120459024325,100.38991204590243,311.5713903903961
