num_vehicles,distance,fitness,time
1.0,390.8377672868666,100.39083776728687,311.88602328300476
1.0,390.1036668220423,100.39010366682204,312.8321671485901
1.0,392.25437032384303,100.39225437032384,317.53208327293396
1.0,389.9120459024325,100.38991204590243,311.5713903903961
