num_vehicles,distance,fitness
6,447.6452532027363,600.4476452532027
6,568.5925656519798,600.568592565652
8,613.5507509176772,800.6135507509176
7,538.930722643005,700.538930722643
8,648.9641198949832,800.648964119895
7,581.7008305652492,700.5817008305653
8,632.8118594075498,800.6328118594075
7,656.3591462327066,700.6563591462327
7,585.2606115694188,700.5852606115694
8,631.9358067513867,800.6319358067514
9,616.9950783197661,900.6169950783197
8,642.2759513805246,800.6422759513805
8,501.96280497311454,800.5019628049731
9,682.6575472246907,900.6826575472247
8,617.4902920616787,800.6174902920617
9,686.1620557770427,900.686162055777
10,790.1549182980783,1000.7901549182981
8,643.9175654983911,800.6439175654984
10,695.3243561884688,1000.6953243561885
9,663.8639144910269,900.663863914491
