num_vehicles,distance,fitness
7,495.26436520284466,700.4952643652028
7,532.8354790848845,700.5328354790848
7,605.7017741624722,700.6057017741625
7,556.1690684400651,700.5561690684401
7,622.3131050696988,700.6223131050697
8,743.477911280545,800.7434779112806
8,616.8337258515104,800.6168337258515
8,682.2261288368419,800.6822261288369
9,771.0264116257829,900.7710264116258
7,718.493187438997,700.718493187439
7,649.548635753926,700.649548635754
9,734.1638423400393,900.7341638423401
7,610.9688349816917,700.6109688349817
8,650.7500040442551,800.6507500040443
9,719.6530492881284,900.7196530492881
8,709.8146166085119,800.7098146166085
7,612.896031097403,700.6128960310974
8,666.7165929804064,800.6667165929804
9,652.3702782667126,900.6523702782667
8,581.5367241251054,800.5815367241252
