num_vehicles,distance,fitness
8,516.3387731186642,800.5163387731187
8,514.3800251792034,800.5143800251792
9,624.7840547582226,900.6247840547583
10,644.6657437772628,1000.6446657437773
8,550.5397994322523,800.5505397994323
8,579.3043273647625,800.5793043273648
8,612.546738929296,800.6125467389293
11,771.5914604616934,1100.7715914604617
11,749.1277180232031,1100.7491277180231
10,573.223072240161,1000.5732230722401
9,650.6772240570999,900.6506772240571
10,718.9355572505723,1000.7189355572506
10,754.0615332019431,1000.7540615332019
10,739.2670711937913,1000.7392670711938
10,733.1998816364803,1000.7331998816364
10,701.0599022417115,1000.7010599022417
10,743.4279546631112,1000.7434279546632
11,716.3607711226095,1100.7163607711227
9,653.22200739237,900.6532220073924
12,755.1172705971693,1200.755117270597
