num_vehicles,distance,fitness
7,599.946623310844,700.5999466233109
7,639.9237447947598,700.6399237447947
7,586.6957315819027,700.5866957315819
8,626.1557645055702,800.6261557645056
9,659.3538906633955,900.6593538906634
7,673.1696719800025,700.67316967198
9,767.4233540805448,900.7674233540805
9,612.681869337494,900.6126818693375
10,724.57781862782,1000.7245778186278
10,771.3844545207685,1000.7713844545208
8,619.1137850145483,800.6191137850145
8,658.7647390571058,800.6587647390571
8,560.1000176263592,800.5601000176264
8,639.7573657304758,800.6397573657305
8,649.1209043664478,800.6491209043664
7,650.0194255761758,700.6500194255761
9,693.0417606170334,900.693041760617
9,665.0724426245238,900.6650724426245
8,645.5790361529541,800.645579036153
8,687.5686732278947,800.6875686732279
