num_vehicles,distance,fitness
7,636.8199997144283,700.6368199997145
7,590.9713360171393,700.5909713360171
7,598.2485861570236,700.5982485861571
6,643.7380866373542,600.6437380866373
7,671.110196818129,700.6711101968182
7,695.4846775183801,700.6954846775184
7,626.3820007272474,700.6263820007273
8,684.8492382454269,800.6848492382454
7,589.8455044117243,700.5898455044118
7,581.989669198322,700.5819896691984
6,679.9814212427266,600.6799814212427
7,600.9661563619217,700.6009661563619
7,632.0928856908486,700.6320928856909
7,568.2827338469492,700.5682827338469
8,693.4123684850948,800.693412368485
7,650.1778132391627,700.6501778132391
6,599.2825470079451,600.599282547008
7,628.5166481730295,700.628516648173
6,616.850769664778,600.6168507696648
7,662.4126435763914,700.6624126435764
