num_vehicles,distance,fitness
5,457.2023704760672,500.45720237047607
5,501.72877044036386,500.50172877044037
5,453.2824364919365,500.4532824364919
5,445.3409667474041,500.4453409667474
9,719.1716273478609,900.7191716273478
8,700.8612780827026,800.7008612780827
8,645.869260160267,800.6458692601602
8,606.2190318148447,800.6062190318148
10,826.830921312539,1000.8268309213125
10,792.5333807147783,1000.7925333807148
10,685.2011086321314,1000.6852011086321
8,723.8775138044131,800.7238775138044
10,746.8931394263441,1000.7468931394263
8,696.4641403531772,800.6964641403532
10,812.4697456053991,1000.8124697456054
9,748.237170323608,900.7482371703236
7,682.7717765908893,700.6827717765909
7,658.015475128879,700.6580154751289
8,763.3318171680919,800.7633318171681
8,657.9398832724863,800.6579398832724
