num_vehicles,distance,fitness
5,492.8496652239143,500.4928496652239
5,584.8239033483444,500.58482390334837
6,572.4259752183034,600.5724259752183
6,557.935273127549,600.5579352731276
6,541.4859551267775,600.5414859551267
5,566.036170814782,500.56603617081475
5,473.46158710457263,500.47346158710457
5,511.01181529333587,500.51101181529333
5,587.192580154292,500.5871925801543
5,485.1788095052071,500.4851788095052
6,634.3322438168536,600.6343322438169
6,556.7646556954734,600.5567646556955
8,691.5164157354529,800.6915164157355
6,595.7100796693826,600.5957100796694
6,621.4293038092408,600.6214293038092
6,673.2105730084077,600.6732105730084
7,563.5666897834149,700.5635666897834
6,606.6610762278028,600.6066610762279
7,601.3647000550658,700.6013647000551
7,711.6792712305743,700.7116792712305
