num_vehicles,distance,fitness
5,518.2594252824524,500.51825942528245
6,544.5975769000839,600.5445975769001
6,528.5399087818411,600.5285399087818
6,487.91315749453,600.4879131574945
5,459.53812547475457,500.45953812547475
5,527.547146314483,500.5275471463145
5,561.7889592488201,500.5617889592488
5,550.1654435687652,500.55016544356874
7,642.2329579558057,700.6422329579558
6,649.065744477912,600.6490657444779
6,650.4465965462027,600.6504465965462
7,594.6471960104084,700.5946471960104
7,634.5348729010217,700.634534872901
5,555.7272843457469,500.5557272843457
6,652.9953758251938,600.6529953758252
6,699.5200845171996,600.6995200845172
6,616.1244530979075,600.6161244530979
6,603.3275612322874,600.6033275612323
6,595.3534912617415,600.5953534912618
6,566.0605361071505,600.5660605361071
