num_vehicles,distance,fitness
5,492.8496652239143,500.4928496652239
5,526.825557707323,500.5268255577073
5,517.5465968947004,500.5175465968947
6,472.03148019440493,600.4720314801945
6,479.46705872953976,600.4794670587295
6,531.9936132178658,600.5319936132179
5,579.0747444220628,500.5790747444221
6,477.4959235281466,600.4774959235282
6,506.11786984950345,600.5061178698495
6,594.6298611775493,600.5946298611775
6,596.7315080459741,600.596731508046
6,651.5205786229353,600.6515205786229
5,598.256445805051,500.5982564458051
6,651.894010512782,600.6518940105128
6,589.6133297401378,600.5896133297401
6,591.1313605526616,600.5911313605527
6,632.1945135874499,600.6321945135875
6,646.020787121557,600.6460207871215
5,587.3932977364263,500.5873932977364
6,669.7459084824452,600.6697459084825
