num_vehicles,distance,fitness
8,801.6266998825827,800.8016266998826
10,864.5684074677945,1000.8645684074678
9,749.0221275756795,900.7490221275757
10,957.3288973509053,1000.9573288973509
13,1012.4355142053703,1301.0124355142054
11,957.1482639427279,1100.9571482639428
12,1019.5013960835554,1201.0195013960836
12,1070.262740706699,1201.0702627407068
13,1075.3674087672548,1301.0753674087673
12,1062.4157340032984,1201.0624157340033
12,937.55331356263,1200.9375533135626
12,856.6449164412143,1200.8566449164412
13,1053.0764247275415,1301.0530764247276
11,896.198002710775,1100.8961980027107
12,904.0982175142661,1200.9040982175143
12,1014.405127096089,1201.014405127096
10,940.1328507686102,1000.9401328507686
12,1061.8519299910993,1201.061851929991
11,1041.854978929261,1101.0418549789292
11,884.0710631560313,1100.884071063156
