num_vehicles,distance,fitness
7,743.2970155147732,700.7432970155148
7,784.7900015659994,700.784790001566
6,741.0956494327488,600.7410956494327
7,741.9551511025842,700.7419551511026
6,772.2624347990105,600.772262434799
7,758.0064292509664,700.7580064292509
6,767.265171481253,600.7672651714812
10,971.0572810747924,1000.9710572810748
10,911.9606515328152,1000.9119606515328
9,982.6834471539239,900.9826834471539
9,942.179559294303,900.9421795592943
11,898.7239576170115,1100.898723957617
10,901.4333234872499,1000.9014333234873
9,1022.1226343431505,901.0221226343432
11,965.91622370242,1100.9659162237024
9,998.4386834944278,900.9984386834944
10,976.2063023562451,1000.9762063023562
9,895.4127572294112,900.8954127572295
9,951.1990341641714,900.9511990341641
9,944.6892795320746,900.9446892795321
