num_vehicles,distance,fitness
6,738.2850068179622,600.7382850068179
7,746.4900873263416,700.7464900873264
8,791.2407042522404,800.7912407042522
7,803.0689569987576,700.8030689569988
6,758.9161926297143,600.7589161926297
7,742.3646135891979,700.7423646135892
9,823.726709580742,900.8237267095808
12,914.7238921886996,1200.9147238921887
10,1004.1173868968989,1001.004117386897
11,1017.05512850533,1101.0170551285053
9,897.309395979324,900.8973093959793
10,915.2537500684276,1000.9152537500685
12,1080.9700009843568,1201.0809700009843
11,898.7752670101601,1100.8987752670103
10,922.9730725981883,1000.9229730725982
9,905.8068674823293,900.9058068674823
12,1014.0604570066137,1201.0140604570065
12,1016.3460532889831,1201.016346053289
9,900.5584327008731,900.9005584327009
9,806.5807449989384,900.8065807449989
