num_vehicles,distance,fitness
7,818.2437983267619,700.8182437983268
7,838.4802716463532,700.8384802716464
6,778.0427466057995,600.7780427466058
6,751.9044551601223,600.7519044551601
7,825.029300207294,700.8250293002073
9,1026.7274356811547,901.0267274356812
8,930.7798458744269,800.9307798458744
9,911.297630619163,900.9112976306192
8,850.5532140441237,800.8505532140441
10,966.9457244147181,1000.9669457244147
7,854.8312004762523,700.8548312004763
9,992.0471416845429,900.9920471416846
10,955.0439948106841,1000.9550439948107
8,830.5506297772909,800.8305506297772
9,954.1881140246225,900.9541881140246
9,923.1555265279385,900.9231555265279
8,890.9973348543144,800.8909973348543
9,900.160251291634,900.9001602512916
8,1003.3405297684186,801.0033405297684
10,961.4462116964496,1000.9614462116964
