num_vehicles,distance,fitness
7,875.9048735512156,700.8759048735512
6,910.073003731033,600.910073003731
6,865.5579200416255,600.8655579200416
6,789.7351350306292,600.7897351350306
6,839.1397155384451,600.8391397155384
7,785.4636460856726,700.7854636460856
6,790.846135824273,600.7908461358243
7,868.3859995672664,700.8683859995673
7,897.458016628865,700.8974580166289
6,856.4517322474499,600.8564517322475
7,882.2566994998233,700.8822566994999
8,968.7195612367615,800.9687195612368
7,911.5671864025837,700.9115671864026
7,981.5337539414727,700.9815337539414
8,893.5923206411813,800.8935923206412
8,1050.2942597895512,801.0502942597896
8,898.0332553833335,800.8980332553833
8,890.3493416021605,800.8903493416021
7,805.5819051830158,700.805581905183
8,989.2854934932355,800.9892854934932
