num_vehicles,distance,fitness
6,849.5290070488132,600.8495290070488
7,858.2550894032299,700.8582550894032
7,711.7496268231355,700.7117496268231
8,745.3148305843254,800.7453148305843
8,860.1214116875748,800.8601214116876
8,717.366755142267,800.7173667551423
9,906.0931740545376,900.9060931740545
8,876.2823182419587,800.8762823182419
9,999.0179232463975,900.9990179232464
8,899.8262012128426,800.8998262012128
10,948.532596798522,1000.9485325967985
10,893.6484311409542,1000.893648431141
9,916.7297709253103,900.9167297709253
10,861.1066646773754,1000.8611066646773
10,995.0936529010963,1000.9950936529011
10,893.4994558061778,1000.8934994558061
9,964.3638740759127,900.964363874076
9,880.2619456475566,900.8802619456476
11,1046.9414086746956,1101.0469414086747
10,855.8237541788021,1000.8558237541788
