num_vehicles,distance,fitness
7,842.8913236348984,700.842891323635
7,812.1573966172294,700.8121573966172
7,831.7948705545574,700.8317948705545
7,830.0941718516857,700.8300941718517
9,1006.4470789022823,901.0064470789023
8,887.9580721630847,800.8879580721631
10,1044.0428682560532,1001.044042868256
8,947.2548785411294,800.9472548785411
9,1020.0048121020454,901.020004812102
9,932.836436577037,900.9328364365771
8,888.2898484243507,800.8882898484244
8,932.1416819130875,800.9321416819131
9,945.3193706110617,900.9453193706111
9,915.6507843396381,900.9156507843396
9,973.0889197973812,900.9730889197974
8,931.3596097465934,800.9313596097466
8,900.1038154038779,800.9001038154039
8,924.1706323292732,800.9241706323293
9,964.5943785763678,900.9645943785764
9,948.4678185087744,900.9484678185088
