num_vehicles,distance,fitness
6,840.3646523098904,600.8403646523099
6,797.0374471592814,600.7970374471593
7,894.8725549801559,700.8948725549801
6,710.6492616568419,600.7106492616568
6,783.6578635599585,600.7836578635599
7,851.3715619936518,700.8513715619937
7,886.9555181507709,700.8869555181508
7,838.197556521599,700.8381975565215
6,794.1992794805343,600.7941992794805
7,932.0156833293642,700.9320156833294
7,888.240440534047,700.888240440534
7,920.8485677065514,700.9208485677066
6,734.5845507227177,600.7345845507227
7,883.948227394693,700.8839482273947
7,889.179408447195,700.8891794084471
6,738.2743996554184,600.7382743996554
7,931.1954070070418,700.9311954070071
7,928.8332745173653,700.9288332745174
6,819.6977716439718,600.819697771644
7,853.4104241747347,700.8534104241747
