num_vehicles,distance,fitness
4,918.1606608150763,400.9181606608151
5,830.0054836664574,500.83000548366647
6,824.9572329337077,600.8249572329337
4,941.2028249065252,400.9412028249065
5,855.1186453088192,500.85511864530883
5,792.483513231896,500.7924835132319
5,982.4770712858785,500.98247707128587
5,823.0820238544954,500.8230820238545
8,836.8469165105713,800.8368469165106
6,961.0392510912575,600.9610392510913
7,902.4121148737429,700.9024121148738
7,923.7622352026776,700.9237622352027
6,874.6413284429692,600.874641328443
6,962.5301803522801,600.9625301803522
7,1047.9231873125427,701.0479231873126
6,900.9971004833753,600.9009971004833
6,904.4354122969494,600.904435412297
6,947.9718412984267,600.9479718412985
7,927.8325513640796,700.9278325513641
5,946.8011036895418,500.94680110368955
