num_vehicles,distance,fitness
4,937.6570066368039,400.9376570066368
4,917.0742066410802,400.9170742066411
4,1001.0551892421008,401.0010551892421
4,910.9830111907082,400.9109830111907
4,878.1561704365779,400.87815617043657
4,960.8561492329407,400.96085614923294
4,905.1054731318985,400.9051054731319
5,1019.9078850011226,501.01990788500115
4,934.6963532370398,400.93469635323703
5,927.9604597135485,500.9279604597136
5,958.6932910560637,500.9586932910561
4,906.811006415814,400.9068110064158
5,958.6374309445525,500.9586374309446
6,1024.2106803650076,601.0242106803651
5,921.3252213585909,500.9213252213586
6,907.9571615231021,600.9079571615231
5,948.276079168712,500.9482760791687
6,946.8859875929325,600.946885987593
5,948.0744759825382,500.94807447598254
5,948.2522836325566,500.94825228363254
