num_vehicles,distance,fitness
4,934.6666440653541,400.9346666440654
4,952.0318837538597,400.9520318837539
4,798.0673262641728,400.7980673262642
4,858.69263969739,400.8586926396974
4,874.5408119898304,400.87454081198985
5,898.5739903805379,500.89857399038056
5,995.4657825804727,500.9954657825805
6,938.3582337469895,600.938358233747
5,930.9741717930681,500.9309741717931
5,894.1050221381836,500.8941050221382
4,930.6069870764248,400.93060698707643
4,979.4593817246409,400.97945938172467
5,980.5108772692806,500.9805108772693
4,893.9726968472656,400.89397269684724
5,923.3332075041675,500.9233332075042
6,843.134390210513,600.8431343902105
5,958.2102690576303,500.95821026905764
5,940.389052862297,500.9403890528623
4,868.1268165876658,400.8681268165877
5,903.2747740480049,500.903274774048
