num_vehicles,distance,fitness
4,1099.2379083158141,401.0992379083158
4,1069.4794772179864,401.069479477218
4,1032.8128977417548,401.03281289774174
4,1046.3138589328846,401.0463138589329
5,877.7307049960151,500.877730704996
5,994.1454273816184,500.9941454273816
5,921.9922982669373,500.92199229826696
5,883.4705531160316,500.883470553116
4,831.8605247896346,400.83186052478965
5,883.885692984157,500.88388569298417
5,987.5557988256166,500.9875557988256
4,824.6751080305103,400.82467510803053
5,900.7436388274787,500.90074363882746
5,879.9328747160625,500.8799328747161
5,984.3988634129605,500.98439886341293
5,934.6747280745434,500.9346747280745
5,927.2805301033991,500.9272805301034
4,941.150118739245,400.94115011873924
5,910.2544047855754,500.9102544047856
5,935.3105352122102,500.93531053521224
