num_vehicles,distance,fitness
4,954.4951724086313,400.95449517240866
4,856.6115070471867,400.8566115070472
4,877.9216530496483,400.87792165304967
4,937.9344356277464,400.93793443562777
4,898.3233581529591,400.89832335815294
5,852.9548853552817,500.8529548853553
4,811.7661235550845,400.81176612355506
5,898.7838556996539,500.89878385569966
5,981.3179169788089,500.9813179169788
4,967.2089916388875,400.96720899163887
5,940.3442771942359,500.94034427719424
5,938.5205199426356,500.93852051994264
4,903.4938423792441,400.90349384237925
5,838.5929417618395,500.8385929417618
4,945.0247920249416,400.9450247920249
5,804.6653346072529,500.80466533460725
5,813.8563306032145,500.8138563306032
6,931.9849294911819,600.9319849294911
5,964.8465669143576,500.96484656691433
5,926.0719989416564,500.92607199894167
