num_vehicles,distance,fitness
4,918.9340678700514,400.91893406787005
4,815.6320207145465,400.81563202071453
5,775.782724115384,500.7757827241154
5,979.4134921297604,500.97941349212977
6,943.1248407265826,600.9431248407266
5,932.6848638784066,500.9326848638784
5,1022.1303912440228,501.02213039124405
5,912.194416852494,500.9121944168525
5,926.7860248733717,500.92678602487337
5,943.9249971490226,500.943924997149
4,833.4068950856453,400.83340689508566
5,884.8703458305215,500.8848703458305
5,919.127600549162,500.9191276005492
5,932.7958403130912,500.9327958403131
6,952.8859488370474,600.9528859488371
5,1020.4217065878063,501.0204217065878
5,929.5499598602996,500.9295499598603
5,850.004731964019,500.850004731964
5,976.0161417111383,500.9760161417111
5,1053.2867350569459,501.05328673505693
