num_vehicles,distance,fitness
4,877.1580260263885,400.8771580260264
4,874.0394795487011,400.8740394795487
4,912.810759676013,400.912810759676
4,816.1874022590636,400.81618740225906
4,912.1332370315333,400.9121332370315
4,792.6963471557559,400.79269634715575
4,825.8206721267678,400.8258206721268
5,1019.1053495145395,501.0191053495145
4,967.7504623309245,400.9677504623309
4,940.7828126856728,400.94078281268565
4,884.3991907276898,400.88439919072766
5,919.5084036546488,500.9195084036547
4,857.4859293133737,400.8574859293134
4,954.1818384469447,400.95418183844697
4,936.2901407496639,400.9362901407497
5,907.3152097844958,500.9073152097845
5,780.7528924466695,500.7807528924467
4,930.8601026435243,400.9308601026435
4,880.766238307364,400.8807662383074
4,914.161377993539,400.91416137799354
