num_vehicles,distance,fitness
7,791.5872570391791,700.7915872570392
7,836.0413517585796,700.8360413517586
8,897.1033473349489,800.8971033473349
7,866.1024242989986,700.866102424299
7,944.2344491092235,700.9442344491092
8,880.513381215245,800.8805133812152
8,1028.942044746511,801.0289420447465
9,1205.0713556794221,901.2050713556794
8,1118.9214731671884,801.1189214731672
9,1049.090778563777,901.0490907785638
7,851.8655046283807,700.8518655046283
8,962.011536307692,800.9620115363077
8,976.0833496896475,800.9760833496897
9,1144.0459855868191,901.1440459855868
8,1051.8709563902867,801.0518709563903
9,1157.4328604882376,901.1574328604883
9,1228.6950660004384,901.2286950660005
8,1090.3791212244498,801.0903791212245
9,1170.1167722338112,901.1701167722338
8,1068.119477210154,801.0681194772102
