num_vehicles,distance,fitness
7,979.4404534601562,700.9794404534601
7,984.5246008958759,700.9845246008958
7,1087.0121398631225,701.0870121398631
7,995.7314096325088,700.9957314096325
7,956.7008589875559,700.9567008589876
7,1035.748418779291,701.0357484187792
7,903.7039502342709,700.9037039502342
7,1072.0098742715247,701.0720098742715
9,1270.9785928549775,901.2709785928549
8,1013.8782966143638,801.0138782966144
8,1220.7799915515152,801.2207799915515
8,1059.1143308463713,801.0591143308463
9,1239.516541337424,901.2395165413375
9,1147.3760330162963,901.1473760330163
8,1089.6301901220254,801.0896301901221
7,922.2989230237222,700.9222989230237
7,949.844060702835,700.9498440607028
7,950.5827959093572,700.9505827959093
7,1075.627019160681,701.0756270191607
7,1005.2739937725676,701.0052739937726
