num_vehicles,distance,fitness
8,894.5607712993112,800.8945607712993
9,819.609375850256,900.8196093758503
10,925.3190691989317,1000.925319069199
9,840.1667190773993,900.8401667190774
11,1038.4982695365934,1101.0384982695366
10,918.896230311682,1000.9188962303117
8,850.6586081676151,800.8506586081676
8,833.5591986499119,800.8335591986499
10,1089.4566344883835,1001.0894566344883
13,1277.8011582325905,1301.2778011582325
11,1135.5415444631185,1101.1355415444632
11,1090.5531369540456,1101.090553136954
10,1012.8657198944522,1001.0128657198944
11,1084.9357332737652,1101.0849357332738
13,1178.9254074258292,1301.1789254074258
12,1094.4514353391746,1201.0944514353391
11,1142.8623358576015,1101.1428623358577
11,1198.9585403205747,1101.1989585403205
11,1007.2061027841816,1101.0072061027843
11,1109.5540254865527,1101.1095540254867
