num_vehicles,distance,fitness
8,962.0780328369437,800.962078032837
9,923.3597438991342,900.9233597438991
8,885.6576843658521,800.8856576843658
9,960.2056462502806,900.9602056462503
10,1227.4434039639898,1001.227443403964
8,1110.4612654569216,801.1104612654569
9,1022.8081131630576,901.022808113163
9,1090.2903661942669,901.0902903661943
10,1096.3972458633557,1001.0963972458634
7,935.2635799986631,700.9352635799987
10,1116.2081953501133,1001.1162081953502
11,1182.3126202387307,1101.1823126202387
8,891.0778708140784,800.8910778708141
9,951.1689144771475,900.9511689144772
10,1050.655833760813,1001.0506558337609
9,863.9964869469486,900.8639964869469
9,929.8020003031297,900.9298020003031
8,1009.2419616987818,801.0092419616988
9,1027.1286437837398,901.0271286437837
9,1137.8795542296768,901.1378795542297
