num_vehicles,distance,fitness
4,1067.7019895573885,401.0677019895574
5,1070.3348335572102,501.0703348335572
4,1090.32214330982,401.09032214330983
5,1221.1343320645628,501.22113433206454
5,983.7376916996166,500.9837376916996
4,958.3321753373637,400.9583321753374
5,1123.3371109276604,501.12333711092765
5,1015.914469061963,501.01591446906195
6,1219.1580984266056,601.2191580984266
5,1246.083117726919,501.2460831177269
5,1024.0818225066382,501.0240818225066
5,1153.6435276679952,501.153643527668
5,1050.5020804765784,501.0505020804766
5,1135.8827366472935,501.1358827366473
5,1259.996473479802,501.2599964734798
6,1381.3490027577102,601.3813490027577
6,1268.634173126182,601.2686341731262
4,1155.8392904393772,401.15583929043936
5,1128.6860207079737,501.12868602070796
6,1178.615923522704,601.1786159235227
