num_vehicles,distance,fitness
4,1081.4010688547528,401.08140106885475
5,1199.6780058321724,501.1996780058322
5,1012.3739529682405,501.01237395296823
4,948.4558283841017,400.9484558283841
5,897.3685756029502,500.89736857560297
5,1158.8758393624496,501.15887583936245
5,1247.7846276606365,501.2477846276606
5,1046.6118404116264,501.04661184041163
5,1107.304287431238,501.10730428743125
5,1003.1449487059164,501.00314494870594
7,1243.7691018462135,701.2437691018462
6,1018.040726492326,601.0180407264924
6,1119.5511881392367,601.1195511881392
8,1202.929423709682,801.2029294237096
7,1123.2834978811625,701.1232834978812
7,1383.5448813826217,701.3835448813826
6,1055.38000218648,601.0553800021864
5,1183.5408883456478,501.18354088834565
5,1241.1744693884343,501.24117446938845
7,1156.1391963555782,701.1561391963555
