num_vehicles,distance,fitness
5,1206.7227033268164,501.2067227033268
6,1224.6842006865845,601.2246842006866
6,1143.327369897362,601.1433273698974
5,1011.6831968569372,501.01168319685695
6,1039.1879084598631,601.0391879084599
7,1073.680279221234,701.0736802792212
7,1246.856490013862,701.2468564900139
7,1161.1176153820065,701.161117615382
7,1212.711429619611,701.2127114296196
7,1312.2215843738666,701.3122215843739
5,1099.2405060916317,501.09924050609163
7,1185.7583111249774,701.185758311125
5,1106.1657164256833,501.10616571642566
8,1226.1977900089391,801.2261977900089
8,1281.2496116378297,801.2812496116378
7,1283.5469408139033,701.283546940814
7,1254.6628296544734,701.2546628296544
7,1309.184712953076,701.3091847129531
8,1169.3724978779067,801.1693724978779
7,1304.3486081112574,701.3043486081112
