num_vehicles,distance,fitness
5,1088.2573579320474,501.08825735793204
4,1001.2276857875381,401.0012276857875
5,1125.4463826053898,501.1254463826054
5,1167.3184289556173,501.16731842895564
5,909.9696506920478,500.90996965069206
5,1136.3583657646027,501.1363583657646
6,1210.8139556388612,601.2108139556389
5,1130.2644875294136,501.1302644875294
6,1306.5140192468916,601.306514019247
6,1094.4333261084414,601.0944333261084
6,1068.7434052719059,601.0687434052719
7,1190.6579507776717,701.1906579507777
6,1134.8139394165905,601.1348139394166
6,1213.5218859831239,601.2135218859831
5,1085.9600343514785,501.0859600343515
5,1158.40061707822,501.1584006170782
5,1142.1315967733028,501.1421315967733
7,1308.5797376906976,701.3085797376907
6,1153.8705112891503,601.1538705112891
5,1240.028304592254,501.2400283045923
