num_vehicles,distance,fitness
7,599.946623310844,700.5999466233109
9,625.7908724724443,900.6257908724724
7,677.6891481246525,700.6776891481246
9,666.1620168396046,900.6661620168396
7,619.4549829785972,700.6194549829786
7,639.7524517944233,700.6397524517944
10,796.107129435137,1000.7961071294351
8,742.1397296245423,800.7421397296246
8,716.5624714415068,800.7165624714415
9,665.1356996114464,900.6651356996115
8,715.814249288871,800.7158142492889
9,672.0185074234904,900.6720185074234
9,642.77138380726,900.6427713838073
7,704.1336944257124,700.7041336944258
8,698.0916267272812,800.6980916267273
9,727.3535259466089,900.7273535259466
9,694.2723443063092,900.6942723443063
8,563.2375465259598,800.563237546526
9,672.32190506373,900.6723219050638
9,670.5709086047129,900.6705709086048
