num_vehicles,distance,fitness
5,457.2023704760672,500.45720237047607
6,532.7293713559037,600.5327293713559
6,545.0951638921905,600.5450951638921
7,542.8446018238129,700.5428446018238
6,489.2507931303807,600.4892507931304
10,831.9967199731459,1000.8319967199732
9,708.4490927964569,900.7084490927965
12,885.739387926547,1200.8857393879266
8,610.1848848732566,800.6101848848732
10,724.2964648629546,1000.724296464863
9,693.9417837612591,900.6939417837613
7,672.1506911855606,700.6721506911856
9,742.1663215662203,900.7421663215662
9,756.0926049044501,900.7560926049044
8,706.1170511870863,800.7061170511871
10,755.9958717137772,1000.7559958717138
9,661.4846834015282,900.6614846834016
7,627.5232710052421,700.6275232710052
8,710.8124517811548,800.7108124517812
8,622.8996580774209,800.6228996580775
