num_vehicles,distance,fitness
5,555.9485643976219,500.5559485643976
5,615.7725660060378,500.61577256600606
5,607.9308407901543,500.6079308407902
5,587.7219453998665,500.5877219453999
5,647.2061339612828,500.6472061339613
5,619.3989767499916,500.61939897675
5,573.5706136194517,500.57357061361944
5,606.9240240509881,500.606924024051
6,771.3051857646208,600.7713051857646
8,840.7803902647926,800.8407803902647
7,816.2491393099365,700.8162491393099
5,753.4564776193425,500.75345647761935
5,775.992517533857,500.77599251753384
6,679.3850771109329,600.679385077111
6,700.5925983291942,600.7005925983292
6,744.745048037313,600.7447450480373
6,733.3299283872275,600.7333299283872
7,793.5600341779085,700.7935600341779
6,785.3516070910746,600.7853516070911
7,732.7196130367641,700.7327196130368
