num_vehicles,distance,fitness
5,534.3361221591722,500.5343361221592
5,569.5553293885854,500.5695553293886
5,660.7534917139864,500.660753491714
5,608.2774613747773,500.60827746137477
5,558.621108323639,500.5586211083236
5,589.0456517789247,500.5890456517789
6,851.345463542748,600.8513454635428
5,739.7085386403057,500.7397085386403
5,696.4846025005635,500.69648460250056
6,740.7421215479873,600.740742121548
6,804.31642333598,600.804316423336
6,780.315512375661,600.7803155123756
6,735.6149128912489,600.7356149128913
5,760.3342596573239,500.7603342596573
6,752.9387416963986,600.7529387416964
6,810.8513187843125,600.8108513187843
5,761.8451134446512,500.7618451134447
5,779.6288452272195,500.7796288452272
6,730.9915119973929,600.7309915119974
5,733.3825288942733,500.73338252889425
