num_vehicles,distance,fitness
5,518.2594252824524,500.51825942528245
6,564.6728674784175,600.5646728674784
5,522.4070112167987,500.5224070112168
6,458.5856500581235,600.4585856500581
5,449.90252551923004,500.44990252551924
7,577.7156831285165,700.5777156831285
6,601.9045136759505,600.601904513676
7,565.4011306281739,700.5654011306282
6,661.7282765811872,600.6617282765812
6,569.0254732934861,600.5690254732934
5,529.5311480174026,500.5295311480174
7,638.2264130239541,700.638226413024
6,553.1129822497761,600.5531129822498
6,605.4091134216227,600.6054091134216
6,703.6721854331406,600.7036721854331
6,563.8870152704948,600.5638870152704
6,578.7048140836696,600.5787048140837
7,658.3636514927131,700.6583636514927
7,602.7238971068301,700.6027238971068
6,652.0938868175473,600.6520938868175
