num_vehicles,distance,fitness
8,800.9792222618502,800.8009792222618
11,819.1390013478067,1100.8191390013478
14,845.1980780611343,1400.8451980780612
13,873.245848520289,1300.8732458485204
12,800.118943920415,1200.8001189439203
13,890.7530877237406,1300.8907530877239
12,930.2744485605533,1200.9302744485606
12,856.2959810345517,1200.8562959810345
14,984.8415732842825,1400.9848415732843
14,942.2249140991938,1400.9422249140991
14,935.0916362843153,1400.9350916362844
14,992.6622169813592,1400.9926622169814
16,1110.291332289652,1601.1102913322898
12,901.8212597292197,1200.9018212597293
16,1091.4342025070048,1601.0914342025071
15,969.966714630148,1500.9699667146301
14,1077.2771981208455,1401.0772771981208
14,1074.8339085076882,1401.0748339085078
13,947.8352249190872,1300.9478352249191
15,956.2434289775301,1500.9562434289776
