num_vehicles,distance,fitness
8,801.6266998825827,800.8016266998826
9,771.9061150478691,900.7719061150478
9,781.8606114859053,900.7818606114859
11,881.7261820874492,1100.8817261820875
10,881.2921315398797,1000.8812921315399
8,786.0765473953271,800.7860765473953
10,865.1902009984465,1000.8651902009984
10,897.7188819430437,1000.8977188819431
12,982.943104097693,1200.9829431040978
10,951.110629365058,1000.9511106293651
10,844.5367915056306,1000.8445367915057
12,868.4153564289404,1200.8684153564288
9,874.3813276649335,900.8743813276649
12,895.3824160240296,1200.895382416024
11,1062.7487645201293,1101.0627487645202
11,877.356366589893,1100.87735636659
13,1061.5039661485346,1301.0615039661486
11,856.9427246346618,1100.8569427246346
12,993.4925509438367,1200.9934925509438
14,1017.1362149190846,1401.017136214919
