num_vehicles,distance,fitness
7,743.2970155147732,700.7432970155148
7,875.5434862214834,700.8755434862214
7,793.1440622848398,700.7931440622848
9,930.8039981820889,900.9308039981821
9,873.6072601143011,900.8736072601143
9,873.7817371359963,900.873781737136
10,939.2889856735885,1000.9392889856736
10,951.8271264945594,1000.9518271264945
11,1038.0380024021279,1101.0380380024021
9,918.0008588395664,900.9180008588396
8,871.9081194147848,800.8719081194148
10,978.999224423455,1000.9789992244234
10,967.7774902603999,1000.9677774902603
8,922.1939133397481,800.9221939133397
9,976.521599262312,900.9765215992624
10,888.3158002394472,1000.8883158002394
10,918.383229487593,1000.9183832294876
10,850.1698826601362,1000.8501698826601
10,825.9443024337301,1000.8259443024338
8,883.311137832045,800.883311137832
