num_vehicles,distance,fitness
7,864.4833286468569,700.8644833286469
9,819.0712947250348,900.8190712947251
12,863.4069914621278,1200.8634069914622
11,838.0596942139869,1100.838059694214
7,768.7906393772885,700.7687906393772
11,946.2339383533553,1100.9462339383533
13,1025.6849154490733,1301.0256849154491
11,939.3672806764135,1100.9393672806764
12,847.4690721082486,1200.8474690721082
11,928.165952758017,1100.928165952758
11,850.6506359103481,1100.8506506359104
11,894.4515024951762,1100.8944515024953
13,1020.2560785103582,1301.0202560785103
12,947.1350005279927,1200.947135000528
14,1034.2445168568156,1401.034244516857
10,943.3691964569077,1000.943369196457
14,965.236044346312,1400.9652360443463
10,926.7455473767081,1000.9267455473768
11,925.7197757124101,1100.9257197757124
13,1066.1782638475333,1301.0661782638476
