num_vehicles,distance,fitness
6,738.2850068179622,600.7382850068179
9,808.6699349469388,900.8086699349469
6,739.5011911914196,600.7395011911914
7,784.727735865355,700.7847277358653
7,810.4638228250999,700.8104638228251
6,734.7454333405012,600.7347454333405
10,976.179494631699,1000.9761794946317
9,876.3188092230849,900.8763188092231
10,871.1326443448346,1000.8711326443448
9,1051.985235200405,901.0519852352004
10,938.0710018422511,1000.9380710018422
11,926.5549879408193,1100.9265549879408
9,957.0859953620645,900.957085995362
11,988.5709365771662,1100.9885709365772
9,919.7215127732933,900.9197215127733
9,870.4627057123121,900.8704627057123
12,981.308093147243,1200.9813080931472
12,937.8031025113926,1200.9378031025115
10,910.6743335308927,1000.9106743335309
10,943.9927815981512,1000.9439927815981
