num_vehicles,distance,fitness
4,1071.3637846072347,401.07136378460723
4,1032.7190797618034,401.0327190797618
4,1003.4964587053828,401.0034964587054
5,997.1932374351537,500.99719323743517
4,970.1284249749143,400.9701284249749
4,931.9037639140878,400.9319037639141
4,1046.1766660377016,401.0461766660377
5,988.5866229194669,500.98858662291946
5,873.8360459262358,500.8738360459262
5,947.3405943330184,500.947340594333
5,970.2914578534396,500.9702914578534
6,928.8440992039018,600.928844099204
5,931.7910196738085,500.9317910196738
6,990.3789297697521,600.9903789297698
6,915.8902867721795,600.9158902867722
6,917.9336962010564,600.9179336962011
6,1043.8258678734235,601.0438258678735
5,955.4247471169317,500.9554247471169
5,988.6801234757829,500.9886801234758
7,951.6033820067056,700.9516033820067
