num_vehicles,distance,fitness
4,937.6570066368039,400.9376570066368
4,974.34038894025,400.9743403889403
4,974.976089887348,400.9749760898873
4,930.0796629068336,400.93007966290685
4,954.2920244450603,400.95429202444507
4,952.0190632587301,400.9520190632587
4,1020.3548814200522,401.0203548814201
5,893.4837359436349,500.8934837359436
4,853.5783651164693,400.85357836511645
4,984.8804555072037,400.9848804555072
5,881.4926798209426,500.88149267982095
4,781.2498238073576,400.78124982380734
4,855.7682565928037,400.8557682565928
5,918.7809480112611,500.91878094801126
5,952.0349270472634,500.95203492704724
5,1001.776647437634,501.0017766474376
4,1015.3752742795505,401.01537527427956
4,993.0850466242211,400.99308504662423
4,786.2561486796573,400.7862561486797
4,925.4651496970631,400.92546514969706
