num_vehicles,distance,fitness
4,1099.2379083158141,401.0992379083158
4,980.3090486514891,400.98030904865146
4,1044.7546237068505,401.04475462370687
4,1091.1685108429865,401.091168510843
4,1021.3475879029442,401.02134758790294
4,932.8469134378355,400.93284691343786
4,1051.9961878173883,401.0519961878174
5,954.4597448828089,500.9544597448828
4,919.0961120875824,400.9190961120876
4,847.2280419691322,400.8472280419691
4,963.6568337453348,400.96365683374535
5,1012.9873801028009,501.0129873801028
6,979.6800470915101,600.9796800470915
5,975.4124414404785,500.9754124414405
4,969.1130381837261,400.9691130381837
5,1025.0684012514203,501.0250684012514
6,993.3713287825999,600.9933713287826
5,1045.9668905749222,501.0459668905749
5,947.3224971003111,500.9473224971003
4,879.2603401257842,400.87926034012577
