num_vehicles,distance,fitness
4,990.4776981132496,400.99047769811324
4,1032.6075712979205,401.03260757129794
4,959.4836696450441,400.95948366964507
4,951.0589551419498,400.95105895514195
4,1025.6298846460782,401.0256298846461
4,989.329529462624,400.9893295294626
4,869.5207407347441,400.86952074073474
5,992.2104550268788,500.9922104550269
4,789.895879087073,400.78989587908706
5,1023.5196541511353,501.02351965415113
5,911.2392697660358,500.91123926976604
4,906.5415690592584,400.90654156905924
4,945.4778964569063,400.9454778964569
4,963.8425542971721,400.9638425542972
4,894.9652526478571,400.89496525264786
4,934.2138028906581,400.93421380289067
4,929.3609449117881,400.92936094491176
4,882.4810023605401,400.8824810023605
4,927.3009184072118,400.9273009184072
4,927.4574394579561,400.92745743945795
