num_vehicles,distance,fitness
4,954.4951724086313,400.95449517240866
4,938.0393116150965,400.9380393116151
4,896.7218414743631,400.89672184147435
4,781.0075510744233,400.7810075510744
4,813.7273941597392,400.81372739415974
4,800.7436246412527,400.80074362464126
5,994.9936340492853,500.9949936340493
5,957.6802170874832,500.9576802170875
5,972.9170753663107,500.9729170753663
4,832.0840832420998,400.8320840832421
5,901.6171645598288,500.9016171645598
5,913.3353753895175,500.9133353753895
5,903.281116894887,500.9032811168949
5,952.6027004604051,500.95260270046043
5,921.686993337003,500.921686993337
5,947.3383758699549,500.94733837586995
5,896.784853232267,500.89678485323225
5,932.7652233058998,500.9327652233059
4,925.4306681063033,400.9254306681063
5,879.2072832915703,500.8792072832916
