num_vehicles,distance,fitness
4,918.9340678700514,400.91893406787005
5,903.0451806217145,500.9030451806217
6,997.4975311491354,600.9974975311492
4,853.4669395449948,400.853466939545
4,806.6018670924025,400.8066018670924
4,901.9100015440848,400.9019100015441
5,916.5109160153862,500.9165109160154
5,951.8765519484668,500.9518765519485
4,943.0481241865691,400.9430481241866
4,865.2993084799803,400.86529930847996
5,966.9410709303402,500.9669410709303
6,1014.8384161341289,601.0148384161341
6,960.9216235381938,600.9609216235382
6,962.1398038355796,600.9621398038356
5,984.62022728396,500.984620227284
5,971.1971934134086,500.9711971934134
5,913.4949443796659,500.9134949443797
5,915.7097633590748,500.9157097633591
6,956.9912988227164,600.9569912988227
5,932.5902290095445,500.9325902290095
