num_vehicles,distance,fitness
7,792.558481332472,700.7925584813324
7,935.0284088973689,700.9350284088973
7,890.3795293572806,700.8903795293572
8,1007.9214847490181,801.007921484749
10,1197.1860544730866,1001.197186054473
9,1182.1778774249826,901.182177877425
9,1126.6915616235913,901.1266915616236
10,1151.8933340163924,1001.1518933340163
9,1235.1270742623824,901.2351270742624
9,1098.6450970182423,901.0986450970182
9,1161.388873329681,901.1613888733297
9,1158.8399140476627,901.1588399140477
9,977.3456950300017,900.97734569503
10,1122.4370690970036,1001.122437069097
11,1276.5370133867098,1101.2765370133868
10,1201.0883576271901,1001.2010883576272
10,1086.4542790727364,1001.0864542790728
9,1083.8247156576076,901.0838247156576
9,1027.9134454622808,901.0279134454623
8,880.7320492303622,800.8807320492303
