num_vehicles,distance,fitness
8,759.1670203183024,800.7591670203183
9,888.0423321502149,900.8880423321502
8,808.2028096839855,800.808202809684
8,1100.6496285482103,801.1006496285482
8,899.9069979652016,800.8999069979652
9,944.8149057086126,900.9448149057087
11,1188.9505712481562,1101.1889505712481
11,1085.1050157991451,1101.0851050157992
11,1260.7969616592834,1101.2607969616593
11,1263.6406337119918,1101.263640633712
10,1122.5102606118896,1001.1225102606119
10,1145.9579529246014,1001.1459579529246
8,1095.9835337678562,801.0959835337678
12,1259.6987505688242,1201.2596987505688
11,1213.092950187099,1101.213092950187
11,1105.2450256611032,1101.1052450256611
9,1130.903098831575,901.1309030988316
10,1126.1493636352652,1001.1261493636352
11,1207.2642452638763,1101.2072642452638
10,1012.5682268334275,1001.0125682268334
