num_vehicles,distance,fitness
8,1070.571296979287,801.0705712969793
8,1022.9614439584291,801.0229614439585
7,764.0264124691807,700.7640264124692
7,839.141724152934,700.8391417241529
7,896.5798364466244,700.8965798364467
7,992.1679977374536,700.9921679977374
7,886.7402437631474,700.8867402437631
8,1100.9222772870255,801.100922277287
8,1057.0243872617702,801.0570243872618
9,1211.4635620413565,901.2114635620413
7,891.601261630726,700.8916012616307
10,1307.5612252446003,1001.3075612252446
10,1248.8032628870076,1001.248803262887
8,1186.5769405552107,801.1865769405553
8,1086.2551057854823,801.0862551057854
10,1195.8747723398274,1001.1958747723398
9,1313.0869124190035,901.313086912419
8,1133.1093457608542,801.1331093457609
7,1049.273962555001,701.049273962555
9,1126.9797040119404,901.1269797040119
