num_vehicles,distance,fitness
7,979.4404534601562,700.9794404534601
7,956.2668249699686,700.9562668249699
8,1035.6307119512603,801.0356307119513
7,960.2024513877358,700.9602024513878
7,896.1208749246308,700.8961208749246
8,1136.7046207343478,801.1367046207343
7,1056.4184396707537,701.0564184396708
7,936.6761134739127,700.9366761134739
7,866.1393734459318,700.8661393734459
7,998.3738679365217,700.9983738679365
8,1101.312291534234,801.1013122915342
8,1080.329929434453,801.0803299294345
7,996.1838094585675,700.9961838094586
9,1209.054546842832,901.2090545468428
8,1106.0779164225844,801.1060779164226
8,999.9278486290183,800.999927848629
8,981.276774246018,800.981276774246
8,1086.2980422585206,801.0862980422585
7,934.4675174603278,700.9344675174603
8,1057.7671857546375,801.0577671857546
