num_vehicles,distance,fitness
8,894.5607712993112,800.8945607712993
10,935.7794422385202,1000.9357794422385
11,933.7682435731949,1100.9337682435732
9,899.9862022532382,900.8999862022532
9,870.7655495275256,900.8707655495275
10,958.8969071305846,1000.9588969071306
9,864.4547676454,900.8644547676454
8,826.2966702832451,800.8262966702832
10,992.6213157555503,1000.9926213157555
11,1100.2767728844626,1101.1002767728844
13,1185.156589693296,1301.1851565896934
11,1115.12058894984,1101.1151205889498
11,1016.0750040345232,1101.0160750040345
10,940.5145445710551,1000.9405145445711
12,1058.5852510325496,1201.0585852510326
11,1068.1991600789459,1101.0681991600788
10,1026.0941922607137,1001.0260941922608
12,1130.6371587884814,1201.1306371587884
11,1067.2874556814459,1101.0672874556815
11,1009.4493446732151,1101.0094493446732
