num_vehicles,distance,fitness
7,691.9245200332821,700.6919245200332
8,1000.7061392281996,801.0007061392282
9,909.1360213481257,900.9091360213481
9,858.3206066246722,900.8583206066247
11,1145.1429584878156,1101.145142958488
11,1138.908966811828,1101.1389089668119
10,1117.7333687518421,1001.1177333687518
12,1217.7231297357685,1201.2177231297358
11,1117.3356601737798,1101.1173356601737
10,943.4974973778546,1000.9434974973778
9,985.1522312383927,900.9851522312384
11,1074.929158827706,1101.0749291588277
8,867.5384164725812,800.8675384164726
12,1182.6092003709934,1201.182609200371
10,1093.036138736456,1001.0930361387365
9,905.3461368473498,900.9053461368474
11,1161.4014441440102,1101.161401444144
11,1182.0331035954823,1101.1820331035956
9,916.5887177978391,900.9165887177978
11,1065.578697875949,1101.065578697876
