num_vehicles,distance,fitness
7,791.5872570391791,700.7915872570392
7,780.7723350344693,700.7807723350345
7,690.9388753408633,700.6909388753409
9,1215.4283582379098,901.2154283582379
10,1036.7030673436104,1001.0367030673436
9,975.19365317451,900.9751936531745
8,1125.9139580571675,801.1259139580571
9,1078.7891029288587,901.0787891029289
10,1271.056703812729,1001.2710567038127
8,1046.070954445172,801.0460709544452
8,982.5758730586534,800.9825758730586
8,1134.7532002815205,801.1347532002815
8,992.4143462100019,800.99241434621
9,1066.0494942131186,901.0660494942131
7,894.1090440634663,700.8941090440635
8,1036.4922174785731,801.0364922174786
8,970.3916430675649,800.9703916430676
8,871.2095224873414,800.8712095224873
9,1317.1637059339357,901.3171637059339
9,1130.0956859352734,901.1300956859353
