num_vehicles,distance,fitness
4,1067.7019895573885,401.0677019895574
5,1175.5678706511694,501.17556787065115
5,1083.346385538948,501.08334638553896
5,962.1575027322322,500.9621575027322
5,1109.4552058776953,501.1094552058777
5,1025.4262257440755,501.02542622574407
5,1150.9059055523678,501.15090590555235
5,1319.6594187190376,501.319659418719
6,1256.0226343589952,601.2560226343589
4,1104.0006605520032,401.104000660552
6,1104.9349387394498,601.1049349387395
6,1105.5754702005793,601.1055754702006
5,1215.146977832526,501.21514697783255
5,1255.9183795055048,501.2559183795055
5,1258.248713148965,501.258248713149
4,1192.4418889888987,401.1924418889889
5,1203.5441970462834,501.20354419704626
5,1161.6622492627323,501.16166224926275
6,1383.342242392201,601.3833422423922
5,1021.5176249829433,501.02151762498295
