num_vehicles,distance,fitness
5,1310.0844333327757,501.3100844333328
5,1043.136709375394,501.0431367093754
5,1177.3415783958073,501.1773415783958
5,1035.1167333558094,501.03511673335584
5,1064.25862133051,501.0642586213305
5,946.0450890926293,500.94604508909265
5,1189.2316013901648,501.1892316013902
5,1166.6380588843426,501.16663805888436
5,1174.7807380779768,501.17478073807797
5,1039.3452729244193,501.03934527292444
5,1092.5390923153532,501.09253909231535
5,1210.6738075596693,501.21067380755966
6,1304.0857564518851,601.3040857564519
6,1181.8296591072972,601.1818296591073
6,1289.7553147326225,601.2897553147326
5,1309.1719157305374,501.30917191573053
5,1000.9804093212427,501.00098040932124
6,1161.499729827464,601.1614997298275
5,1057.1342168047465,501.05713421680474
5,1161.159727720759,501.16115972772076
