num_vehicles,distance,fitness
5,1098.2107185369055,501.0982107185369
6,1073.427849472845,601.0734278494729
5,983.1242736179133,500.98312427361793
5,1054.2420219634823,501.0542420219635
5,929.7599785121049,500.9297599785121
5,929.5324823772982,500.9295324823773
5,1063.334038623069,501.06333403862305
4,985.1702236651809,400.9851702236652
7,1106.370553273753,701.1063705532738
6,1137.2714948782095,601.1372714948782
6,1261.0085985038486,601.2610085985038
7,1096.8186556893831,701.0968186556894
8,1347.742613650024,801.34774261365
6,1004.5601503719919,601.004560150372
5,1228.2362314428901,501.2282362314429
7,1175.9827157835152,701.1759827157836
7,1168.7085885435517,701.1687085885435
7,1278.0635221177586,701.2780635221178
6,1143.8674999169473,601.143867499917
6,1391.066911800615,601.3910669118006
