num_vehicles,distance,fitness
4,1081.4010688547528,401.08140106885475
6,1122.9793380693045,601.1229793380693
5,992.5110699210113,500.992511069921
5,1229.3217704751694,501.22932177047517
6,1182.8891705360697,601.1828891705361
7,1132.6214772583653,701.1326214772583
6,1344.9561200379644,601.344956120038
7,1182.7240842322442,701.1827240842323
7,1368.5552362430303,701.3685552362431
6,981.5112130479449,600.981511213048
7,1279.8890464591914,701.2798890464592
6,1062.6535559060999,601.0626535559061
7,1132.556699977883,701.1325566999778
7,1264.2248100857455,701.2642248100857
6,1039.062741041223,601.0390627410412
6,1218.8255353993811,601.2188255353993
5,1153.1856224133583,501.15318562241333
6,1013.6589620542672,601.0136589620543
6,1121.4263061627762,601.1214263061628
6,1230.98287024553,601.2309828702455
