num_vehicles,distance,fitness
5,1088.2573579320474,501.08825735793204
5,1062.6909745047199,501.06269097450473
5,1073.195139376899,501.0731951393769
5,1101.6954039632456,501.1016954039632
4,1009.333256974222,401.00933325697423
4,1077.5361067784984,401.0775361067785
5,1099.893699610854,501.09989369961085
5,1202.3293493117073,501.2023293493117
5,1001.4054488307584,501.0014054488308
5,1078.895602469595,501.0788956024696
4,1121.2786877954873,401.1212786877955
5,936.1385509033486,500.93613855090337
7,1228.1929145872364,701.2281929145872
5,1205.6796806478228,501.20567968064785
5,1212.3345132479635,501.212334513248
6,1021.276213337176,601.0212762133372
5,1059.8480081778357,501.0598480081778
5,1103.0035486563404,501.1030035486563
6,1192.955906592452,601.1929559065925
6,1154.4034484810893,601.154403448481
