num_vehicles,distance,fitness
5,1156.9680017061987,501.1569680017062
5,1013.3871181828742,501.0133871181829
5,975.4594758814376,500.97545947588145
5,1029.4448298845757,501.0294448298846
5,930.8282376848877,500.93082823768486
5,890.3653857481013,500.8903653857481
5,958.675996013779,500.95867599601377
6,1260.1081199172438,601.2601081199173
4,1221.7530587228948,401.22175305872287
5,1242.378368789491,501.2423783687895
6,1087.494569261322,601.0874945692614
5,1313.2601987671767,501.3132601987672
5,1143.7849011971896,501.1437849011972
6,1210.9079979652186,601.2109079979653
4,1089.652862281774,401.08965286228175
6,1221.400862266915,601.2214008622669
5,1222.9743613049077,501.2229743613049
5,1127.4157108457641,501.12741571084575
5,962.20517631905,500.96220517631906
4,1090.6610216033914,401.0906610216034
