num_vehicles,distance,fitness
7,537.3913739362137,700.5373913739362
8,634.6274759621479,800.6346274759621
9,576.9229512291492,900.5769229512291
9,631.6872251198416,900.6316872251199
10,667.6686239653707,1000.6676686239654
12,689.8667525178537,1200.689866752518
10,700.8474304353973,1000.7008474304354
9,648.9841093038721,900.6489841093039
10,708.4484206939893,1000.708448420694
10,696.2488457369329,1000.6962488457369
13,839.03848886336,1300.8390384888633
12,748.9029150331978,1200.748902915033
10,660.2401692408625,1000.6602401692409
10,687.6811324624987,1000.6876811324624
11,735.6373154473912,1100.7356373154473
12,735.093113357343,1200.7350931133574
11,753.4564594353574,1100.7534564594353
10,631.042687393207,1000.6310426873932
12,732.6824091915024,1200.7326824091915
13,783.2603309903268,1300.7832603309903
