num_vehicles,distance,fitness
7,495.26436520284466,700.4952643652028
7,571.7589791994094,700.5717589791994
8,589.6490841786873,800.5896490841786
6,547.6672589112486,600.5476672589112
7,558.1726233881491,700.5581726233881
7,574.5512851355387,700.5745512851355
9,722.732887903444,900.7227328879035
8,720.6365376093088,800.7206365376093
8,654.1257083776009,800.6541257083776
8,648.4276426353296,800.6484276426353
7,587.4377784679845,700.587437778468
8,758.0507333713899,800.7580507333714
8,651.9649834269703,800.651964983427
7,662.1097849427127,700.6621097849427
8,654.4740069886348,800.6544740069886
8,796.7215250820846,800.796721525082
8,708.5149495017029,800.7085149495017
10,703.7844021155925,1000.7037844021156
8,629.4092363606651,800.6294092363606
7,687.925234018185,700.6879252340182
