num_vehicles,distance,fitness
8,516.3387731186642,800.5163387731187
9,618.5854615462501,900.6185854615462
10,558.3607516495862,1000.5583607516496
10,679.6187778566195,1000.6796187778566
8,501.515802151978,800.501515802152
8,653.1323396856624,800.6531323396856
8,616.8114902236813,800.6168114902237
12,749.1261091462144,1200.7491261091461
10,612.828923952858,1000.6128289239529
10,730.1075817604375,1000.7301075817604
11,667.3278336101278,1100.6673278336102
12,675.6296585697288,1200.6756296585697
11,655.4364047804071,1100.6554364047804
11,762.5990381361909,1100.7625990381362
10,631.6831799156765,1000.6316831799156
11,703.533073130394,1100.7035330731303
11,719.8405175034057,1100.7198405175034
12,819.6559054873247,1200.8196559054873
10,722.7735514291912,1000.7227735514292
12,661.4218846196661,1200.6614218846196
