num_vehicles,distance,fitness
7,599.946623310844,700.5999466233109
7,661.4161085766215,700.6614161085766
7,638.5275174592637,700.6385275174592
8,676.3414389997931,800.6763414389998
7,636.639358887133,700.6366393588871
8,637.7487308771128,800.6377487308771
7,653.0771162709705,700.653077116271
9,702.2930990017496,900.7022930990017
7,670.565519511566,700.6705655195116
7,628.3644151229195,700.628364415123
6,595.029269270108,600.5950292692701
8,638.990212208798,800.6389902122088
8,638.5843646272826,800.6385843646273
9,652.6401570331893,900.6526401570331
9,690.9085892464702,900.6909085892464
10,665.6800965897618,1000.6656800965898
9,753.1256968975217,900.7531256968975
7,667.6805716737981,700.6676805716738
9,677.4458366537289,900.6774458366538
8,733.3272130108652,800.7333272130109
