num_vehicles,distance,fitness
7,664.5333586844342,700.6645333586845
8,647.7835840245299,800.6477835840245
7,572.0025602203532,700.5720025602203
8,710.7863429983313,800.7107863429983
8,567.2616890127824,800.5672616890128
7,631.9543913584238,700.6319543913585
8,654.8666968365366,800.6548666968365
7,635.4272403844811,700.6354272403845
8,655.5355996514064,800.6555355996514
8,674.0389967798214,800.6740389967798
8,710.5178836688937,800.7105178836689
8,647.5371970765118,800.6475371970765
8,712.2271704037065,800.7122271704037
9,642.0114986717539,900.6420114986718
8,711.9273436568204,800.7119273436568
8,603.2604416009677,800.6032604416009
8,652.2698159747699,800.6522698159748
9,731.81511727484,900.7318151172749
7,670.7222842477041,700.6707222842477
8,667.0389326611239,800.6670389326612
