num_vehicles,distance,fitness
7,636.8199997144283,700.6368199997145
7,615.7841158388774,700.6157841158389
7,606.616193869131,700.6066161938692
7,598.7461382223576,700.5987461382224
7,617.0045204903716,700.6170045204904
6,602.3705563732367,600.6023705563732
7,578.2335278674732,700.5782335278675
7,592.8111113714787,700.5928111113715
7,606.1731484030183,700.6061731484031
7,692.9491266412513,700.6929491266412
7,734.1201280528414,700.7341201280528
7,579.3603945756946,700.5793603945757
7,618.2754434487049,700.6182754434487
7,602.795458346475,700.6027954583465
7,712.2875300400938,700.71228753004
7,584.107808231738,700.5841078082317
7,592.542624547571,700.5925426245476
6,625.2703442520866,600.625270344252
8,644.4262579342726,800.6444262579342
7,696.6120666135331,700.6966120666135
