num_vehicles,distance,fitness
5,555.9485643976219,500.5559485643976
5,606.742438558637,500.6067424385586
5,603.8463697325057,500.6038463697325
5,607.8120564881837,500.60781205648817
5,608.9793035600655,500.6089793035601
7,811.778220275944,700.811778220276
6,748.1842688328331,600.7481842688328
6,733.5688079618068,600.7335688079618
7,784.954484710816,700.7849544847109
6,788.3970159692427,600.7883970159693
6,656.7643062918315,600.6567643062918
6,793.4354382772711,600.7934354382772
8,778.572166067443,800.7785721660674
6,689.6796376170583,600.689679637617
6,820.7024459935179,600.8207024459936
6,715.674573198974,600.715674573199
6,754.54319820618,600.7545431982062
5,803.701933623536,500.80370193362353
8,773.1336582103474,800.7731336582103
7,797.1570722824008,700.7971570722824
