num_vehicles,distance,fitness
5,534.3361221591722,500.5343361221592
5,568.76551859501,500.568765518595
5,649.5417056615051,500.6495417056615
5,574.5834793616938,500.5745834793617
5,608.596828630072,500.6085968286301
5,512.4459561951945,500.5124459561952
5,571.8028278401127,500.5718028278401
5,612.2043280656296,500.6122043280656
5,677.4655123453089,500.6774655123453
5,724.9260893727458,500.72492608937273
6,721.9220243614191,600.7219220243614
5,781.779932043579,500.7817799320436
5,692.6608011002977,500.6926608011003
5,740.3330522038913,500.7403330522039
6,751.5132939367343,600.7515132939367
5,685.9167069254559,500.68591670692547
5,712.9742278959852,500.712974227896
6,813.788318360383,600.8137883183604
6,771.697690591719,600.7716976905917
5,708.8771455705959,500.70887714557057
