num_vehicles,distance,fitness
5,518.2594252824524,500.51825942528245
5,546.9703008627973,500.5469703008628
5,460.374897044647,500.46037489704463
6,548.1016463662545,600.5481016463663
6,658.1189830523981,600.6581189830524
6,642.9961537573623,600.6429961537574
6,664.1169618362624,600.6641169618363
6,660.2581268716339,600.6602581268717
5,593.9072570780063,500.593907257078
6,553.3406388528081,600.5533406388528
6,599.6002131982315,600.5996002131982
6,584.5157521204917,600.5845157521205
6,546.7601039953203,600.5467601039953
6,622.486203606854,600.6224862036069
6,582.4895979826814,600.5824895979827
6,659.773210439286,600.6597732104393
7,707.8866041114156,700.7078866041114
6,551.2770581181337,600.5512770581181
7,624.2459258249689,700.624245925825
7,686.6761459675989,700.6866761459676
