num_vehicles,distance,fitness
5,492.8496652239143,500.4928496652239
5,455.8946090287393,500.45589460902875
5,557.11656411799,500.55711656411796
6,530.5298888263143,600.5305298888263
6,510.62913888835044,600.5106291388884
6,530.9922295021146,600.5309922295021
5,581.1206782443118,500.5811206782443
5,483.66916666706214,500.4836691666671
6,542.5397703761242,600.5425397703762
6,674.171400723972,600.6741714007239
6,541.53806712451,600.5415380671245
6,642.0100179108372,600.6420100179108
6,621.4833301291096,600.6214833301291
6,630.3314469359377,600.6303314469359
5,606.0278443221206,500.6060278443221
6,685.379688981387,600.6853796889814
6,661.4447214822877,600.6614447214823
6,637.0915138935811,600.6370915138936
6,616.1388582468093,600.6161388582468
5,585.5373942223808,500.5855373942224
