num_vehicles,distance,fitness
7,743.2970155147732,700.7432970155148
8,839.3602157982782,800.8393602157983
7,678.9764858369724,700.678976485837
7,803.7650464230743,700.8037650464231
8,797.5549892543461,800.7975549892543
6,686.1849742978725,600.6861849742978
12,1049.032634488666,1201.0490326344886
9,949.9459036972812,900.9499459036973
9,975.6805633308247,900.9756805633308
8,831.9682019907032,800.8319682019907
10,917.7579303744483,1000.9177579303745
11,1006.4070911488302,1101.0064070911487
10,909.6025181711161,1000.9096025181711
9,990.7285185760411,900.990728518576
10,982.2815990341238,1000.9822815990341
9,963.5892855479419,900.963589285548
10,881.4506703537672,1000.8814506703537
10,897.9083701973918,1000.8979083701973
12,964.5833790300237,1200.96458337903
10,1014.0472367247086,1001.0140472367248
