num_vehicles,distance,fitness
7,847.9959707224298,700.8479959707224
7,913.7841392447081,700.9137841392447
7,845.8031870194388,700.8458031870194
6,820.6169638719094,600.8206169638719
6,829.3371481521496,600.8293371481521
6,820.346059697191,600.8203460596972
6,834.321596384804,600.8343215963848
10,982.4858997749468,1000.9824858997749
7,823.7881549963365,700.8237881549964
9,969.1591166198291,900.9691591166198
8,876.2313347005584,800.8762313347006
8,927.6759962085683,800.9276759962086
9,1060.4833068423554,901.0604833068423
9,978.5646686651799,900.9785646686652
9,984.426452491774,900.9844264524918
9,963.497399294901,900.9634973992949
8,886.4892668423819,800.8864892668424
8,831.7658161776003,800.8317658161776
8,920.5281001796999,800.9205281001797
8,951.46636498275,800.9514663649827
