num_vehicles,distance,fitness
7,864.4833286468569,700.8644833286469
9,750.0770653560328,900.750077065356
10,851.3344349187107,1000.8513344349187
12,833.7034507080118,1200.833703450708
10,834.9663336656595,1000.8349663336656
8,743.7584042734214,800.7437584042734
12,900.8289000587129,1200.9008289000587
10,835.5982798901672,1000.8355982798902
9,847.3280439589353,900.8473280439589
12,863.0994010549864,1200.863099401055
12,979.8214756271121,1200.9798214756272
10,944.3458537686868,1000.9443458537687
12,971.7167788119141,1200.971716778812
11,922.4018436289545,1100.922401843629
12,893.859384800528,1200.8938593848006
10,912.9464655783237,1000.9129464655783
11,921.4555198359868,1100.921455519836
13,1050.3491230691427,1301.050349123069
11,800.9850400654606,1100.8009850400654
10,852.6633101599954,1000.85266331016
