num_vehicles,distance,fitness
6,738.2850068179622,600.7382850068179
7,765.9716133617161,700.7659716133617
7,809.4548474641222,700.8094548474642
7,715.9858462377181,700.7159858462377
9,999.67911728851,900.9996791172886
10,999.9348001110175,1000.999934800111
11,978.5214786590832,1100.978521478659
11,938.5302495787034,1100.9385302495787
10,1025.4926939783445,1001.0254926939783
9,897.357692885569,900.8973576928855
10,961.0955260965593,1000.9610955260965
11,1020.6882061113697,1101.0206882061113
10,886.2374813725551,1000.8862374813725
8,910.577841422806,800.9105778414228
10,997.8188703007013,1000.9978188703006
11,946.6949749250668,1100.946694974925
10,1023.7162896748075,1001.0237162896748
9,919.7419907839322,900.9197419907839
10,951.13088267579,1000.9511308826758
8,901.3753474664644,800.9013753474665
