num_vehicles,distance,fitness
7,818.2437983267619,700.8182437983268
6,745.3688563362238,600.7453688563362
6,828.3677835234807,600.8283677835235
7,847.0329224267697,700.8470329224268
6,798.441911865787,600.7984419118658
6,820.6684227185567,600.8206684227185
9,977.2015875838372,900.9772015875839
9,902.7203350080699,900.9027203350081
7,849.5725302294653,700.8495725302295
9,1026.3190537086887,901.0263190537087
10,927.4652611597071,1000.9274652611597
8,864.0876730999996,800.8640876731
8,1035.8384094988533,801.0358384094989
9,950.5799306112764,900.9505799306113
8,845.1060759792867,800.8451060759793
11,939.0517262369483,1100.939051726237
9,969.7177731207436,900.9697177731207
9,932.9767018845662,900.9329767018845
10,985.522228559056,1000.985522228559
8,874.3559928737669,800.8743559928738
