num_vehicles,distance,fitness
6,849.5290070488132,600.8495290070488
9,880.6914435031397,900.8806914435031
10,824.0818045859149,1000.824081804586
7,758.791390520433,700.7587913905204
10,968.7575417550569,1000.968757541755
9,925.2929396104926,900.9252929396105
9,868.4794325681156,900.8684794325682
9,821.4967368099337,900.8214967368099
10,907.884307070605,1000.9078843070706
10,892.6599654751708,1000.8926599654752
9,880.1459919398508,900.8801459919398
8,838.9694621983816,800.8389694621984
8,866.7572510039194,800.866757251004
11,896.0037949662294,1100.8960037949662
9,901.570773483162,900.9015707734832
9,944.0185604749486,900.944018560475
9,860.9128125870383,900.860912812587
9,909.4461996923978,900.9094461996924
10,858.1898715327956,1000.8581898715328
9,913.152287338904,900.9131522873389
