num_vehicles,distance,fitness
6,762.3946846662257,600.7623946846662
6,688.9724054886611,600.6889724054887
7,868.0307113463173,700.8680307113464
7,921.4495825623404,700.9214495825623
7,805.986242164669,700.8059862421646
6,783.9201658263067,600.7839201658263
8,933.5736278154453,800.9335736278155
7,828.2700632944275,700.8282700632944
7,852.509682352034,700.852509682352
8,965.0145544575944,800.9650145544576
8,839.7353704335924,800.8397353704336
7,796.8051388655548,700.7968051388656
9,852.3262353669247,900.852326235367
9,963.2844458772519,900.9632844458772
9,888.4257222650546,900.8884257222651
8,911.3509964829534,800.911350996483
8,988.8921381885667,800.9888921381886
8,813.1459508438498,800.8131459508438
9,899.4351615101087,900.8994351615102
10,946.3824578011989,1000.9463824578012
