num_vehicles,distance,fitness
7,842.8913236348984,700.842891323635
7,795.3254650821946,700.7953254650822
7,812.7739250559471,700.8127739250559
8,951.0576050570995,800.9510576050571
6,755.3856434645742,600.7553856434646
6,797.7833253204775,600.7977833253204
6,776.3760965371146,600.7763760965371
9,969.0135656286291,900.9690135656286
8,811.8013615382956,800.8118013615383
8,1016.1807956096146,801.0161807956097
9,937.6980429110757,900.937698042911
8,958.1486466744,800.9581486466744
8,881.9521620370938,800.8819521620371
8,963.5873930319904,800.963587393032
8,894.5680153127108,800.8945680153128
8,916.4215716658283,800.9164215716659
9,947.4077386243596,900.9474077386244
10,1016.0045998041464,1001.0160045998041
9,918.7117426672269,900.9187117426673
8,801.1052210202703,800.8011052210203
