num_vehicles,distance,fitness
6,840.3646523098904,600.8403646523099
7,858.3462826049182,700.8583462826049
6,834.1578682762284,600.8341578682762
6,764.9494954407248,600.7649494954408
6,798.0550343039529,600.798055034304
7,850.8239765353469,700.8508239765354
7,779.4167047575276,700.7794167047575
7,970.5968452991934,700.9705968452992
7,819.4940913024896,700.8194940913025
8,916.6241248561438,800.9166241248562
7,933.9071310215567,700.9339071310216
7,935.3838180906871,700.9353838180907
8,942.2971703772707,800.9422971703773
7,957.1812840881447,700.9571812840882
7,943.957545790984,700.943957545791
8,925.7052759257655,800.9257052759258
8,973.8739542491775,800.9738739542491
7,936.1805932516911,700.9361805932517
7,806.4648118254385,700.8064648118254
7,906.1654025617684,700.9061654025618
