num_vehicles,distance,fitness
4,934.6666440653541,400.9346666440654
4,896.4889009426457,400.89648890094264
4,975.4750567917206,400.9754750567917
4,967.1212463392226,400.9671212463392
4,893.4768389701039,400.8934768389701
4,950.6304004939161,400.95063040049394
4,839.3041918736642,400.8393041918737
4,900.0999185593986,400.9000999185594
5,951.4298506563995,500.9514298506564
5,1035.6773113587121,501.0356773113587
5,946.3263632673977,500.9463263632674
4,956.0852640346181,400.95608526403464
5,860.548122224527,500.86054812222454
5,856.6696078693118,500.8566696078693
5,943.5286129924092,500.9435286129924
4,979.5553482583086,400.9795553482583
5,900.838349232827,500.9008383492328
5,975.4198525270224,500.975419852527
5,908.8378576268179,500.9088378576268
5,901.0566811746844,500.9010566811747
