num_vehicles,distance,fitness
4,1099.2379083158141,401.0992379083158
4,952.7414323745131,400.9527414323745
4,1070.1021034707994,401.0701021034708
4,1060.3712727763761,401.06037127277637
4,1025.8260080772034,401.0258260080772
5,905.0829034626547,500.90508290346264
5,857.3057154822895,500.8573057154823
4,859.521087314533,400.85952108731453
5,836.9469267184572,500.83694692671844
5,941.0981265561177,500.94109812655614
5,914.7478976073235,500.9147478976073
6,1024.6447224560552,601.0246447224561
4,974.6886376537884,400.9746886376538
5,996.6293629271183,500.99662936292714
4,897.1061302562966,400.8971061302563
5,1035.5562280655286,501.0355562280655
5,970.454812869102,500.9704548128691
5,872.9041125739549,500.87290411257396
4,888.884688562471,400.8888846885625
4,916.9277150889941,400.916927715089
