num_vehicles,distance,fitness
4,990.4776981132496,400.99047769811324
4,1066.7490451119347,401.0667490451119
4,1034.592786046712,401.0345927860467
4,902.1292915389058,400.9021292915389
4,984.799347812918,400.9847993478129
4,898.7085959236113,400.8987085959236
4,1048.6812435191018,401.0486812435191
4,980.9080372697568,400.9809080372698
4,987.3648096722122,400.9873648096722
5,952.2006233597339,500.9522006233597
4,873.9690877461933,400.8739690877462
4,855.4792742011948,400.8554792742012
4,975.3411446187997,400.9753411446188
5,957.1661819406851,500.9571661819407
4,867.608132352605,400.8676081323526
4,939.3742962162856,400.9393742962163
4,1006.6042632441429,401.0066042632441
5,846.8277196897242,500.8468277196897
4,877.3203306236062,400.8773203306236
4,741.7761965454747,400.74177619654546
