num_vehicles,distance,fitness
4,877.1580260263885,400.8771580260264
4,917.5688165498752,400.9175688165499
4,1013.9672920915933,401.0139672920916
4,933.5980031377112,400.9335980031377
4,789.3783518867225,400.78937835188674
4,845.0118807430824,400.8450118807431
4,877.9302139951391,400.8779302139951
4,933.0339508533337,400.9330339508533
4,969.7854413011571,400.96978544130116
4,905.2442022907957,400.9052442022908
5,969.2226959900796,500.9692226959901
5,989.6347632215818,500.9896347632216
4,899.651113459022,400.899651113459
4,994.139040977769,400.99413904097776
4,957.5140333134805,400.9575140333135
4,848.7891451570251,400.848789145157
4,912.20795211542,400.9122079521154
5,890.2459126967201,500.89024591269674
4,943.4330454673761,400.9434330454674
4,891.0001083970258,400.891000108397
