num_vehicles,distance,fitness
7,691.9245200332821,700.6919245200332
8,798.7517142898132,800.7987517142898
9,782.8103075032068,900.7828103075032
11,963.0606633202276,1100.9630606633202
11,951.6164239968728,1100.951616423997
9,841.4141390594484,900.8414141390595
8,903.3228165140263,800.903322816514
10,904.2027710528241,1000.9042027710528
8,805.0900797666816,800.8050900797667
11,937.259179485688,1100.9372591794856
10,1023.4653777095155,1001.0234653777095
10,889.0963683995502,1000.8890963683996
11,1086.573066606524,1101.0865730666064
11,1009.5493966213397,1101.0095493966214
12,1240.978029941492,1201.2409780299415
9,1009.0086903385082,901.0090086903385
10,1140.061696205141,1001.1400616962052
10,1237.7775883916984,1001.2377775883917
9,997.9331331436503,900.9979331331436
11,1160.9742816148942,1101.160974281615
