num_vehicles,distance,fitness
8,759.1670203183024,800.7591670203183
7,813.7708111839452,700.813770811184
8,788.9341743626247,800.7889341743627
8,971.7371129022498,800.9717371129022
8,936.379920079696,800.9363799200797
10,1230.6723200707956,1001.2306723200708
9,993.3223194188471,900.9933223194189
10,1039.7587621125233,1001.0397587621126
9,1104.73935967919,901.1047393596792
9,988.3691706998602,900.9883691706999
9,1001.3008078433328,901.0013008078433
10,997.6402712857015,1000.9976402712857
10,1082.0541614808633,1001.0820541614809
8,918.6637111793065,800.9186637111793
11,1020.7458323917137,1101.0207458323916
9,987.9151512621409,900.9879151512621
11,1165.8211688361105,1101.1658211688361
10,1239.2031879260646,1001.239203187926
11,1152.279675973278,1101.1522796759732
9,1031.9704011608178,901.0319704011608
