num_vehicles,distance,fitness
7,979.4404534601562,700.9794404534601
7,1068.3324700742203,701.0683324700742
8,1157.9749909429752,801.157974990943
7,984.7941223416158,700.9847941223417
7,1061.8210875567972,701.0618210875568
7,964.2967669018144,700.9642967669018
7,1105.3225162976084,701.1053225162976
7,994.2767110435194,700.9942767110435
7,1049.4239660681058,701.0494239660682
8,1213.9893072386815,801.2139893072386
8,1062.7335331361257,801.0627335331361
7,962.3101942523026,700.9623101942523
7,1007.5216955619092,701.0075216955619
8,1115.4840365919558,801.115484036592
8,935.2708674250479,800.9352708674251
8,1033.531912726101,801.0335319127261
8,1024.6452768948948,801.024645276895
7,1033.4373223645207,701.0334373223645
7,893.5018464954283,700.8935018464954
8,1167.1682848961032,801.1671682848961
