num_vehicles,distance,fitness
7,791.5872570391791,700.7915872570392
8,926.9941302193447,800.9269941302193
8,878.7811904207177,800.8787811904207
7,897.02213635226,700.8970221363522
8,840.4711941545826,800.8404711941546
7,818.352743460847,700.8183527434609
9,1233.8134358564166,901.2338134358564
9,1132.1536597986083,901.1321536597986
8,1072.020954360541,801.0720209543606
9,1200.257674334169,901.2002576743341
10,1337.5906282185315,1001.3375906282185
10,1154.7985577787294,1001.1547985577787
9,1190.3795956212857,901.1903795956213
8,951.3405359260742,800.9513405359261
8,1012.8944438020679,801.0128944438021
8,1020.8117594976761,801.0208117594976
8,905.4288843222607,800.9054288843223
8,976.5625249243394,800.9765625249244
8,998.1742242568284,800.9981742242568
10,1188.8607627106176,1001.1888607627106
