num_vehicles,distance,fitness
4,1081.4010688547528,401.08140106885475
5,1049.7669406791301,501.04976694067915
6,1113.3877752218193,601.1133877752218
5,1062.593319449194,501.0625933194492
5,1014.7334415174989,501.0147334415175
7,1148.8863211425448,701.1488863211425
6,1195.4512839558154,601.1954512839558
8,1383.9754726233757,801.3839754726233
6,1243.9351039173391,601.2439351039174
7,1031.6248809689312,701.0316248809689
6,1179.723824950771,601.1797238249508
6,1245.3317069538318,601.2453317069538
6,1186.0451262503352,601.1860451262503
7,1087.9407377300188,701.08794073773
7,1416.8907167193568,701.4168907167193
5,1214.9724932084562,501.21497249320845
7,1342.325484244708,701.3423254842447
5,992.7750688908027,500.9927750688908
8,1184.6584757581684,801.1846584757582
6,1027.4143509137125,601.0274143509137
