num_vehicles,distance,fitness
5,1206.7227033268164,501.2067227033268
6,1236.6010758488085,601.2366010758489
6,1231.1310535119012,601.231131053512
6,1041.220226591449,601.0412202265915
6,1085.8845945004348,601.0858845945004
5,988.4638163964386,500.98846381639646
6,1072.0681954906984,601.0720681954907
6,1085.7143900373421,601.0857143900373
6,1222.3813888633465,601.2223813888634
7,1336.358349272341,701.3363583492724
7,1312.7831273920779,701.3127831273921
7,1101.3730827852814,701.1013730827852
7,1418.2042988857488,701.4182042988857
7,1266.0072874426623,701.2660072874427
5,1197.2098632762636,501.19720986327627
8,1169.6076179630625,801.169607617963
9,1377.3278381033015,901.3773278381033
7,1362.5580874698683,701.3625580874699
6,1107.213779735302,601.1072137797353
8,1250.2131080465024,801.2502131080465
