num_vehicles,distance,fitness
5,1098.2107185369055,501.0982107185369
5,940.8643701935989,500.9408643701936
6,1140.941723396988,601.140941723397
5,1161.074516683246,501.16107451668324
6,926.3526891757766,600.9263526891758
5,968.9886190963475,500.96898861909636
5,1024.2550555011035,501.0242550555011
6,1117.065469731244,601.1170654697312
5,1144.8768836009272,501.14487688360094
6,1189.1425078315358,601.1891425078315
6,1115.2205520738285,601.1152205520739
7,1143.3035708234295,701.1433035708234
6,930.5797931103828,600.9305797931104
7,1231.3522704387283,701.2313522704387
7,1077.626917276603,701.0776269172766
7,1160.9465975060054,701.160946597506
7,1101.922759471165,701.1019227594711
6,1142.9677523577182,601.1429677523577
7,1149.425383935476,701.1494253839355
5,1171.9246080040484,501.1719246080041
