num_vehicles,distance,fitness
5,1306.6275740598305,501.3066275740598
5,1145.1020169034684,501.1451020169035
5,1216.9042903104878,501.2169042903105
5,880.4438307625752,500.8804438307626
5,1195.5333706054732,501.19553337060546
5,1273.2891094543852,501.27328910945437
4,1194.9548203234158,401.1949548203234
4,884.7760271593918,400.8847760271594
5,1277.9780162451775,501.2779780162452
5,1252.952143399068,501.25295214339906
4,1086.3479230058624,401.08634792300586
5,1117.5909518943713,501.1175909518944
4,1085.729514349422,401.0857295143494
5,899.8085383541649,500.89980853835414
5,1193.0520887284301,501.19305208872845
4,1214.5790895286761,401.2145790895287
5,876.900746194032,500.87690074619405
5,1180.642359326455,501.18064235932644
5,1226.6145877171793,501.22661458771717
5,1020.1565575089834,501.020156557509
