num_vehicles,distance,fitness
4,1067.7019895573885,401.0677019895574
4,919.503005358027,400.919503005358
4,1086.0396460863776,401.08603964608636
5,936.0262844566404,500.93602628445666
5,1035.4849215044812,501.03548492150446
5,1166.96904596773,501.16696904596773
5,1051.899255942335,501.0518992559423
5,1146.0259152171873,501.1460259152172
4,1263.2822790756866,401.26328227907567
4,1051.1457810557172,401.0511457810557
5,1141.8970389013787,501.1418970389014
5,1085.8572191551566,501.0858572191552
6,965.9145266671793,600.9659145266672
5,1007.0115799279888,501.00701157992796
6,1202.0753384201057,601.2020753384201
6,1356.2113940927554,601.3562113940927
5,1135.2527612278432,501.13525276122783
5,995.7348787997286,500.99573487879974
4,1165.1091873510854,401.1651091873511
6,1158.4709716326197,601.1584709716326
