num_vehicles,distance,fitness
5,1310.0844333327757,501.3100844333328
5,991.0671602143898,500.9910671602144
5,1040.5739978471565,501.04057399784716
5,1115.9993275166498,501.11599932751665
5,1216.5408593113557,501.21654085931135
5,1061.853586611677,501.0618535866117
6,1155.365778065729,601.1553657780657
5,1084.8884888472562,501.08488848884724
5,1016.2463121472306,501.01624631214725
5,1081.4733418298624,501.08147334182985
6,1258.2767196273317,601.2582767196274
6,1250.0509911856807,601.2500509911857
5,929.8859650099798,500.92988596501
5,1115.8829694210149,501.115882969421
5,1131.925911165656,501.13192591116564
5,1030.3314921155593,501.0303314921156
6,1265.123045952052,601.265123045952
5,1145.2410683273731,501.1452410683274
5,1012.6689566667767,501.0126689566668
5,1146.91694952875,501.14691694952876
