num_vehicles,distance,fitness
5,1088.2573579320474,501.08825735793204
5,1059.5382638862002,501.0595382638862
5,1023.6396638852631,501.02363966388526
5,938.9039711379456,500.93890397113796
5,1268.2981859563965,501.2682981859564
6,956.4794806667679,600.9564794806668
5,1100.7259099113626,501.1007259099114
7,1119.0146121836658,701.1190146121837
5,1030.9716702172122,501.0309716702172
5,960.61469092394,500.96061469092393
6,1308.632872674085,601.3086328726741
7,1225.446914246625,701.2254469142466
6,1155.0710085203907,601.1550710085204
5,1055.0624318566254,501.05506243185664
5,1058.7587100369124,501.0587587100369
6,1120.4750528827813,601.1204750528827
7,1225.6004717616977,701.2256004717617
6,1216.5106221455546,601.2165106221455
5,986.7451347749198,500.98674513477494
5,1159.3880967375244,501.15938809673753
