num_vehicles,distance,fitness
7,537.3913739362137,700.5373913739362
8,580.8029859809177,800.5808029859809
9,730.9199032938405,900.7309199032939
10,587.0589280168145,1000.5870589280169
9,640.9493728938545,900.6409493728938
9,614.5564479333772,900.6145564479334
9,691.6575933721081,900.6916575933722
9,590.3724940731587,900.5903724940731
10,689.3008940593679,1000.6893008940593
11,765.4054909293878,1100.7654054909294
11,696.3543149466988,1100.6963543149468
11,742.9487804493907,1100.7429487804493
10,657.0883596729565,1000.6570883596729
11,742.2072563845963,1100.7422072563845
10,638.4362473611593,1000.6384362473611
11,645.2295047998425,1100.6452295047998
12,704.8793127852089,1200.7048793127851
11,730.4472014873536,1100.7304472014873
12,744.0831154982786,1200.7440831154984
12,737.0224065134752,1200.7370224065135
