num_vehicles,distance,fitness
6,447.6452532027363,600.4476452532027
8,524.9718689462438,800.5249718689463
7,521.0651492818779,700.5210651492819
9,641.1047980156993,900.6411047980157
8,602.0007455889366,800.602000745589
7,514.5929599675708,700.5145929599676
7,565.9376392345364,700.5659376392346
7,571.753959658649,700.5717539596586
7,529.5285227303823,700.5295285227304
8,561.6072715303978,800.5616072715304
9,626.9749334600326,900.62697493346
9,713.8488746671715,900.7138488746672
8,597.215163222025,800.597215163222
9,731.3741836839025,900.7313741836839
10,736.5760955507606,1000.7365760955507
8,614.3033755355107,800.6143033755355
9,793.0793613751059,900.7930793613751
9,641.2755396119062,900.6412755396119
12,752.5428448118709,1200.7525428448118
10,684.8759794648304,1000.6848759794648
