num_vehicles,distance,fitness
7,495.26436520284466,700.4952643652028
7,568.6291699277281,700.5686291699277
7,591.7450935172324,700.5917450935173
7,609.4406309120072,700.609440630912
10,813.7739881057046,1000.8137739881057
8,645.8402152778904,800.6458402152779
8,653.4412964393604,800.6534412964394
7,633.7225252741299,700.6337225252742
7,613.4605031276321,700.6134605031276
8,711.8542624075817,800.7118542624075
8,633.9302514684786,800.6339302514684
8,734.6821258790394,800.7346821258791
7,664.5236101975746,700.6645236101975
7,662.0896508557805,700.6620896508558
8,669.1947414573176,800.6691947414573
7,578.9317229831856,700.5789317229832
8,713.7475076528,800.7137475076528
8,690.3605587816153,800.6903605587817
8,747.6641398391996,800.7476641398392
7,747.8629368907311,700.7478629368908
