num_vehicles,distance,fitness
7,599.946623310844,700.5999466233109
7,664.258587110433,700.6642585871105
7,601.8520186434495,700.6018520186434
7,689.7430786542379,700.6897430786543
8,616.9178775407391,800.6169178775407
8,697.763282726596,800.6977632827266
8,739.0361767505317,800.7390361767506
8,586.5808577510574,800.5865808577511
8,724.3093452778481,800.7243093452779
7,645.5822622059419,700.645582262206
8,680.3418073404339,800.6803418073405
8,598.3752314325511,800.5983752314326
9,682.8077800080847,900.682807780008
9,704.2782740959763,900.7042782740959
8,680.4772429894641,800.6804772429895
8,681.5334468415213,800.6815334468415
8,639.6476453448802,800.6396476453449
9,727.4797126986248,900.7274797126986
10,681.1088813570765,1000.6811088813571
9,698.7393005457726,900.6987393005458
