num_vehicles,distance,fitness
7,664.5333586844342,700.6645333586845
7,700.1628580000835,700.7001628580001
7,552.2941459779857,700.552294145978
7,632.7546749813861,700.6327546749814
7,521.7124016463774,700.5217124016464
8,534.9086297685851,800.5349086297686
8,685.6148717930037,800.685614871793
8,589.9336139533006,800.5899336139533
7,571.3827201038156,700.5713827201038
9,650.2947825317632,900.6502947825318
8,597.2201863556184,800.5972201863556
8,681.775380851807,800.6817753808518
8,560.1988842775133,800.5601988842775
8,641.0202171716992,800.6410202171717
7,596.9186800389066,700.5969186800389
7,606.8909297564555,700.6068909297564
8,773.4758125372462,800.7734758125373
9,682.9478351646133,900.6829478351647
7,606.9540684846456,700.6069540684847
8,655.017676331081,800.6550176763311
