num_vehicles,distance,fitness
7,636.8199997144283,700.6368199997145
7,579.1074494995662,700.5791074494996
7,673.8990688463658,700.6738990688464
7,625.9441669423761,700.6259441669424
8,745.2750608670683,800.745275060867
7,637.2273869866607,700.6372273869866
7,587.8727459327988,700.5878727459328
7,592.5109380824839,700.5925109380825
6,547.7646087698447,600.5477646087699
7,643.3368152868918,700.643336815287
7,555.1487224062669,700.5551487224062
7,647.7319096039068,700.6477319096039
7,565.5284652542455,700.5655284652543
7,657.5020490510128,700.657502049051
7,699.676174968668,700.6996761749687
7,698.9218173142625,700.6989218173143
7,612.9320801081509,700.6129320801082
7,630.3913007882396,700.6303913007882
7,594.0483397826482,700.5940483397826
7,696.140117960996,700.696140117961
