num_vehicles,distance,fitness
5,555.9485643976219,500.5559485643976
5,640.5978383220285,500.64059783832204
5,564.4506024841061,500.5644506024841
5,552.6213992277961,500.5526213992278
5,610.2109932894443,500.61021099328946
5,605.20230651238,500.60520230651235
5,602.7547523688429,500.60275475236887
5,644.7294978469388,500.6447294978469
5,717.8080829437697,500.71780808294375
6,783.5463985595778,600.7835463985596
6,743.44824458582,600.7434482445858
6,749.3374697984896,600.7493374697984
8,802.7361939705975,800.8027361939706
5,759.3828244941844,500.7593828244942
7,760.6446733962629,700.7606446733963
6,783.0993032403721,600.7830993032404
6,662.631441712515,600.6626314417125
6,657.3059946960178,600.657305994696
5,752.614063115077,500.75261406311506
7,796.5310561407262,700.7965310561407
