num_vehicles,distance,fitness
5,534.3361221591722,500.5343361221592
5,602.9279432487377,500.60292794324874
5,591.2764731271635,500.59127647312715
5,616.1785132912537,500.61617851329123
5,593.1182599750504,500.59311825997503
5,630.6907795625044,500.6306907795625
6,726.2790882703631,600.7262790882704
5,680.8396222158424,500.68083962221584
6,793.264081362052,600.793264081362
6,760.1957612839017,600.7601957612839
7,761.452733256143,700.7614527332562
5,751.125342988557,500.75112534298853
5,727.9751403816845,500.72797514038166
6,753.1873993964325,600.7531873993964
6,803.0192148114006,600.8030192148115
5,700.4221863213883,500.70042218632136
5,735.5465465990318,500.73554654659904
5,758.8137174770642,500.75881371747704
5,748.9921775949671,500.74899217759497
5,729.5862786627483,500.72958627866274
