num_vehicles,distance,fitness
5,492.8496652239143,500.4928496652239
6,634.8586265005682,600.6348586265005
5,582.898980292247,500.58289898029227
6,480.9131459128863,600.4809131459128
5,484.8047951499682,500.48480479514996
5,489.3468135121935,500.4893468135122
5,490.8754396420075,500.490875439642
9,659.6548954413587,900.6596548954413
6,604.4449753917152,600.6044449753917
7,624.6917666711693,700.6246917666712
6,562.9801602956763,600.5629801602956
7,586.5884624660142,700.586588462466
8,652.818972651392,800.6528189726514
7,668.491070357804,700.6684910703578
6,659.1378036326316,600.6591378036326
8,689.6448305131498,800.6896448305132
6,666.2271074693004,600.6662271074694
7,633.9775491175872,700.6339775491176
7,680.0669346530713,700.680066934653
6,513.3544612857206,600.5133544612858
