num_vehicles,distance,fitness
5,518.2594252824524,500.51825942528245
6,550.9057388064039,600.5509057388064
5,564.2753625019666,500.564275362502
5,536.4369948593413,500.53643699485934
6,506.4232249672225,600.5064232249672
6,523.1290900810208,600.523129090081
7,570.428060689541,700.5704280606896
6,516.5998473679033,600.516599847368
7,572.7662470800607,700.57276624708
7,547.430906886103,700.5474309068861
7,576.3645600909357,700.576364560091
6,584.427943458637,600.5844279434586
7,663.7890655841206,700.6637890655841
6,605.9348600995651,600.6059348600995
7,617.2012590652542,700.6172012590653
6,598.9447485061487,600.5989447485061
6,615.1677339290412,600.6151677339291
6,589.4967625905098,600.5894967625906
6,605.8721914857488,600.6058721914858
7,617.5244539732498,700.6175244539733
