num_vehicles,distance,fitness
5,466.50342106065915,500.4665034210607
6,497.53035353511973,600.4975303535351
5,474.6637598918314,500.4746637598918
5,509.2976534730621,500.5092976534731
6,449.5092404799881,600.44950924048
6,640.0532930401877,600.6400532930402
5,576.6883439116087,500.5766883439116
5,699.8507189128944,500.6998507189129
6,646.6497943257186,600.6466497943258
7,712.0521213348112,700.7120521213349
6,621.1136376117659,600.6211136376118
7,680.035691981036,700.6800356919811
7,626.9565554697249,700.6269565554697
7,749.8858607314864,700.7498858607315
6,657.1969342653538,600.6571969342654
6,605.2718625806632,600.6052718625807
7,818.971889685769,700.8189718896857
6,612.3122990836478,600.6123122990837
5,548.9859882815589,500.5489859882816
5,567.4970627984386,500.56749706279845
