num_vehicles,distance,fitness
7,864.4833286468569,700.8644833286469
8,717.4773840217567,800.7174773840218
9,830.6120088427299,900.8306120088428
12,900.635556448746,1200.9006355564488
10,835.2266693544526,1000.8352266693545
9,797.6241035344324,900.7976241035344
11,928.2143444835092,1100.9282143444834
11,1046.5108259522603,1101.0465108259523
11,995.0160983305499,1100.9950160983306
11,936.1503347888896,1100.9361503347889
11,932.4205646610023,1100.932420564661
12,914.2537141843897,1200.9142537141845
11,904.8208253588745,1100.904820825359
13,906.7747433903552,1300.9067747433903
12,940.6576361810181,1200.940657636181
12,1011.4304830253362,1201.0114304830254
11,911.8029786663175,1100.9118029786664
11,953.6814298171112,1100.9536814298172
10,900.2188900909892,1000.900218890091
13,974.1063143675059,1300.9741063143674
