num_vehicles,distance,fitness
6,738.2850068179622,600.7382850068179
9,819.688908937603,900.8196889089376
7,763.0370411173849,700.7630370411174
8,870.8766375833744,800.8708766375834
7,798.1101346650125,700.798110134665
8,856.0191495757331,800.8560191495758
7,781.9538988524218,700.7819538988524
7,717.3659465857005,700.7173659465857
10,954.544291196782,1000.9545442911967
10,960.0945411787973,1000.9600945411788
10,942.5166585772051,1000.9425166585772
9,957.9950858294175,900.9579950858295
11,924.4502735199794,1100.92445027352
10,896.8357154154228,1000.8968357154155
9,885.1409222861397,900.8851409222862
12,957.0679632027743,1200.9570679632027
10,906.8865400306688,1000.9068865400307
10,983.6697806169981,1000.983669780617
8,876.4246571201904,800.8764246571202
10,915.2096229745143,1000.9152096229745
