num_vehicles,distance,fitness
7,818.2437983267619,700.8182437983268
7,817.7714413505606,700.8177714413506
7,822.2861122417271,700.8222861122417
6,767.4567155036008,600.7674567155036
7,788.2353411332804,700.7882353411333
7,846.9883369747022,700.8469883369747
7,858.2933811758386,700.8582933811758
10,915.0094995621104,1000.9150094995621
10,963.7150820044542,1000.9637150820045
10,898.607393666216,1000.8986073936662
8,869.8056510508211,800.8698056510508
9,851.5543660476003,900.8515543660476
7,900.4502156836122,700.9004502156836
10,999.2645718819635,1000.999264571882
9,909.6514384791027,900.9096514384792
10,898.3454567955064,1000.8983454567955
8,910.3219325112242,800.9103219325112
8,925.5602365725257,800.9255602365726
10,878.0461011382522,1000.8780461011382
9,885.0359933156294,900.8850359933157
