num_vehicles,distance,fitness
7,875.9048735512156,700.8759048735512
6,792.9252213966749,600.7929252213967
6,845.9491965053998,600.8459491965054
6,884.357870963407,600.8843578709634
6,929.6650770653544,600.9296650770654
6,863.9297066473265,600.8639297066474
6,860.0193987024013,600.8600193987024
6,844.8995321378727,600.8448995321379
7,970.2913713430602,700.970291371343
7,881.7464819383906,700.8817464819384
8,909.7254936559916,800.909725493656
8,873.062359793704,800.8730623597937
9,991.3042263837899,900.9913042263838
8,955.6720059703838,800.9556720059704
8,981.7296264165664,800.9817296264166
9,923.4469385938609,900.9234469385939
8,944.3981928368507,800.9443981928368
8,886.2944991597282,800.8862944991597
9,939.5490599216824,900.9395490599217
8,925.9931078369672,800.9259931078369
