num_vehicles,distance,fitness
6,762.3946846662257,600.7623946846662
7,838.7235450465259,700.8387235450465
7,789.6017400501871,700.7896017400502
7,788.7866370078447,700.7887866370079
9,852.3335636212469,900.8523335636213
9,880.0099130345563,900.8800099130345
8,945.6877728711912,800.9456877728712
8,957.9800734543636,800.9579800734543
8,920.2545783677846,800.9202545783678
9,965.5610870363644,900.9655610870363
9,887.8847928605138,900.8878847928605
8,917.9796192390913,800.9179796192391
9,847.9890390777966,900.8479890390778
7,881.7994926848136,700.8817994926848
9,819.0696924141992,900.8190696924142
9,924.3866712524863,900.9243866712525
7,790.3741387556513,700.7903741387556
8,856.3178995494881,800.8563178995495
8,808.3083333698903,800.8083083333698
8,880.8962852695403,800.8808962852695
