num_vehicles,distance,fitness
7,842.8913236348984,700.842891323635
7,827.5512224652565,700.8275512224652
7,798.5044069962579,700.7985044069962
7,893.0803861483336,700.8930803861483
7,754.2713696946652,700.7542713696947
8,842.7875066336538,800.8427875066336
8,956.9722530057234,800.9569722530057
8,881.806222111408,800.8818062221114
8,867.6326035955375,800.8676326035956
9,987.6842003868896,900.9876842003869
10,1034.298094422262,1001.0342980944223
10,950.2530261673978,1000.9502530261674
11,924.5739639381736,1100.9245739639382
9,949.1920122092345,900.9491920122092
8,945.3160000065078,800.9453160000065
9,904.5555207248531,900.9045555207249
8,988.8170082091153,800.9888170082091
9,945.2841966623117,900.9452841966623
8,900.0530325871945,800.9000530325872
8,970.6789256788809,800.9706789256788
