num_vehicles,distance,fitness
6,840.3646523098904,600.8403646523099
6,848.7920283374114,600.8487920283374
6,804.2657976884094,600.8042657976885
7,825.4577507479735,700.825457750748
6,808.2060048741853,600.8082060048741
7,833.0614886535166,700.8330614886535
6,771.9487349367287,600.7719487349367
7,895.5478774057292,700.8955478774058
7,982.4495673878712,700.9824495673879
7,967.7558942831223,700.9677558942831
7,879.9953822406065,700.8799953822406
7,918.7936466473114,700.9187936466473
7,867.0394543810614,700.867039454381
8,963.3301594556434,800.9633301594556
8,963.5261868345146,800.9635261868345
7,903.6016351708777,700.9036016351708
8,985.4667150863897,800.9854667150864
6,775.6592332034566,600.7756592332034
7,833.071887548585,700.8330718875486
7,859.641294746091,700.8596412947461
