num_vehicles,distance,fitness
4,918.1606608150763,400.9181606608151
5,803.6823215463096,500.8036823215463
6,840.1082328889493,600.840108232889
6,879.0539940209204,600.8790539940209
5,896.2052936828503,500.89620529368284
5,819.5580099303372,500.81955800993035
6,907.3476950100993,600.9073476950101
6,843.086097948805,600.8430860979488
7,1008.4304865834828,701.0084304865835
6,835.5000834419889,600.835500083442
8,962.3000280576338,800.9623000280576
6,963.7436501103012,600.9637436501102
7,841.3657706458471,700.8413657706459
7,971.6674322528212,700.9716674322528
6,865.5518251383235,600.8655518251384
7,1011.6672184960131,701.011667218496
5,869.2408537331279,500.8692408537331
8,917.7612180617245,800.9177612180617
6,853.6862005359752,600.853686200536
6,932.0613248003257,600.9320613248003
