num_vehicles,distance,fitness
4,848.564939599413,400.84856493959944
5,921.9758222093458,500.92197582220933
4,980.7672770793388,400.98076727707934
4,944.5770839141444,400.94457708391417
4,852.0999080189666,400.85209990801894
4,854.6665176436152,400.85466651764364
4,936.0610899942521,400.93606108999427
4,940.2298301195038,400.9402298301195
7,987.9518149019756,700.987951814902
6,977.0951048953858,600.9770951048954
6,984.980312273526,600.9849803122735
7,935.958493993412,700.9359584939934
8,980.4491155845245,800.9804491155845
6,867.0125922494286,600.8670125922495
7,893.9679122546747,700.8939679122547
6,856.5293745764164,600.8565293745764
5,930.7781843793747,500.9307781843794
7,990.8568428808012,700.9908568428808
5,1016.4242498241452,501.0164242498241
8,944.3834442002019,800.9443834442002
