num_vehicles,distance,fitness
4,1071.3637846072347,401.07136378460723
4,1071.1414744514689,401.07114147445145
5,994.3457762437399,500.99434577624373
5,995.106124992731,500.99510612499273
5,956.7182844610655,500.9567182844611
4,844.9868231810356,400.84498682318105
5,1045.1071137781773,501.04510711377816
5,1004.3051564835534,501.00430515648355
6,958.7299437128279,600.9587299437128
4,933.2651733509833,400.933265173351
5,921.0158016414108,500.92101580164143
6,1014.2026664905146,601.0142026664905
5,953.0708605747387,500.9530708605747
6,1030.0936517419989,601.030093651742
7,953.5079156233011,700.9535079156233
5,946.7135454513195,500.9467135454513
5,966.7537484802956,500.9667537484803
6,923.8446833660502,600.923844683366
6,1001.9117297964714,601.0019117297965
5,918.5962657631077,500.9185962657631
