num_vehicles,distance,fitness
4,937.6570066368039,400.9376570066368
4,939.4224975572768,400.9394224975573
4,949.4178256460153,400.94941782564604
5,981.5639916252317,500.98156399162525
4,1008.9839095374598,401.00898390953745
4,934.7890235342392,400.9347890235342
4,906.2169423577376,400.90621694235773
4,887.7285576267861,400.88772855762676
4,882.2557792139064,400.8822557792139
6,1073.6328480795376,601.0736328480796
5,966.0234072963631,500.96602340729635
6,964.2388733636672,600.9642388733637
4,1039.7393815865012,401.0397393815865
6,984.9828576843975,600.9849828576844
4,875.5831429468557,400.8755831429469
5,938.2102362907927,500.9382102362908
5,1049.9109895504891,501.0499109895505
5,958.7638356844103,500.9587638356844
5,866.8445772021786,500.8668445772022
5,920.4362966952564,500.92043629669524
