num_vehicles,distance,fitness
4,934.6666440653541,400.9346666440654
4,928.9503463638317,400.9289503463638
4,876.1530089910066,400.876153008991
4,936.2699868191316,400.9362699868191
4,897.3804276280963,400.8973804276281
4,790.5029626106875,400.7905029626107
5,870.2362103890405,500.87023621038907
5,869.2944841822389,500.86929448418226
5,878.0842459583948,500.8780842459584
5,843.8078852574603,500.84380788525743
6,962.9612409427743,600.9629612409427
5,975.6109662063485,500.9756109662064
6,902.8954627517024,600.9028954627518
5,885.4415292435333,500.8854415292435
5,962.5986950580384,500.96259869505803
5,879.0636447248435,500.87906364472485
4,922.7357985347613,400.92273579853475
5,980.607145648022,500.98060714564804
4,865.1100136513745,400.86511001365136
5,881.7122739943586,500.88171227399437
