num_vehicles,distance,fitness
4,990.4776981132496,400.99047769811324
4,972.9045211909273,400.9729045211909
4,910.4606298829398,400.91046062988295
4,1054.5755520400592,401.05457555204003
4,1006.5996827264808,401.00659968272646
4,954.3092520978562,400.95430925209786
4,907.9269744609534,400.90792697446096
4,1002.4471825492143,401.0024471825492
4,926.4447420841075,400.92644474208413
5,858.6256041361189,500.85862560413614
5,1014.1825709419361,501.01418257094195
6,908.99121640619,600.9089912164062
4,887.9906213083563,400.88799062130835
4,926.7498998570929,400.9267498998571
5,956.4060584707979,500.9564060584708
4,972.202864664951,400.97220286466495
5,971.7785391893752,500.97177853918936
4,773.8500554555808,400.77385005545557
4,837.3038631586444,400.83730386315864
4,901.965416359027,400.901965416359
