num_vehicles,distance,fitness
4,954.4951724086313,400.95449517240866
4,1029.2741864079123,401.0292741864079
4,827.131948500542,400.82713194850055
5,826.5057759458269,500.8265057759458
4,932.780049038479,400.93278004903846
4,884.486560620021,400.88448656062
5,899.0125476489894,500.89901254764897
4,891.222696601294,400.8912226966013
5,960.7430993985724,500.9607430993986
5,1030.319705341333,501.03031970534136
5,956.0913574890865,500.9560913574891
5,958.3120797103813,500.95831207971037
5,949.0603653607368,500.94906036536076
4,899.3099037896466,400.89930990378963
5,891.9169469983519,500.8919169469984
5,932.0251062709701,500.932025106271
5,827.4008808047876,500.82740088080476
4,939.488222092083,400.9394882220921
5,887.0516437541146,500.8870516437541
5,969.4160243551602,500.96941602435516
