num_vehicles,distance,fitness
4,918.9340678700514,400.91893406787005
4,827.1458469879902,400.827145846988
4,925.0203542590642,400.92502035425906
4,868.3245414335065,400.8683245414335
4,871.9858871084092,400.8719858871084
4,995.9524091518147,400.9959524091518
5,982.4163254750953,500.98241632547507
5,1026.7513327474899,501.0267513327475
5,927.86061573758,500.9278606157376
6,979.8640119340156,600.9798640119341
6,964.5244567405977,600.9645244567406
5,873.0883557369602,500.87308835573697
6,974.6280781104499,600.9746280781104
5,829.8562521277494,500.82985625212774
6,974.2562762733036,600.9742562762733
5,1030.2879009559833,501.030287900956
6,992.7175190235444,600.9927175190236
6,947.6175619679427,600.947617561968
5,927.0950071400084,500.92709500714
5,942.5697662050937,500.9425697662051
