num_vehicles,distance,fitness
4,877.1580260263885,400.8771580260264
5,861.0812269956364,500.8610812269956
4,889.911364541101,400.8899113645411
4,919.8206178965911,400.9198206178966
4,814.6396603613481,400.81463966036137
4,939.8180591594335,400.93981805915945
4,836.2350650515698,400.8362350650516
4,879.4254484756773,400.8794254484757
4,900.936069077169,400.90093606907715
4,986.8082466619312,400.98680824666195
4,958.6818083174519,400.95868180831746
4,1078.924637931979,401.078924637932
4,987.2629924926281,400.9872629924926
4,979.7066360613234,400.97970663606134
4,995.7302469973231,400.9957302469973
4,810.1050194255638,400.8101050194256
5,913.1956280654452,500.91319562806547
4,902.7149382086012,400.9027149382086
5,950.67234777252,500.9506723477725
4,975.5964146900893,400.9755964146901
