num_vehicles,distance,fitness
7,791.5872570391791,700.7915872570392
8,864.8500939258633,800.8648500939258
7,840.2558479659269,700.840255847966
8,792.8164725988646,800.7928164725988
8,971.5588838169191,800.9715588838169
7,835.2762819240469,700.835276281924
7,866.8050836690446,700.8668050836691
7,944.9027522554615,700.9449027522554
8,921.8756905161415,800.9218756905161
9,1049.8810245546445,901.0498810245547
9,1143.5556554543361,901.1435556554543
8,929.231024916806,800.9292310249168
9,926.7196768821129,900.9267196768822
9,1202.842418274603,901.2028424182746
9,1004.4184526035684,901.0044184526035
9,1024.8425311115218,901.0248425311115
9,1241.9332232298148,901.2419332232298
9,1062.99512423719,901.0629951242372
9,1105.870539931607,901.1058705399316
9,1139.1306958606663,901.1391306958607
