num_vehicles,distance,fitness
7,691.9245200332821,700.6919245200332
9,831.0750285870289,900.8310750285871
9,875.2284258092556,900.8752284258093
8,766.7036746588936,800.7667036746589
9,934.375408418728,900.9343754084188
10,913.9653630539906,1000.913965363054
10,1058.3453069710263,1001.058345306971
11,1229.9306903436334,1101.2299306903437
11,1147.8672493585927,1101.1478672493586
9,1033.380725921042,901.033380725921
10,1014.8910022360571,1001.014891002236
9,1046.339820864879,901.0463398208649
11,1216.0088550473527,1101.2160088550474
11,1242.0727408229993,1101.242072740823
9,1055.1884458875493,901.0551884458876
9,997.359743310026,900.99735974331
12,1246.5537427661895,1201.246553742766
10,1000.4984835737592,1001.0004984835738
10,1073.4324054898325,1001.0734324054898
11,1098.0544616686711,1101.0980544616687
