num_vehicles,distance,fitness
8,894.5607712993112,800.8945607712993
13,1108.4894055424465,1301.1084894055425
9,911.9833851556334,900.9119833851556
11,1098.6330542228739,1101.0986330542228
11,1014.2440670761724,1101.014244067076
10,938.9453266394318,1000.9389453266394
12,1088.0506643248304,1201.0880506643248
13,1293.7192680978353,1301.293719268098
10,1132.452650621369,1001.1324526506214
11,1137.9553953969532,1101.137955395397
10,1119.4250023168026,1001.1194250023168
12,1178.5129125179697,1201.178512912518
9,984.15969655426,900.9841596965542
10,1077.5901751307483,1001.0775901751307
11,1091.7461772033184,1101.0917461772033
11,1191.2920705648044,1101.1912920705647
12,1116.515641532326,1201.1165156415323
10,1060.3723630087036,1001.0603723630087
11,1010.2373945881166,1101.010237394588
11,1107.848633924019,1101.107848633924
