num_vehicles,distance,fitness
7,979.4404534601562,700.9794404534601
7,980.416985259571,700.9804169852596
7,929.4557281862054,700.9294557281862
7,1012.3801094518963,701.0123801094519
7,932.2447665151531,700.9322447665152
8,1133.6802459625355,801.1336802459625
7,979.6820748771038,700.9796820748771
7,987.7392296032307,700.9877392296032
8,1041.5250462935066,801.0415250462935
7,956.8034694252168,700.9568034694253
8,1087.8582396659954,801.087858239666
7,1032.0756169990555,701.032075616999
8,1133.5956859615624,801.1335956859616
9,1264.0234151463815,901.2640234151464
7,986.3892868210291,700.986389286821
7,1069.7489150991928,701.0697489150992
7,1022.3467019925705,701.0223467019925
9,1236.510553430627,901.2365105534307
8,1190.0314509085317,801.1900314509086
8,1002.9300044070135,801.0029300044071
