num_vehicles,distance,fitness
5,1156.9680017061987,501.1569680017062
5,937.1494857954249,500.93714948579543
5,973.5210180692454,500.9735210180692
5,1023.3518560975591,501.0233518560976
4,1037.5498816875283,401.03754988168754
5,1211.5777565109763,501.21157775651096
5,1129.7122691669556,501.12971226916693
5,1093.6844264244655,501.0936844264245
5,1304.0350269448568,501.30403502694486
6,1133.4600907630381,601.133460090763
5,1046.0896528549192,501.0460896528549
5,1083.9923924381917,501.0839923924382
6,1321.9294858618084,601.3219294858618
6,1174.9147549117317,601.1749147549117
6,1201.207865206163,601.2012078652061
6,1224.120208539756,601.2241202085397
5,1078.6963600898362,501.07869636008985
5,1300.4627417285456,501.30046274172855
5,1235.550803956729,501.23555080395676
5,1069.531884884121,501.0695318848841
