num_vehicles,distance,fitness
4,1067.7019895573885,401.0677019895574
5,1164.6499894694648,501.16464998946947
5,1261.771563777852,501.26177156377787
4,1144.2757328444247,401.14427573284445
5,1218.0765572667715,501.2180765572668
5,1047.8835158044226,501.0478835158044
4,1329.5998054815077,401.3295998054815
5,1126.002055770673,501.1260020557707
5,1136.9713877927197,501.1369713877927
5,1220.7456468582964,501.2207456468583
5,1174.2311606247806,501.1742311606248
5,1103.5104951898397,501.1035104951898
5,1080.3159641080094,501.080315964108
5,938.2811225022808,500.9382811225023
4,1136.3304298453882,401.1363304298454
5,1114.8673169381466,501.11486731693816
5,1147.4112730972706,501.14741127309725
5,1048.7409053344832,501.04874090533445
5,1142.2312011455394,501.14223120114553
6,1201.920140323929,601.201920140324
