num_vehicles,distance,fitness
5,1098.2107185369055,501.0982107185369
5,979.3593502284746,500.9793593502285
6,1144.2113840904447,601.1442113840905
6,1109.5263896744095,601.1095263896744
6,1114.776896091008,601.114776896091
5,1200.8197686620706,501.2008197686621
7,1141.5065488645582,701.1415065488645
7,1259.124045398569,701.2591240453986
6,1223.007729801086,601.2230077298011
6,1174.9229093707638,601.1749229093707
6,1097.9884906106645,601.0979884906106
6,1098.5453254447739,601.0985453254448
7,1331.2408280974032,701.3312408280974
7,1378.3152549549768,701.3783152549549
6,1085.4585871551694,601.0854585871551
7,1178.8089319750825,701.178808931975
5,1079.418906586615,501.0794189065866
5,1124.5600588229017,501.1245600588229
6,1145.3663015604225,601.1453663015604
7,1186.0779356829896,701.186077935683
