num_vehicles,distance,fitness,time
3.0,229.25448738744356,300.22925448738744,267.3380389213562
3.0,228.04848536170618,300.2280484853617,266.4004166126251
3.0,191.8136197786562,300.19181361977866,268.5199375152588
3.0,228.0484853617062,300.2280484853617,269.86908626556396
