num_vehicles,distance,fitness,time
3.0,191.8136197786562,300.19181361977866,268.5199375152588
