num_vehicles,distance,fitness,time
7.0,682.02767088359,700.6820276708836,355.10345125198364
