num_vehicles,distance,fitness,time
2.0,523.6573430770865,2.99878428325904,198.81888031959534
