num_vehicles,distance,fitness,time
2.0,523.6573430770865,2.99878428325904,198.81888031959534
2.0,525.9516047142549,2.9987895863430474,199.2329683303833
2.0,540.6112898969833,2.998822408894932,205.1430377960205
