num_vehicles,distance,fitness,time
3.0,191.8136197786562,300.19181361977866,272.3900668621063
3.0,191.8136197786562,300.19181361977866,271.3598601818085
3.0,191.8136197786562,300.19181361977866,273.6810791492462
3.0,191.8136197786562,300.19181361977866,273.51746559143066
