num_vehicles,distance,fitness,time
4.0,394.1013161095329,4.9983846326311046,181.69265937805176
