num_vehicles,distance,fitness,time
1.0,274.77703187454057,1.997683150744247,330.69431805610657
1.0,274.77703187454057,1.997683150744247,337.9781856536865
1.0,274.77703187454057,1.997683150744247,332.20417761802673
