num_vehicles,distance,fitness,time
9.0,770.6994485912503,9.999173971881946,311.4337410926819
