num_vehicles,distance,fitness,time
3.0,191.8136197786562,3.9966810802823503,205.34759616851807
