num_vehicles,distance,fitness,time
2.0,457.569021890502,2.998608693490243,184.687082529068
