num_vehicles,distance,fitness,time
2.0,457.7493779159116,2.9986092416716845,184.65801644325256
2.0,458.01284095034435,2.998610041675989,181.89786529541016
2.0,457.569021890502,2.998608693490243,184.687082529068
