num_vehicles,distance,fitness,time
1.0,213.9300683271624,100.21393006832716,303.5734167098999
1.0,216.36823580587156,100.21636823580587,311.688791513443
1.0,213.9300683271624,100.21393006832716,306.46808910369873
1.0,213.9300683271624,100.21393006832716,304.9622540473938
