num_vehicles,distance,fitness,time
1.0,213.9300683271624,100.21393006832716,303.5734167098999
