num_vehicles,distance,fitness,time
1.0,479.8245866857603,100.47982458668577,238.42426991462708
