num_vehicles,distance,fitness
6,447.6452532027363,600.4476452532027
7,637.1428072685025,700.6371428072684
8,527.3597957962653,800.5273597957963
8,591.7737060246561,800.5917737060247
8,633.7596368675585,800.6337596368676
7,608.0203911193397,700.6080203911193
10,610.7041009202219,1000.6107041009202
8,658.4636980866642,800.6584636980866
7,635.1719214237306,700.6351719214238
8,695.1079515851034,800.6951079515851
9,721.371320737083,900.721371320737
10,658.5530837887137,1000.6585530837887
11,707.5873565623258,1100.7075873565623
9,703.8236346329184,900.703823634633
9,656.3128524089663,900.656312852409
9,622.7703564156379,900.6227703564157
8,684.6492910964721,800.6846492910964
11,707.9102392757505,1100.7079102392759
9,650.0534919313347,900.6500534919313
10,647.6959427851332,1000.6476959427852
