num_vehicles,distance,fitness
7,495.26436520284466,700.4952643652028
7,634.1296810023259,700.6341296810024
7,594.583382654228,700.5945833826543
7,543.9257084451104,700.5439257084452
7,590.5026412954824,700.5905026412955
7,593.9868842215682,700.5939868842215
7,659.2251626365334,700.6592251626365
8,710.205504701395,800.7102055047014
7,646.922711439672,700.6469227114396
8,670.4366552359479,800.6704366552359
8,804.9999054916577,800.8049999054916
7,683.9422730046011,700.6839422730046
8,645.045669105588,800.6450456691056
7,607.2006738892976,700.6072006738893
6,606.171849651214,600.6061718496512
8,676.4000381055713,800.6764000381056
9,750.6778355127848,900.7506778355128
8,666.0526001172605,800.6660526001173
7,642.416968282497,700.6424169682825
6,582.4085918441342,600.5824085918441
