num_vehicles,distance,fitness
7,512.2931205274929,700.5122931205275
7,568.5738822551342,700.5685738822551
7,611.5845313646366,700.6115845313647
6,591.4439519979219,600.5914439519979
7,586.704522814126,700.5867045228141
7,613.6457771278474,700.6136457771279
7,605.1497596097573,700.6051497596097
7,534.2179001603795,700.5342179001603
7,521.282119274662,700.5212821192747
7,566.5653200435928,700.5665653200435
8,752.7996905501218,800.7527996905501
7,675.1601485756003,700.6751601485756
7,621.5044290955448,700.6215044290956
7,723.880208913026,700.723880208913
7,635.6041197031569,700.6356041197032
8,720.3961405519134,800.7203961405519
8,690.9967305879891,800.690996730588
7,634.2227179925884,700.6342227179925
7,617.6191399361505,700.6176191399361
7,600.0727966397692,700.6000727966398
