num_vehicles,distance,fitness
7,664.5333586844342,700.6645333586845
7,603.7591748608623,700.6037591748609
7,587.8448163037807,700.5878448163038
7,594.5474488081006,700.5945474488082
8,680.4207488821403,800.6804207488822
7,567.8331163447,700.5678331163447
8,677.3907381937977,800.6773907381938
7,642.4922437065493,700.6424922437066
9,618.424615691026,900.618424615691
8,607.3992528464616,800.6073992528464
9,671.0950413503838,900.6710950413503
7,611.7024293787724,700.6117024293787
8,636.5230803097324,800.6365230803098
7,567.2867766991196,700.5672867766991
8,642.7883074961893,800.6427883074962
8,738.7240821460732,800.7387240821461
8,704.7504766842509,800.7047504766842
7,587.2428032316849,700.5872428032317
8,672.9743430802218,800.6729743430802
9,705.8108070439644,900.7058108070439
