num_vehicles,distance,fitness
7,636.8199997144283,700.6368199997145
7,649.3183817411674,700.6493183817412
7,630.942665664212,700.6309426656642
7,552.3958475722546,700.5523958475723
7,589.5296015295928,700.5895296015296
7,619.4984142494343,700.6194984142494
7,618.7078062228782,700.6187078062229
7,645.3101644090344,700.645310164409
7,713.2195650030006,700.713219565003
7,646.4053485831851,700.6464053485831
7,592.2821126583731,700.5922821126584
7,560.1274890102297,700.5601274890103
7,616.226972516052,700.6162269725161
7,624.5202522695672,700.6245202522696
7,656.8843866050581,700.656884386605
7,532.0922656047371,700.5320922656048
8,697.3245392342043,800.6973245392342
7,635.2966865538168,700.6352966865538
7,624.7117726588638,700.6247117726589
7,598.4952904086771,700.5984952904087
