num_vehicles,distance,fitness
5,457.2023704760672,500.45720237047607
5,431.58798683114446,500.4315879868311
6,497.6464534311981,600.4976464534312
6,524.6828859275404,600.5246828859275
6,474.5269922669929,600.474526992267
9,732.1995656716124,900.7321995656716
8,616.6844555138691,800.6166844555139
8,667.8634443613952,800.6678634443614
9,735.0095067927788,900.7350095067928
9,696.5597769970382,900.696559776997
8,719.4496730128022,800.7194496730128
12,829.4371557785801,1200.8294371557786
7,671.9439148617472,700.6719439148618
8,730.8306368784368,800.7308306368784
8,744.2688595163352,800.7442688595163
9,765.7991199718044,900.7657991199718
9,744.0721943799279,900.7440721943799
9,742.9605128338358,900.7429605128339
10,741.4676914014555,1000.7414676914015
10,775.4472166046929,1000.7754472166047
