num_vehicles,distance,fitness
5,512.8102709016586,500.51281027090164
6,510.70617709022036,600.5107061770902
5,565.301773481817,500.5653017734818
5,566.8779259654624,500.56687792596546
5,555.9007312020843,500.5559007312021
5,618.7793695923267,500.61877936959235
5,526.9000944993533,500.52690009449935
10,779.7027797471873,1000.7797027797471
6,738.3259246559542,600.738325924656
7,722.1302177741406,700.7221302177742
8,713.8957056559789,800.713895705656
7,782.3717223805222,700.7823717223805
8,748.393140384506,800.7483931403845
6,722.21996288178,600.7222199628818
6,737.25484580557,600.7372548458055
8,696.0830734349722,800.6960830734349
8,723.9637942229052,800.7239637942229
7,652.2157456426299,700.6522157456426
7,713.2447846148663,700.7132447846149
7,741.919449837756,700.7419194498377
