num_vehicles,distance,fitness
5,492.8496652239143,500.4928496652239
5,531.9211617628408,500.53192116176285
5,427.32861953523616,500.4273286195352
5,572.9987298116592,500.5729987298117
6,549.0710202948759,600.5490710202948
8,701.4020640288348,800.7014020640288
6,646.8836571797345,600.6468836571797
7,596.8479749373688,700.5968479749374
7,679.6302792219138,700.6796302792219
6,678.8141312645421,600.6788141312645
8,689.2454086747989,800.6892454086748
7,669.1840446391925,700.6691840446392
6,615.561443736363,600.6155614437364
7,672.9198349645324,700.6729198349645
6,543.4228839282755,600.5434228839283
7,707.3237054914732,700.7073237054915
7,648.0536396243054,700.6480536396243
7,626.6863654205018,700.6266863654205
7,626.712864607723,700.6267128646077
9,709.9392935376356,900.7099392935377
