num_vehicles,distance,fitness
5,466.50342106065915,500.4665034210607
5,462.9333697502869,500.46293336975026
6,537.5941571863052,600.5375941571863
6,479.5237316844522,600.4795237316845
5,469.65585803374626,500.4696558580337
6,481.5071544857381,600.4815071544857
6,451.7530813749237,600.4517530813749
5,440.5426517289621,500.44054265172895
7,647.4333127502491,700.6474333127502
7,655.4393648999508,700.6554393649
6,658.6615330266376,600.6586615330266
7,712.3824290268849,700.7123824290269
6,609.149955772935,600.609149955773
5,677.533422436697,500.6775334224367
7,645.4500077315511,700.6454500077316
6,639.2674016250941,600.6392674016251
6,568.1248800794073,600.5681248800794
5,631.464288845769,500.6314642888458
5,552.4315558367109,500.55243155583673
6,661.6548743391071,600.6616548743391
