num_vehicles,distance,fitness
8,800.9792222618502,800.8009792222618
11,869.1196379272553,1100.8691196379273
12,815.2431130294932,1200.8152431130295
13,883.6510651228857,1300.8836510651229
13,965.4790212233911,1300.9654790212235
10,774.7351913850499,1000.774735191385
14,906.9440922461321,1400.906944092246
16,1059.322191703044,1601.0593221917031
16,1085.842535130822,1601.0858425351307
13,947.0089872428241,1300.9470089872427
14,934.0464598034688,1400.9340464598035
15,1010.9230166703976,1501.0109230166704
16,1015.2655390162695,1601.0152655390164
13,1003.9283157758986,1301.003928315776
15,1050.7812812159643,1501.050781281216
15,1027.8786218053417,1501.0278786218053
15,1005.6815861211539,1501.0056815861212
16,967.9806513311075,1600.9679806513311
15,980.2068525581357,1500.9802068525582
13,955.3905035622198,1300.9553905035623
