num_vehicles,distance,fitness
7,743.2970155147732,700.7432970155148
7,767.4551377598569,700.7674551377598
8,902.2189226554386,800.9022189226555
8,911.8270911965434,800.9118270911965
8,860.2853289145868,800.8602853289146
10,934.2204713340678,1000.934220471334
11,955.3405125775944,1100.9553405125775
9,909.2257343125532,900.9092257343126
10,926.9409059214655,1000.9269409059215
11,1069.6440679355453,1101.0696440679355
10,919.5937505376979,1000.9195937505377
10,947.7560866028393,1000.9477560866028
11,976.2954526671158,1100.976295452667
9,928.8672518273263,900.9288672518273
10,1006.4270932690503,1001.006427093269
10,892.5763667869137,1000.8925763667869
10,886.7704374151074,1000.8867704374151
9,944.3300002009889,900.944330000201
10,990.984392242669,1000.9909843922427
9,975.4305001858515,900.9754305001859
