num_vehicles,distance,fitness
7,847.9959707224298,700.8479959707224
7,845.0220366967146,700.8450220366967
6,816.4905109063066,600.8164905109063
7,923.8269110450864,700.9238269110451
7,775.7726186164837,700.7757726186164
6,800.6773468969288,600.8006773468969
8,921.270171004466,800.9212701710045
9,882.2786435759069,900.8822786435759
7,868.714294969367,700.8687142949693
9,1017.549803690975,901.0175498036909
9,962.5603624698826,900.9625603624698
9,919.7772876797759,900.9197772876797
7,844.7798136576563,700.8447798136576
9,984.2325792729554,900.984232579273
10,1011.32608808654,1001.0113260880865
8,897.7871188816645,800.8977871188816
9,892.2350473441879,900.8922350473442
8,983.4129923006604,800.9834129923007
9,945.0315949132373,900.9450315949132
8,917.6179128111781,800.9176179128111
