num_vehicles,distance,fitness
6,738.2850068179622,600.7382850068179
7,737.7463617100099,700.73774636171
8,776.378475970029,800.77637847597
8,844.8562015441236,800.8448562015441
7,727.1660772213348,700.7271660772213
8,858.7777956941669,800.8587777956942
7,715.108545500396,700.7151085455004
7,761.6884217163821,700.7616884217164
8,777.6044823566785,800.7776044823567
8,871.7269162628049,800.8717269162628
12,1009.5871437389641,1201.009587143739
9,929.977943888991,900.929977943889
11,1010.9406379203876,1101.0109406379204
12,986.7480382391877,1200.9867480382393
8,783.8965807849515,800.7838965807849
12,1016.5718648587449,1201.0165718648586
11,999.8200099418789,1100.999820009942
9,889.9010598440204,900.889901059844
10,988.4060180907584,1000.9884060180908
9,842.0898073877756,900.8420898073878
