num_vehicles,distance,fitness
7,875.9048735512156,700.8759048735512
6,901.8676063416219,600.9018676063416
6,819.1971307718646,600.8191971307718
6,851.3728984606184,600.8513728984606
6,863.0718265153672,600.8630718265154
6,794.570907184196,600.7945709071842
8,937.5888596187037,800.9375888596187
8,940.7578693530807,800.9407578693531
7,934.9702107051728,700.9349702107052
7,883.5515735106006,700.8835515735105
9,992.9605026622737,900.9929605026623
7,864.1131354010677,700.8641131354011
7,936.7050747475846,700.9367050747476
8,961.7015175767484,800.9617015175768
7,1016.8099608602646,701.0168099608603
9,961.2336099072523,900.9612336099073
9,1011.1540570286444,901.0111540570286
8,916.5928927270054,800.916592892727
8,884.4043967096917,800.8844043967097
9,1004.093874355908,901.0040938743559
