num_vehicles,distance,fitness
6,849.5290070488132,600.8495290070488
9,708.6588310670301,900.708658831067
8,835.1599354088057,800.8351599354088
7,870.6001248183519,700.8706001248183
8,807.8203854760775,800.8078203854761
8,725.9997287948444,800.7259997287948
8,914.6480906790139,800.9146480906791
8,772.8144628720305,800.772814462872
9,927.1670426566277,900.9271670426566
11,1014.1116566721616,1101.0141116566722
9,777.5100404305538,900.7775100404306
9,910.4975884664954,900.9104975884665
10,910.4845715524925,1000.9104845715525
11,1031.9495050815153,1101.0319495050815
8,886.5204628004849,800.8865204628005
10,857.6502257866345,1000.8576502257866
10,912.120669064774,1000.9121206690647
10,1080.5889678306987,1001.0805889678307
9,915.3226410448916,900.9153226410449
9,919.4503781847563,900.9194503781847
