num_vehicles,distance,fitness
7,842.8913236348984,700.842891323635
6,733.590203686915,600.733590203687
7,846.6704255086969,700.8466704255087
7,870.6149568976643,700.8706149568976
7,756.3733720650555,700.756373372065
6,790.927821028096,600.790927821028
6,737.7051857703018,600.7377051857703
7,814.1489430905048,700.8141489430905
9,889.2165883803207,900.8892165883804
8,798.4390888134138,800.7984390888134
8,907.7610199367925,800.9077610199367
9,890.0857775393677,900.8900857775394
10,948.7679258263261,1000.9487679258264
9,947.6664937810265,900.9476664937811
9,889.4322622712332,900.8894322622713
10,1078.0608831480238,1001.078060883148
8,977.3304352734978,800.9773304352735
9,938.1922010870469,900.9381922010871
7,853.4630046248917,700.8534630046249
8,904.2464787272673,800.9042464787273
