num_vehicles,distance,fitness
4,887.2260787198006,400.8872260787198
5,887.3421029039641,500.887342102904
4,837.050321925875,400.83705032192586
5,942.9349219414221,500.9429349219414
4,890.1933795088057,400.8901933795088
5,861.9769740286173,500.8619769740286
5,930.4740783778409,500.9304740783778
5,946.0545476170278,500.94605454761705
5,911.6395826724228,500.9116395826724
5,946.745336173497,500.9467453361735
5,881.8431798644242,500.8818431798644
5,808.5574588745751,500.8085574588746
6,805.3567949361989,600.8053567949362
5,1026.2891136834871,501.0262891136835
5,858.175198088974,500.858175198089
5,809.7327491583832,500.8097327491584
5,839.5001520383806,500.8395001520384
5,929.7740587757062,500.9297740587757
5,942.5791265238138,500.9425791265238
5,991.2622431466576,500.99126224314665
