num_vehicles,distance,fitness
4,934.6666440653541,400.9346666440654
4,925.4372661723928,400.92543726617237
4,881.3238029408978,400.88132380294087
4,1020.2847749757755,401.0202847749758
4,945.3743926902714,400.94537439269027
4,864.5063478225904,400.8645063478226
4,923.6103984516717,400.9236103984517
6,854.6692250442267,600.8546692250442
5,998.927433033242,500.99892743303326
5,835.879332940323,500.83587933294035
5,973.0820854310559,500.97308208543103
5,967.6966420150246,500.967696642015
5,916.8941167378659,500.91689411673786
5,979.6143161853798,500.9796143161854
5,882.7655057379998,500.882765505738
5,968.1411912703406,500.9681411912703
5,982.9402758362045,500.9829402758362
5,921.993914157011,500.921993914157
5,893.8326226859602,500.893832622686
6,1017.3198724838546,601.0173198724839
