num_vehicles,distance,fitness
4,990.4776981132496,400.99047769811324
4,1037.623352848466,401.03762335284847
4,990.4437239838302,400.99044372398384
4,986.9183107140982,400.9869183107141
4,1046.50149556434,401.0465014955643
4,907.9365465358412,400.90793654653584
4,957.0644585033367,400.95706445850334
4,957.5443645692139,400.95754436456923
4,898.2855641003613,400.8982855641004
4,985.2548281825968,400.9852548281826
4,843.5315327429232,400.84353153274293
5,941.3924566048759,500.9413924566049
5,946.5076859899948,500.94650768599
4,933.933214480023,400.93393321448
5,982.1162263268295,500.9821162263268
5,898.1237972405653,500.89812379724054
4,967.3058271909224,400.9673058271909
5,1135.8469252878726,501.13584692528786
4,988.1611050410943,400.9881611050411
5,920.7542372704382,500.92075423727044
