num_vehicles,distance,fitness
4,954.4951724086313,400.95449517240866
4,872.4814308144821,400.8724814308145
4,892.4242494742973,400.8924242494743
4,869.1402379899689,400.86914023799
4,944.8139229719627,400.94481392297195
4,908.7591342671651,400.90875913426714
4,841.6821553288314,400.84168215532884
5,906.0221260667809,500.9060221260668
5,926.8807667883777,500.9268807667884
5,857.2629476041687,500.85726294760417
5,988.1435833180832,500.9881435833181
4,931.9126798172765,400.9319126798173
5,888.1700357082965,500.8881700357083
5,1026.3270684299769,501.02632706842996
5,873.0092615368798,500.8730092615369
5,944.447060443426,500.94444706044345
4,825.7530733559852,400.825753073356
4,888.2888419246796,400.8882888419247
5,829.1656365483016,500.8291656365483
5,1003.2112395879492,501.0032112395879
