num_vehicles,distance,fitness
4,918.9340678700514,400.91893406787005
4,875.2241240716734,400.8752241240717
6,941.2905516404744,600.9412905516405
5,895.0209290684866,500.8950209290685
4,862.8006145276504,400.86280061452766
4,894.3119331830569,400.8943119331831
4,880.333038367649,400.88033303836767
5,988.7855106141915,500.9887855106142
5,920.7250387302755,500.92072503873027
6,1008.988686135054,601.008988686135
5,921.8338000715514,500.92183380007157
5,927.6887826835343,500.92768878268356
4,937.9353683363415,400.93793536833635
5,952.5195829934237,500.95251958299343
5,920.7398629154386,500.9207398629154
4,905.6344280494297,400.90563442804944
4,873.4706972757367,400.87347069727576
6,1012.5404392218087,601.0125404392218
5,957.214185169829,500.95721418516985
4,829.9337997714977,400.8299337997715
