num_vehicles,distance,fitness
4,877.1580260263885,400.8771580260264
4,877.01160983716,400.87701160983715
4,850.2232363695796,400.8502232363696
4,917.2658304079083,400.9172658304079
4,874.290152337604,400.8742901523376
4,916.863284631274,400.9168632846313
4,901.1537377668581,400.90115373776683
4,902.6919492456292,400.90269194924565
4,896.2873206295351,400.89628732062954
4,947.6140786802756,400.94761407868026
4,858.4102197174162,400.8584102197174
4,925.665417433159,400.92566541743315
4,792.5592472352283,400.7925592472352
4,983.9751652262966,400.9839751652263
4,923.4622837655246,400.9234622837655
4,1005.9025270695718,401.00590252706957
4,907.9910778776344,400.9079910778776
5,875.590267002824,500.87559026700285
4,971.0701716414417,400.97107017164143
4,985.3521841257775,400.98535218412576
