num_vehicles,distance,fitness
8,759.1670203183024,800.7591670203183
8,975.7199381406748,800.9757199381406
7,701.0168702091869,700.7010168702092
9,1044.4051908221422,901.0444051908221
8,819.8342444443607,800.8198342444443
9,980.5853488885307,900.9805853488886
9,929.9586032165749,900.9299586032166
9,823.5525784146364,900.8235525784146
8,761.9118326949648,800.761911832695
11,1198.9042988832202,1101.1989042988832
12,1184.4427819455912,1201.1844427819456
11,1220.881789374675,1101.2208817893747
9,1075.4208564230375,901.0754208564231
10,1017.0355814059455,1001.0170355814059
10,960.9551120585356,1000.9609551120585
8,1047.1240637789608,801.0471240637789
11,1101.3212629427105,1101.1013212629427
11,961.5612212082547,1100.9615612212083
9,957.1880377644437,900.9571880377645
10,1137.0164861465196,1001.1370164861465
