num_vehicles,distance,fitness
8,894.5607712993112,800.8945607712993
9,795.647767868609,900.7956477678686
9,959.0417760090171,900.959041776009
8,743.4413565118779,800.7434413565119
9,911.3901898337018,900.9113901898337
11,958.7233414021914,1100.9587233414022
10,915.8118118903084,1000.9158118118903
8,760.5255037678573,800.7605255037679
9,1079.7199648837359,901.0797199648837
12,1145.4510493410094,1201.145451049341
9,908.0412840239015,900.9080412840239
13,1187.265156272628,1301.1872651562726
10,1168.6004620562062,1001.1686004620562
10,1005.5434587525006,1001.0055434587525
10,951.3110466439376,1000.9513110466439
9,1113.5075453203597,901.1135075453203
10,1061.105062969125,1001.0611050629691
10,951.8069295102403,1000.9518069295102
10,965.2771752029832,1000.965277175203
12,1139.1249599172086,1201.1391249599171
