num_vehicles,distance,fitness
8,962.0780328369437,800.962078032837
8,748.2890011469365,800.748289001147
7,819.7106338133487,700.8197106338133
8,884.2988152389426,800.8842988152389
8,810.2012720778116,800.8102012720778
8,872.5226718885756,800.8725226718885
8,974.9981173564975,800.9749981173564
8,894.5353538596678,800.8945353538596
7,763.6032063224759,700.7636032063225
8,755.801369583096,800.7558013695831
10,1286.4181772764982,1001.2864181772765
10,1103.056629695612,1001.1030566296956
9,1061.082169416338,901.0610821694163
9,1043.8769046856457,901.0438769046856
9,923.1616293463079,900.9231616293463
9,1076.2931927570971,901.0762931927571
9,972.1056534912398,900.9721056534912
10,1133.1367786886829,1001.1331367786887
9,943.9922632827943,900.9439922632828
9,929.5259537891644,900.9295259537892
