num_vehicles,distance,fitness
7,791.5872570391791,700.7915872570392
7,732.888735095608,700.7328887350956
7,817.715035206137,700.8177150352061
7,799.0712829539287,700.799071282954
8,1022.6253937164043,801.0226253937165
8,891.4878456544318,800.8914878456544
9,1305.4625086617345,901.3054625086618
8,1103.3974289592368,801.1033974289593
8,915.4929484426546,800.9154929484426
8,1145.0580861805875,801.1450580861806
11,1395.749504190685,1101.3957495041907
9,1187.8792030030575,901.187879203003
9,1105.5762316076416,901.1055762316076
9,1088.7780053417907,901.0887780053417
9,1163.5987189813325,901.1635987189813
9,1239.8969144028163,901.2398969144028
9,1116.5800442179343,901.1165800442179
8,969.5140757462474,800.9695140757462
9,969.1210343150703,900.9691210343151
9,1154.7912802658614,901.1547912802658
