num_vehicles,distance,fitness
8,1070.571296979287,801.0705712969793
7,958.5956959081847,700.9585956959082
7,827.6062965671562,700.8276062965672
7,899.4177431730801,700.8994177431731
7,1054.182029679402,701.0541820296794
7,858.5887399093499,700.8585887399094
7,848.3921745644027,700.8483921745644
7,952.6790478367652,700.9526790478368
8,1214.8923174813738,801.2148923174814
9,1138.461954547776,901.1384619545478
8,1045.5105987684406,801.0455105987685
9,1173.0624566250287,901.1730624566251
8,1050.3605101837563,801.0503605101837
10,1183.9683830694862,1001.1839683830694
8,1158.0974037635542,801.1580974037636
9,1139.3008913133822,901.1393008913134
9,1219.712067647183,901.2197120676472
8,1167.5687339467765,801.1675687339467
8,936.6276933985873,800.9366276933986
7,997.1544193261382,700.9971544193262
