num_vehicles,distance,fitness
7,979.4404534601562,700.9794404534601
7,1049.4406469920327,701.049440646992
7,957.1230651949202,700.9571230651949
7,972.626830675313,700.9726268306753
6,910.5837232528693,600.9105837232529
7,1029.3681993302553,701.0293681993303
7,977.5953317899533,700.97759533179
8,1130.6691971312412,801.1306691971313
8,1075.8496675766824,801.0758496675767
8,1032.5262972314972,801.0325262972315
8,1051.1305522226373,801.0511305522226
8,1148.8165627062342,801.1488165627062
8,1003.8255827520875,801.0038255827521
8,1073.7476108397514,801.0737476108397
8,1157.0309091359854,801.157030909136
8,1124.6894571302412,801.1246894571302
7,989.7154360618388,700.9897154360618
8,1175.3664907089635,801.1753664907089
8,1118.5751397331892,801.1185751397331
8,1109.242348162029,801.1092423481621
