num_vehicles,distance,fitness
7,792.558481332472,700.7925584813324
7,854.939955434698,700.8549399554347
8,1007.9815289449734,801.0079815289449
7,900.7180209649002,700.9007180209649
7,858.4641742061749,700.8584641742061
9,1240.0286644245184,901.2400286644245
9,1041.321038537418,901.0413210385374
9,1041.265365057627,901.0412653650576
8,870.7104463056946,800.8707104463057
9,1011.8833655470537,901.0118833655471
9,1021.3329700284463,901.0213329700284
10,1119.9697158629153,1001.1199697158629
9,1123.438877795655,901.1234388777957
10,1128.2581913853073,1001.1282581913853
8,1124.26983666968,801.1242698366697
10,1145.66153297641,1001.1456615329764
8,989.7868734313694,800.9897868734314
8,1051.1099078601237,801.0511099078601
10,1043.217030563492,1001.0432170305635
10,1115.6661966496895,1001.1156661966497
