num_vehicles,distance,fitness
4,1067.7019895573885,401.0677019895574
5,1033.1939704974727,501.03319397049745
5,1087.5600003843015,501.0875600003843
5,998.4329838007121,500.99843298380074
5,972.305639136665,500.97230563913666
4,1100.3556873700854,401.1003556873701
5,1228.366260149584,501.2283662601496
5,1187.419960939618,501.1874199609396
5,1108.9523299345287,501.10895232993454
5,1189.7190042469708,501.18971900424697
5,1153.2555798301034,501.1532555798301
5,1275.646510110994,501.275646510111
5,1156.0811806203944,501.1560811806204
5,1263.820207071718,501.2638202070717
5,1272.1351863975592,501.2721351863976
5,1155.6681006789358,501.15566810067895
5,1192.3112743396036,501.1923112743396
5,1349.2667871288895,501.3492667871289
5,1224.8985867763117,501.2248985867763
5,1250.546597292841,501.25054659729284
