num_vehicles,distance,fitness
5,1206.7227033268164,501.2067227033268
6,1041.4520903694863,601.0414520903695
6,1141.3089677786359,601.1413089677786
5,1155.7322045626208,501.15573220456264
5,1028.3017456271823,501.0283017456272
6,997.212269861263,600.9972122698613
8,1303.0795650355074,801.3030795650355
8,1273.3922040340287,801.273392204034
7,1022.8065259450441,701.022806525945
8,1322.8275259429413,801.3228275259429
7,1068.394860276304,701.0683948602763
5,1272.4007829764048,501.27240078297643
8,1126.9958807956216,801.1269958807957
8,1186.213372003252,801.1862133720033
8,1217.139859669493,801.2171398596695
7,1238.1949736873232,701.2381949736873
8,1237.2619381466557,801.2372619381466
7,1066.8117118355606,701.0668117118356
6,1189.0593439812035,601.1890593439812
6,1340.596167492936,601.3405961674929
