num_vehicles,distance,fitness
5,1088.2573579320474,501.08825735793204
5,970.2681554501937,500.9702681554502
5,1007.4334282361191,501.00743342823614
5,1115.506434074513,501.1155064340745
5,1045.889511722733,501.04588951172275
5,1061.8355070713146,501.0618355070713
4,1206.9080499756083,401.2069080499756
4,1177.6919918599922,401.17769199186
4,1053.8093804078785,401.05380938040787
4,1025.760652014262,401.02576065201424
5,1094.8271051338043,501.0948271051338
5,1161.1949278535346,501.16119492785356
6,1008.9854772066011,601.0089854772066
5,1213.6125454885885,501.2136125454886
5,1139.7722091685482,501.13977220916854
5,1028.9665109903685,501.02896651099036
5,1037.0661715680324,501.03706617156803
5,1046.3845128898943,501.0463845128899
5,1008.3260354121784,501.00832603541215
6,1086.7248745853233,601.0867248745853
