num_vehicles,distance,fitness
5,1156.9680017061987,501.1569680017062
5,846.4366979675285,500.84643669796753
6,1180.5501098532282,601.1805501098532
6,1336.5547020561676,601.3365547020562
5,1317.9630867551314,501.3179630867551
5,1109.0332797468325,501.1090332797468
6,1124.1823077367485,601.1241823077368
5,1119.9938133326632,501.11999381333266
5,1170.362186195005,501.170362186195
5,1087.5123735333912,501.0875123735334
6,975.2945329452996,600.9752945329453
5,1139.3428648045287,501.1393428648045
6,1218.757848295388,601.2187578482954
5,1175.2184848261652,501.1752184848262
5,953.158024393399,500.9531580243934
5,1021.0954295352466,501.02109542953525
5,1024.8643224882878,501.02486432248827
5,1128.9323897504196,501.12893238975045
4,1071.3794608060653,401.07137946080604
5,1220.6964910838688,501.22069649108386
