num_vehicles,distance,fitness
7,537.3913739362137,700.5373913739362
8,630.2226482619922,800.630222648262
9,724.9618148895048,900.7249618148895
10,688.4702064950657,1000.688470206495
8,672.6055424862003,800.6726055424862
10,655.2040453009391,1000.6552040453009
9,703.1631967805978,900.7031631967806
10,699.5134925927167,1000.6995134925927
11,747.193032201295,1100.7471930322013
9,698.7833636165558,900.6987833636166
10,654.6629735289761,1000.654662973529
9,672.4008434130367,900.672400843413
11,688.6815509981599,1100.6886815509981
9,656.5202560783032,900.6565202560784
11,747.053821074646,1100.7470538210746
10,668.7693503190179,1000.668769350319
10,688.3338309244131,1000.6883338309244
11,818.2696984868429,1100.8182696984868
13,752.860523719447,1300.7528605237194
11,699.048028640327,1100.6990480286404
