num_vehicles,distance,fitness
7,495.26436520284466,700.4952643652028
7,631.0035838226414,700.6310035838227
6,582.9642893260091,600.582964289326
6,603.3479572212559,600.6033479572212
6,603.8869250412154,600.6038869250413
7,579.0766532598668,700.5790766532599
7,615.5017792837782,700.6155017792838
7,687.3144209268323,700.6873144209268
7,698.1781977953062,700.6981781977953
9,750.2684464493839,900.7502684464494
7,568.0396632257583,700.5680396632257
8,720.999618085699,800.7209996180857
7,694.9458165447063,700.6949458165448
8,769.7836904856862,800.7697836904857
7,646.1176185910921,700.6461176185911
7,612.1110333713506,700.6121110333713
8,732.7617075601053,800.7327617075601
6,591.5198871680245,600.591519887168
7,647.3849199577347,700.6473849199577
8,691.1056910658303,800.6911056910658
