num_vehicles,distance,fitness
7,512.2931205274929,700.5122931205275
7,513.750039682923,700.5137500396829
6,544.1428341131499,600.5441428341131
7,579.7094682088766,700.5797094682089
7,547.6579634350281,700.547657963435
7,602.6555056439896,700.602655505644
7,697.5149775807585,700.6975149775808
7,567.4652823635789,700.5674652823636
9,693.7801732705042,900.6937801732705
7,620.1927288361143,700.6201927288361
8,679.2030647677808,800.6792030647678
7,544.0141818731183,700.5440141818731
7,615.1940100365169,700.6151940100365
8,656.7766312899371,800.65677663129
7,642.8290546293166,700.6428290546293
7,668.9558164984269,700.6689558164984
7,621.3837796046985,700.6213837796047
7,602.3615387067166,700.6023615387068
7,634.14388776542,700.6341438877654
6,584.009530226747,600.5840095302267
