num_vehicles,distance,fitness
7,658.8124637298049,700.6588124637298
7,563.1719731121659,700.5631719731122
7,618.0705735474821,700.6180705735475
8,668.8359025903735,800.6688359025903
9,635.6857641768761,900.6356857641769
8,559.2366674306384,800.5592366674306
8,646.6801371638102,800.6466801371638
7,590.6916686380733,700.5906916686381
8,510.7115905426262,800.5107115905427
10,726.3085935252808,1000.7263085935252
10,704.1124792898025,1000.7041124792898
9,695.4796016788813,900.6954796016789
9,614.6469400794662,900.6146469400794
8,633.5820943164284,800.6335820943165
9,676.6676662639006,900.6766676662639
11,720.2044415533088,1100.7202044415533
10,647.1452481331678,1000.6471452481331
10,775.6294704318377,1000.7756294704318
9,633.6882976400291,900.63368829764
8,692.3034352244256,800.6923034352244
