num_vehicles,distance,fitness
8,516.3387731186642,800.5163387731187
9,595.1592264149449,900.5951592264149
9,657.2357413851884,900.6572357413852
7,588.654485249011,700.588654485249
9,534.6912869570042,900.534691286957
9,661.1136116304428,900.6611136116304
11,823.2474993701294,1100.8232474993702
10,673.7497286151975,1000.6737497286152
10,629.2285359927687,1000.6292285359928
11,678.4017782218009,1100.6784017782218
12,701.0858666189046,1200.701085866619
11,722.7140734098075,1100.7227140734099
13,765.1624454170894,1300.765162445417
10,702.0138683056433,1000.7020138683057
10,708.0509173329054,1000.7080509173329
10,695.5965947856095,1000.6955965947856
12,701.8912623995385,1200.7018912623996
11,668.7730125652985,1100.6687730125652
10,679.9799175900667,1000.6799799175901
9,643.4150230264986,900.6434150230265
