num_vehicles,distance,fitness
7,599.946623310844,700.5999466233109
7,660.5413072303588,700.6605413072303
8,640.0757134216557,800.6400757134217
8,689.9486244650154,800.689948624465
7,713.1317690228778,700.7131317690229
8,642.9903285858215,800.6429903285858
9,708.0882689468766,900.7080882689469
9,719.5393127362288,900.7195393127362
9,728.3118363320962,900.7283118363321
10,758.4627114530871,1000.758462711453
7,593.93596027976,700.5939359602797
10,707.1790614741092,1000.7071790614741
8,661.1293088852447,800.6611293088853
9,728.2338847679234,900.728233884768
8,709.2543935198394,800.7092543935198
9,767.998270084017,900.767998270084
9,738.5701944733114,900.7385701944734
9,656.9977344486929,900.6569977344487
9,678.3617872626997,900.6783617872627
8,721.6517930421726,800.7216517930422
