num_vehicles,distance,fitness
5,457.2023704760672,500.45720237047607
6,465.0174471794102,600.4650174471794
6,559.4486619755446,600.5594486619756
6,547.9923667637647,600.5479923667638
5,483.5248746623506,500.48352487466235
6,544.4722456609225,600.5444722456609
7,723.248553926941,700.723248553927
9,691.6197697347183,900.6916197697348
11,738.6777383957705,1100.7386777383958
9,700.3466989603861,900.7003466989604
9,785.9676907081175,900.7859676907082
8,700.6987060649493,800.7006987060649
9,685.2433039581127,900.6852433039581
10,744.1060668727673,1000.7441060668727
8,722.6504730523474,800.7226504730523
7,656.0978473774023,700.6560978473774
9,730.9328561802066,900.7309328561802
10,745.119119634233,1000.7451191196342
8,695.7651441104733,800.6957651441105
8,736.9221113828058,800.7369221113828
