num_vehicles,distance,fitness
5,512.8102709016586,500.51281027090164
5,600.8030825535891,500.60080308255357
5,565.0177115476619,500.5650177115477
8,731.3483966605864,800.7313483966606
6,608.5263880900071,600.60852638809
8,688.959674745882,800.6889596747459
7,707.515716216414,700.7075157162164
6,709.3928291971836,600.7093928291972
8,715.2711983604805,800.7152711983605
7,779.0734331664987,700.7790734331664
8,611.5336654124344,800.6115336654125
9,820.3958191094397,900.8203958191094
8,764.5937272786873,800.7645937272787
7,653.247904604474,700.6532479046044
7,659.4301685226711,700.6594301685227
8,784.7296136688117,800.7847296136688
8,682.2748141376613,800.6822748141377
7,682.5362831586889,700.6825362831587
7,790.3340064143518,700.7903340064144
8,681.7167927341383,800.6817167927342
