num_vehicles,distance,fitness
5,555.9485643976219,500.5559485643976
5,649.197375752101,500.6491973757521
5,585.0560975767448,500.58505609757674
5,516.1455370040346,500.51614553700404
7,793.8570065107283,700.7938570065107
5,699.1108322120157,500.699110832212
5,705.5740732807352,500.70557407328073
6,797.5959287088182,600.7975959287088
6,790.0589395207182,600.7900589395207
7,739.6863052355823,700.7396863052356
6,760.0697441936961,600.7600697441937
6,706.3289603344655,600.7063289603344
6,741.5047420142263,600.7415047420142
8,763.1000760651852,800.7631000760651
6,783.5105051076672,600.7835105051076
6,736.672978705238,600.7366729787052
8,807.64133208309,800.8076413320831
6,849.1363135136037,600.8491363135136
6,709.9312253160949,600.709931225316
6,743.4779710643436,600.7434779710643
