num_vehicles,distance,fitness
5,534.3361221591722,500.5343361221592
5,591.3732997884938,500.5913732997885
5,624.4920304567478,500.62449203045674
5,588.5525763464767,500.5885525763465
5,573.7675019164923,500.5737675019165
5,603.9383671341836,500.60393836713416
5,616.9637828879652,500.616963782888
5,776.5253942135485,500.77652539421354
6,855.5797608095439,600.8555797608095
5,703.6615283921649,500.70366152839216
5,658.1168692346462,500.6581168692346
5,711.3966697417146,500.7113966697417
5,664.7923805413245,500.6647923805413
7,829.6183774409886,700.829618377441
5,659.1949342985599,500.65919493429857
6,679.003955975176,600.6790039559752
6,784.7654355853016,600.7847654355853
6,784.3860249088082,600.7843860249088
6,868.6630424088146,600.8686630424088
5,628.758091676829,500.62875809167684
