num_vehicles,distance,fitness
5,492.8496652239143,500.4928496652239
6,511.56008871309757,600.511560088713
7,549.7839901813308,700.5497839901814
5,532.5658683835848,500.5325658683836
5,602.3580393014942,500.6023580393015
5,510.83292398896185,500.51083292398897
6,538.4499385997361,600.5384499385997
6,498.0899406145254,600.4980899406145
6,520.7193023052907,600.5207193023053
6,579.7993543420869,600.5797993543421
6,660.0722615698685,600.6600722615699
8,577.3243405164241,800.5773243405164
6,583.9315800725212,600.5839315800725
7,534.5759789326988,700.5345759789327
7,556.2392249808886,700.5562392249809
7,660.9460196183577,700.6609460196183
8,677.4868682702789,800.6774868682703
8,615.5687205207823,800.6155687205207
6,613.8090895078246,600.6138090895079
7,569.5167268390503,700.5695167268391
