num_vehicles,distance,fitness
5,492.8496652239143,500.4928496652239
6,447.45285487391607,600.447452854874
5,546.5946299927883,500.5465946299928
5,519.6101908718307,500.51961019087184
6,619.7792817986067,600.6197792817986
5,521.4478436767895,500.5214478436768
7,669.3932144984692,700.6693932144984
6,676.9512485252949,600.6769512485253
5,568.6966646505044,500.56869666465053
5,659.5322468352994,500.6595322468353
5,587.2790752856505,500.58727907528566
6,570.5773373956753,600.5705773373957
6,656.184973274031,600.656184973274
6,579.8856510843655,600.5798856510844
5,690.5765219256161,500.6905765219256
6,683.8617692381478,600.6838617692381
6,594.3027458472784,600.5943027458472
6,582.6783809118629,600.5826783809118
6,618.4057208606855,600.6184057208607
6,526.6982419168241,600.5266982419168
