num_vehicles,distance,fitness
8,800.9792222618502,800.8009792222618
13,818.4770187829193,1300.818477018783
12,861.9931783458968,1200.861993178346
12,842.883932648961,1200.8428839326489
16,944.9744477762712,1600.9449744477763
11,828.8665527184182,1100.8288665527184
14,1079.3937672443687,1401.0793937672443
13,967.0341736353979,1300.9670341736355
14,955.7504592449818,1400.9557504592449
13,893.3010598201034,1300.89330105982
15,1130.7342261164154,1501.1307342261164
16,1018.566039853859,1601.0185660398538
14,1045.1092273617758,1401.0451092273618
13,1005.3961106848487,1301.0053961106848
14,1034.85422732087,1401.034854227321
15,1003.6434570839673,1501.0036434570839
12,947.7879713660916,1200.947787971366
14,998.3724373624186,1400.9983724373624
15,1023.0448486434813,1501.0230448486434
13,937.3535066295163,1300.9373535066295
