num_vehicles,distance,fitness
8,801.6266998825827,800.8016266998826
11,909.6167711521284,1100.909616771152
8,806.2187583366252,800.8062187583366
9,818.4218896607473,900.8184218896607
11,886.3495088072054,1100.8863495088071
10,808.1947237698998,1000.8081947237699
10,943.3182762823817,1000.9433182762824
9,844.3234375309593,900.844323437531
12,984.0191379025653,1200.9840191379026
14,1039.4647107959313,1401.039464710796
11,1030.91167814725,1101.0309116781473
12,1011.319004652431,1201.0113190046525
9,882.1526711566323,900.8821526711566
11,927.0885432920799,1100.927088543292
10,850.3687381904725,1000.8503687381905
13,974.0660910738891,1300.9740660910738
10,952.9268112617298,1000.9529268112617
13,930.2278656429264,1300.930227865643
10,946.0566717058855,1000.9460566717058
12,1003.6268432721478,1201.003626843272
