num_vehicles,distance,fitness
7,743.2970155147732,700.7432970155148
6,736.8741023742801,600.7368741023743
6,823.130859673479,600.8231308596735
7,713.5184364278324,700.7135184364279
7,782.1175407059916,700.7821175407059
7,806.3078843216339,700.8063078843217
7,739.4773386690697,700.7394773386691
9,1022.5822599543344,901.0225822599543
10,971.2312789725435,1000.9712312789726
9,937.6969690440993,900.937696969044
10,964.6578179021282,1000.9646578179021
11,998.8788934416228,1100.9988788934415
11,981.1531724604381,1100.9811531724604
9,890.1532302391356,900.8901532302391
10,953.2373266857732,1000.9532373266858
10,966.0507935392288,1000.9660507935392
9,912.3773001016627,900.9123773001016
8,913.8362490171861,800.9138362490172
11,990.7938115637377,1100.9907938115637
9,871.3775952322994,900.8713775952323
