num_vehicles,distance,fitness
7,864.4833286468569,700.8644833286469
12,924.7598905180585,1200.924759890518
9,775.6109032213542,900.7756109032214
7,706.0654794207037,700.7060654794207
11,824.4369368013829,1100.8244369368015
12,921.7407604299722,1200.9217407604299
12,971.4787980120674,1200.971478798012
12,961.6419437691732,1200.961641943769
12,976.4524598768588,1200.9764524598768
13,912.1933347505045,1300.9121933347506
12,946.5924155997363,1200.9465924155998
14,966.136109589771,1400.9661361095898
12,956.6522705247859,1200.9566522705247
12,896.9648377709246,1200.8969648377708
13,948.2110657763417,1300.9482110657764
11,898.1833986810395,1100.898183398681
13,970.5244832472976,1300.9705244832473
12,889.5931465664332,1200.8895931465665
12,945.3116407546192,1200.9453116407547
12,980.1336805837361,1200.9801336805838
