num_vehicles,distance,fitness
6,738.2850068179622,600.7382850068179
6,722.2367658797762,600.7222367658798
7,742.9198045875925,700.7429198045876
7,759.397444327074,700.7593974443271
6,724.6568888183585,600.7246568888183
8,788.2139867423241,800.7882139867423
9,818.8152076849836,900.818815207685
9,780.9343101357102,900.7809343101358
10,928.1853637738752,1000.9281853637739
10,1045.7727302279495,1001.0457727302279
10,919.4253224518344,1000.9194253224518
9,1029.298022826643,901.0292980228267
11,965.0374112278344,1100.9650374112277
10,907.3787900227728,1000.9073787900228
12,1029.839587741285,1201.0298395877412
9,873.3413687385198,900.8733413687385
10,930.1609617301947,1000.9301609617302
10,1014.3362769770604,1001.014336276977
11,975.4159700259208,1100.975415970026
9,932.3638984060518,900.932363898406
