num_vehicles,distance,fitness
6,762.3946846662257,600.7623946846662
6,807.8475089344169,600.8078475089344
7,813.6404531140154,700.813640453114
8,857.7255914609132,800.857725591461
6,712.0416429162068,600.7120416429162
7,853.1161802009797,700.853116180201
7,797.5190209853415,700.7975190209853
8,809.0149968263738,800.8090149968264
8,844.5181118365895,800.8445181118366
9,995.4617647693134,900.9954617647693
8,977.3170891799177,800.9773170891799
9,831.8167132785243,900.8318167132785
8,781.9456477537407,800.7819456477538
9,942.1523716580383,900.942152371658
8,864.4239759122545,800.8644239759122
8,876.8273791764601,800.8768273791765
9,887.4737333520764,900.8874737333521
7,793.0120545311382,700.7930120545311
8,852.8356738939258,800.8528356738939
9,863.0885167673748,900.8630885167673
