num_vehicles,distance,fitness
6,840.3646523098904,600.8403646523099
7,925.0376420351877,700.9250376420351
6,786.5853685022778,600.7865853685023
6,766.6453993148559,600.7666453993148
6,854.4029009159533,600.8544029009159
6,833.5557307149214,600.8335557307149
6,751.7361643541055,600.7517361643542
6,812.6862555626833,600.8126862555627
8,878.711933393586,800.8787119333936
8,931.4617198876592,800.9314617198877
7,851.1739563581514,700.8511739563581
6,867.3490678282906,600.8673490678283
8,972.7797359268187,800.9727797359268
6,865.4908734094305,600.8654908734094
6,795.7964596119886,600.795796459612
8,1023.5938632170473,801.023593863217
7,907.4781213087626,700.9074781213087
7,925.3504094672564,700.9253504094672
7,900.2791818749722,700.900279181875
6,863.3521632017391,600.8633521632017
