num_vehicles,distance,fitness
4,918.1606608150763,400.9181606608151
5,873.9144841905343,500.87391448419055
6,876.7377403424166,600.8767377403424
5,847.0468732916468,500.8470468732917
7,995.7289882506095,700.9957289882506
7,926.1642310014848,700.9261642310015
6,938.9721297463132,600.9389721297463
6,982.6709668546303,600.9826709668546
8,1035.6641401761594,801.0356641401762
8,1057.2693484920899,801.0572693484921
6,920.3591884247272,600.9203591884248
7,910.1175129020746,700.910117512902
8,967.3833039644556,800.9673833039644
7,915.796234422625,700.9157962344226
6,924.5020734768741,600.9245020734769
5,768.0044040515538,500.76800440405157
6,870.8126517512108,600.8708126517512
8,857.9975609552412,800.8579975609553
7,1031.289601381345,701.0312896013813
6,879.9972203722285,600.8799972203723
