num_vehicles,distance,fitness
4,848.564939599413,400.84856493959944
5,902.226266279407,500.9022262662794
4,909.0399167606379,400.90903991676066
4,934.4644501034298,400.9344644501034
4,945.3839464721693,400.9453839464722
7,1010.9203280930232,701.010920328093
7,981.9021117159681,700.981902111716
7,1025.7114514205764,701.0257114514205
7,951.3132181239857,700.951313218124
6,908.122570160923,600.9081225701609
8,1008.0858026039886,801.008085802604
7,988.2673604295311,700.9882673604295
6,886.1828014659465,600.8861828014659
6,1000.5189628135757,601.0005189628135
6,945.8118897152186,600.9458118897152
6,955.0966034938349,600.9550966034939
7,978.4411813140896,700.9784411813141
6,933.7350729163466,600.9337350729163
6,888.403591097703,600.8884035910977
8,973.4215838313781,800.9734215838314
