num_vehicles,distance,fitness
4,1071.3637846072347,401.07136378460723
4,1054.1019267364347,401.05410192673645
4,1027.1947593379743,401.027194759338
4,998.0064330077167,400.99800643300773
4,998.9029315247145,400.9989029315247
4,986.5629729216148,400.9865629729216
5,904.9028514407551,500.90490285144074
4,868.0946418070173,400.86809464180703
5,977.6908071894995,500.9776908071895
4,943.0436698035113,400.9430436698035
5,960.7194607519143,500.96071946075193
5,900.6165606967103,500.90061656069673
5,900.9081982127979,500.9009081982128
5,933.7306983873763,500.93373069838736
6,971.8380708503444,600.9718380708504
6,1018.7564993201131,601.0187564993201
6,944.5653515188935,600.9445653515189
5,975.2776644954796,500.9752776644955
5,998.0223960639921,500.998022396064
6,987.0422053139604,600.987042205314
