num_vehicles,distance,fitness
4,937.6570066368039,400.9376570066368
5,1021.3017527028937,501.02130175270287
5,975.1192866565162,500.97511928665654
5,943.3123486989193,500.9433123486989
4,883.4847135717073,400.8834847135717
4,957.2548832024837,400.9572548832025
4,891.221193365843,400.8912211933658
5,959.1827155152826,500.9591827155153
4,847.2541703651546,400.84725417036515
4,855.1313464599276,400.8551313464599
5,869.4199369799478,500.86941993697997
4,957.1887079417763,400.9571887079418
5,898.8134159375635,500.8988134159376
5,929.944420537934,500.92994442053794
4,925.6191426887783,400.9256191426888
4,921.1375011448055,400.9211375011448
4,934.337128433434,400.9343371284334
5,899.2206521513206,500.8992206521513
5,1026.575334131577,501.02657533413156
5,1051.1565431374174,501.05115654313744
