num_vehicles,distance,fitness
4,887.2260787198006,400.8872260787198
6,851.2451919844063,600.8512451919844
5,813.0764769529306,500.8130764769529
4,903.4849423602905,400.9034849423603
5,867.5836088549305,500.86758360885494
4,845.8776651331646,400.8458776651332
5,969.7067583863342,500.96970675838634
5,842.8061133273015,500.8428061133273
5,1004.182529012098,501.0041825290121
5,934.1676653015152,500.9341676653015
5,927.471462049665,500.92747146204965
5,986.9744739665704,500.9869744739666
5,872.9681721514968,500.8729681721515
5,911.3856633518184,500.91138566335184
5,819.4946716437163,500.8194946716437
6,950.9846693067296,600.9509846693068
5,947.6874317992991,500.9476874317993
5,931.6703574947637,500.93167035749474
5,885.2012977713579,500.88520129777135
4,912.3248510826597,400.91232485108264
