num_vehicles,distance,fitness
4,934.6666440653541,400.9346666440654
4,916.4341416148886,400.9164341416149
4,927.7462356567802,400.9277462356568
4,940.8786120486451,400.94087861204866
4,867.6196891526397,400.86761968915266
4,956.0901126125576,400.95609011261257
4,876.9144373773667,400.87691443737737
4,935.8512667236066,400.9358512667236
4,955.5450913860261,400.955545091386
5,919.9189611537284,500.9199189611537
5,955.9169283253992,500.9559169283254
5,963.0935993977987,500.9630935993978
5,1020.5121166593772,501.0205121166594
5,899.4188134600988,500.8994188134601
5,817.575811816322,500.8175758118163
6,916.9331851489233,600.9169331851489
5,859.0694470765011,500.8590694470765
5,1009.5536477687182,501.0095536477687
5,829.2415788355326,500.82924157883554
4,915.2233542566119,400.9152233542566
