num_vehicles,distance,fitness
4,990.4776981132496,400.99047769811324
4,1013.9216204887989,401.0139216204888
4,976.3407654078684,400.9763407654079
4,982.336341221774,400.98233634122175
4,888.5382747752905,400.88853827477527
4,1006.0650536337866,401.0060650536338
4,943.9462536306631,400.94394625363066
6,988.3842557719629,600.988384255772
5,949.1421442843035,500.9491421442843
4,889.8555430561144,400.8898555430561
5,969.295409477508,500.9692954094775
5,915.786614748438,500.9157866147484
4,904.4082688697775,400.90440826886976
4,790.1037095375792,400.79010370953756
5,1014.3122734865195,501.0143122734865
4,900.2076618302467,400.9002076618302
4,911.103997363993,400.91110399736397
5,1015.5536384884201,501.0155536384884
5,911.0254330550753,500.9110254330551
4,979.1968555817227,400.97919685558173
