num_vehicles,distance,fitness
4,918.9340678700514,400.91893406787005
4,948.7032540651745,400.94870325406515
5,918.5350936399442,500.91853509363995
4,972.4740994738443,400.97247409947386
5,846.8605668337856,500.8468605668338
5,885.2165921199381,500.88521659211995
5,935.9048996725217,500.9359048996725
5,853.7109792668845,500.8537109792669
4,943.8585507239022,400.9438585507239
6,927.7390265471066,600.9277390265471
5,980.7657733935323,500.98076577339356
5,889.2248821943911,500.8892248821944
5,953.6202912906037,500.9536202912906
5,867.6917543977637,500.86769175439775
5,936.6486948705893,500.9366486948706
5,932.2225568715028,500.9322225568715
6,928.5264856008823,600.9285264856009
5,890.769925538942,500.89076992553896
4,822.9178858120154,400.822917885812
6,1082.9767699681356,601.0829767699681
