num_vehicles,distance,fitness
4,877.1580260263885,400.8771580260264
4,929.4102380503277,400.9294102380503
4,797.2134485601358,400.7972134485601
5,889.2905414909237,500.88929054149094
5,949.4669989833253,500.9494669989833
4,865.2841007320187,400.865284100732
4,931.1078745451199,400.93110787454515
4,908.1388495516705,400.9081388495517
5,928.9974007088013,500.9289974007088
4,754.5186566841014,400.7545186566841
4,966.6594918188277,400.9666594918188
5,931.9385461913771,500.93193854619136
5,889.3292609838268,500.8893292609838
4,902.9196237477504,400.9029196237478
4,933.1811615970746,400.9331811615971
5,976.0483928081385,500.97604839280814
4,1027.4722140119713,401.027472214012
4,1019.0190683048368,401.01901906830483
4,942.768547160349,400.94276854716037
4,866.2959425525,400.8662959425525
