num_vehicles,distance,fitness
8,759.1670203183024,800.7591670203183
9,938.6617115368686,900.9386617115368
9,925.8978824878275,900.9258978824878
8,808.7201277274144,800.8087201277274
7,820.2008886882248,700.8202008886882
8,936.2817519264913,800.9362817519265
8,967.8145928613712,800.9678145928614
8,995.1969702887596,800.9951969702888
8,1042.2769207954323,801.0422769207954
9,948.6674837029169,900.9486674837029
8,1039.5205360106204,801.0395205360106
11,1091.946700142886,1101.091946700143
10,1086.2884645684508,1001.0862884645685
10,1140.4017456256847,1001.1404017456257
11,1081.6250800794303,1101.0816250800794
10,1032.904846742902,1001.0329048467429
9,1151.9365644715785,901.1519365644716
9,1112.7151402401032,901.1127151402401
10,1055.9861041155416,1001.0559861041155
8,948.6780042418621,800.9486780042419
