num_vehicles,distance,fitness
7,792.558481332472,700.7925584813324
7,842.9156551365422,700.8429156551365
7,809.0448876822849,700.8090448876823
7,990.0502034601076,700.9900502034601
7,948.3246585113761,700.9483246585114
7,871.3937751116382,700.8713937751116
9,1096.6677709844726,901.0966677709845
8,1016.7706692661532,801.0167706692662
9,1118.4940373161105,901.118494037316
9,1114.9456374236909,901.1149456374237
8,1087.0924741988333,801.0870924741988
9,1020.5303983959711,901.020530398396
9,1189.5379654315511,901.1895379654316
8,1086.7794248741316,801.0867794248742
11,1085.196422706642,1101.0851964227065
9,1088.809495669469,901.0888094956695
9,1211.5049456094252,901.2115049456095
8,951.8662806984875,800.9518662806985
8,910.4157694856432,800.9104157694857
8,1090.9594490287172,801.0909594490287
