num_vehicles,distance,fitness
7,691.9245200332821,700.6919245200332
9,833.2154291993443,900.8332154291993
10,864.9414706642149,1000.8649414706642
9,944.451333556771,900.9444513335568
7,720.3217706204288,700.7203217706204
8,747.7828268082698,800.7477828268082
9,921.1955657166443,900.9211955657166
11,1032.7637774450543,1101.032763777445
9,937.2639191751127,900.9372639191752
11,1120.9333982554876,1101.1209333982554
11,1172.1834003465979,1101.1721834003465
12,1134.7282015407852,1201.1347282015408
9,975.2562232533332,900.9752562232534
12,1192.7451542212984,1201.1927451542213
11,1119.8190607486652,1101.1198190607486
10,1211.5423583867923,1001.2115423583867
10,1102.6636677216786,1001.1026636677217
11,1255.2827023581067,1101.255282702358
9,1028.7224599888698,901.0287224599889
10,1265.8610782851106,1001.2658610782851
