num_vehicles,distance,fitness
5,1156.9680017061987,501.1569680017062
4,880.5407513511593,400.88054075135113
5,932.3356312564289,500.9323356312564
5,1064.3320725065823,501.0643320725066
5,1085.781338839464,501.08578133883947
5,1031.7894680867498,501.03178946808674
6,1042.4809867523145,601.0424809867524
5,1159.5718240281235,501.15957182402815
5,947.4038831649158,500.9474038831649
5,1160.3565630313058,501.1603565630313
5,1038.7714456462063,501.0387714456462
6,1004.3511231257262,601.0043511231257
5,1011.6624417829673,501.01166244178296
5,1153.957535668264,501.15395753566827
5,1059.167272955151,501.05916727295516
6,1187.1470324137972,601.1871470324138
5,1300.190147614058,501.30019014761405
6,1063.992108525162,601.0639921085252
5,1082.4100379338079,501.0824100379338
5,1272.9416207617346,501.27294162076174
