num_vehicles,distance,fitness
5,1098.2107185369055,501.0982107185369
5,938.6963590887012,500.9386963590887
5,1167.298725829608,501.1672987258296
7,1109.7427361500718,701.1097427361501
5,1177.5376360975201,501.1775376360975
7,1109.9016510662282,701.1099016510663
7,1184.59731307071,701.1845973130708
6,1130.0681235149668,601.130068123515
6,1274.1041453064238,601.2741041453064
6,1240.3095793167295,601.2403095793168
6,1226.9782791662135,601.2269782791662
8,1166.5021677932057,801.1665021677932
6,1267.8600589515904,601.2678600589516
6,1215.487431527959,601.215487431528
5,1151.6045023433153,501.15160450234333
6,1309.751366078464,601.3097513660784
6,1318.9939565288482,601.3189939565289
6,1228.8931694285327,601.2288931694285
6,1237.4861262686816,601.2374861262687
8,1127.0356413567342,801.1270356413568
