num_vehicles,distance,fitness,time
2.0,401.28751449458355,2.9984135602739093,195.7249538898468
