num_vehicles,distance,fitness,time
2.0,401.28751449458355,2.9984135602739093,195.7249538898468
2.0,406.2359115624596,2.998432884763835,195.51145935058594
2.0,406.48813246418547,2.9984338571356983,195.88972997665405
