num_vehicles,distance,fitness,time
3.0,305.9511917824208,300.3059511917824,215.56016850471497
