num_vehicles,distance,fitness,time
3.0,307.1390025908645,300.3071390025909,225.4713053703308
3.0,307.1390025908645,300.3071390025909,222.43209767341614
3.0,305.9511917824208,300.3059511917824,215.56016850471497
3.0,307.1390025908645,300.3071390025909,222.91188716888428
