num_vehicles,distance,fitness,time
5.0,442.62520156492246,500.4426252015649,294.79302644729614
