num_vehicles,distance,fitness,time
4.0,459.6748479812921,400.4596748479813,261.3976457118988
