num_vehicles,distance,fitness,time
5.0,472.19248915933485,5.99865178113748,208.2014548778534
5.0,469.4310801916482,5.998643850319551,208.22820663452148
4.0,570.4318426889777,4.998883969875854,207.7705638408661
