num_vehicles,distance,fitness,time
1.0,432.7552027075102,100.43275520270751,243.36380910873413
1.0,432.7552027075102,100.43275520270751,244.52508330345154
1.0,432.7552027075102,100.43275520270751,244.7646827697754
1.0,432.7552027075102,100.43275520270751,246.376606464386
