num_vehicles,distance,fitness,time
1.0,479.8245866857603,1.9986732258656061,190.63446831703186
1.0,479.8245866857603,1.9986732258656061,190.19141149520874
1.0,479.8245866857603,1.9986732258656061,190.570547580719
