num_vehicles,distance,fitness,time
5.0,469.4310801916482,500.46943108019167,286.0024371147156
