num_vehicles,distance,fitness,time
5.0,469.4310801916482,500.46943108019167,286.0024371147156
5.0,469.4310801916482,500.46943108019167,281.87308382987976
5.0,472.19248915933485,500.47219248915934,282.2602162361145
5.0,469.4310801916482,500.46943108019167,291.5510444641113
