num_vehicles,distance,fitness,time
4.0,417.7692999314208,400.4177692999314,251.91472625732422
