num_vehicles,distance,fitness,time
4.0,417.7692999314208,400.4177692999314,251.91472625732422
4.0,417.76929993142085,400.4177692999314,252.17170667648315
4.0,417.76929993142085,400.4177692999314,251.34690070152283
4.0,417.7692999314208,400.4177692999314,251.8697440624237
