num_vehicles,distance,fitness,time
3.0,306.0244139110923,3.997919716605892,173.58554100990295
