num_vehicles,distance,fitness,time
3.0,306.0244139110923,3.997919716605892,173.58554100990295
3.0,306.0244139110923,3.997919716605892,174.53847813606262
3.0,306.0244139110923,3.997919716605892,170.3287034034729
