num_vehicles,distance,fitness,time
5.0,494.92916741820204,5.998713717137784,215.8360149860382
