num_vehicles,distance,fitness,time
5.0,494.92916741820204,5.998713717137784,215.8360149860382
5.0,502.41586671471975,5.998732884500942,218.13299703598022
5.0,498.7756479083365,5.998723636725168,210.5042543411255
