num_vehicles,distance,fitness
6,447.6452532027363,600.4476452532027
7,560.837204808058,700.5608372048081
7,592.8736219252859,700.5928736219253
7,591.4614117319923,700.591461411732
7,615.4759870326443,700.6154759870326
8,556.3903887973776,800.5563903887974
8,596.82653620639,800.5968265362064
8,593.2633376055737,800.5932633376055
9,705.979838317498,900.7059798383175
9,685.2258576619536,900.685225857662
9,689.9252340937879,900.6899252340938
10,648.7003924566329,1000.6487003924566
9,640.8556505515696,900.6408556505515
10,703.5854177584431,1000.7035854177584
10,711.2968371798702,1000.7112968371798
7,554.1896521050097,700.554189652105
9,637.9112707764983,900.6379112707765
8,677.5027624418165,800.6775027624418
9,659.6108977167728,900.6596108977168
9,738.4130328782678,900.7384130328783
