num_vehicles,distance,fitness
8,516.3387731186642,800.5163387731187
9,544.5670377788616,900.5445670377788
10,619.3900931741307,1000.6193900931742
10,617.1647332952779,1000.6171647332952
8,554.7867980901148,800.5547867980902
9,629.6292505225653,900.6296292505226
8,557.3732328440929,800.557373232844
9,661.2008084737619,900.6612008084737
8,635.3265723934524,800.6353265723934
9,675.5539790504414,900.6755539790504
8,610.9816377862912,800.6109816377863
9,597.68662035605,900.5976866203561
12,691.6124902750037,1200.691612490275
12,752.1546375272437,1200.7521546375272
12,731.0608420553667,1200.7310608420553
9,718.4120413877333,900.7184120413878
10,700.4300218757118,1000.7004300218757
12,776.2584293056934,1200.7762584293057
10,665.2808887778788,1000.6652808887778
10,767.161342482105,1000.7671613424822
