num_vehicles,distance,fitness
7,599.946623310844,700.5999466233109
8,648.6132362188076,800.6486132362188
7,600.7561471902511,700.6007561471903
8,610.7513158634806,800.6107513158635
8,634.7182669128563,800.6347182669128
8,655.5704816713172,800.6555704816714
7,653.9864842011827,700.6539864842011
9,703.9096792587086,900.7039096792587
8,692.3356177391,800.6923356177391
7,601.364255856588,700.6013642558565
8,626.9680809933083,800.6269680809933
8,660.0311536060851,800.660031153606
8,647.4707480830407,800.647470748083
11,706.1626719943353,1100.7061626719944
9,697.8287785852854,900.6978287785853
10,677.7947391622382,1000.6777947391622
9,643.2233313543801,900.6432233313544
9,717.7175779026527,900.7177175779027
9,692.7466403800404,900.69274664038
7,655.8561471413502,700.6558561471413
