num_vehicles,distance,fitness
7,664.5333586844342,700.6645333586845
8,592.568120720232,800.5925681207202
7,671.7670745413285,700.6717670745413
7,587.3287642078286,700.5873287642079
8,673.1038317848172,800.6731038317848
7,687.1884682079706,700.687188468208
8,688.3482332397664,800.6883482332398
8,616.7355235068734,800.6167355235069
8,613.9298917098188,800.6139298917099
8,645.8848488962832,800.6458848488962
8,581.4299330948254,800.5814299330948
8,674.7453257554579,800.6747453257555
9,684.4150109843085,900.6844150109843
8,649.8796037815953,800.6498796037816
8,593.0192749268195,800.5930192749269
8,542.3867082245255,800.5423867082245
8,589.9120237424579,800.5899120237425
8,591.5426069468009,800.5915426069467
7,638.7251424882631,700.6387251424883
6,564.6182493442311,600.5646182493442
