num_vehicles,distance,fitness
7,636.8199997144283,700.6368199997145
7,632.4369712473223,700.6324369712473
6,549.3559063744092,600.5493559063744
7,565.9170965429186,700.5659170965429
6,515.2070317622932,600.5152070317623
7,594.2836570902813,700.5942836570903
7,583.8345158821402,700.5838345158821
7,534.6851434445077,700.5346851434446
8,600.4321760718823,800.6004321760719
7,604.9448953740488,700.604944895374
8,697.7591914849421,800.6977591914849
7,621.7773738348876,700.6217773738349
7,684.7474693101511,700.6847474693102
7,668.0292313457484,700.6680292313457
7,641.4484702179363,700.6414484702179
7,677.7800576820532,700.6777800576821
7,559.8247814851364,700.5598247814852
8,626.9985771628772,800.6269985771629
7,663.5587045182644,700.6635587045182
8,634.4946521545891,800.6344946521546
