num_vehicles,distance,fitness
5,457.2023704760672,500.45720237047607
5,432.9037797204131,500.4329037797204
5,512.1400897874529,500.51214008978747
8,602.5075610703994,800.6025075610704
6,548.7611984603324,600.5487611984603
7,538.9974798908396,700.5389974798909
10,716.2542617852255,1000.7162542617853
9,754.8918075896054,900.7548918075896
8,709.1976234151665,800.7091976234152
8,801.5071270160585,800.8015071270161
8,633.6644777794173,800.6336644777795
11,793.5383178402866,1100.7935383178403
12,859.4285444973041,1200.8594285444974
8,643.5763373246837,800.6435763373247
8,666.789638003698,800.6667896380037
9,702.0777441939049,900.702077744194
9,686.9372258810675,900.686937225881
8,626.4280175836509,800.6264280175836
7,618.7263129701062,700.6187263129701
9,684.6082637865783,900.6846082637866
