num_vehicles,distance,fitness
5,512.8102709016586,500.51281027090164
5,581.1635089331002,500.5811635089331
5,562.225295597933,500.56222529559795
5,576.9524626278537,500.57695246262784
5,515.8375710487683,500.5158375710488
5,592.2736949938812,500.5922736949939
6,664.6071696058401,600.6646071696058
7,723.5768379891775,700.7235768379892
6,615.935835624339,600.6159358356243
8,719.9284746388703,800.7199284746389
7,699.9325407777139,700.6999325407777
9,777.0038644115526,900.7770038644115
7,648.2095213295161,700.6482095213295
7,627.6229162407275,700.6276229162407
7,718.7435550602518,700.7187435550602
7,636.4261187169901,700.6364261187169
6,713.4656592519034,600.7134656592519
7,667.1944073754884,700.6671944073755
8,657.9197626404783,800.6579197626405
7,759.9658746545862,700.7599658746545
