num_vehicles,distance,fitness
5,534.3361221591722,500.5343361221592
5,584.4862170414987,500.5844862170415
5,576.8716293587224,500.5768716293587
5,594.1305069245234,500.5941305069245
5,602.8773714103517,500.60287737141033
5,608.0033928494539,500.60800339284947
6,660.2282743807473,600.6602282743808
6,728.4294835387868,600.7284294835388
5,646.3324572944452,500.6463324572944
5,701.8415669312442,500.70184156693125
7,780.7922757721905,700.7807922757722
6,733.6884291981712,600.7336884291982
5,704.2995222845859,500.7042995222846
5,686.0660505807664,500.6860660505808
5,784.2161276392204,500.78421612763924
5,700.7257731191512,500.70072577311913
6,757.4716394195104,600.7574716394195
7,777.0737615368281,700.7770737615368
5,687.4280153579829,500.68742801535797
5,763.7084710241028,500.76370847102413
