num_vehicles,distance,fitness
5,518.2594252824524,500.51825942528245
5,537.6555140525244,500.5376555140525
5,491.60843478251445,500.4916084347825
5,539.9076315766648,500.5399076315767
5,559.5668533143929,500.5595668533144
5,547.3331780732959,500.5473331780733
6,565.7493729345214,600.5657493729345
6,568.4758207552456,600.5684758207552
6,612.6890243328968,600.6126890243329
8,643.0709496790071,800.643070949679
6,609.0650883281862,600.6090650883282
5,586.3072822158581,500.58630728221584
6,582.8132591876126,600.5828132591876
5,548.9604697629843,500.54896046976296
7,647.1451149195648,700.6471451149196
6,663.7880617782739,600.6637880617783
6,625.9016929513518,600.6259016929514
7,606.8603902701092,700.6068603902701
6,631.8547064455558,600.6318547064456
7,689.695761501572,700.6896957615015
