num_vehicles,distance,fitness
5,466.50342106065915,500.4665034210607
4,497.47859468371456,400.49747859468374
7,521.4255885648922,700.5214255885649
6,460.75194919248315,600.4607519491925
5,484.1620272639772,500.48416202726395
6,466.62327453684327,600.4666232745368
5,436.67616649403794,500.436676166494
5,531.8525957844578,500.53185259578447
6,478.6599362265337,600.4786599362266
5,432.0872937618051,500.4320872937618
4,497.4820920344803,400.4974820920345
6,656.2033473925832,600.6562033473925
5,610.6589653447704,500.6106589653448
6,667.9391772048443,600.6679391772049
6,594.763434412109,600.5947634344121
6,568.2743400653225,600.5682743400653
7,605.8538056005076,700.6058538056005
7,702.889394376724,700.7028893943767
5,574.3930968883902,500.5743930968884
6,652.4304176168097,600.6524304176168
