num_vehicles,distance,fitness
5,492.8496652239143,500.4928496652239
6,514.9294966549154,600.5149294966549
6,610.1758294136864,600.6101758294137
5,490.7312562878959,500.4907312562879
5,574.0138025955786,500.5740138025956
6,513.8914391908435,600.5138914391908
5,463.69917134728547,500.4636991713473
5,534.3915321555186,500.5343915321555
6,641.8278731960114,600.641827873196
6,651.6016961089945,600.651601696109
6,720.0225847042175,600.7200225847042
6,644.7661473837,600.6447661473837
6,692.000007817287,600.6920000078173
6,694.5179143696058,600.6945179143696
6,589.6102584912425,600.5896102584912
5,588.6548099052516,500.5886548099053
5,605.3019699902519,500.60530196999025
6,601.2387350322089,600.6012387350322
6,549.7977061449856,600.549797706145
6,601.7463300522891,600.6017463300523
