num_vehicles,distance,fitness
8,800.9792222618502,800.8009792222618
15,991.2516906842931,1500.9912516906843
8,753.8757254999803,800.7538757254999
12,881.96417894834,1200.8819641789482
12,887.9231226199472,1200.88792312262
14,894.781600082719,1400.8947816000828
12,844.6055434736742,1200.8446055434736
14,993.3863106214014,1400.9933863106214
17,1046.1805929688862,1701.046180592969
12,983.5020378782065,1200.9835020378782
16,1022.9827743205642,1601.0229827743206
16,1055.8651261288492,1601.0558651261288
13,911.3309070923534,1300.9113309070924
13,947.3905235008649,1300.9473905235009
15,1042.2120793351637,1501.042212079335
14,984.095689348617,1400.9840956893486
16,1091.762556747089,1601.0917625567472
13,939.8913293826931,1300.9398913293826
15,968.9929834181999,1500.9689929834183
14,1000.5656699154822,1401.0005656699154
