num_vehicles,distance,fitness
7,743.2970155147732,700.7432970155148
6,759.5924192780674,600.7595924192781
7,876.3856017011985,700.8763856017011
6,711.2648173947449,600.7112648173947
7,759.9442307389868,700.7599442307389
7,733.923116084397,700.7339231160844
10,939.4608935117327,1000.9394608935118
9,904.7614275931035,900.9047614275931
10,995.518242361344,1000.9955182423613
9,941.4810255216444,900.9414810255216
9,973.2468827438641,900.9732468827439
9,954.6850849903402,900.9546850849904
11,973.7933224090923,1100.9737933224092
9,1010.4534021812465,901.0104534021813
10,918.9219624213022,1000.9189219624213
10,990.9762323510413,1000.990976232351
10,908.3649772157881,1000.9083649772158
11,967.8384885787764,1100.9678384885788
11,1004.3464638124899,1101.0043464638125
10,1053.0375859615547,1001.0530375859615
