num_vehicles,distance,fitness
7,864.4833286468569,700.8644833286469
10,793.1724148681762,1000.7931724148682
9,890.032126694662,900.8900321266947
11,825.4045957713765,1100.8254045957715
10,836.3027009036934,1000.8363027009037
12,928.6356203200831,1200.9286356203202
13,993.4402848244508,1300.9934402848244
12,948.5392907918072,1200.9485392907918
13,929.4892088430668,1300.929489208843
10,845.240605779297,1000.8452406057793
12,970.8917327749131,1200.9708917327748
11,874.1215397244797,1100.8741215397245
12,938.4388603943048,1200.9384388603944
14,1032.9372940504609,1401.0329372940505
12,1027.6166512695067,1201.0276166512695
11,838.2132158536099,1100.8382132158536
12,936.4527165675186,1200.9364527165676
9,905.8850974156627,900.9058850974156
11,978.5911520898514,1100.9785911520898
13,996.499453735084,1300.9964994537352
