num_vehicles,distance,fitness
7,818.2437983267619,700.8182437983268
6,827.0982641243359,600.8270982641243
6,809.6003992764238,600.8096003992764
7,904.8261026672574,700.9048261026672
7,822.8281694242958,700.8228281694243
8,869.7660700120191,800.869766070012
7,841.3188282172703,700.8413188282173
8,916.5562500371361,800.9165562500372
10,913.9825537247907,1000.9139825537247
8,892.368480750703,800.8923684807507
10,1036.1531895328183,1001.0361531895328
8,947.9427608446339,800.9479427608446
10,1009.7500450434854,1001.0097500450435
9,953.9558990157541,900.9539558990158
8,897.6457895351383,800.8976457895351
10,985.9275569209238,1000.985927556921
8,991.5634179074499,800.9915634179074
8,819.7681018187943,800.8197681018188
9,981.9914826887224,900.9819914826887
9,935.7502557263814,900.9357502557264
