num_vehicles,distance,fitness
7,875.9048735512156,700.8759048735512
6,838.9182814200229,600.83891828142
6,796.8081054668193,600.7968081054668
6,793.0023463212721,600.7930023463213
6,845.5821250263267,600.8455821250263
6,849.6738629123162,600.8496738629124
8,1015.2974840484031,801.0152974840483
9,835.3340683116422,900.8353340683117
7,908.8354446026806,700.9088354446027
8,981.9972518690389,800.9819972518691
8,891.3005592417907,800.8913005592418
7,840.7827267175237,700.8407827267175
7,795.8163928391189,700.7958163928391
8,902.154243585372,800.9021542435854
6,743.0705638723344,600.7430705638724
9,991.5067025714741,900.9915067025714
7,919.038199488606,700.9190381994886
8,946.137589099296,800.9461375890993
8,955.8272566802893,800.9558272566803
8,947.7449885332759,800.9477449885333
