num_vehicles,distance,fitness
7,842.8913236348984,700.842891323635
7,839.5090438428741,700.8395090438429
7,874.8881905073024,700.8748881905072
7,747.327157566764,700.7473271575668
8,836.7221898200314,800.8367221898201
6,716.9530604023892,600.7169530604024
6,791.8920738922458,600.7918920738922
7,861.2684455189864,700.8612684455189
8,914.4402970914758,800.9144402970915
7,963.6509953213948,700.9636509953214
10,970.4474782995181,1000.9704474782995
9,900.8689646459221,900.900868964646
8,898.0502802333772,800.8980502802334
7,846.5947916472415,700.8465947916472
8,962.0665978949672,800.9620665978949
8,843.2800476636783,800.8432800476637
9,976.5849037697077,900.9765849037697
9,981.2485621976344,900.9812485621976
9,953.0979823995779,900.9530979823995
9,966.0815428646221,900.9660815428646
