num_vehicles,distance,fitness
6,840.3646523098904,600.8403646523099
6,792.2085949773539,600.7922085949774
7,768.4067007060167,700.768406700706
7,826.3610671596691,700.8263610671597
6,691.7244704326148,600.6917244704326
6,775.9003273263938,600.7759003273264
6,794.246777457055,600.794246777457
6,701.2635413888063,600.7012635413888
7,869.667926479182,700.8696679264792
7,936.9227014199324,700.9369227014199
7,931.041123803869,700.9310411238039
7,982.0099461697848,700.9820099461698
6,830.155482969732,600.8301554829698
7,965.1891090364104,700.9651891090364
8,952.7874685524838,800.9527874685525
7,929.1564587243491,700.9291564587244
7,992.5637948571422,700.9925637948571
7,920.4549899776657,700.9204549899777
8,981.3159388021548,800.9813159388021
7,960.4898511626418,700.9604898511626
