num_vehicles,distance,fitness
4,918.1606608150763,400.9181606608151
5,758.0866609772928,500.7580866609773
4,809.8350831861942,400.8098350831862
6,857.396089188354,600.8573960891883
5,784.4809095967759,500.78448090959677
5,956.6155921140631,500.9566155921141
6,882.8113707648872,600.8828113707649
8,876.5894171909905,800.876589417191
7,962.2341944804314,700.9622341944804
6,946.6958917655475,600.9466958917656
7,1023.3570012363037,701.0233570012363
7,963.2577430337252,700.9632577430338
5,908.8226872358078,500.9088226872358
6,717.5082476360207,600.717508247636
6,913.2073914897242,600.9132073914898
7,992.6210938773135,700.9926210938773
7,901.2369737800635,700.9012369737801
8,954.9089830642752,800.9549089830642
9,964.7714093953465,900.9647714093953
7,891.6581018213968,700.8916581018213
