num_vehicles,distance,fitness
4,848.564939599413,400.84856493959944
4,917.7175927047522,400.9177175927048
4,850.806848705948,400.85080684870593
4,845.784399876346,400.8457843998763
4,986.7686807539001,400.9867686807539
5,893.1947771827182,500.8931947771827
5,922.1437131094331,500.92214371310945
4,857.5550925438156,400.8575550925438
4,877.2236565402075,400.8772236565402
5,819.9533511668393,500.8199533511668
4,781.3990650126274,400.78139906501264
7,932.9836139522885,700.9329836139523
7,1050.3441347019102,701.050344134702
6,1014.6342338884474,601.0146342338885
6,848.1192511874723,600.8481192511874
6,849.7648402069105,600.849764840207
5,842.5534461419221,500.84255344614195
6,953.0472526774284,600.9530472526774
5,900.2560951920269,500.90025609519205
7,889.9840368689197,700.8899840368689
