num_vehicles,distance,fitness
4,1071.3637846072347,401.07136378460723
4,981.6918725887081,400.9816918725887
4,1035.6518337872835,401.03565183378726
4,965.9161734708966,400.9659161734709
4,971.7129885274701,400.9717129885275
4,1042.9424831224078,401.04294248312243
4,987.7190394318347,400.98771903943185
4,983.6919640696394,400.98369196406964
4,974.924612771448,400.9749246127715
4,862.7938298355593,400.86279382983554
5,1045.303294888407,501.0453032948884
5,995.7019375625348,500.99570193756256
7,1015.671090018396,701.0156710900184
5,909.3229835441665,500.90932298354414
7,1067.0172555717643,701.0670172555717
5,827.4199351637604,500.82741993516373
6,1069.8716195549691,601.069871619555
5,979.3350910732688,500.97933509107327
5,903.6121386942068,500.9036121386942
5,901.6581085674006,500.9016581085674
