num_vehicles,distance,fitness
4,937.6570066368039,400.9376570066368
4,821.7603961835828,400.8217603961836
4,956.0050493750148,400.956005049375
4,842.080680808452,400.84208068080846
4,962.4590852719112,400.9624590852719
4,1040.9192123174041,401.0409192123174
5,1015.0376598107342,501.01503765981073
5,1103.4629249786026,501.1034629249786
4,964.5908372315118,400.9645908372315
5,891.8445326192027,500.8918445326192
5,893.5166061113398,500.89351660611135
5,818.1683029127973,500.8181683029128
4,991.6864270420817,400.99168642704205
4,829.4063865924455,400.82940638659244
6,839.9584592738202,600.8399584592738
4,906.7730801685724,400.9067730801686
4,954.6028340020223,400.954602834002
5,935.0550251328183,500.93505502513284
6,1014.9677049583353,601.0149677049583
5,947.8339778519769,500.947833977852
