num_vehicles,distance,fitness
4,1099.2379083158141,401.0992379083158
4,941.2050297434195,400.9412050297434
4,1058.972315077849,401.0589723150778
4,1090.319542973058,401.0903195429731
4,1009.9474948438683,401.00994749484386
4,1136.5187141171652,401.1365187141172
4,1010.167024128288,401.0101670241283
5,908.9294651153832,500.90892946511536
4,900.9710053102153,400.9009710053102
4,806.7423161942139,400.80674231619423
4,950.4758874747438,400.95047588747474
5,852.785883248933,500.85278588324894
5,903.6406933001606,500.90364069330013
4,903.3964456432606,400.90339644564324
5,876.779046553499,500.8767790465535
5,963.2574907558526,500.96325749075584
5,971.8354205211174,500.97183542052113
5,917.1165474522711,500.9171165474523
4,947.6292256736004,400.9476292256736
5,861.8037821083351,500.8618037821083
