num_vehicles,distance,fitness
4,990.4776981132496,400.99047769811324
4,1080.6754122439816,401.080675412244
4,929.9398469310618,400.92993984693106
4,982.3830036606909,400.9823830036607
4,911.4762364825042,400.9114762364825
4,982.2049053081383,400.98220490530815
4,1039.0627614818682,401.0390627614819
4,791.9113958362552,400.7919113958363
4,879.792624034354,400.87979262403434
5,948.4880790853639,500.94848807908534
4,861.3429604388108,400.86134296043883
4,1002.4895237832428,401.00248952378325
5,1072.6651688795578,501.07266516887955
4,988.7240069551858,400.9887240069552
4,910.0174347339221,400.9100174347339
5,988.0586937572402,500.98805869375724
4,884.2606550300898,400.88426065503006
4,843.8847786536512,400.84388477865366
5,885.02953991715,500.8850295399171
5,891.3173697796208,500.89131736977964
