num_vehicles,distance,fitness
4,954.4951724086313,400.95449517240866
5,860.7082342615722,500.86070823426155
4,904.8123627294665,400.90481236272944
4,894.804527968528,400.8948045279685
5,872.55037708881,500.8725503770888
5,863.7086638758456,500.86370866387585
4,851.6593159308585,400.8516593159309
5,753.9475467662435,500.75394754676626
4,930.1487478950052,400.93014874789503
5,935.435242340224,500.93543524234025
5,853.4050756862008,500.8534050756862
5,955.4376723012529,500.95543767230123
5,862.8893934113509,500.86288939341136
5,990.7121093444381,500.99071210934443
4,915.0884286723478,400.91508842867233
4,896.8322354255538,400.89683223542556
5,913.9268075573324,500.91392680755735
5,937.228966593476,500.93722896659347
5,1059.3388001077565,501.05933880010775
5,1028.0198009209992,501.028019800921
