num_vehicles,distance,fitness
8,1070.571296979287,801.0705712969793
7,717.8234989215414,700.7178234989216
8,891.41595968708,800.891415959687
7,988.0434958978079,700.9880434958978
7,853.2577123266497,700.8532577123267
9,1253.8410944622783,901.2538410944622
9,1259.8075136607606,901.2598075136608
8,1031.873653926448,801.0318736539265
9,1183.9831724468015,901.1839831724468
9,1118.5136337416798,901.1185136337417
8,1078.44029218023,801.0784402921802
9,1214.2820193740383,901.2142820193741
8,1106.4015295713525,801.1064015295714
8,1170.8848217545726,801.1708848217546
8,1116.2586384862268,801.1162586384862
9,1157.674700265096,901.1576747002651
8,1057.3472700743173,801.0573472700743
9,1143.8192392252886,901.1438192392253
7,1028.1702435789232,701.0281702435789
8,927.5378983091929,800.9275378983092
