num_vehicles,distance,fitness
8,759.1670203183024,800.7591670203183
8,875.4770083764295,800.8754770083764
8,949.5858355264295,800.9495858355265
8,894.7895179145731,800.8947895179145
9,995.3556044834544,900.9953556044835
11,1204.4107978714355,1101.2044107978713
10,1095.8148222350494,1001.0958148222351
10,1129.5544414089213,1001.1295544414089
13,1402.2720000735849,1301.4022720000735
12,1263.4385054243082,1201.2634385054243
12,1179.7685216208238,1201.1797685216209
10,959.416504975998,1000.959416504976
10,1153.2511931973988,1001.1532511931974
10,1136.7707636405567,1001.1367707636406
10,1148.7700236387798,1001.1487700236388
9,1097.4140483369497,901.097414048337
11,1063.823980903383,1101.0638239809034
10,1160.2054954543953,1001.1602054954544
9,1068.6380416893,901.0686380416893
10,1099.709717626734,1001.0997097176268
