num_vehicles,distance,fitness
7,792.558481332472,700.7925584813324
8,1055.119929572695,801.0551199295727
7,871.3664784838688,700.8713664784839
7,1075.804144834917,701.0758041448349
7,1070.3823192034292,701.0703823192034
7,913.0990643575576,700.9130990643575
8,1070.9958815606194,801.0709958815606
9,1153.1212873652403,901.1531212873653
9,1196.2157448703656,901.1962157448704
9,1139.3544011544325,901.1393544011544
9,1167.3539227230635,901.167353922723
9,1158.1103690434306,901.1581103690435
9,919.8885040160784,900.9198885040161
9,1120.6500397956772,901.1206500397957
9,1101.3464604547248,901.1013464604547
8,979.514673626723,800.9795146736267
8,1042.4634788710473,801.042463478871
9,941.9117380936904,900.9419117380937
10,925.1169990707805,1000.9251169990707
10,1243.738794034327,1001.2437387940344
