num_vehicles,distance,fitness
8,962.0780328369437,800.962078032837
8,838.5954212286031,800.8385954212285
9,847.5517245839451,900.8475517245839
8,775.0183469121471,800.7750183469121
10,971.5826688668678,1000.9715826688669
9,990.8455357100069,900.99084553571
8,891.7972719369565,800.891797271937
9,928.8876950648746,900.9288876950649
8,992.5071484512264,800.9925071484512
8,966.6818792748473,800.9666818792748
8,1006.4138954145983,801.0064138954147
8,969.0631982154205,800.9690631982154
9,1079.2211545209736,901.079221154521
8,1035.1288981082917,801.0351288981083
8,1069.4075434254835,801.0694075434254
9,1029.9116086207648,901.0299116086208
9,1104.755126283204,901.1047551262832
10,1078.0969059272004,1001.0780969059272
9,1038.0748081303336,901.0380748081303
10,1035.8152842482132,1001.0358152842482
