num_vehicles,distance,fitness
7,979.4404534601562,700.9794404534601
7,951.8688604602146,700.9518688604602
7,1029.4387603680505,701.0294387603681
7,811.9473755953653,700.8119473755953
7,973.6908108798638,700.9736908108798
7,1051.0954064654045,701.0510954064654
8,1113.1719306267116,801.1131719306267
8,1083.4640330004293,801.0834640330004
9,1259.556026410038,901.25955602641
8,956.3192067774885,800.9563192067775
8,1017.7919712237227,801.0177919712237
8,1069.0437301122395,801.0690437301122
7,1019.9844818173442,701.0199844818173
8,1064.8928600083416,801.0648928600083
8,1081.6112655027107,801.0816112655027
7,943.5809867634647,700.9435809867634
8,1057.145474418699,801.0571454744187
8,1229.2864249646866,801.2292864249647
8,1144.865339040916,801.144865339041
8,986.8413451451157,800.9868413451451
