num_vehicles,distance,fitness
4,1067.7019895573885,401.0677019895574
5,1022.6508637791295,501.0226508637791
5,1135.857502754455,501.13585750275445
5,1050.9474021392857,501.0509474021393
4,989.1403171638412,400.98914031716384
4,1096.3429249107417,401.09634292491074
4,982.8986929544079,400.9828986929544
5,1083.5197478526882,501.0835197478527
5,1144.7913360397079,501.1447913360397
4,994.9115915325895,400.99491159153257
6,1020.3940231837503,601.0203940231837
4,950.5383922089161,400.9505383922089
5,1365.9054578199712,501.36590545781996
5,1085.4077209121074,501.0854077209121
6,1210.0801586509074,601.210080158651
5,1001.9881965053733,501.00198819650535
6,1233.0818571678174,601.2330818571678
4,1080.4011211133384,401.0804011211133
5,1060.0661001740136,501.060066100174
5,1229.6614121373166,501.2296614121373
