num_vehicles,distance,fitness
5,1156.9680017061987,501.1569680017062
5,1010.3444488439899,501.01034444884397
5,1211.6459430519221,501.2116459430519
5,1039.8347370991874,501.03983473709917
5,1039.0186706107502,501.03901867061074
5,1213.7759246365993,501.2137759246366
5,1048.523860431493,501.0485238604315
5,1084.8103922223772,501.0848103922224
5,1119.601275610243,501.11960127561025
5,1011.6479613610524,501.01164796136106
6,1076.2169712896696,601.0762169712897
5,1351.0775638309717,501.351077563831
6,1096.5991338521317,601.0965991338521
6,1043.4994569920277,601.043499456992
5,1112.2882721041608,501.11228827210414
5,1233.9148047071121,501.2339148047071
5,1175.9384439387902,501.1759384439388
5,1233.3378402790897,501.2333378402791
6,1259.4738120485197,601.2594738120486
5,1225.8492822559635,501.225849282256
