num_vehicles,distance,fitness
5,1310.0844333327757,501.3100844333328
5,1077.55668688393,501.07755668688395
5,1132.1145107671186,501.1321145107671
6,1110.040728728396,601.1100407287284
5,1159.7473969153996,501.1597473969154
4,1022.3960548710413,401.022396054871
6,908.8807628694608,600.9088807628694
6,1243.344628389968,601.24334462839
6,1254.2829024091711,601.2542829024092
5,1213.987108696731,501.21398710869676
5,880.1426183885135,500.8801426183885
5,1213.0858487405358,501.21308584874055
5,1114.2055758518077,501.1142055758518
5,1046.537630130359,501.04653763013033
5,1331.7831015965644,501.33178310159656
6,1143.9842533504057,601.1439842533504
5,1128.770288684068,501.12877028868405
5,1078.941965041123,501.0789419650411
6,1206.4028843315098,601.2064028843315
6,1104.1786583729786,601.104178658373
