num_vehicles,distance,fitness
5,1306.6275740598305,501.3066275740598
5,1051.4741657670481,501.05147416576705
4,989.8194685987692,400.9898194685988
5,1093.225811616435,501.09322581161643
5,1213.4667946598322,501.21346679465984
5,1010.2281014581722,501.01022810145815
5,1114.2597725673813,501.1142597725674
5,1198.3270252210175,501.19832702522103
5,1085.2655451825908,501.0852655451826
4,973.8677012767952,400.9738677012768
4,1267.4359173630546,401.26743591736306
4,1066.659680368176,401.06665968036816
5,1010.1740673372126,501.01017406733723
5,1338.786742368451,501.3387867423684
5,1096.0702184167935,501.0960702184168
5,1039.7004307567947,501.0397004307568
5,1168.30904241117,501.1683090424112
4,1091.3314884776885,401.0913314884777
5,975.8080359791234,500.9758080359791
4,1056.5831262723088,401.0565831262723
