num_vehicles,distance,fitness
5,1206.7227033268164,501.2067227033268
5,937.9944188339774,500.93799441883397
5,1230.2899742538702,501.2302899742539
5,1278.8555918268241,501.2788555918268
6,1178.0712257427872,601.1780712257428
6,1167.6081948453473,601.1676081948453
6,1131.7615312748405,601.1317615312748
8,1178.0608461522509,801.1780608461522
7,1260.8692285490558,701.260869228549
7,1192.4447617555757,701.1924447617556
6,1155.8589670753295,601.1558589670753
8,1140.0634992756984,801.1400634992757
7,1228.690361790699,701.2286903617907
8,1314.040531861756,801.3140405318618
6,944.9579199788539,600.9449579199788
7,1288.3955294665502,701.2883955294666
8,1280.2349246644158,801.2802349246645
6,1104.419429244586,601.1044194292446
8,1270.0393775076886,801.2700393775077
7,1247.484034661859,701.2474840346619
