num_vehicles,distance,fitness
5,1088.2573579320474,501.08825735793204
5,963.0804077635696,500.9630804077636
5,1018.9447924784102,501.0189447924784
5,1225.2142099006924,501.2252142099007
5,1168.2025163983294,501.1682025163983
5,1227.649239619227,501.2276492396192
6,1100.867854754866,601.1008678547548
5,1204.0738376335696,501.2040738376336
6,1285.8397656313684,601.2858397656314
6,1187.5251552587988,601.1875251552588
5,1067.6807030339905,501.067680703034
5,1127.0981811797433,501.12709818117975
6,1308.2360057126068,601.3082360057126
6,1148.566145054488,601.1485661450545
6,1100.1050720668864,601.1001050720669
5,1087.3900433230228,501.087390043323
5,944.0107368206279,500.94401073682064
5,1119.5844216124326,501.11958442161244
6,1220.9016287113432,601.2209016287113
6,1057.707964551952,601.0577079645519
