num_vehicles,distance,fitness,time
1.0,223.3100725415374,100.22331007254154,368.71929955482483
