num_vehicles,distance,fitness,time
1.0,432.9487276226012,100.4329487276226,263.0288157463074
