num_vehicles,distance,fitness,time
1.0,433.9421927930093,100.43394219279301,261.89735436439514
1.0,432.9487276226012,100.4329487276226,263.0288157463074
1.0,433.9421927930093,100.43394219279301,270.89272594451904
1.0,433.9421927930093,100.43394219279301,264.5031797885895
