num_vehicles,distance,fitness
6,447.6452532027363,600.4476452532027
7,611.1116221038993,700.6111116221039
7,519.306564618326,700.5193065646183
8,585.5411708188137,800.5855411708188
9,648.4785535236188,900.6484785535237
7,546.1417057722607,700.5461417057722
7,569.008334775143,700.5690083347752
8,565.460357438231,800.5654603574383
8,633.0739666107622,800.6330739666107
7,535.4383965994316,700.5354383965994
8,567.2659892760366,800.567265989276
11,800.7168313687334,1100.8007168313688
8,623.6215183531903,800.6236215183532
9,633.6769167257575,900.6336769167258
9,660.6417746530858,900.6606417746531
9,699.709098785064,900.6997090987851
7,648.8361133473865,700.6488361133474
8,626.8463600199093,800.62684636002
8,606.925847238919,800.6069258472389
8,679.0777952468801,800.6790777952468
