num_vehicles,distance,fitness
7,495.26436520284466,700.4952643652028
7,615.5482542741206,700.6155482542741
7,559.994687664107,700.5599946876641
6,627.634732488875,600.6276347324889
7,510.2387972561295,700.5102387972561
7,604.0872279136906,700.6040872279137
7,582.0504651095065,700.5820504651095
8,732.0984650378879,800.7320984650379
8,628.9916184219887,800.628991618422
7,630.8965142185547,700.6308965142185
7,642.3326839087706,700.6423326839088
8,704.4453627747885,800.7044453627748
8,679.5447968356897,800.6795447968357
8,646.6297431593596,800.6466297431593
9,674.4064654239621,900.674406465424
7,609.4454788274872,700.6094454788275
7,654.3997847973951,700.6543997847974
8,743.5751897715286,800.7435751897715
8,635.531477102323,800.6355314771023
8,648.8936041846406,800.6488936041847
