num_vehicles,distance,fitness
7,512.2931205274929,700.5122931205275
7,586.0210335198143,700.5860210335198
7,527.4397978316739,700.5274397978317
7,517.9472844385804,700.5179472844386
7,560.6238831766362,700.5606238831766
7,528.9348142642675,700.5289348142643
7,567.260073931776,700.5672600739317
7,561.075170447779,700.5610751704478
6,561.6077948513597,600.5616077948514
7,566.4166862652439,700.5664166862653
7,596.5766030369896,700.596576603037
7,647.6936321101416,700.6476936321102
7,677.9236136462907,700.6779236136463
6,590.1625509259625,600.5901625509259
7,626.2244992617892,700.6262244992618
7,629.0056730771428,700.6290056730771
7,665.2467642245106,700.6652467642245
8,686.0812389172766,800.6860812389173
7,662.2158676310439,700.6622158676311
7,589.2017568534786,700.5892017568535
