num_vehicles,distance,fitness
7,658.8124637298049,700.6588124637298
7,561.8625186441044,700.5618625186441
9,596.012880146509,900.5960128801465
8,538.3776465273136,800.5383776465274
9,663.5480124567214,900.6635480124568
8,585.6373961708333,800.5856373961708
8,633.3175684720741,800.6333175684721
9,640.5572335832109,900.6405572335832
10,617.6503969920806,1000.6176503969921
11,709.3736542698836,1100.70937365427
10,655.0470234722951,1000.6550470234723
9,654.5634358452165,900.6545634358453
7,570.1561859711016,700.5701561859711
11,823.831871352093,1100.823831871352
10,664.4522428393697,1000.6644522428394
9,700.1738944309742,900.7001738944309
11,739.8937712134599,1100.7398937712135
10,619.8915057743241,1000.6198915057744
9,705.8405892085292,900.7058405892085
10,674.4032900001287,1000.6744032900001
