num_vehicles,distance,fitness
7,664.5333586844342,700.6645333586845
7,629.6532972024008,700.6296532972024
8,649.5353394145839,800.6495353394146
8,599.2975807871712,800.5992975807872
7,584.1755774984323,700.5841755774984
8,583.3794895860011,800.583379489586
7,604.3232282225081,700.6043232282225
7,558.1167995164345,700.5581167995165
7,559.5113771985172,700.5595113771985
8,586.4841588891039,800.5864841588891
7,560.6412361247343,700.5606412361248
8,630.6870794742183,800.6306870794742
7,677.8173446591818,700.6778173446592
7,577.9611310865733,700.5779611310866
7,681.9434634606092,700.6819434634606
8,656.0412104865622,800.6560412104866
8,641.3342830586872,800.6413342830587
8,621.2037288043388,800.6212037288043
8,655.4884703113412,800.6554884703113
8,630.4814964775985,800.6304814964776
