num_vehicles,distance,fitness
7,636.8199997144283,700.6368199997145
7,629.0994171212542,700.6290994171212
7,686.0340079698356,700.6860340079699
7,581.4304676390288,700.581430467639
7,644.1477814897802,700.6441477814898
7,638.469899723956,700.638469899724
7,722.3553737930805,700.7223553737931
7,664.6880740584397,700.6646880740584
7,588.3508164576749,700.5883508164577
7,680.1846268837218,700.6801846268837
7,639.0348742273122,700.6390348742273
7,668.2836468424725,700.6682836468425
8,736.7357708736744,800.7367357708737
7,663.5992328205006,700.6635992328205
7,667.1304424194503,700.6671304424194
7,628.0613517850497,700.628061351785
7,657.6510065083917,700.6576510065084
7,570.2649432818104,700.5702649432818
7,655.0173971690758,700.6550173971691
7,596.9839783455907,700.5969839783456
