num_vehicles,distance,fitness
5,457.2023704760672,500.45720237047607
6,485.36419177669586,600.4853641917767
7,510.42320375630567,700.5104232037563
6,493.44930873629846,600.4934493087363
5,479.8290370513832,500.4798290370514
8,574.8601015783029,800.5748601015783
6,559.9873482544604,600.5599873482545
5,484.05449896599777,500.484054498966
9,599.037671007597,900.5990376710076
8,652.4253731871748,800.6524253731872
9,699.359416449302,900.6993594164493
9,808.1648651012274,900.8081648651013
10,642.8885588169643,1000.6428885588169
9,737.9911187370631,900.7379911187371
9,739.3326854294629,900.7393326854294
8,685.6529850918722,800.6856529850919
8,705.6127598965279,800.7056127598966
10,749.2015891151455,1000.7492015891152
9,688.0467873949174,900.6880467873949
9,719.3799261649565,900.719379926165
