num_vehicles,distance,fitness
5,512.8102709016586,500.51281027090164
5,536.7194895605998,500.5367194895606
5,597.3462097337668,500.59734620973376
5,531.5018201646029,500.5315018201646
5,585.2143217686507,500.58521432176866
5,564.0746250171752,500.56407462501716
6,639.7931681545384,600.6397931681545
5,536.1195543481304,500.53611955434815
8,731.626562539323,800.7316265625393
8,691.7500054857148,800.6917500054857
8,764.551970853169,800.7645519708532
6,669.892500979277,600.6698925009792
8,780.8050664676805,800.7808050664677
8,707.1233372914438,800.7071233372915
8,707.7026874781194,800.7077026874781
7,654.1372291388735,700.6541372291389
6,730.9476604073495,600.7309476604073
7,680.5055348784596,700.6805055348784
7,763.3020903008037,700.7633020903008
7,660.5702889508798,700.6605702889509
