num_vehicles,distance,fitness
5,555.9485643976219,500.5559485643976
5,573.3423471302931,500.5733423471303
5,598.6783826097922,500.5986783826098
5,578.9648264544163,500.5789648264544
5,551.0572127122509,500.55105721271224
5,653.9161380660208,500.653916138066
5,611.7799344500131,500.61177993445
5,651.2638564824437,500.65126385648244
6,678.9345824181113,600.6789345824182
7,738.7399149963919,700.7387399149964
6,752.5254143960774,600.7525254143961
6,650.5355189967864,600.6505355189968
7,777.865957410843,700.7778659574109
6,725.4468749015182,600.7254468749015
5,651.1866487534008,500.6511866487534
8,780.1200026424856,800.7801200026424
6,733.4180202123482,600.7334180202123
7,724.0007916171527,700.7240007916172
6,757.1676340667021,600.7571676340667
7,725.4573069093404,700.7254573069093
