num_vehicles,distance,fitness
5,534.3361221591722,500.5343361221592
5,578.0654587642966,500.5780654587643
5,625.2016689940576,500.62520166899407
5,522.9591256757263,500.52295912567575
5,552.8861332672734,500.5528861332673
5,532.2705371427193,500.5322705371427
5,555.4209118969973,500.555420911897
5,612.6372831284474,500.61263728312844
5,731.6035831803904,500.7316035831804
6,794.2913703025384,600.7942913703025
5,724.4227910990934,500.7244227910991
5,678.520650462052,500.6785206504621
5,766.6189873480149,500.766618987348
5,734.3622432171036,500.7343622432171
5,719.9277881608231,500.7199277881608
6,760.5226230570714,600.7605226230571
6,739.060228661256,600.7390602286613
5,738.4682684914314,500.73846826849143
5,698.9710252841342,500.69897102528415
5,705.6890521556019,500.7056890521556
