num_vehicles,distance,fitness
5,492.8496652239143,500.4928496652239
5,593.3823709515153,500.59338237095153
7,578.5379224692116,700.5785379224692
5,482.6225574318771,500.48262255743185
5,444.5070056915439,500.44450700569155
5,497.07657640242076,500.49707657640243
6,463.40794586142886,600.4634079458614
7,637.8236132711249,700.6378236132712
7,680.1523950833986,700.6801523950834
7,640.4960541202029,700.6404960541201
7,624.5942137996923,700.6245942137997
6,678.1204199909873,600.6781204199909
7,706.9404531963369,700.7069404531964
8,620.9709879477455,800.6209709879478
6,651.1760548488462,600.6511760548489
6,645.4891052850569,600.645489105285
7,556.8232646496797,700.5568232646497
6,607.0740856936496,600.6070740856936
7,691.4830770505781,700.6914830770506
8,709.6215786564499,800.7096215786564
