num_vehicles,distance,fitness
5,466.50342106065915,500.4665034210607
5,499.56382241518247,500.49956382241515
5,509.2976534730621,500.5092976534731
5,450.9062029466156,500.4509062029466
5,596.3858923851175,500.5963858923851
5,626.7239787279484,500.62672397872797
5,547.9358038794419,500.54793580387945
6,628.9737115988985,600.6289737115989
6,670.6452562926346,600.6706452562927
7,735.2936971184113,700.7352936971184
6,679.1331835013157,600.6791331835013
6,662.4103104437733,600.6624103104438
6,533.9097808035966,600.5339097808036
7,690.6144743015068,700.6906144743015
7,670.2581034773016,700.6702581034773
7,555.6653284657507,700.5556653284658
6,646.4172387256828,600.6464172387257
7,652.6003493850013,700.652600349385
7,589.0284822760223,700.589028482276
6,614.5396296640579,600.614539629664
