num_vehicles,distance,fitness
7,743.2970155147732,700.7432970155148
6,748.5217161970698,600.748521716197
6,704.1926810946943,600.7041926810947
7,857.010785841905,700.8570107858419
6,723.139350642139,600.7231393506421
8,792.4464465489194,800.7924464465489
9,931.3873272811209,900.9313873272811
12,962.3883368971979,1200.9623883368972
9,919.093656275905,900.9190936562759
8,833.9897338146864,800.8339897338146
9,882.0732484068363,900.8820732484069
9,872.0955610030642,900.8720955610031
9,1013.029987509575,901.0130299875095
9,931.3195207292472,900.9313195207293
9,939.936456255337,900.9399364562553
9,936.0759027739556,900.936075902774
11,964.1082917135946,1100.9641082917135
11,1031.7703728507067,1101.0317703728508
10,1049.31671851739,1001.0493167185174
9,1045.4060737321488,901.0454060737321
