num_vehicles,distance,fitness
7,847.9959707224298,700.8479959707224
7,820.7163314250321,700.820716331425
6,762.3464302464256,600.7623464302465
7,878.3938799897406,700.8783938799897
6,850.5760112594654,600.8505760112595
6,754.199087090676,600.7541990870907
6,830.7804508239439,600.8307804508239
9,1028.7667878281002,901.0287667878281
9,913.8422406484133,900.9138422406484
10,963.6150517094774,1000.9636150517094
9,930.0947268610086,900.9300947268611
8,920.2435061556396,800.9202435061557
8,902.348919216624,800.9023489192166
9,994.9535857503311,900.9949535857503
9,898.550938900235,900.8985509389003
8,899.6864692214152,800.8996864692214
8,920.7751370846369,800.9207751370847
9,881.6592669657275,900.8816592669657
9,1025.4044309263834,901.0254044309264
9,928.905627602978,900.928905627603
