num_vehicles,distance,fitness
7,818.2437983267619,700.8182437983268
6,834.2318690007758,600.8342318690007
7,772.6730511133613,700.7726730511133
6,804.3904331796832,600.8043904331797
7,821.6575028329908,700.821657502833
7,976.080499973333,700.9760804999734
6,827.0217697644498,600.8270217697644
7,825.110032176328,700.8251100321763
10,884.899418955204,1000.8848994189552
8,889.9112934368948,800.8899112934369
10,1029.057508457679,1001.0290575084576
8,911.7627816937273,800.9117627816937
8,866.3905255641126,800.8663905255642
9,963.7555806672913,900.9637555806673
9,957.7336247582952,900.9577336247582
10,1042.1417710541614,1001.0421417710542
8,781.6036044810705,800.7816036044811
8,903.9720187761671,800.9039720187761
10,994.3313171232504,1000.9943313171233
9,847.7855642981621,900.8477855642982
