num_vehicles,distance,fitness
7,875.9048735512156,700.8759048735512
7,886.1851592421392,700.8861851592421
6,789.0123674163832,600.7890123674164
6,899.9805855644763,600.8999805855644
7,937.8603222962072,700.9378603222962
7,867.2800563444212,700.8672800563444
8,949.6366282745819,800.9496366282746
7,905.3849495237088,700.9053849495238
8,913.8516168294536,800.9138516168294
8,985.6226138596392,800.9856226138596
7,861.4524886367749,700.8614524886368
8,819.5540550459008,800.819554055046
8,1012.1739985307072,801.0121739985307
8,883.2055069947481,800.8832055069947
8,891.8821373986382,800.8918821373986
8,1000.0096677357596,801.0000096677358
7,751.3418087464752,700.7513418087465
7,891.0032625396617,700.8910032625397
7,827.2690539065741,700.8272690539065
8,944.2985966105161,800.9442985966106
