num_vehicles,distance,fitness
6,849.5290070488132,600.8495290070488
8,731.1403644653727,800.7311403644653
7,771.6080655944786,700.7716080655945
7,904.6278749951906,700.9046278749952
7,782.9952166950264,700.782995216695
9,815.3627486510451,900.8153627486511
8,804.4733751636332,800.8044733751636
7,866.2712548827756,700.8662712548828
9,930.6220935294041,900.9306220935295
9,929.897181409546,900.9298971814095
9,868.8786693019629,900.8688786693019
9,935.4031479244012,900.9354031479244
7,818.0893470954312,700.8180893470955
9,938.1263105067399,900.9381263105067
10,1011.091389396535,1001.0110913893965
9,859.5546566928051,900.8595546566928
9,910.7960970221313,900.9107960970222
8,861.0602178228987,800.8610602178229
10,927.528020371456,1000.9275280203715
10,1034.5662243228724,1001.0345662243228
