num_vehicles,distance,fitness
6,762.3946846662257,600.7623946846662
6,795.3933167826985,600.7953933167827
8,887.5050622648465,800.8875050622648
7,851.6189034186082,700.8516189034186
7,833.0846762189399,700.833084676219
6,707.237489876056,600.7072374898761
9,935.2352072278136,900.9352352072278
8,905.6107280295128,800.9056107280295
8,860.9499301771082,800.8609499301771
7,741.6190022079271,700.7416190022079
8,925.6761861903304,800.9256761861903
8,981.5112154812527,800.9815112154813
9,969.824103782905,900.9698241037829
8,915.0382070792431,800.9150382070792
9,887.7063347175302,900.8877063347176
7,823.0024143390498,700.823002414339
8,827.7887730744139,800.8277887730744
9,876.6988054866865,900.8766988054867
9,838.0753574285164,900.8380753574285
8,1003.8524379587294,801.0038524379587
