num_vehicles,distance,fitness
7,842.8913236348984,700.842891323635
7,802.2317224232138,700.8022317224232
8,807.3495666463675,800.8073495666464
7,808.7738885175858,700.8087738885176
7,899.4438381523144,700.8994438381524
7,876.216734793822,700.8762167347938
8,958.3540413470605,800.9583540413471
8,881.1799189104412,800.8811799189104
10,1014.6776956288318,1001.0146776956288
9,882.3990581255503,900.8823990581255
7,851.2278476104857,700.8512278476105
8,919.9824278998879,800.9199824278999
11,953.015634939611,1100.9530156349397
10,984.5276525249335,1000.9845276525249
7,965.546866990401,700.9655468669904
9,966.3331616364546,900.9663331616365
10,953.9145910248706,1000.9539145910248
8,938.1032316079352,800.9381032316079
8,885.6524209033718,800.8856524209034
9,959.3247082189249,900.9593247082189
