num_vehicles,distance,fitness
6,840.3646523098904,600.8403646523099
6,753.0052950303545,600.7530052950303
7,897.0756221534471,700.8970756221535
7,874.1195088756544,700.8741195088757
7,808.0002929237819,700.8080002929238
7,861.4037889833395,700.8614037889834
6,792.715112595786,600.7927151125958
7,911.3485460906758,700.9113485460907
8,933.7941691375312,800.9337941691375
7,933.6078623164207,700.9336078623164
6,841.0731953963754,600.8410731953963
7,955.925744099665,700.9559257440997
6,806.0449930567296,600.8060449930567
7,870.0272750613028,700.8700272750613
6,753.4230963197197,600.7534230963197
7,878.7979782467788,700.8787979782468
7,772.8945537738838,700.7728945537739
7,876.5069735529064,700.8765069735529
7,816.9335336991958,700.8169335336992
6,859.7871888830273,600.859787188883
