num_vehicles,distance,fitness
4,918.1606608150763,400.9181606608151
5,882.7493008051757,500.8827493008052
4,874.9503686502599,400.8749503686503
6,928.4781407984125,600.9284781407985
5,814.669413399776,500.81466941339977
7,907.7465965435907,700.9077465965436
8,973.0510013775021,800.9730510013775
7,906.2540611596689,700.9062540611596
7,968.0553447821214,700.9680553447821
6,986.3207794653829,600.9863207794654
6,961.9127208824189,600.9619127208824
8,922.7033267278889,800.9227033267279
8,1063.953479183711,801.0639534791837
7,894.4741080266101,700.8944741080267
9,993.6591674439326,900.993659167444
7,852.5124507123712,700.8525124507124
8,814.9167989464715,800.8149167989465
9,1044.1507057599945,901.04415070576
7,883.4827677955057,700.8834827677955
9,973.8654516246518,900.9738654516246
