num_vehicles,distance,fitness
4,848.564939599413,400.84856493959944
4,950.2786086283073,400.9502786086283
4,871.2617407057037,400.8712617407057
4,941.3382354523019,400.9413382354523
4,863.5177749981809,400.8635177749982
5,960.5220273280329,500.960522027328
7,923.0220406012546,700.9230220406013
6,994.1590193768294,600.9941590193769
7,827.5697348386993,700.8275697348387
7,997.6378832077244,700.9976378832077
6,899.9794665475796,600.8999794665476
7,880.7646387187938,700.8807646387188
7,946.080697846428,700.9460806978465
5,965.1459092303016,500.96514590923033
7,897.2397236145628,700.8972397236146
7,988.2305920410284,700.9882305920411
6,816.1673669174029,600.8161673669174
6,923.1605761025115,600.9231605761025
5,946.295260182296,500.9462952601823
7,907.0062754287183,700.9070062754287
