num_vehicles,distance,fitness
4,937.6570066368039,400.9376570066368
4,939.0101569555378,400.93901015695553
4,886.805020559463,400.88680502055945
4,857.174739433889,400.8571747394339
4,917.8751743759099,400.9178751743759
4,867.1567860786698,400.8671567860787
4,935.7101032393641,400.9357101032394
4,853.8045172945054,400.8538045172945
4,904.5398891517583,400.90453988915175
5,933.7567258092438,500.93375672580925
4,950.8209686525272,400.9508209686525
4,862.9334596726089,400.8629334596726
4,810.5383960757607,400.81053839607574
4,875.6442478548278,400.87564424785484
4,911.8991355324197,400.9118991355324
6,999.8556227830661,600.9998556227831
5,910.2578744958433,500.91025787449587
5,1011.0145826954978,501.0110145826955
5,975.4129195068839,500.9754129195069
5,904.9075462482467,500.90490754624824
