num_vehicles,distance,fitness
4,887.2260787198006,400.8872260787198
4,841.8572817234987,400.8418572817235
4,912.7071678171333,400.91270716781713
4,908.7669969154156,400.9087669969154
5,916.865191916239,500.91686519191626
5,916.2373265855703,500.9162373265856
5,844.7014295485262,500.84470142954854
5,959.9095598728219,500.9599095598728
5,879.5674643354088,500.8795674643354
5,1069.3800858269888,501.069380085827
5,934.2942371077609,500.93429423710774
5,901.284061438113,500.9012840614381
5,927.4046194406945,500.9274046194407
5,814.4100681469179,500.8144100681469
6,891.2092466553374,600.8912092466553
4,882.4647769002632,400.88246477690024
6,914.6329844384637,600.9146329844384
5,942.6590696337202,500.94265906963375
5,957.0002354935748,500.9570002354936
4,877.8995920342094,400.8778995920342
