num_vehicles,distance,fitness
4,990.4776981132496,400.99047769811324
4,1060.7736716143143,401.0607736716143
4,1007.095231313656,401.00709523131366
4,1018.3924544848121,401.0183924544848
4,981.0174793639511,400.98101747936397
4,1034.950346115739,401.03495034611575
5,957.0875858830917,500.9570875858831
4,949.9762453226465,400.94997624532266
4,918.3200569523656,400.9183200569524
5,972.4410000848404,500.9724410000848
4,916.0423473113434,400.91604234731136
4,825.7692729616709,400.8257692729617
5,893.511466702997,500.893511466703
6,1063.5667487500489,601.0635667487501
5,991.6171351866341,500.99161713518663
5,924.5665189176768,500.9245665189177
5,1048.85081112154,501.04885081112155
5,1047.9852119253128,501.0479852119253
6,962.8875337370224,600.962887533737
4,921.0359306753362,400.9210359306753
