num_vehicles,distance,fitness
4,918.9340678700514,400.91893406787005
5,890.565148129191,500.8905651481292
5,923.2232564988026,500.92322325649883
5,939.1963157597197,500.9391963157597
5,915.4396509665257,500.9154396509665
4,928.3148756929995,400.928314875693
6,930.0859103264181,600.9300859103264
5,953.7584477709712,500.95375844777095
6,904.8634330122338,600.9048634330122
5,882.9594196238249,500.88295941962383
5,1010.7392999999413,501.01073929999995
5,956.81331036409,500.9568133103641
6,1025.9033179480512,601.0259033179481
6,962.414147203591,600.9624141472036
5,924.8328087922765,500.9248328087923
5,954.2067679861359,500.95420676798614
5,935.7340479491788,500.93573404794915
5,933.5532656700036,500.93355326567
5,908.3229553243165,500.9083229553243
5,909.7370974773044,500.9097370974773
