num_vehicles,distance,fitness
4,877.1580260263885,400.8771580260264
4,863.9775429052463,400.8639775429052
4,885.0211934724227,400.8850211934724
4,945.4463917440941,400.9454463917441
4,819.169469589194,400.8191694695892
4,871.2769593732353,400.87127695937323
4,899.8574148348251,400.8998574148348
4,951.7368078131914,400.9517368078132
4,909.7207918296182,400.9097207918296
4,925.9899099036369,400.92598990990365
4,899.5478646720966,400.8995478646721
4,875.744354176272,400.8757443541763
4,1008.3069059421289,401.0083069059421
4,897.7879792703518,400.89778797927033
5,998.5511273548068,500.9985511273548
4,863.5708531097589,400.86357085310976
5,911.7809919166215,500.9117809919166
5,914.1062763104239,500.9141062763104
5,978.560519082117,500.9785605190821
4,998.5535109448772,400.9985535109449
