num_vehicles,distance,fitness
8,759.1670203183024,800.7591670203183
9,960.5051721212219,900.9605051721212
8,852.161878830103,800.8521618788301
8,810.1445018269143,800.8101445018269
7,820.2628825342534,700.8202628825343
8,881.8283751243523,800.8818283751243
8,776.6826092225942,800.7766826092226
12,1253.447979709742,1201.2534479797098
11,1159.0376789094864,1101.1590376789095
10,1033.3764831095054,1001.0333764831095
10,1183.880542524084,1001.1838805425241
10,1012.1550651490948,1001.012155065149
11,1124.5527926234722,1101.1245527926235
10,1054.831803438276,1001.0548318034382
9,1184.2723846733654,901.1842723846734
9,1095.6103533059572,901.0956103533059
8,968.767289391395,800.9687672893914
9,851.2340795717879,900.8512340795718
8,900.5335350207588,800.9005335350207
9,989.9459031331115,900.9899459031332
