num_vehicles,distance,fitness
7,979.4404534601562,700.9794404534601
7,992.2043368621452,700.9922043368622
7,864.4897005559518,700.864489700556
7,849.0971260559226,700.8490971260559
7,1041.144720158401,701.0411447201584
7,935.2029637583954,700.9352029637583
7,1070.5120345359528,701.0705120345359
7,937.3968343407068,700.9373968343407
7,956.4931904459771,700.9564931904459
9,1051.8591439059821,901.051859143906
7,1053.3252455266856,701.0533252455267
7,1047.6083293272409,701.0476083293272
8,1203.8264879994201,801.2038264879994
8,1178.355800016483,801.1783558000164
7,952.475251455556,700.9524752514556
8,1054.6137295267226,801.0546137295267
8,1155.0248304142335,801.1550248304143
8,1059.5126547667016,801.0595126547666
7,1008.2326273181995,701.0082326273182
9,1144.5181863800515,901.1445181863801
