num_vehicles,distance,fitness
7,792.558481332472,700.7925584813324
7,833.9861622686469,700.8339861622686
7,928.1241362889918,700.928124136289
7,933.2837456286018,700.9332837456286
8,850.6586773201823,800.8506586773202
7,829.0942986714115,700.8290942986714
8,889.4574127567947,800.8894574127568
8,929.8254061037987,800.9298254061038
11,1354.449952092728,1101.3544499520926
9,1260.6549432809984,901.260654943281
10,1204.2888177140005,1001.204288817714
9,1062.6207404247284,901.0626207404247
8,1006.566075983201,801.0065660759832
9,1081.7947408930033,901.081794740893
9,1055.428987384454,901.0554289873844
10,1241.365337132643,1001.2413653371326
10,1234.4272996755287,1001.2344272996755
10,1127.6158923261162,1001.1276158923262
9,1133.5822519992907,901.1335822519993
8,995.38519446943,800.9953851944695
