num_vehicles,distance,fitness
4,1081.4010688547528,401.08140106885475
5,1101.1313703609871,501.101131370361
4,1093.6255851235517,401.09362558512356
5,1277.0048524929682,501.27700485249295
5,1097.115541753788,501.0971155417538
4,973.2716692492161,400.97327166924924
5,975.3381198312,500.9753381198312
5,1049.324456807044,501.049324456807
6,1375.623395484726,601.3756233954847
6,1301.548028594657,601.3015480285947
7,1119.959238311106,701.1199592383111
5,1162.6540119689062,501.1626540119689
7,1202.8152942421505,701.2028152942421
7,1241.7661822857092,701.2417661822857
7,1359.5420697251593,701.3595420697252
7,1210.4145576671035,701.2104145576671
6,1232.487122990016,601.23248712299
6,1180.5431504840103,601.180543150484
7,1165.4002158707203,701.1654002158707
7,1245.1247126099843,701.2451247126099
