num_vehicles,distance,fitness
5,1098.2107185369055,501.0982107185369
5,930.6190711038688,500.9306190711039
5,1065.3898875095242,501.0653898875095
5,931.6992446157884,500.9316992446158
6,1183.456175380022,601.18345617538
6,1011.0960872921573,601.0110960872921
5,1036.2036341420533,501.03620363414205
5,1157.6555967694892,501.1576555967695
5,991.7895619045337,500.9917895619045
6,1112.8897317970764,601.112889731797
7,1268.3068255771511,701.2683068255772
5,1244.97625277309,501.2449762527731
7,1033.9894601742965,701.0339894601743
7,1335.9657574056857,701.3359657574057
7,988.1613939859631,700.9881613939859
8,1093.9177390163668,801.0939177390163
5,1111.9317696548783,501.11193176965486
7,1391.9284656081077,701.3919284656081
7,1262.40670560261,701.2624067056026
5,1227.6452060448196,501.2276452060448
