num_vehicles,distance,fitness
5,1206.7227033268164,501.2067227033268
6,1169.9609215559803,601.169960921556
6,1038.3269138361234,601.0383269138362
6,1185.3182373225236,601.1853182373226
5,1039.9074091861241,501.0399074091861
6,1258.1211068192088,601.2581211068192
7,1151.574048519018,701.151574048519
5,1031.1029210423035,501.0311029210423
7,1283.6410659205203,701.2836410659205
7,1273.507869903137,701.2735078699031
6,1320.98935051715,601.3209893505172
7,1172.571310417017,701.172571310417
7,1320.9109039446212,701.3209109039447
8,1368.735563327914,801.368735563328
5,1169.781146331218,501.1697811463312
7,1195.369733692942,701.1953697336929
6,1228.668892280874,601.2286688922809
7,1281.889653375962,701.281889653376
8,1277.7237244418154,801.2777237244418
9,1234.5141883620934,901.2345141883621
