num_vehicles,distance,fitness
5,1088.2573579320474,501.08825735793204
5,1003.1927492669479,501.00319274926693
4,1136.1089100424342,401.1361089100424
5,1125.44638260539,501.1254463826054
5,1054.312289977974,501.054312289978
6,1231.1058836690902,601.2311058836691
5,1231.3047748489246,501.2313047748489
6,1051.9837816644142,601.0519837816644
6,1166.6671596304996,601.1666671596305
4,1076.7149656345232,401.07671496563455
5,1174.968708040369,501.17496870804035
5,1018.5850611007536,501.01858506110074
6,1376.1917998601662,601.3761917998602
6,1166.6132501104971,601.1666132501105
6,1073.8535057693218,601.0738535057693
5,1043.058516713532,501.04305851671353
6,1141.0514573890614,601.141051457389
6,1056.4231854880545,601.056423185488
5,1052.1554311680711,501.05215543116805
5,1084.6362289503104,501.08463622895033
