num_vehicles,distance,fitness
5,1310.0844333327757,501.3100844333328
5,1064.3454252755957,501.0643454252756
4,1032.833990839415,401.03283399083944
6,1179.4750540172913,601.1794750540173
5,1144.3869892958855,501.14438698929587
5,1070.8210927432333,501.07082109274324
5,1167.9898626677098,501.1679898626677
5,1259.3702651978053,501.2593702651978
6,1292.3960429103147,601.2923960429104
5,1152.0319369859917,501.15203193698596
5,1179.587410761109,501.1795874107611
6,1100.176261193899,601.100176261194
6,1291.2226521884936,601.2912226521885
5,1147.4395764636415,501.1474395764636
6,1368.7880171714091,601.3687880171714
6,1246.0234331784104,601.2460234331784
5,1193.4033865939243,501.1934033865939
5,1215.3483089029887,501.215348308903
6,1047.091316898142,601.0470913168981
6,1249.139787894439,601.2491397878945
