num_vehicles,distance,fitness
4,1067.7019895573885,401.0677019895574
4,923.3577415961344,400.92335774159613
4,1030.6764620958616,401.03067646209587
5,1048.8314079016307,501.0488314079016
4,1065.6879297420728,401.06568792974207
5,1082.8184696350852,501.0828184696351
5,1096.1818928808234,501.09618189288085
4,941.4391743022096,400.9414391743022
5,1153.0927353682869,501.15309273536826
5,1178.9850385221275,501.1789850385221
6,1266.8257693277608,601.2668257693277
5,873.451518743667,500.87345151874365
5,1218.1148015938213,501.2181148015938
5,1245.560114667766,501.24556011466774
6,1149.1332725016669,601.1491332725017
5,1250.1992879939964,501.250199287994
5,1094.0918176639725,501.094091817664
6,1204.9437003758485,601.2049437003758
5,1163.230311464458,501.1632303114645
5,1099.701920217132,501.0997019202171
