num_vehicles,distance,fitness
5,1306.6275740598305,501.3066275740598
5,950.0482748144638,500.9500482748145
5,1254.803852129563,501.25480385212956
5,1315.5868155364847,501.3155868155365
5,1153.931649603334,501.15393164960335
5,1236.7110639531888,501.2367110639532
5,1100.2667647673438,501.10026676476735
5,1160.4893671554505,501.16048936715544
5,934.9271075994834,500.9349271075995
5,1129.284210940463,501.12928421094045
5,954.9742810573094,500.95497428105733
5,1293.9704068109431,501.29397040681096
4,1153.0298313797286,401.15302983137974
5,1300.379604032255,501.30037960403223
4,1065.5442185407796,401.06554421854077
5,1161.2427495422312,501.1612427495422
4,1238.612476690068,401.2386124766901
4,1107.278351962626,401.10727835196263
5,982.4766184648819,500.9824766184649
4,1038.6187283223583,401.0386187283224
