num_vehicles,distance,fitness
5,1156.9680017061987,501.1569680017062
4,985.1834780026863,400.9851834780027
5,1273.020960537827,501.27302096053785
5,1025.9822525442996,501.0259822525443
5,1056.6467245354154,501.0566467245354
5,1121.7948975186616,501.12179489751867
5,1271.7978973412328,501.27179789734123
5,1132.5556303822514,501.1325556303822
5,1251.9123247182374,501.25191232471826
5,1242.6404104048856,501.2426404104049
5,1164.18181347003,501.16418181347
5,1120.449003088569,501.1204490030886
6,1039.9015621449487,601.0399015621449
5,980.434264728694,500.9804342647287
6,1212.150898277501,601.2121508982775
6,1023.2523617728892,601.0232523617728
5,1320.761888983629,501.3207618889836
5,1238.11010603393,501.23811010603396
5,1130.3211496099732,501.13032114961
5,1079.642750781189,501.0796427507812
