num_vehicles,distance,fitness
7,537.3913739362137,700.5373913739362
7,561.5114450338783,700.5615114450338
10,654.8246427133978,1000.6548246427134
9,612.7148684490351,900.6127148684491
10,726.2701892915933,1000.7262701892915
8,674.8303427532298,800.6748303427532
9,613.0166755581223,900.6130166755581
7,555.3952139036248,700.5553952139036
13,734.4246058178544,1300.7344246058178
12,693.1281325790266,1200.693128132579
9,685.5710194318033,900.6855710194318
10,717.1058553414755,1000.7171058553415
11,688.7717883694602,1100.6887717883694
12,748.7495662138126,1200.7487495662137
9,684.331293943165,900.6843312939432
9,678.7359598867002,900.6787359598867
12,743.1728883811863,1200.7431728883812
10,669.1124550201824,1000.6691124550201
10,636.6212768301001,1000.63662127683
12,767.4889691479548,1200.767488969148
