num_vehicles,distance,fitness
7,658.8124637298049,700.6588124637298
7,540.6506473372385,700.5406506473372
8,558.885654381106,800.5588856543811
8,659.9451486348335,800.6599451486348
7,664.6217133354811,700.6646217133355
7,495.45452588271917,700.4954545258827
10,790.8802959273457,1000.7908802959273
8,538.6586980541687,800.5386586980542
9,697.6756164179762,900.697675616418
7,671.1301139257159,700.6711301139258
8,598.1690289766364,800.5981690289766
9,669.5006653465548,900.6695006653465
9,685.0857197012264,900.6850857197012
9,686.4174673914927,900.6864174673915
10,703.7372928716334,1000.7037372928717
9,772.9613228345802,900.7729613228346
10,660.5295926409827,1000.660529592641
9,603.6624586513972,900.6036624586513
8,643.5056439558431,800.6435056439558
11,690.0789754030058,1100.690078975403
