num_vehicles,distance,fitness
8,516.3387731186642,800.5163387731187
7,433.1964519536887,700.4331964519537
10,582.0391021324581,1000.5820391021325
8,506.58614448719175,800.5065861444872
8,565.9457723504171,800.5659457723505
7,547.9591351609881,700.547959135161
11,552.1625191735645,1100.5521625191736
8,640.38090493236,800.6403809049324
11,604.5654571533505,1100.6045654571533
11,673.5038528980414,1100.673503852898
10,697.7783927748233,1000.6977783927748
9,619.5996237354599,900.6195996237354
10,670.4774537676765,1000.6704774537677
10,637.1788061066472,1000.6371788061067
12,717.0763540681303,1200.7170763540682
9,609.3051774567057,900.6093051774567
8,648.53416142833,800.6485341614283
11,671.705244007953,1100.6717052440079
10,684.0676925503076,1000.6840676925503
12,780.0996660314761,1200.7800996660314
