num_vehicles,distance,fitness
7,664.5333586844342,700.6645333586845
7,592.2203504204355,700.5922203504205
8,683.2605118466838,800.6832605118467
7,585.7603936609265,700.585760393661
8,670.2881553442389,800.6702881553442
8,646.9066647726232,800.6469066647726
8,533.8284538410087,800.533828453841
7,608.695769521685,700.6086957695217
7,601.8235747142801,700.6018235747143
7,622.5315909221571,700.6225315909221
8,640.8597948938904,800.6408597948939
8,634.2719947453617,800.6342719947454
8,714.5699968030481,800.714569996803
8,623.0002322912835,800.6230002322912
7,608.394625801744,700.6083946258018
7,632.9686339961752,700.6329686339961
7,566.1949002238927,700.5661949002239
7,592.7041699556524,700.5927041699556
8,677.4778355378311,800.6774778355378
8,623.772276216627,800.6237722762166
