num_vehicles,distance,fitness
7,636.8199997144283,700.6368199997145
7,721.3738387814502,700.7213738387815
7,650.6406480326698,700.6506406480327
7,656.3943841089701,700.6563943841089
7,638.963222661748,700.6389632226618
7,657.5222994107999,700.6575222994107
7,579.5160454127498,700.5795160454128
8,673.9335499165882,800.6739335499166
7,625.3048499077199,700.6253048499077
7,542.182946846961,700.542182946847
8,693.4597596199208,800.6934597596199
7,656.6829711140563,700.656682971114
7,634.1997584429139,700.634199758443
8,657.3421266827435,800.6573421266827
8,631.4667898767972,800.6314667898768
7,639.4336351671836,700.6394336351672
8,709.596869952803,800.7095968699527
7,619.6664765620519,700.6196664765621
8,668.9262168301423,800.6689262168302
8,658.6117882145567,800.6586117882146
