num_vehicles,distance,fitness
5,457.2023704760672,500.45720237047607
6,571.3383729528983,600.5713383729529
7,538.1366876988232,700.5381366876989
6,530.5130721633561,600.5305130721633
5,479.97950010130927,500.4799795001013
5,495.0671237294332,500.4950671237294
7,556.1057895529093,700.5561057895529
6,551.6388225927246,600.5516388225927
7,538.9520872895724,700.5389520872895
8,732.6292361693352,800.7326292361694
8,692.4572170082314,800.6924572170083
10,749.3603106756987,1000.7493603106757
10,755.774831341639,1000.7557748313417
9,727.7387030923545,900.7277387030923
9,851.1861580306925,900.8511861580307
8,680.3340907570373,800.680334090757
8,647.5201800986063,800.6475201800986
7,690.1313641816824,700.6901313641816
10,860.3383270765797,1000.8603383270765
7,640.5583642563511,700.6405583642563
