num_vehicles,distance,fitness
5,492.8496652239143,500.4928496652239
5,474.7910213983405,500.47479102139835
5,474.4948586034876,500.47449485860346
5,585.3286368211208,500.58532863682115
6,499.11848829585335,600.4991184882958
6,513.4769234995064,600.5134769234995
5,513.6784022815859,500.5136784022816
5,489.9335884216658,500.48993358842165
7,713.8389381093135,700.7138389381093
7,646.9003099656946,700.6469003099656
7,649.4502541304422,700.6494502541304
7,724.3999021259802,700.7243999021259
7,576.8092489362796,700.5768092489362
7,587.5258286771185,700.5875258286771
9,743.2933003374478,900.7432933003374
7,638.6386510720561,700.638638651072
6,628.214491487314,600.6282144914874
7,610.219408637822,700.6102194086378
7,628.7547530084419,700.6287547530085
7,726.931883692549,700.7269318836926
