num_vehicles,distance,fitness
5,466.50342106065915,500.4665034210607
5,462.2379757708966,500.4622379757709
5,451.25014818928696,500.4512501481893
5,455.85948982500514,500.455859489825
5,466.47646788575406,500.46647646788574
6,512.7007018583679,600.5127007018584
6,489.223820519195,600.4892238205192
6,504.03483775163886,600.5040348377516
5,468.2415479306948,500.4682415479307
5,512.6657124391181,500.5126657124391
5,540.6605942069967,500.540660594207
6,655.4251309335781,600.6554251309336
5,613.2966968458245,500.61329669684585
6,630.3724706697038,600.6303724706697
6,622.5013120377596,600.6225013120378
6,629.390503421266,600.6293905034213
6,571.5928528337009,600.5715928528336
6,607.0021262910186,600.607002126291
5,547.0297924989015,500.5470297924989
7,576.2003863670152,700.576200386367
