num_vehicles,distance,fitness
7,743.2970155147732,700.7432970155148
7,803.5784727605866,700.8035784727606
7,706.5853292992883,700.7065853292993
7,769.8770177201345,700.7698770177201
6,741.1538977280832,600.741153897728
7,852.7413559989752,700.852741355999
6,815.4908427997732,600.8154908427998
7,771.4243846099882,700.77142438461
10,900.1820027880575,1000.900182002788
10,965.8704291839836,1000.965870429184
10,1027.2569845100109,1001.02725698451
9,909.0642615184216,900.9090642615184
10,986.0043236865492,1000.9860043236865
11,1006.7415210833835,1101.0067415210833
9,994.7967412583106,900.9947967412583
9,869.3683630286511,900.8693683630287
8,908.947702923223,800.9089477029232
10,963.7991001289627,1000.963799100129
11,1008.3653963413548,1101.0083653963413
9,997.7859490596007,900.9977859490596
