num_vehicles,distance,fitness
7,847.9959707224298,700.8479959707224
6,897.0523891908722,600.8970523891909
6,849.5501721355479,600.8495501721355
6,857.7311766859607,600.857731176686
7,787.0879132581871,700.7870879132582
7,968.4912900671475,700.9684912900672
9,937.6404432991201,900.9376404432991
8,956.1980760245326,800.9561980760245
9,958.8500698746883,900.9588500698746
7,854.800643046175,700.8548006430461
9,933.1889675099744,900.93318896751
8,999.5190303277908,800.9995190303277
8,931.6046257180105,800.931604625718
8,888.321112661895,800.8883211126619
8,880.4790328799387,800.88047903288
9,932.3197026336524,900.9323197026337
8,1006.9813370989601,801.006981337099
9,1039.2532565606475,901.0392532565606
9,917.5443329571384,900.9175443329572
9,1029.0186741637365,901.0290186741637
