num_vehicles,distance,fitness
6,738.2850068179622,600.7382850068179
7,758.1016989509023,700.7581016989509
10,903.6632607434375,1000.9036632607434
9,849.233954994259,900.8492339549942
7,786.8374251932497,700.7868374251932
7,762.5487691730623,700.762548769173
7,716.3888553785562,700.7163888553786
9,845.1524255108551,900.8451524255108
10,895.6576040979926,1000.895657604098
12,976.983164299311,1200.9769831642993
9,959.2625003332597,900.9592625003332
10,931.0178779538055,1000.9310178779538
10,889.1713155342393,1000.8891713155342
10,876.8576178617806,1000.8768576178618
9,977.937541298099,900.977937541298
11,1011.4793167997396,1101.0114793167998
10,971.6490606283581,1000.9716490606284
10,979.269415325961,1000.9792694153259
10,939.8242915659862,1000.939824291566
9,904.645469964165,900.9046454699642
