num_vehicles,distance,fitness
7,818.2437983267619,700.8182437983268
6,713.8993140752644,600.7138993140753
6,818.7821621150267,600.818782162115
6,731.1676436179058,600.7311676436179
6,911.8812488561045,600.911881248856
10,1002.9824318754082,1001.0029824318754
8,864.9494344005329,800.8649494344005
12,937.0878548789842,1200.9370878548789
7,894.9513272281388,700.8949513272281
10,949.086117390696,1000.9490861173907
9,893.573251840024,900.89357325184
9,891.4505569229784,900.891450556923
9,901.9244073881335,900.9019244073882
8,944.4531857118604,800.9444531857118
10,961.8465302622798,1000.9618465302623
10,934.5533205755632,1000.9345533205756
9,843.131718135783,900.8431317181357
9,873.1537242301943,900.8731537242302
8,880.3022489872625,800.8803022489873
8,871.5986690908682,800.8715986690909
