num_vehicles,distance,fitness
7,875.9048735512156,700.8759048735512
6,872.7949447049073,600.8727949447049
6,936.9136086337639,600.9369136086337
6,836.950525974287,600.8369505259743
8,910.7260470768058,800.9107260470768
8,929.4605276348257,800.9294605276348
8,982.1047952795216,800.9821047952795
8,951.4735276993798,800.9514735276994
7,880.0939247426702,700.8800939247427
8,985.6104118299165,800.98561041183
7,874.8548361345953,700.8748548361345
7,875.5917080935274,700.8755917080936
9,910.3647510214013,900.9103647510213
8,960.2992211397427,800.9602992211397
8,956.7236467018222,800.9567236467018
7,783.3941419735777,700.7833941419735
7,880.1884891126733,700.8801884891127
8,964.3590714693075,800.9643590714693
8,1076.677395996247,801.0766773959963
8,960.857621467793,800.9608576214678
