num_vehicles,distance,fitness
6,849.5290070488132,600.8495290070488
8,718.5025374695313,800.7185025374695
8,802.4128923517013,800.8024128923518
8,815.5613679718806,800.8155613679719
7,757.0244319740812,700.7570244319741
8,759.079425204269,800.7590794252043
10,854.5177378617574,1000.8545177378618
9,851.8161222950512,900.8518161222951
9,797.7345833872824,900.7977345833873
9,959.9420119207829,900.9599420119208
9,823.086922997733,900.8230869229977
10,901.554456557358,1000.9015544565574
8,870.2105571929951,800.870210557193
9,902.7984440603959,900.9027984440604
9,884.3032306157982,900.8843032306158
9,862.9404967773839,900.8629404967774
8,824.103010418302,800.8241030104183
9,828.9402924730598,900.828940292473
10,823.4005265356388,1000.8234005265357
10,890.1048880180506,1000.8901048880181
