num_vehicles,distance,fitness
6,762.3946846662257,600.7623946846662
6,725.1659839908881,600.7251659839909
7,851.6566168226616,700.8516566168227
8,809.4767336888352,800.8094767336888
7,830.2784376163405,700.8302784376164
8,753.0845988883924,800.7530845988883
7,805.8512321022854,700.8058512321023
7,838.5728958735812,700.8385728958735
7,825.421870563657,700.8254218705637
7,750.7779431809198,700.7507779431809
8,933.6673670982998,800.9336673670983
9,1000.5540898747414,901.0005540898748
8,862.7604280260344,800.862760428026
8,863.5935952927208,800.8635935952927
9,808.9658623290144,900.808965862329
9,979.8270650039702,900.979827065004
8,843.3968032802258,800.8433968032803
9,938.1491897412598,900.9381491897412
7,836.9419498887862,700.8369419498888
9,934.1966623647605,900.9341966623648
