num_vehicles,distance,fitness
7,842.8913236348984,700.842891323635
7,810.3515334235357,700.8103515334235
9,876.8209988280728,900.8768209988281
7,817.4885476079044,700.8174885476079
7,802.4115991185033,700.8024115991185
6,757.4506319942657,600.7574506319943
7,753.9078458047002,700.7539078458047
9,879.0826284138611,900.8790826284138
12,987.7103676466332,1200.9877103676467
8,957.6717467214571,800.9576717467214
8,844.4251350345038,800.8444251350345
9,926.216561539942,900.92621656154
8,962.5282333492675,800.9625282333493
10,1052.777885757121,1001.0527778857571
9,935.8284892754841,900.9358284892755
8,961.3122360300039,800.96131223603
8,864.7400451650976,800.8647400451651
7,812.0317138411062,700.8120317138411
9,977.5342677680768,900.9775342677681
9,922.2786791037759,900.9222786791038
