num_vehicles,distance,fitness
6,840.3646523098904,600.8403646523099
7,843.4203676671426,700.8434203676671
7,815.0063432756256,700.8150063432756
7,870.7927123634038,700.8707927123634
6,775.0634397233591,600.7750634397233
7,846.9809231920412,700.8469809231921
7,866.9447055223961,700.8669447055224
7,899.5260204067713,700.8995260204068
7,940.3398766866469,700.9403398766866
7,900.1548879271061,700.9001548879271
7,839.1065733946604,700.8391065733947
8,957.2181072054918,800.9572181072054
7,908.5510045894563,700.9085510045894
7,848.659480064174,700.8486594800642
7,864.6844009309143,700.864684400931
7,864.9995612872909,700.8649995612873
7,974.3750732074308,700.9743750732074
7,980.9385078952206,700.9809385078952
7,830.2933655542134,700.8302933655542
7,1005.9488302334397,701.0059488302335
