num_vehicles,distance,fitness
4,918.1606608150763,400.9181606608151
6,893.2788555621275,600.8932788555621
4,873.6205010325285,400.8736205010325
5,719.5516968918266,500.7195516968918
7,918.2936954724822,700.9182936954725
7,959.1315843928403,700.9591315843928
6,973.7631741574796,600.9737631741575
6,972.6424942927601,600.9726424942928
8,965.4222597836397,800.9654222597836
7,853.2364067977127,700.8532364067977
7,926.9484625759203,700.9269484625759
7,892.128047501074,700.892128047501
8,971.2513274065775,800.9712513274065
8,959.0569249079194,800.9590569249079
7,980.3594137888905,700.9803594137888
7,957.3416511527054,700.9573416511527
7,909.9977664494293,700.9099977664495
8,918.7144708546012,800.9187144708546
7,914.3966656562808,700.9143966656562
8,912.4062048143973,800.9124062048144
