num_vehicles,distance,fitness
4,848.564939599413,400.84856493959944
4,922.6664484519782,400.922666448452
4,900.1964219517496,400.90019642195176
4,886.324308818443,400.8863243088184
4,809.6630140500729,400.80966301405005
4,839.3388060459554,400.83933880604593
5,945.016628397075,500.94501662839707
4,951.1519632649774,400.951151963265
4,927.6544045154783,400.92765440451547
4,968.7148608098184,400.9687148608098
4,908.7951046046721,400.9087951046047
5,1051.4629059295205,501.0514629059295
6,895.3715955451055,600.8953715955452
7,909.0697835822007,700.9090697835823
5,920.3080150616389,500.92030801506166
6,1058.6477233660707,601.0586477233661
7,962.7746578673172,700.9627746578673
6,891.7743188608632,600.8917743188608
5,997.8738730570915,500.9978738730571
6,901.2406799421419,600.9012406799421
