num_vehicles,distance,fitness
4,1071.3637846072347,401.07136378460723
5,1028.104662082872,501.02810466208285
4,920.1219762246492,400.92012197622466
5,1002.6077399920925,501.0026077399921
5,957.9490161537937,500.9579490161538
4,1019.7608059742856,401.0197608059743
4,1022.2472079682618,401.02224720796823
4,920.8876183166972,400.92088761831667
6,997.4383622517186,600.9974383622517
5,960.6937713454963,500.9606937713455
5,854.231174441675,500.8542311744417
4,880.0212106900675,400.8800212106901
4,963.4855400588344,400.96348554005885
6,1003.7511482037357,601.0037511482037
5,973.7770365177454,500.97377703651773
5,886.0646129811603,500.88606461298116
5,1073.9225679701062,501.0739225679701
5,940.6235530628592,500.94062355306284
5,910.3465286431394,500.9103465286431
6,876.263440310159,600.8762634403101
