num_vehicles,distance,fitness
4,937.6570066368039,400.9376570066368
4,946.0684011298687,400.9460684011299
4,912.8211875728118,400.91282118757283
4,987.3595605101805,400.9873595605102
4,934.199092011443,400.93419909201145
4,905.0447351069015,400.9050447351069
4,971.044070563074,400.9710440705631
5,955.5057124881808,500.95550571248816
5,1019.0429424319201,501.0190429424319
5,984.0951987542865,500.9840951987543
5,977.7501957000522,500.9777501957
5,919.5580352301807,500.9195580352302
5,945.0849600289278,500.9450849600289
4,837.308390982437,400.83730839098246
5,943.6920974878701,500.9436920974879
4,912.8092346451099,400.9128092346451
5,968.5425688080651,500.96854256880806
5,914.4461261849885,500.914446126185
4,925.1734864798676,400.9251734864799
5,841.2104318827297,500.84121043188276
