num_vehicles,distance,fitness
4,887.2260787198006,400.8872260787198
5,908.0639993522831,500.9080639993523
5,835.3146130761409,500.83531461307615
4,874.9575224690129,400.874957522469
5,833.6119516865317,500.8336119516865
5,982.562386534571,500.9825623865346
5,830.9321939559283,500.8309321939559
5,851.9219256747486,500.85192192567473
5,925.0470423169204,500.9250470423169
5,839.6623564313767,500.8396623564314
5,979.9102098108635,500.97991020981084
5,948.6103733852755,500.9486103733853
6,961.0692771234345,600.9610692771234
5,933.2844249450569,500.93328442494504
4,950.4145416263027,400.9504145416263
5,947.8481125894856,500.9478481125895
5,955.4643824261739,500.95546438242616
5,845.331525774988,500.845331525775
5,888.5741587249034,500.8885741587249
5,850.9607122665022,500.8509607122665
