num_vehicles,distance,fitness
4,934.6666440653541,400.9346666440654
4,1002.526209721155,401.00252620972117
4,944.4300808191488,400.94443008081913
4,884.4528285252745,400.8844528285253
4,928.3628089599822,400.92836280896
4,934.2886881139588,400.93428868811395
4,878.9814776255823,400.8789814776256
4,841.091113577923,400.84109111357793
6,840.963370372054,600.840963370372
5,931.5141875440938,500.9315141875441
5,967.5702765686126,500.9675702765686
6,1008.0771270529042,601.008077127053
5,955.4822125987223,500.9554822125987
5,950.6153900705618,500.95061539007054
5,1051.7225035095632,501.05172250350955
5,1027.7552323203909,501.0277552323204
4,989.146907069809,400.9891469070698
5,912.8310868488879,500.9128310868489
6,860.2679705831139,600.8602679705831
5,955.3094749662832,500.95530947496627
