num_vehicles,distance,fitness
4,1099.2379083158141,401.0992379083158
4,1077.165681747996,401.077165681748
4,1096.7932910169668,401.096793291017
4,1102.2118904761544,401.10221189047616
4,1026.9293094082827,401.0269293094083
4,1070.1672256960774,401.0701672256961
4,1051.6706713418698,401.05167067134187
4,992.1659206096357,400.99216592060964
5,1052.5384278370552,501.0525384278371
4,910.0781205857932,400.9100781205858
5,830.1904210655964,500.8301904210656
5,989.5015149119021,500.9895015149119
5,962.3820663224772,500.9623820663225
5,954.6318765102093,500.95463187651023
5,914.1346620946405,500.9141346620946
6,956.9450233516246,600.9569450233516
6,970.3617960588698,600.9703617960589
5,969.3176201906668,500.9693176201907
5,943.0936720651865,500.9430936720652
4,934.7755995073885,400.93477559950736
