num_vehicles,distance,fitness
4,990.4776981132496,400.99047769811324
4,1027.6161354594706,401.0276161354595
4,953.1048495232507,400.95310484952324
4,952.4659647682281,400.95246596476824
4,1002.9808693255812,401.0029808693256
4,1026.9789393408805,401.0269789393409
5,977.2124326641253,500.97721243266415
4,968.6014921269787,400.968601492127
5,974.1235356645914,500.9741235356646
4,866.0372090011442,400.86603720900115
4,900.2796688570309,400.900279668857
4,914.5618100324427,400.91456181003247
4,1012.1638784288299,401.01216387842885
5,787.7755070389785,500.787775507039
5,909.169339037152,500.90916933903713
4,894.5350643326005,400.8945350643326
4,1023.8099790796831,401.02380997907966
6,973.1087908070606,600.973108790807
4,918.1175083260928,400.9181175083261
4,928.9601610213438,400.92896016102134
