num_vehicles,distance,fitness
4,954.4951724086313,400.95449517240866
4,831.2083216918875,400.83120832169186
4,1004.7267459456441,401.0047267459456
5,857.4397218176547,500.8574397218176
4,871.6477512221051,400.8716477512221
4,902.8126775168636,400.90281267751686
4,887.4728885853241,400.8874728885853
4,748.1653370091437,400.74816533700914
5,955.442131886572,500.95544213188657
4,776.288767579268,400.7762887675793
5,900.0584034827442,500.9000584034827
6,988.9730527468716,600.9889730527469
4,878.3343284701775,400.8783343284702
4,891.8048848542157,400.8918048848542
5,958.0584008488009,500.9580584008488
5,844.2177508491318,500.8442177508491
5,902.5080573840589,500.90250805738407
4,1005.598707286748,401.00559870728677
4,955.8790373582527,400.9558790373583
4,927.078008642431,400.9270780086424
