num_vehicles,distance,fitness
4,918.9340678700514,400.91893406787005
4,944.4754614047633,400.94447546140475
4,901.870518525734,400.90187051852575
5,1036.397649391302,501.0363976493913
6,907.8316475559727,600.907831647556
5,917.0709032150684,500.91707090321506
4,932.7697645745787,400.9327697645746
5,929.3455334913954,500.9293455334914
6,901.0886644660336,600.901088664466
6,989.6796456086395,600.9896796456086
6,909.1186435379204,600.9091186435379
5,917.3628647768605,500.91736286477686
5,1029.578440722485,501.0295784407225
5,911.3783647771088,500.91137836477714
5,939.3821095943316,500.9393821095943
5,931.0602288768216,500.93106022887685
6,930.3210746014222,600.9303210746015
5,975.1121566347791,500.9751121566348
5,951.4318471876918,500.9514318471877
5,886.2336097179167,500.8862336097179
