num_vehicles,distance,fitness
4,877.1580260263885,400.8771580260264
4,935.2418363390334,400.93524183633906
4,944.345143733615,400.94434514373364
4,912.9448785888782,400.91294487858886
4,865.4587788211409,400.86545877882116
4,938.3172439515829,400.9383172439516
4,895.6758931840848,400.8956758931841
5,897.4884334572849,500.8974884334573
5,933.407117268721,500.9334071172687
4,866.7472787127477,400.86674727871275
4,999.7054242521634,400.99970542425217
4,933.4378824782194,400.93343788247824
4,822.9430935384214,400.8229430935384
4,1021.2104518664917,401.02121045186647
4,930.405460141297,400.9304054601413
4,954.5359738661543,400.95453597386614
4,1052.7685993858147,401.05276859938584
5,1011.3719987022732,501.01137199870226
4,933.1990143704018,400.9331990143704
4,944.1830515194848,400.9441830515195
