num_vehicles,distance,fitness
8,894.5607712993112,800.8945607712993
8,855.738433296325,800.8557384332963
11,971.4070292938162,1100.971407029294
10,964.2930779947251,1000.9642930779947
8,952.2781219759036,800.952278121976
10,868.5646256874622,1000.8685646256874
9,882.7945608433752,900.8827945608434
10,992.9781200970766,1000.9929781200971
11,924.4487212980532,1100.924448721298
11,1151.8015635652057,1101.1518015635652
10,928.7938402219792,1000.9287938402219
11,1049.8451122077322,1101.0498451122078
11,1080.1290658349978,1101.080129065835
10,932.8392725082514,1000.9328392725082
9,980.2643027168785,900.9802643027169
10,874.7121185819994,1000.874712118582
10,995.3650846732173,1000.9953650846733
11,1176.1011713160856,1101.176101171316
12,1230.753439730225,1201.2307534397303
10,1017.4802301308071,1001.0174802301308
