num_vehicles,distance,fitness
8,962.0780328369437,800.962078032837
8,867.6805414406267,800.8676805414407
7,759.0892172401284,700.7590892172401
9,907.7097383908861,900.9077097383908
8,886.133735921072,800.886133735921
7,795.0849009540462,700.7950849009541
8,803.7684960562375,800.8037684960563
8,868.2902362638814,800.8682902362639
7,706.0104505284248,700.7060104505284
10,1230.863004911715,1001.2308630049117
11,1083.273177748852,1101.0832731777489
8,961.8271429700578,800.96182714297
9,1214.3239270431498,901.2143239270431
9,1052.7634955144608,901.0527634955145
10,1182.846682946844,1001.1828466829469
9,1071.9351746767284,901.0719351746767
11,1290.4176918580113,1101.290417691858
9,1118.8442257694314,901.1188442257694
9,1107.3554874431413,901.1073554874431
9,1037.9653812931906,901.0379653812931
