num_vehicles,distance,fitness
8,759.1670203183024,800.7591670203183
9,936.1620283141993,900.9361620283142
8,973.2985638178071,800.9732985638178
8,957.2563652423711,800.9572563652424
9,946.233730593723,900.9462337305937
8,884.6615614934138,800.8846615614934
8,977.4995802380173,800.977499580238
8,863.1945072309402,800.8631945072309
8,800.8981111586332,800.8008981111586
8,900.4970559719861,800.900497055972
11,1131.1086307126461,1101.1311086307126
9,975.2948055678903,900.9752948055678
10,1128.1712859586885,1001.1281712859587
10,1027.3126181367963,1001.0273126181368
10,1236.8564905437222,1001.2368564905437
10,971.4099908954538,1000.9714099908955
10,1200.2080807874356,1001.2002080807874
10,1061.1130944525098,1001.0611130944525
9,1162.6512523631554,901.1626512523632
11,1220.785393011652,1101.2207853930117
