num_vehicles,distance,fitness
7,979.4404534601562,700.9794404534601
8,1007.6697314003765,801.0076697314004
7,839.625599286366,700.8396255992864
7,907.1706799075149,700.9071706799075
7,940.5770630874878,700.9405770630875
8,1116.373271957029,801.1163732719571
8,1036.3929859184939,801.0363929859185
8,1083.442092927394,801.0834420929274
9,1354.8144084412793,901.3548144084413
7,1011.879662690527,701.0118796626905
8,1129.136999509037,801.129136999509
8,1052.8432509047827,801.0528432509047
7,1070.7546605078549,701.0707546605079
7,1025.138925997203,701.0251389259972
8,1132.0434408409815,801.132043440841
8,974.9784235402389,800.9749784235403
8,1033.2550334819953,801.033255033482
8,1088.708774444678,801.0887087744446
7,925.923980080433,700.9259239800805
8,1098.3024818614429,801.0983024818614
