num_vehicles,distance,fitness
7,791.5872570391791,700.7915872570392
8,1010.3132120844068,801.0103132120844
9,1020.571574589913,901.0205715745899
7,706.3049531356904,700.7063049531357
7,894.7058032280927,700.8947058032281
7,790.5212242784462,700.7905212242785
9,1039.0836838195448,901.0390836838195
7,817.2739220239224,700.8172739220239
7,964.2346014538514,700.9642346014539
8,951.9143423013347,800.9519143423013
10,1279.464110138767,1001.2794641101387
9,1079.2782859836334,901.0792782859836
9,1155.9937040947964,901.1559937040948
8,965.9667650794738,800.9659667650794
8,1096.231924822976,801.096231924823
8,1016.938360178934,801.016938360179
8,1000.825562312124,801.0008255623121
9,1064.9280297555297,901.0649280297555
7,914.8584250333604,700.9148584250333
8,1151.1695858735827,801.1511695858736
