num_vehicles,distance,fitness
5,1098.2107185369055,501.0982107185369
5,1017.4933119952402,501.0174933119952
5,971.202656096328,500.97120265609635
5,1134.9592566453862,501.1349592566454
5,1129.2938799144436,501.1292938799144
5,1050.2436121954336,501.05024361219546
6,1036.6676125587737,601.0366676125587
5,839.033702505755,500.83903370250573
6,977.4573005895588,600.9774573005895
6,1221.6119240665198,601.2216119240666
6,1077.217548998389,601.0772175489984
6,1226.2673802120248,601.226267380212
6,1353.6821800241464,601.3536821800242
7,1273.4431908682475,701.2734431908682
5,1060.2747242000885,501.0602747242001
7,1233.9567021353705,701.2339567021354
7,1301.7983332841666,701.3017983332842
8,1271.606183083018,801.271606183083
6,1144.435706386893,601.1444357063868
7,1222.0520346301835,701.2220520346302
