num_vehicles,distance,fitness
4,1081.4010688547528,401.08140106885475
5,1100.3285864990135,501.100328586499
6,1005.3953375925497,601.0053953375925
5,1287.831454290689,501.2878314542907
6,956.1752804936647,600.9561752804937
4,1088.194855215045,401.088194855215
5,975.4828724770068,500.975482872477
5,1029.789414167294,501.0297894141673
5,1157.4331828133759,501.15743318281335
8,1302.696271220631,801.3026962712206
6,1346.066314568458,601.3460663145685
7,1129.8595898792414,701.1298595898793
6,1203.0685449700047,601.20306854497
7,1248.2316404972155,701.2482316404972
7,1136.490409930901,701.136490409931
6,1133.3486373298254,601.1333486373298
6,1043.7543247506094,601.0437543247506
6,1026.1823979292888,601.0261823979292
6,1203.662027479056,601.203662027479
7,1270.7383186716272,701.2707383186716
