num_vehicles,distance,fitness
5,1156.9680017061987,501.1569680017062
5,1208.626692752308,501.2086266927523
4,942.2335271720194,400.942233527172
5,922.011544341776,500.9220115443418
5,1219.4395157504032,501.2194395157504
5,1069.8334355890456,501.06983343558903
4,1025.9183660663657,401.0259183660664
5,1034.2657810564995,501.0342657810565
5,1158.0683502271013,501.1580683502271
5,1000.404138518667,501.00040413851866
6,1240.5618399775335,601.2405618399775
6,1191.2863936219264,601.1912863936219
5,1138.9152674283296,501.13891526742833
5,1101.7045821873885,501.1017045821874
5,1150.117715326115,501.15011771532613
5,1198.8831814873786,501.19888318148736
5,1106.1274726190168,501.106127472619
5,971.3893829239051,500.9713893829239
6,1139.681356144839,601.1396813561448
5,1287.088586779098,501.2870885867791
