num_vehicles,distance,fitness
5,1306.6275740598305,501.3066275740598
4,928.4576906059153,400.9284576906059
4,1194.9882463263955,401.1949882463264
5,1264.6491893056118,501.2646491893056
5,1159.1683628150508,501.159168362815
5,1144.531493572816,501.1445314935728
5,1054.9560833507553,501.05495608335076
5,1105.3336900939928,501.10533369009397
5,880.5433200629914,500.880543320063
5,1077.1468188467377,501.07714681884676
4,980.5907276988423,400.9805907276988
5,1108.9519063054418,501.10895190630544
5,1194.0916852391579,501.19409168523913
4,1090.8571899539897,401.09085718995397
5,1007.2015879744797,501.00720158797446
5,1152.0969534684698,501.15209695346846
5,1014.3757053241033,501.0143757053241
5,1123.3161102353477,501.12331611023535
5,1192.4218610286237,501.1924218610286
5,1003.4595007642034,501.0034595007642
