num_vehicles,distance,fitness
5,1206.7227033268164,501.2067227033268
6,1237.4984204595785,601.2374984204596
6,1223.1668863382738,601.2231668863383
5,1120.3906092890497,501.1203906092891
7,1044.7557297962987,701.0447557297963
6,1141.0640324325104,601.1410640324325
7,1230.9149211414592,701.2309149211414
6,1099.3044069921818,601.0993044069921
6,1213.655439418225,601.2136554394182
8,1204.8631157904977,801.2048631157905
6,1358.8913447071654,601.3588913447072
6,1095.7827807139245,601.0957827807139
8,1386.3981135886747,801.3863981135887
7,1301.0496622559801,701.301049662256
9,1193.0874593956125,901.1930874593957
8,1106.8127977547856,801.1068127977547
7,1182.5699828716304,701.1825699828717
7,1042.7842256250922,701.042784225625
7,1163.0334248433721,701.1630334248433
8,1121.9751469112193,801.1219751469113
