num_vehicles,distance,fitness
4,1067.7019895573885,401.0677019895574
4,1191.7106866205054,401.1917106866205
5,1117.5983163301548,501.11759831633015
4,943.0302854370323,400.94303028543703
4,1005.2293986194102,401.0052293986194
5,1109.970928279328,501.1099709282793
5,1070.3973175416177,501.0703973175416
5,1002.6161874559765,501.002616187456
5,1088.2684952470952,501.0882684952471
5,1210.2770772735516,501.21027707727353
6,1112.9467194391968,601.1129467194392
6,1191.63635263876,601.1916363526387
5,1039.8948604310385,501.03989486043105
6,1216.840976019256,601.2168409760193
6,1188.3121549968646,601.1883121549969
5,1084.4056240452674,501.08440562404525
6,1146.8037707488543,601.1468037707489
6,1097.0315103992602,601.0970315103992
6,1402.0460281458008,601.4020460281458
6,1147.0121017737827,601.1470121017738
