num_vehicles,distance,fitness,time
1.0,361.6865532705099,1.998239862266217,231.53661966323853
