num_vehicles,distance,fitness
6,447.6452532027363,600.4476452532027
7,580.1428098233491,700.5801428098233
8,605.879781488129,800.6058797814882
7,560.6372546832185,700.5606372546832
8,583.0889365761738,800.5830889365761
9,661.257492695087,900.6612574926951
8,650.1141472290507,800.650114147229
9,592.4304054950517,900.5924304054951
8,561.9020393926161,800.5619020393926
9,704.6221550414771,900.7046221550415
8,689.4626895673669,800.6894626895673
8,652.9862102313974,800.6529862102313
10,749.0513148667087,1000.7490513148667
7,696.3243810821164,700.6963243810821
9,657.6163420086028,900.6576163420086
10,726.0310116338901,1000.7260310116338
10,693.8696586899976,1000.69386965869
10,737.4869174708601,1000.7374869174708
8,596.2103220531501,800.5962103220531
11,797.5187644615521,1100.7975187644615
