num_vehicles,distance,fitness
7,512.2931205274929,700.5122931205275
7,623.4334838437012,700.6234334838437
7,545.6839717400184,700.54568397174
7,594.7114314195379,700.5947114314196
7,521.2170632423358,700.5212170632424
6,594.7701211303174,600.5947701211303
7,570.2608925047772,700.5702608925047
8,708.5778964026024,800.7085778964026
7,648.7380969805158,700.6487380969805
8,693.5040083533925,800.6935040083534
7,628.3916432246583,700.6283916432246
7,633.7563853997806,700.6337563853998
7,621.4765767870053,700.621476576787
7,583.855900659426,700.5838559006594
8,632.4463656613549,800.6324463656614
7,667.0696935444082,700.6670696935444
8,667.1275640426408,800.6671275640426
6,584.9166180761683,600.5849166180761
7,613.5403152847136,700.6135403152847
8,652.4688349841597,800.6524688349841
