num_vehicles,distance,fitness
7,658.8124637298049,700.6588124637298
9,597.5623537890384,900.597562353789
8,673.9741685446947,800.6739741685446
7,523.2101383082324,700.5232101383083
9,652.9849074784344,900.6529849074784
10,593.8184162966211,1000.5938184162966
8,682.6894255462543,800.6826894255463
9,664.0394798448893,900.6640394798449
9,648.5589050798849,900.6485589050799
9,659.8340790200944,900.6598340790201
8,636.220301289291,800.6362203012893
9,673.597888244922,900.6735978882449
11,778.5978523271596,1100.7785978523273
10,700.0345199831038,1000.7000345199831
12,765.6769786880097,1200.765676978688
9,660.1219035192047,900.6601219035192
10,756.5487074398512,1000.7565487074398
8,644.026132562842,800.6440261325629
11,737.0041400104168,1100.7370041400104
8,592.44693837815,800.5924469383782
