num_vehicles,distance,fitness
8,516.3387731186642,800.5163387731187
7,534.925945668893,700.5349259456689
12,662.7035708913621,1200.6627035708914
9,610.5715446898042,900.6105715446898
11,653.4859382422131,1100.6534859382423
11,791.0596822393204,1100.7910596822394
11,653.8863330917638,1100.6538863330918
13,733.4593623640834,1300.733459362364
12,731.5679127859638,1200.731567912786
11,781.7276965580483,1100.781727696558
11,770.5879207617581,1100.7705879207617
8,660.8434341698903,800.6608434341699
10,654.9676269845927,1000.6549676269846
10,645.258461381588,1000.6452584613816
12,766.4194574705966,1200.7664194574706
10,710.7718838662959,1000.7107718838663
13,774.7588104857631,1300.7747588104858
10,690.0523723179958,1000.690052372318
10,710.2339970359193,1000.710233997036
11,688.4410342130883,1100.6884410342132
