num_vehicles,distance,fitness
5,457.2023704760672,500.45720237047607
6,569.2960092222797,600.5692960092223
6,582.4548598463264,600.5824548598463
7,640.1266108242879,700.6401266108243
6,531.7874999774725,600.5317874999774
7,548.3244293142737,700.5483244293142
6,513.3046562700011,600.51330465627
6,505.9417427067161,600.5059417427067
9,742.0320898296214,900.7420320898296
8,722.4848880398572,800.7224848880398
8,752.6646954916647,800.7526646954917
8,623.6931421048026,800.6236931421048
8,664.1945837654941,800.6641945837655
11,791.7795567175763,1100.7917795567175
9,740.0301265310516,900.740030126531
7,626.1984106763617,700.6261984106764
8,740.5976020785774,800.7405976020785
8,728.3690307270687,800.7283690307271
10,808.8651422398563,1000.8088651422398
6,651.0363153435035,600.6510363153435
