num_vehicles,distance,fitness
5,512.8102709016586,500.51281027090164
5,590.2693260626864,500.5902693260627
5,546.5023646881175,500.54650236468814
5,567.6766640250382,500.56767666402504
5,551.8231490534865,500.55182314905346
4,558.9192515767161,400.5589192515767
7,716.1728631072068,700.7161728631072
8,671.981039877286,800.6719810398773
7,671.6721410147285,700.6716721410147
9,656.2454608768461,900.6562454608768
9,826.8562950510702,900.826856295051
6,657.8311662327857,600.6578311662328
8,692.4804669225451,800.6924804669226
8,758.752987611245,800.7587529876113
7,782.868720438928,700.782868720439
8,688.0652771267286,800.6880652771267
6,664.3388235231799,600.6643388235232
9,818.9651227751747,900.8189651227751
7,745.6569866603439,700.7456569866604
9,780.2198395824823,900.7802198395825
