num_vehicles,distance,fitness
5,555.9485643976219,500.5559485643976
5,541.59693622077,500.54159693622074
5,598.6337973556274,500.5986337973556
5,602.9419587053927,500.6029419587054
5,524.8364576195536,500.52483645761953
5,597.6277669977695,500.5976277669978
5,599.4834287814916,500.59948342878147
5,601.52898766659,500.6015289876666
5,612.5968658376642,500.61259686583765
5,555.9485643976218,500.5559485643976
5,591.5020822515426,500.59150208225157
5,642.5848635139033,500.6425848635139
6,732.0552477201603,600.7320552477202
5,716.7735861983092,500.7167735861983
6,775.5079277538123,600.7755079277538
7,835.4147348683576,700.8354147348683
5,657.4491553101054,500.65744915531013
6,701.308587043585,600.7013085870436
7,788.061447495383,700.7880614474954
5,768.762898873015,500.76876289887304
