num_vehicles,distance,fitness
5,534.3361221591722,500.5343361221592
5,636.7324261891242,500.6367324261891
5,585.9497077358365,500.58594970773584
5,593.5524266810414,500.593552426681
5,552.0087709693689,500.5520087709694
5,571.755361609112,500.5717553616091
6,786.3033754067734,600.7863033754068
5,748.8976496818304,500.74889764968185
5,750.3624526800794,500.75036245268006
6,752.8945553021606,600.7528945553022
6,754.1716901059851,600.754171690106
6,754.0880272895301,600.7540880272895
7,884.4415547388274,700.8844415547388
7,798.3810438577885,700.7983810438578
6,709.6886172109613,600.709688617211
5,688.2982335533711,500.6882982335534
6,747.4501596599083,600.7474501596599
6,809.5440095130705,600.809544009513
5,726.560609556032,500.72656060955603
6,830.6432363484759,600.8306432363485
