num_vehicles,distance,fitness
5,492.8496652239143,500.4928496652239
5,512.7132337012699,500.5127132337013
6,457.40814488110414,600.4574081448811
5,567.8721742541481,500.56787217425415
5,527.9344326414538,500.5279344326415
5,528.4273302797545,500.5284273302798
5,542.5166666387825,500.5425166666388
6,610.8385622260739,600.610838562226
6,485.90283227481984,600.4859028322749
5,486.7770005834354,500.48677700058346
7,641.3003648465569,700.6413003648465
7,531.4520226876365,700.5314520226876
7,608.3044957787849,700.6083044957788
7,747.1512061069,700.7471512061069
7,594.8527482289259,700.594852748229
7,577.3866357961783,700.5773866357962
7,618.0603854056519,700.6180603854057
7,587.6589036367017,700.5876589036367
6,631.6960927308419,600.6316960927309
7,621.0170927255988,700.6210170927257
