num_vehicles,distance,fitness
5,466.50342106065915,500.4665034210607
5,466.6276377408608,500.4666276377409
5,467.44805828292317,500.4674480582829
5,524.9546323308895,500.5249546323309
5,445.24500379432925,500.44524500379435
5,498.2441303074099,500.4982441303074
5,456.2519621477104,500.4562519621477
5,657.3603205070353,500.65736032050705
6,643.6358572108198,600.6436358572108
5,575.4378402583634,500.57543784025836
6,632.9944613962467,600.6329944613963
6,628.5942184947766,600.6285942184948
6,599.334293797802,600.5993342937978
6,656.4496531317201,600.6564496531317
6,607.8123147986271,600.6078123147986
7,620.4431135430387,700.620443113543
5,675.9820185986841,500.6759820185987
6,681.53013736673,600.6815301373667
5,646.268202921615,500.6462682029216
6,599.4162823893053,600.5994162823893
