num_vehicles,distance,fitness
5,492.8496652239143,500.4928496652239
5,451.1462908046142,500.4511462908046
6,551.4753203290205,600.551475320329
6,508.1699204363149,600.5081699204363
5,579.3470909559322,500.57934709095593
5,495.9817577321065,500.4959817577321
5,485.2479833214248,500.4852479833214
6,534.2247981892534,600.5342247981893
5,565.9849763180148,500.565984976318
5,501.4184879863229,500.5014184879863
5,620.6577439589333,500.62065774395893
6,705.8344641662788,600.7058344641663
5,428.52354066210853,500.4285235406621
6,568.9519289989241,600.5689519289989
5,727.0616874428912,500.72706168744287
5,602.4442101661358,500.60244421016614
6,646.1232386926284,600.6461232386927
6,586.6386169552812,600.5866386169553
5,549.3077029436898,500.5493077029437
6,688.5094155883662,600.6885094155883
