num_vehicles,distance,fitness
7,743.2970155147732,700.7432970155148
7,740.9470125695092,700.7409470125696
6,776.0490389458256,600.7760490389459
7,797.7752058686234,700.7977752058687
7,799.2979685425917,700.7992979685426
6,784.509302740619,600.7845093027406
6,781.2899513365235,600.7812899513365
7,814.0625103494096,700.8140625103495
7,798.1350748301015,700.7981350748302
7,796.6397924027348,700.7966397924027
11,993.8145883714733,1100.9938145883714
10,1018.7107269753161,1001.0187107269753
10,1016.8454239949996,1001.016845423995
10,840.3903803045251,1000.8403903803045
10,942.0318671982359,1000.9420318671982
10,887.8575315640862,1000.8878575315641
11,1103.3315546517633,1101.1033315546517
9,899.696087714317,900.8996960877143
10,971.1693097779773,1000.971169309778
10,901.2508614447213,1000.9012508614447
