num_vehicles,distance,fitness
7,847.9959707224298,700.8479959707224
6,728.564853211113,600.7285648532111
6,785.2008352517356,600.7852008352518
7,784.1908498714689,700.7841908498715
6,807.297079713814,600.8072970797139
6,770.9799393659824,600.7709799393659
8,976.2250565409585,800.976225056541
9,948.3808614363255,900.9483808614364
8,957.2368521462448,800.9572368521463
9,979.1095708163064,900.9791095708163
8,911.8481814209309,800.911848181421
8,911.2862709043933,800.9112862709044
10,971.4523152867919,1000.9714523152868
9,945.6257676458787,900.9456257676459
9,903.0263446347426,900.9030263446348
9,1030.392583742691,901.0303925837427
8,904.4978873075244,800.9044978873076
8,960.1053583780705,800.9601053583781
9,978.2354304214124,900.9782354304214
10,954.1938603774106,1000.9541938603774
