num_vehicles,distance,fitness
7,864.4833286468569,700.8644833286469
8,776.9328691826715,800.7769328691827
11,854.2543933631363,1100.8542543933631
12,883.2694078811951,1200.8832694078812
8,816.465963669766,800.8164659636698
10,890.2711001048608,1000.8902711001049
11,923.5014507509284,1100.923501450751
10,916.2021812122314,1000.9162021812123
13,993.3916818884476,1300.9933916818884
12,898.5920874330438,1200.8985920874331
10,908.5926602614941,1000.9085926602615
13,950.65122818945,1300.9506512281894
12,978.2972243136151,1200.9782972243136
14,956.4193402050095,1400.956419340205
14,1076.954253001149,1401.076954253001
12,1010.8267005034377,1201.0108267005035
14,1003.0063543019273,1401.003006354302
12,1014.2104018310474,1201.014210401831
13,1039.217668827778,1301.0392176688279
12,856.1468903347985,1200.8561468903347
