num_vehicles,distance,fitness
6,738.2850068179622,600.7382850068179
8,799.1116015221679,800.7991116015222
7,795.8859101006148,700.7958859101007
6,687.138021510531,600.6871380215106
8,754.2414913566281,800.7542414913567
7,732.7511564402706,700.7327511564403
9,863.3172952873134,900.8633172952873
8,797.7552243856264,800.7977552243856
10,900.4142030085554,1000.9004142030086
9,973.5814671487767,900.9735814671487
10,959.9594296262927,1000.9599594296263
11,931.21307919648,1100.9312130791964
10,917.0755552120522,1000.917075555212
9,880.3647018944115,900.8803647018945
10,890.3341787977234,1000.8903341787977
8,879.8107849814257,800.8798107849814
10,968.8500373903738,1000.9688500373903
9,831.3814037785979,900.8313814037786
9,946.4718199415969,900.9464718199416
12,984.038777701352,1200.9840387777012
