num_vehicles,distance,fitness
7,818.2437983267619,700.8182437983268
6,764.6211499883417,600.7646211499883
6,767.3903782514219,600.7673903782514
6,887.8202773507528,600.8878202773508
6,832.525162511304,600.8325251625113
7,745.6138814301257,700.7456138814301
7,829.4598892010468,700.8294598892011
8,838.4795821843586,800.8384795821844
9,905.0986093478147,900.9050986093478
10,1015.3220507647799,1001.0153220507648
9,986.5797541228893,900.9865797541229
8,871.1707093878043,800.8711707093878
10,975.1021584785572,1000.9751021584785
7,811.6523967738474,700.8116523967739
8,896.6087463771868,800.8966087463772
8,847.12036583856,800.8471203658386
8,859.5526987289267,800.859552698729
9,945.0614008562881,900.9450614008563
9,903.5932382577591,900.9035932382577
9,903.0773274753319,900.9030773274753
