num_vehicles,distance,fitness
6,849.5290070488132,600.8495290070488
7,752.1023591049352,700.7521023591049
9,869.669494371295,900.8696694943714
7,683.4332266892768,700.6834332266893
8,764.637094202876,800.7646370942028
7,770.3298938823925,700.7703298938824
8,747.4455782339793,800.747445578234
8,778.1540022181147,800.7781540022181
9,954.4534181252507,900.9544534181252
8,879.633576236094,800.8796335762361
9,866.1075941888063,900.8661075941889
9,977.8120487743792,900.9778120487744
11,940.8198562402729,1100.9408198562403
10,921.991225604428,1000.9219912256044
8,891.0981386717267,800.8910981386717
10,965.7065325870146,1000.965706532587
9,968.0314564683118,900.9680314564683
9,959.6337535240636,900.959633753524
9,826.0899419598127,900.8260899419598
9,869.3551196767903,900.8693551196768
