num_vehicles,distance,fitness
6,762.3946846662257,600.7623946846662
8,827.1647215638101,800.8271647215638
6,721.6482870833532,600.7216482870833
7,856.6440102627989,700.8566440102628
7,867.8849723465714,700.8678849723466
7,865.5109128111644,700.8655109128111
8,798.5715813941522,800.7985715813942
6,747.2031016932206,600.7472031016932
9,937.2551910273694,900.9372551910274
8,838.4842269706077,800.8384842269706
7,926.7293753489536,700.9267293753489
9,939.4824122346301,900.9394824122346
8,895.0833815398778,800.8950833815398
9,982.8358700528819,900.9828358700529
8,938.489417283695,800.9384894172837
9,888.7247175961239,900.8887247175961
9,886.5329119312999,900.8865329119313
10,979.1277089092563,1000.9791277089092
8,851.5984443434265,800.8515984443434
8,825.604612046466,800.8256046120465
