num_vehicles,distance,fitness
4,918.1606608150763,400.9181606608151
6,940.3910519324587,600.9403910519325
4,905.6113574335066,400.9056113574335
5,831.6427207086792,500.83164272070866
6,853.2251037407715,600.8532251037408
5,886.0641458852677,500.88606414588526
7,840.9444439944339,700.8409444439944
7,957.5346905289446,700.957534690529
7,941.254443139853,700.9412544431399
9,967.7548842598616,900.9677548842599
5,865.8942153484492,500.8658942153485
6,995.1803556545751,600.9951803556546
5,929.9413132686608,500.92994131326867
8,990.2951055361253,800.9902951055361
8,1059.6373611575177,801.0596373611576
7,896.5363363234488,700.8965363363235
7,979.148820441972,700.979148820442
7,894.9873726858101,700.8949873726858
6,870.5363925067243,600.8705363925068
7,913.5007927503111,700.9135007927503
