num_vehicles,distance,fitness
4,848.564939599413,400.84856493959944
4,858.3590305597389,400.8583590305597
4,877.4352682233296,400.87743526822334
4,844.6949310078157,400.84469493100784
6,956.671714247521,600.9566717142475
5,831.1673239284244,500.8311673239284
7,1008.3000272205846,701.0083000272206
7,824.5806881200415,700.82458068812
6,841.0033784935977,600.8410033784936
7,956.1969741523772,700.9561969741524
6,884.5399116597027,600.8845399116597
6,954.9691898724917,600.9549691898725
6,910.6832261476478,600.9106832261476
6,925.0630821246527,600.9250630821247
6,1022.5514123692174,601.0225514123692
8,1026.7499192172775,801.0267499192173
6,935.4574192336065,600.9354574192336
6,945.5313917754809,600.9455313917755
5,992.7983644202726,500.99279836442025
6,848.0282754745255,600.8480282754746
