num_vehicles,distance,fitness
4,1071.3637846072347,401.07136378460723
5,1019.7932355049775,501.019793235505
4,992.670716885187,400.9926707168852
4,956.4571964563646,400.95645719645637
5,1008.8439929509177,501.0088439929509
4,1001.2191391083047,401.0012191391083
4,1015.6711327805662,401.01567113278054
4,906.2051875286311,400.90620518752866
5,970.1250436913492,500.9701250436913
6,832.024480689325,600.8320244806894
5,914.6497435141785,500.9146497435142
5,855.0415910509471,500.85504159105096
6,996.3605082103112,600.9963605082103
7,1085.7037274382856,701.0857037274383
6,994.5680273158971,600.994568027316
5,946.1386363454362,500.94613863634544
6,983.8817980970458,600.9838817980971
5,929.8706514408346,500.9298706514408
5,976.6605964331739,500.9766605964332
6,964.7173613635523,600.9647173613636
