num_vehicles,distance,fitness
4,937.6570066368039,400.9376570066368
4,1038.685260341071,401.0386852603411
4,959.4762668521803,400.95947626685216
4,928.1317664863544,400.92813176648633
4,915.5410978413893,400.9155410978414
5,847.3425751352682,500.84734257513526
5,857.2605466375937,500.8572605466376
5,869.6426632606666,500.86964266326066
4,864.1573567481045,400.8641573567481
4,951.2920059377673,400.9512920059378
5,876.9955586682305,500.8769955586682
5,902.1860816577723,500.90218608165776
5,850.1154243195127,500.85011542431954
4,984.2054516466396,400.98420545164663
4,909.9504269737423,400.90995042697375
6,939.6974041720912,600.9396974041721
4,832.4694626646949,400.8324694626647
5,1014.7651945722953,501.0147651945723
5,993.592327824238,500.9935923278242
4,940.8955559357685,400.94089555593575
