num_vehicles,distance,fitness
4,887.2260787198006,400.8872260787198
4,864.1857416834005,400.8641857416834
4,807.0247452090218,400.80702474520905
4,874.11730019803,400.874117300198
4,929.4903346455558,400.92949033464555
4,860.98297887536,400.86098297887537
5,761.6780099741939,500.7616780099742
5,895.2369621193852,500.8952369621194
5,929.5888810359709,500.92958888103595
5,941.1983700148401,500.94119837001483
5,946.3815827329876,500.946381582733
5,977.3511487146568,500.97735114871466
5,859.8605859908647,500.8598605859909
5,895.0895455463085,500.8950895455463
4,923.8067043168072,400.9238067043168
5,876.3224049357283,500.8763224049357
5,932.10104466463,500.93210104466465
5,1027.9471192257524,501.02794711922576
5,1060.4252060622402,501.06042520606223
5,855.7197620751775,500.8557197620752
