num_vehicles,distance,fitness
4,990.4776981132496,400.99047769811324
4,873.2049874640214,400.873204987464
4,972.8436208495922,400.9728436208496
4,1018.6513479669877,401.01865134796697
4,1004.8065019990817,401.0048065019991
4,911.3996997086625,400.9113996997087
4,913.1519593261785,400.91315195932617
4,836.1911596639371,400.83619115966394
4,825.1043659443137,400.8251043659443
5,928.2403927882477,500.92824039278827
4,939.3235378977498,400.93932353789774
4,1008.9379454465075,401.0089379454465
5,948.7353824330291,500.94873538243303
4,887.2893948171084,400.8872893948171
4,900.3088919983697,400.90030889199835
5,965.6681978056705,500.96566819780566
6,870.6211506577444,600.8706211506577
5,924.9255634833377,500.9249255634833
5,929.0512405118053,500.9290512405118
5,912.7088811605582,500.91270888116054
