num_vehicles,distance,fitness
4,954.4951724086313,400.95449517240866
4,860.9387100444666,400.8609387100445
4,956.4556203665987,400.9564556203666
4,911.3342022571886,400.9113342022572
4,940.6951940539068,400.9406951940539
5,940.2350535234893,500.9402350535235
4,878.0754635789335,400.8780754635789
4,811.0788478343408,400.8110788478343
5,906.2934297017235,500.90629342970175
4,871.9917945977985,400.8719917945978
6,932.1439707837312,600.9321439707837
5,907.1597058424918,500.9071597058425
5,1041.1330043528328,501.04113300435284
5,905.9378907533734,500.90593789075336
4,1008.9619805790395,401.00896198057904
5,1015.3682093766369,501.0153682093766
5,898.9078603275169,500.89890786032754
5,889.6921799552377,500.88969217995526
5,1023.889116415393,501.0238891164154
5,857.4054152793417,500.85740541527935
