num_vehicles,distance,fitness
4,918.9340678700514,400.91893406787005
5,891.750934677317,500.8917509346773
5,975.2126947145879,500.97521269471457
4,871.3720762243256,400.8713720762243
4,940.058161004664,400.9400581610047
5,892.3259205491779,500.8923259205492
5,943.8071483944403,500.94380714839446
6,938.1985940550766,600.938198594055
5,934.969538979607,500.9349695389796
5,958.8527848540156,500.958852784854
5,963.3145609723942,500.9633145609724
5,929.5889646822484,500.92958896468224
5,972.8674338193707,500.9728674338194
6,1076.4862453219969,601.076486245322
6,997.7894365259078,600.9977894365259
5,945.2610499795902,500.9452610499796
5,867.4506794555843,500.8674506794556
5,1030.3421257617376,501.03034212576176
6,870.1221383157333,600.8701221383158
6,983.4221271164749,600.9834221271165
