num_vehicles,distance,fitness
8,962.0780328369437,800.962078032837
8,784.1563522372811,800.7841563522372
8,800.0450374693742,800.8000450374693
8,812.8160183031687,800.8128160183031
9,935.487079631363,900.9354870796313
9,777.0614627037435,900.7770614627037
7,673.3511121383533,700.6733511121383
10,927.9226994776882,1000.9279226994777
8,822.3154106702048,800.8223154106702
8,857.2128884252554,800.8572128884252
9,1119.6134766517973,901.1196134766518
9,1076.4209632988764,901.0764209632989
9,1053.5553930015176,901.0535553930015
9,1105.8121835161812,901.1058121835162
9,1093.3900185234938,901.0933900185235
9,914.1737209423834,900.9141737209424
10,1255.4890365167134,1001.2554890365167
10,1133.433856600836,1001.1334338566008
9,1084.2769850502507,901.0842769850502
9,1004.7010895761622,901.0047010895762
