num_vehicles,distance,fitness
7,792.558481332472,700.7925584813324
7,964.6918198277369,700.9646918198277
7,974.8537415088773,700.9748537415089
7,914.8517515184988,700.9148517515185
8,980.2259830931448,800.9802259830932
7,840.8720777381523,700.8408720777381
7,998.901466776488,700.9989014667765
10,1168.1742787872574,1001.1681742787872
8,1067.3142330610629,801.0673142330611
10,1237.82754873103,1001.237827548731
9,1006.2338802528851,901.0062338802529
9,1036.8784318330388,901.0368784318331
9,1108.3449299165272,901.1083449299165
9,1213.966691171561,901.2139666911715
8,1157.34083130633,801.1573408313063
10,1120.956389441684,1001.1209563894416
10,1126.8180080606692,1001.1268180080607
10,1292.1881221479607,1001.292188122148
9,1014.7661898457577,901.0147661898458
9,980.2154279489018,900.9802154279489
