num_vehicles,distance,fitness
7,791.5872570391791,700.7915872570392
7,841.6696865696715,700.8416696865696
7,780.044670225416,700.7800446702254
8,947.3984162177697,800.9473984162178
7,822.4887492370672,700.8224887492371
8,751.6198350804204,800.7516198350804
9,1022.921356401873,901.0229213564019
9,1143.7771099336721,901.1437771099337
9,1066.2915271792572,901.0662915271793
9,1070.8846205007683,901.0708846205008
8,1008.8643605871872,801.0088643605872
8,956.3281553913981,800.9563281553914
9,1066.8362405333885,901.0668362405333
8,1038.959630080286,801.0389596300803
9,1090.571650209003,901.090571650209
8,968.5990841177485,800.9685990841177
10,1279.1257105468633,1001.2791257105469
8,919.1923459147898,800.9191923459148
8,983.7548820796349,800.9837548820797
9,1141.4272232531391,901.1414272232531
