num_vehicles,distance,fitness
7,691.9245200332821,700.6919245200332
9,861.1593240493288,900.8611593240494
9,916.3171248307899,900.9163171248308
9,806.5051609840847,900.8065051609841
8,767.0525215449219,800.7670525215449
8,779.9475640369625,800.779947564037
8,795.4385617015637,800.7954385617015
11,1080.298595343971,1101.080298595344
10,1084.882485367374,1001.0848824853674
9,1002.3244695252957,901.0023244695253
11,1228.3511832543732,1101.2283511832543
12,1212.3409319329062,1201.2123409319329
10,1070.5689400877009,1001.0705689400877
11,1076.4701053580848,1101.076470105358
11,1169.3952052096006,1101.1693952052096
11,1049.5560386869222,1101.049556038687
9,1097.194718188635,901.0971947181887
11,1080.8244434705962,1101.0808244434706
10,1185.119241684713,1001.1851192416847
9,1103.6831779162187,901.1036831779162
