num_vehicles,distance,fitness
5,1098.2107185369055,501.0982107185369
5,1083.5744978641746,501.08357449786416
5,1051.7908237096528,501.05179082370967
5,1075.8533737403475,501.07585337374036
6,1112.7554082841525,601.1127554082841
5,1243.628814067186,501.24362881406716
5,897.0399698662842,500.8970399698663
6,1019.8818073421546,601.0198818073421
8,1180.3785162672148,801.1803785162672
6,1167.2830620566951,601.1672830620566
7,1270.2511133824512,701.2702511133824
7,986.3811782729624,700.986381178273
7,1280.5339317781977,701.2805339317782
5,1056.8316207961175,501.0568316207961
5,1190.2798366348857,501.1902798366349
6,1267.5487165568904,601.2675487165569
5,1140.9677850272378,501.1409677850272
6,1262.6958795894714,601.2626958795895
5,1136.3227576169284,501.13632275761694
7,1062.157218268005,701.062157218268
