num_vehicles,distance,fitness
5,1156.9680017061987,501.1569680017062
5,969.0412963573916,500.9690412963574
5,1221.9323934222984,501.2219323934223
4,1181.625570651186,401.1816255706512
5,1063.4120523279005,501.0634120523279
5,1065.3355633858034,501.0653355633858
5,1203.9847686430326,501.203984768643
5,1040.2498209935907,501.0402498209936
5,1234.1612674738726,501.2341612674739
5,1218.5698536431662,501.21856985364315
6,980.6216486545959,600.9806216486546
5,1131.1700569564819,501.1311700569565
6,1127.4581736693954,601.1274581736694
5,1204.0397126976486,501.20403971269764
5,1134.4651970047148,501.1344651970047
5,990.9140563247635,500.99091405632475
5,1053.8736946777112,501.0538736946777
5,1150.7802390492018,501.1507802390492
4,1151.014694295932,401.15101469429595
4,1261.6699026821304,401.2616699026821
