num_vehicles,distance,fitness
4,1067.7019895573885,401.0677019895574
5,1057.9783642191887,501.0579783642192
5,1108.9373761636975,501.1089373761637
4,1134.50239811312,401.1345023981131
5,1133.0958297738543,501.1330958297739
5,1157.7123247509478,501.15771232475095
5,975.9659178467849,500.9759659178468
5,1053.954648581303,501.0539546485813
5,1235.469525546263,501.23546952554625
4,914.717046108118,400.91471704610814
5,1025.5954491150003,501.025595449115
5,1251.7292459850828,501.2517292459851
5,1184.084137487765,501.1840841374878
5,1093.1138232728836,501.09311382327286
5,1112.9126861930856,501.1129126861931
5,1265.9568211730493,501.26595682117306
6,1225.5701238274428,601.2255701238274
5,1048.0097711284707,501.0480097711285
6,1203.1944163182777,601.2031944163183
5,1104.6610600755032,501.1046610600755
