num_vehicles,distance,fitness
5,1206.7227033268164,501.2067227033268
6,1122.1392672030954,601.1221392672031
6,1210.704764748944,601.2107047647489
7,1107.6300872329364,701.1076300872329
6,1059.5539304323127,601.0595539304323
7,1264.609741946721,701.2646097419467
8,1197.3711917710343,801.197371191771
6,1020.6836174986797,601.0206836174987
5,1162.2676383598591,501.1622676383599
8,1236.5845481560712,801.2365845481561
8,1454.3619331365076,801.4543619331365
7,1336.7584931182041,701.3367584931182
10,1471.6087168105896,1001.4716087168106
6,1260.190366163363,601.2601903661633
9,1485.6925549938173,901.4856925549938
8,1248.5722618651357,801.2485722618651
8,1276.1141367145833,801.2761141367146
7,1223.8896368553997,701.2238896368553
8,1088.9682850550726,801.0889682850551
7,1202.716315101333,701.2027163151014
