num_vehicles,distance,fitness
5,1088.2573579320474,501.08825735793204
5,1075.2487230354343,501.07524872303543
4,1044.1076748178966,401.0441076748179
5,1078.0273162988744,501.07802731629886
5,1088.314333199724,501.0883143331997
6,1044.4227209873138,601.0444227209873
6,1242.6822162795365,601.2426822162795
6,1151.2891550855925,601.1512891550856
5,1125.0943418807406,501.12509434188075
6,1325.7123833366431,601.3257123833366
5,957.7951617747395,500.95779516177475
6,1300.4131739765007,601.3004131739765
5,1164.7488368831512,501.1647488368832
6,1074.3094771511617,601.0743094771511
5,1038.6054779078734,501.0386054779079
5,1063.6026425270757,501.0636026425271
5,1010.3416630281985,501.0103416630282
5,1141.9224753220965,501.1419224753221
5,1174.4052663541875,501.1744052663542
6,1272.2783022544993,601.2722783022544
