num_vehicles,distance,fitness
5,1306.6275740598305,501.3066275740598
5,899.7798185546839,500.8997798185547
4,898.6935114163441,400.89869351141635
5,1083.6184739225582,501.08361847392257
5,1185.6665335201071,501.18566653352013
5,1183.49737867742,501.18349737867743
5,1376.312021116998,501.376312021117
5,1349.158234517863,501.34915823451786
5,1024.5899007825435,501.02458990078253
4,990.394402692863,400.99039440269286
4,1141.8760530156487,401.14187605301566
5,1191.9902512624421,501.19199025126244
5,1070.016889320501,501.0700168893205
5,1114.773816148801,501.1147738161488
5,1065.6193347960245,501.065619334796
5,1127.7239739148913,501.1277239739149
4,1146.0993792026159,401.1460993792026
5,1215.8529892788492,501.21585298927886
5,1206.450371891544,501.20645037189155
5,984.8535781222504,500.9848535781222
