num_vehicles,distance,fitness,time
1.0,482.5533730028111,1.9986807286060522,256.84850788116455
1.0,480.59673843397263,1.9986753575238678,249.38211965560913
1.0,482.5533730028111,1.9986807286060522,254.30496954917908
