num_vehicles,distance,fitness,time
2.0,436.5630766253353,200.43656307662533,251.30588150024414
