num_vehicles,distance,fitness,time
2.0,465.5274077442143,200.46552740774422,251.8981442451477
2.0,436.5630766253353,200.43656307662533,251.30588150024414
2.0,436.5630766253353,200.43656307662533,254.56375455856323
2.0,436.5630766253353,200.43656307662533,250.82416796684265
