num_vehicles,distance,fitness,time
3.0,305.9511917824208,3.997919218743168,164.0283362865448
