num_vehicles,distance,fitness,time
3.0,307.1390025908645,3.9979272657738143,173.23133039474487
3.0,305.9511917824208,3.997919218743168,164.0283362865448
3.0,306.35228269964466,3.9979219429811708,164.5765175819397
