num_vehicles,distance,fitness,time
3.0,190.7376293618508,300.1907376293619,242.58272981643677
