num_vehicles,distance,fitness,time
6.0,581.9428892210085,6.9989060453224035,252.76320457458496
