num_vehicles,distance,fitness,time
7.0,646.632822721737,7.999015485693751,266.464928150177
6.0,581.9428892210085,6.9989060453224035,252.76320457458496
6.0,616.7007986084163,6.998967701653968,258.95838236808777
