num_vehicles,distance,fitness
7,537.3913739362137,700.5373913739362
9,581.5269416634493,900.5815269416635
8,610.4911098097294,800.6104911098097
9,579.0575176297548,900.5790575176297
11,642.871693680734,1100.6428716936807
10,653.6427534004407,1000.6536427534004
12,809.7837283309883,1200.809783728331
10,681.5520354201757,1000.6815520354202
9,590.4455793990915,900.5904455793991
9,664.5019275980491,900.664501927598
9,657.9786181580923,900.657978618158
11,619.8985895536964,1100.6198985895537
11,805.2115271520054,1100.805211527152
8,608.4492005884458,800.6084492005884
9,672.249128624533,900.6722491286246
9,605.1925246116593,900.6051925246117
12,805.8954289541254,1200.805895428954
11,689.0785280548108,1100.6890785280548
10,777.2729388618693,1000.7772729388619
10,714.792161625944,1000.714792161626
