num_vehicles,distance,fitness
6,447.6452532027363,600.4476452532027
7,616.3530449635433,700.6163530449635
7,620.2230985531305,700.6202230985531
7,578.7431067099973,700.57874310671
7,505.4758637191979,700.5054758637192
7,596.29573489947,700.5962957348995
9,669.2161190771972,900.6692161190772
9,569.9550816705282,900.5699550816705
10,780.3231349148588,1000.7803231349149
8,742.2763071882059,800.7422763071881
10,676.7548191077655,1000.6767548191077
10,652.9630909202103,1000.6529630909203
11,782.0783091534133,1100.7820783091533
9,684.116125491568,900.6841161254915
10,684.0624909520916,1000.6840624909521
9,667.016378258641,900.6670163782586
8,675.5984529399293,800.6755984529399
9,545.7864793064168,900.5457864793065
9,731.9237929180756,900.7319237929181
10,652.8081181854885,1000.6528081181855
