num_vehicles,distance,fitness
7,495.26436520284466,700.4952643652028
7,684.7326957234454,700.6847326957235
7,620.9644933893563,700.6209644933894
6,575.3234837162254,600.5753234837163
7,623.1774193714983,700.6231774193715
7,642.2781158582982,700.6422781158583
8,706.4731910992414,800.7064731910992
7,694.7039479035606,700.6947039479036
7,666.6461551681293,700.6666461551681
8,707.2042114202125,800.7072042114202
7,636.0202548533516,700.6360202548534
7,701.2759457305962,700.7012759457306
7,639.9564452021568,700.6399564452022
8,678.4422022854856,800.6784422022855
9,644.7695199215033,900.6447695199215
8,679.6432909624534,800.6796432909624
7,715.1106718140547,700.715110671814
8,676.89840195074,800.6768984019508
7,577.9048187813553,700.5779048187813
8,674.453648394835,800.6744536483949
