num_vehicles,distance,fitness
7,512.2931205274929,700.5122931205275
7,505.8809105600893,700.5058809105601
7,527.480115344224,700.5274801153442
6,478.8664827703901,600.4788664827704
7,610.0615678658164,700.6100615678658
7,627.118923214323,700.6271189232143
7,700.0677940176729,700.7000677940176
7,670.1869740345558,700.6701869740346
8,671.7032653294027,800.6717032653294
8,734.2780558560061,800.734278055856
7,665.4100909258187,700.6654100909258
7,649.8392069394893,700.6498392069395
7,533.8627600064834,700.5338627600065
6,600.6155235017931,600.6006155235018
7,677.167682321109,700.677167682321
7,664.7681266154528,700.6647681266154
7,594.063617940101,700.5940636179402
8,611.73845225384,800.6117384522538
7,603.6940059805632,700.6036940059805
7,648.4612889629327,700.648461288963
