num_vehicles,distance,fitness
7,658.8124637298049,700.6588124637298
10,624.2984915990447,1000.624298491599
8,598.249287690148,800.5982492876901
7,498.9233915451515,700.4989233915452
7,629.902110116857,700.6299021101169
9,618.4249958313092,900.6184249958313
10,748.9568156230227,1000.748956815623
10,666.3843983530915,1000.6663843983531
10,630.0200793070017,1000.630020079307
11,764.2471071852145,1100.7642471071852
11,705.3019577882808,1100.7053019577884
10,726.6712426654651,1000.7266712426655
8,592.849282182963,800.592849282183
10,714.6636007811993,1000.7146636007813
10,698.470575213579,1000.6984705752136
10,716.4752696408895,1000.7164752696409
10,689.8161596716939,1000.6898161596718
9,712.0226473043947,900.7120226473044
9,623.65350041651,900.6236535004165
9,600.9682609251797,900.6009682609251
