num_vehicles,distance,fitness
8,516.3387731186642,800.5163387731187
9,534.7556875743757,900.5347556875744
9,538.77131187074,900.5387713118707
9,704.3469538522413,900.7043469538522
8,594.4909705102191,800.5944909705103
10,626.7590823790481,1000.6267590823791
10,584.6319714473047,1000.5846319714473
7,435.03078831033656,700.4350307883103
9,612.920520859082,900.6129205208591
11,758.0592895853924,1100.7580592895854
11,746.570847482813,1100.7465708474829
9,667.4962898028748,900.6674962898029
9,676.9955175594608,900.6769955175595
9,616.825049471954,900.6168250494719
9,635.9504146846185,900.6359504146847
8,669.6154264235483,800.6696154264235
11,638.1783777650959,1100.6381783777651
9,723.3290757959646,900.723329075796
10,670.5779274026772,1000.6705779274026
11,775.0342523231809,1100.7750342523232
