num_vehicles,distance,fitness
7,599.946623310844,700.5999466233109
7,656.9965045323784,700.6569965045323
7,583.4791907655028,700.5834791907655
7,609.7068324910857,700.609706832491
7,626.7723864470482,700.6267723864471
7,635.3612756429955,700.635361275643
8,608.3579239367355,800.6083579239368
9,701.2507596337048,900.7012507596337
11,811.3089466958004,1100.8113089466958
8,607.8261067124109,800.6078261067124
8,679.1095120305006,800.6791095120305
8,649.6974669935792,800.6496974669935
10,735.0725260604618,1000.7350725260604
8,675.916707823171,800.6759167078231
8,652.823754982804,800.6528237549828
8,683.0968438380975,800.6830968438381
10,757.0863875110973,1000.7570863875111
9,745.8499102283024,900.7458499102283
8,656.8927162417564,800.6568927162417
9,697.9563197214275,900.6979563197215
