num_vehicles,distance,fitness
7,636.8199997144283,700.6368199997145
7,573.6898784096948,700.5736898784097
7,594.1596703082085,700.5941596703082
7,599.408742882794,700.5994087428828
7,654.9993557402427,700.6549993557402
8,635.9038399466198,800.6359038399466
7,600.728259410539,700.6007282594105
8,637.882563937464,800.6378825639374
8,566.8736376197759,800.5668736376198
7,582.4190014240734,700.5824190014241
7,586.5031762464387,700.5865031762464
7,720.8051126580566,700.720805112658
7,601.8299188423855,700.6018299188424
8,656.0310206352439,800.6560310206353
7,693.8795807873671,700.6938795807873
8,651.9055214762651,800.6519055214762
7,687.6673995912431,700.6876673995912
7,675.3997515741497,700.6753997515741
8,616.2039119037107,800.6162039119038
7,643.0603539842166,700.6430603539842
