num_vehicles,distance,fitness
5,457.2023704760672,500.45720237047607
6,534.0813467095238,600.5340813467095
6,589.0174372891871,600.5890174372892
6,529.40610416578,600.5294061041658
6,558.1660480596114,600.5581660480597
8,562.0996018761672,800.5620996018762
8,642.2171182384814,800.6422171182385
11,797.7323894120336,1100.797732389412
12,787.6462528339769,1200.787646252834
9,704.4728435376458,900.7044728435377
8,707.8777596197617,800.7078777596198
9,796.6360070150064,900.796636007015
11,758.2780473750173,1100.758278047375
8,722.1455982139759,800.722145598214
8,770.1144923109675,800.770114492311
9,663.658552758085,900.6636585527581
9,742.2487656909634,900.742248765691
8,678.7672983367576,800.6787672983368
8,736.9987454662399,800.7369987454663
10,777.9647699323892,1000.7779647699324
