num_vehicles,distance,fitness
5,534.3361221591722,500.5343361221592
5,591.9809779914992,500.5919809779915
5,593.893277717374,500.59389327771737
5,548.417718624791,500.5484177186248
5,605.9794949397985,500.6059794949398
5,531.9693920463274,500.53196939204634
5,582.2518630131963,500.5822518630132
5,612.5369281416823,500.6125369281417
5,620.085595108054,500.62008559510804
5,581.50671316974,500.58150671316974
5,645.155184451949,500.64515518445194
5,735.3292037423842,500.73532920374237
5,719.215558590015,500.71921555859
5,670.64735274278,500.6706473527428
7,831.3641912422064,700.8313641912422
7,820.6566969390781,700.8206566969391
5,730.6286629808513,500.73062866298085
5,702.0369670562276,500.70203696705624
5,689.3904538531698,500.68939045385315
6,761.8718291943185,600.7618718291943
