num_vehicles,distance,fitness
5,492.8496652239143,500.4928496652239
6,481.28013434394006,600.4812801343439
6,588.3490892253265,600.5883490892253
5,459.8234890150132,500.45982348901504
5,472.86598051283124,500.47286598051284
5,521.4361027477472,500.52143610274777
6,490.49928457087776,600.4904992845709
6,508.3400822267879,600.5083400822268
6,479.9322940157283,600.4799322940157
7,603.0673400015788,700.6030673400015
8,724.6621818176197,800.7246621818176
6,545.0928735053782,600.5450928735054
8,650.9844448283447,800.6509844448284
6,605.1611363152657,600.6051611363152
7,630.6186602542722,700.6306186602543
8,657.427002738481,800.6574270027385
6,510.4137678799693,600.51041376788
8,609.8666868707669,800.6098666868708
7,580.6407490600009,700.58064074906
7,627.5242366929384,700.6275242366929
