num_vehicles,distance,fitness
5,518.2594252824524,500.51825942528245
5,546.3266387985921,500.5463266387986
5,480.0021055789375,500.48000210557893
6,515.5166992332397,600.5155166992332
8,667.7310098095776,800.6677310098096
7,581.1839705116628,700.5811839705117
7,607.7683145446078,700.6077683145446
6,549.0004477962593,600.5490004477963
5,561.5841740776646,500.56158417407767
6,664.3913902774361,600.6643913902774
6,609.4218743311812,600.6094218743311
5,580.7360603978273,500.58073606039784
5,529.579771633936,500.52957977163396
8,712.9737628445382,800.7129737628445
6,656.3252590645141,600.6563252590645
7,549.9299048887611,700.5499299048888
5,515.7082163039738,500.51570821630395
7,613.3763253857193,700.6133763253857
6,631.1798594170997,600.6311798594171
6,609.3873677965248,600.6093873677966
