num_vehicles,distance,fitness
8,801.6266998825827,800.8016266998826
9,818.5633779143437,900.8185633779143
10,859.9578701542969,1000.8599578701543
9,882.1544077542308,900.8821544077542
8,775.6692968570395,800.775669296857
8,857.2227491321694,800.8572227491321
9,829.7367807503371,900.8297367807503
8,907.9825374373544,800.9079825374373
14,916.9847780644244,1400.9169847780645
12,997.3633793888471,1200.9973633793888
12,1028.8648831189357,1201.028864883119
12,1007.3763624456589,1201.0073763624457
9,919.9026545450498,900.919902654545
12,943.9734073656382,1200.9439734073655
12,912.7339638536735,1200.9127339638537
12,1023.6649612729747,1201.023664961273
12,972.7670006894409,1200.9727670006894
11,870.805501009422,1100.8708055010095
14,1034.1894791869238,1401.034189479187
13,1065.9954852582944,1301.0659954852583
