num_vehicles,distance,fitness
7,743.2970155147732,700.7432970155148
7,731.5514524560838,700.7315514524561
8,807.4006793633831,800.8074006793634
8,843.5937719225398,800.8435937719225
11,1006.1112815222593,1101.0061112815222
10,839.5962755001551,1000.8395962755002
10,987.3261710283666,1000.9873261710284
9,893.4251138875921,900.8934251138876
9,964.9505760428356,900.9649505760428
8,869.1981878466819,800.8691981878467
10,1015.066206669094,1001.0150662066691
9,963.0805163678853,900.9630805163679
11,1021.2876098329344,1101.0212876098328
9,917.2114071753323,900.9172114071754
8,892.1199157197743,800.8921199157197
11,964.768789252761,1100.9647687892527
12,976.2559363246972,1200.9762559363246
11,918.9861359630924,1100.918986135963
10,1016.4627389428309,1001.0164627389428
10,1046.0638306594926,1001.0460638306595
