num_vehicles,distance,fitness
7,847.9959707224298,700.8479959707224
6,859.3633542408204,600.8593633542408
6,820.8823130689066,600.8208823130689
6,860.4296210396662,600.8604296210397
6,818.3237576597977,600.8183237576598
7,858.7037436098125,700.8587037436098
8,911.011594548487,800.9110115945485
8,870.8341764290498,800.8708341764291
10,989.7714712801504,1000.9897714712802
7,930.8302042516264,700.9308302042516
9,883.2335123081045,900.8832335123082
10,1052.1556127652334,1001.0521556127652
8,966.3585937263158,800.9663585937263
9,930.7480495548118,900.9307480495548
9,988.4100084881476,900.9884100084881
8,970.058179862435,800.9700581798625
10,965.8356615066639,1000.9658356615066
9,968.5083415807821,900.9685083415808
7,874.721644413299,700.8747216444133
9,1034.3285603903967,901.0343285603903
