num_vehicles,distance,fitness
7,864.4833286468569,700.8644833286469
10,788.8887703845546,1000.7888887703846
8,837.7252033059491,800.8377252033059
9,803.0317255262585,900.8030317255262
9,804.6186314717264,900.8046186314717
14,1116.5557500877578,1401.1165557500879
11,961.9632655579228,1100.9619632655579
10,913.183320182759,1000.9131833201827
12,994.4009249384766,1200.9944009249384
12,868.6079856176435,1200.8686079856177
10,949.8823539303396,1000.9498823539303
13,991.2502173466676,1300.9912502173468
11,937.4902370060836,1100.9374902370062
10,918.5101000355968,1000.9185101000356
14,988.8065901826212,1400.9888065901825
9,909.3283159132241,900.9093283159132
10,962.8234793180154,1000.962823479318
10,912.2109064987743,1000.9122109064988
10,902.7651456270133,1000.902765145627
11,934.889730755903,1100.934889730756
