num_vehicles,distance,fitness
7,818.2437983267619,700.8182437983268
7,827.1530437085263,700.8271530437086
6,824.7101926582474,600.8247101926582
7,806.7529550783902,700.8067529550784
7,823.8843695401046,700.8238843695401
6,848.9673090253517,600.8489673090254
6,814.424175018281,600.8144241750183
9,914.9593998641119,900.9149593998641
8,837.5492864719513,800.8375492864719
7,897.054789627411,700.8970547896274
8,909.601246408134,800.9096012464081
10,982.38504093687,1000.9823850409368
10,966.7775766739733,1000.966777576674
9,945.6695963137822,900.9456695963138
9,1024.208616668015,901.024208616668
10,1031.21995601922,1001.0312199560192
8,832.1319503755037,800.8321319503755
9,888.826812579357,900.8888268125794
10,925.4966115932741,1000.9254966115933
9,957.2746288230651,900.957274628823
