num_vehicles,distance,fitness
7,875.9048735512156,700.8759048735512
6,811.8949535841848,600.8118949535842
6,865.6592852960375,600.865659285296
6,859.2748322419123,600.8592748322419
6,861.685932435891,600.8616859324359
6,863.468559298427,600.8634685592984
6,812.7286988104281,600.8127286988105
9,950.4530592353522,900.9504530592353
8,997.0696648141445,800.9970696648141
9,1063.8988937766944,901.0638988937767
9,1014.4522237904953,901.0144522237905
8,874.934657204507,800.8749346572046
6,869.1037437947211,600.8691037437948
8,997.5774837086959,800.9975774837087
8,982.0689686884418,800.9820689686884
7,839.0454192207094,700.8390454192207
8,932.5292295994234,800.9325292295994
8,879.3429104648745,800.8793429104649
8,999.3941457687628,800.9993941457687
9,923.401223653936,900.923401223654
