num_vehicles,distance,fitness
6,849.5290070488132,600.8495290070488
8,743.2885708186274,800.7432885708187
9,857.0140881851928,900.8570140881852
8,835.1267150928954,800.8351267150929
9,808.477184235133,900.8084771842351
9,811.152908005282,900.8111529080053
10,1047.1407023116767,1001.0471407023117
9,954.5039020148943,900.954503902015
8,803.4637344883457,800.8034637344883
9,952.9111014870587,900.9529111014871
8,857.1310694683854,800.8571310694684
8,927.8154381776745,800.9278154381777
9,847.7340373695272,900.8477340373695
10,940.9995156967958,1000.9409995156968
10,958.6968492575727,1000.9586968492575
8,849.7797055159939,800.849779705516
10,962.4228239148633,1000.9624228239148
10,1018.4131840244422,1001.0184131840244
10,882.8412438110132,1000.882841243811
9,924.3533184433398,900.9243533184433
