num_vehicles,distance,fitness
6,762.3946846662257,600.7623946846662
7,817.676995054296,700.8176769950543
7,774.1515074480834,700.7741515074481
6,731.5101703915598,600.7315101703915
8,798.609661930275,800.7986096619303
7,759.3435212079236,700.7593435212079
7,815.0274974468492,700.8150274974469
8,799.5899846160358,800.7995899846161
7,723.5209123593169,700.7235209123593
7,749.9800063931118,700.7499800063931
8,990.0816889688563,800.9900816889689
8,903.7559273887039,800.9037559273887
10,960.7706414896514,1000.9607706414896
7,817.9331710584843,700.8179331710585
8,918.5350794569645,800.918535079457
7,961.9506388085362,700.9619506388085
9,837.1603798483025,900.8371603798483
9,956.069625723185,900.9560696257232
8,878.3653980770364,800.878365398077
9,914.2016882470449,900.9142016882471
