num_vehicles,distance,fitness
7,842.8913236348984,700.842891323635
7,850.7413442653219,700.8507413442653
7,791.3952385897212,700.7913952385898
6,808.3105343972998,600.8083105343973
7,839.2448362082558,700.8392448362083
7,786.4178655922246,700.7864178655922
8,825.5056449045826,800.8255056449046
9,895.231586212125,900.8952315862122
9,932.0331093726858,900.9320331093727
9,977.2136713011279,900.9772136713011
9,899.0263670701819,900.8990263670702
9,945.9809524822706,900.9459809524823
9,917.9740581054241,900.9179740581054
9,955.14218366752,900.9551421836675
9,838.5376552215155,900.8385376552216
9,949.3332495516189,900.9493332495516
10,993.9714670272168,1000.9939714670272
10,977.2157713136323,1000.9772157713136
8,926.7238775480275,800.926723877548
9,938.9489125445855,900.9389489125446
