num_vehicles,distance,fitness
4,918.1606608150763,400.9181606608151
5,964.6212619172054,500.9646212619172
6,847.5001303388865,600.8475001303389
7,867.2111341383734,700.8672111341384
6,875.5309416426678,600.8755309416426
5,831.4292357251843,500.8314292357252
5,838.4818692533322,500.8384818692533
6,868.2218056702769,600.8682218056703
6,944.4761396675142,600.9444761396675
8,930.2660739473764,800.9302660739473
8,903.3764190913216,800.9033764190913
7,1001.7918384145449,701.0017918384145
9,967.7846784272452,900.9677846784273
8,891.8035137209768,800.891803513721
7,850.0612704869367,700.8500612704869
8,865.6490688793715,800.8656490688794
6,919.9253765913467,600.9199253765913
6,902.3895881834444,600.9023895881835
6,1030.070219495543,601.0300702194955
8,1011.6488197618527,801.0116488197618
