num_vehicles,distance,fitness
4,848.564939599413,400.84856493959944
5,837.2025779565574,500.83720257795653
4,892.934109644041,400.89293410964405
4,869.7353228083709,400.86973532280837
4,927.0629392810092,400.92706293928103
4,864.1940703682803,400.8641940703683
5,931.5182300247391,500.9315182300247
7,1001.435326986813,701.0014353269868
5,926.2482415472344,500.9262482415472
5,965.3713546765048,500.9653713546765
6,942.5069824100797,600.9425069824101
6,939.9384871538282,600.9399384871539
6,993.5234686142869,600.9935234686143
6,989.2344815792369,600.9892344815793
7,1012.787918549196,701.0127879185492
6,945.0232774786126,600.9450232774786
6,993.1559003074293,600.9931559003074
6,930.239281204271,600.9302392812043
7,1006.362357529174,701.0063623575292
6,910.0993254981853,600.9100993254982
