num_vehicles,distance,fitness
4,937.6570066368039,400.9376570066368
4,939.1803149913686,400.93918031499135
5,923.6791497242725,500.92367914972425
4,846.0413017907075,400.8460413017907
4,919.8464816000134,400.9198464816
4,893.0114147896967,400.89301141478967
4,942.0756614872438,400.94207566148725
4,959.2609640105519,400.9592609640105
4,933.6989755572691,400.93369897555726
5,938.6325639092998,500.9386325639093
5,1040.8300726612517,501.04083007266127
5,935.4590852599557,500.93545908525994
4,897.5867489455885,400.89758674894557
4,991.5357190434905,400.9915357190435
5,981.3331718361623,500.9813331718362
5,927.4794810971342,500.9274794810971
4,1018.8211372761613,401.0188211372762
5,828.8319434384669,500.82883194343844
4,912.4075180385221,400.91240751803855
5,921.5525275358392,500.9215525275358
