num_vehicles,distance,fitness
4,934.6666440653541,400.9346666440654
4,912.9281727532725,400.91292817275325
4,912.1259393408377,400.91212593934085
5,993.1690210015923,500.9931690210016
4,793.6729724410534,400.7936729724411
4,933.3840003875921,400.9333840003876
5,891.7337522712347,500.89173375227125
5,813.7895048028688,500.81378950480286
5,955.0895752525538,500.95508957525254
5,941.9191679549654,500.94191916795495
5,919.563278569454,500.91956327856946
5,992.1319133123362,500.99213191331233
5,929.0402164163751,500.92904021641635
5,1045.1791652108016,501.0451791652108
5,903.6579078138004,500.9036579078138
4,976.2589212063415,400.97625892120635
4,864.4767989980334,400.86447679899806
5,994.8270439646578,500.9948270439647
5,863.1231541675404,500.86312315416757
4,764.4802526803212,400.7644802526803
