num_vehicles,distance,fitness
4,1099.2379083158141,401.0992379083158
4,1010.3724042191651,401.01037240421914
4,1082.6185053996912,401.0826185053997
4,924.9407847964752,400.9249407847965
4,955.6717601676988,400.9556717601677
4,799.2717992230571,400.79927179922305
4,901.2094221734612,400.90120942217345
4,795.7527815590214,400.79575278155903
5,963.3404491448446,500.9633404491448
5,1055.3156640561583,501.05531566405614
4,1051.886684059955,401.05188668406
5,917.1602201031518,500.91716022010314
5,962.8127421430137,500.962812742143
6,962.6149745844784,600.9626149745844
4,1015.3611279999984,401.015361128
5,1089.225673334135,501.0892256733341
5,877.3799660707157,500.8773799660707
5,982.3737250844682,500.98237372508447
6,987.3702338065485,600.9873702338066
4,936.3515111465865,400.9363515111466
