num_vehicles,distance,fitness
4,990.4776981132496,400.99047769811324
4,1007.19062705472,401.00719062705474
4,982.239596041248,400.98223959604127
4,965.3208101953278,400.96532081019535
4,875.1055944304651,400.87510559443047
4,990.2936339445347,400.99029363394453
4,1049.0805488050537,401.0490805488051
5,835.1581636229795,500.83515816362296
4,1009.9931715259438,401.00999317152593
5,985.7017155371562,500.9857017155372
5,988.7439413321684,500.9887439413322
5,957.4013482536577,500.95740134825365
5,996.2168012562495,500.99621680125625
4,1020.0016168723006,401.0200016168723
5,962.4550655876408,500.9624550655876
5,938.5054983469778,500.93850549834696
4,901.4876214352237,400.90148762143525
4,874.5105945659806,400.874510594566
5,1002.672667408918,501.00267266740894
4,867.5008214613798,400.86750082146136
