num_vehicles,distance,fitness
4,954.4951724086313,400.95449517240866
4,892.90672080037,400.8929067208004
4,916.6387546638464,400.91663875466384
4,861.5958715450694,400.8615958715451
4,869.9420120488098,400.8699420120488
4,932.9323719418751,400.9329323719419
4,911.8636121001331,400.91186361210015
5,808.8385267687826,500.8088385267688
5,890.0576985164806,500.8900576985165
4,845.8859439414243,400.8458859439414
6,953.457174742477,600.9534571747424
5,994.1972353428724,500.9941972353429
5,856.0241276536676,500.85602412765365
5,933.3728075463863,500.9333728075464
5,970.4659670359844,500.970465967036
5,951.8379754159753,500.95183797541597
4,943.9428856333825,400.94394288563336
5,866.1380486508514,500.86613804865084
4,954.3591538307168,400.9543591538307
5,874.577463375543,500.87457746337554
