num_vehicles,distance,fitness
8,962.0780328369437,800.962078032837
9,848.3070248056506,900.8483070248056
9,938.3207859327783,900.9383207859328
9,959.4292754385636,900.9594292754385
7,676.2475180891322,700.6762475180891
10,966.9901562002003,1000.9669901562002
9,915.4656856135589,900.9154656856135
9,1100.920289983486,901.1009202899835
10,1089.7514100544277,1001.0897514100544
9,1004.6871556402367,901.0046871556402
9,1104.0339801743428,901.1040339801743
9,1019.1490966735082,901.0191490966735
9,1003.1562495017947,901.0031562495018
9,1017.3854582061351,901.0173854582061
9,1029.0810698606026,901.0290810698606
8,934.184945562416,800.9341849455624
9,963.5159660525475,900.9635159660526
10,1183.454816715149,1001.1834548167152
8,1010.5572598841346,801.0105572598841
9,1075.4884329256085,901.0754884329256
