num_vehicles,distance,fitness
7,979.4404534601562,700.9794404534601
7,1005.3931019359982,701.005393101936
7,782.0599204720714,700.7820599204721
7,1006.7217551110658,701.006721755111
7,817.5881506324791,700.8175881506324
7,1000.918575553816,701.0009185755538
8,1229.1434980845777,801.2291434980846
8,1081.4530228780218,801.081453022878
8,996.5925202620358,800.9965925202621
8,1035.3055472538254,801.0353055472539
8,1111.076471989453,801.1110764719895
8,1149.9169628144425,801.1499169628145
8,1079.3706090828343,801.0793706090828
7,1054.7826735223705,701.0547826735224
8,1190.8194810679167,801.1908194810679
7,1081.7661671316444,701.0817661671316
7,956.221169163939,700.9562211691639
7,1001.682047723568,701.0016820477235
8,1158.7192462644437,801.1587192462645
8,1004.0602274599365,801.00406022746
