num_vehicles,distance,fitness
7,691.9245200332821,700.6919245200332
9,866.9547891861092,900.8669547891861
9,923.6140281832245,900.9236140281832
9,905.4400188070541,900.9054400188071
8,723.3291873006829,800.7233291873007
9,948.2194563399535,900.94821945634
9,921.2113350954173,900.9212113350954
8,755.5385949934252,800.7555385949935
9,891.2682297465955,900.8912682297466
11,1029.205591588172,1101.0292055915882
10,1078.8361376402695,1001.0788361376402
10,1094.3821479103826,1001.0943821479104
9,1032.04606521803,901.0320460652181
12,1236.5520962052494,1201.2365520962053
11,1220.417106547624,1101.2204171065475
9,1027.5385777287363,901.0275385777287
10,1096.642672236214,1001.0966426722362
12,1176.7797893915847,1201.1767797893915
13,1227.4958385567459,1301.2274958385567
12,1337.069849804915,1201.337069849805
