num_vehicles,distance,fitness
8,759.1670203183024,800.7591670203183
8,917.0368612682339,800.9170368612682
7,790.7442325248645,700.7907442325248
9,978.5990843297116,900.9785990843297
11,1296.9758830291244,1101.296975883029
10,1160.2144909518897,1001.160214490952
10,1058.8107469033798,1001.0588107469034
8,941.8782539718414,800.9418782539718
10,1245.5516297062575,1001.2455516297063
12,1199.5094845691756,1201.1995094845693
10,1139.5367936101936,1001.1395367936102
9,940.5902434144962,900.9405902434145
9,1013.3235700827939,901.0133235700828
8,919.2441756800777,800.9192441756801
10,1043.3638104647357,1001.0433638104647
10,1065.4301277311472,1001.0654301277311
11,1155.7270477153447,1101.1557270477153
10,1139.3294465264578,1001.1393294465264
11,1268.8187138789788,1101.268818713879
9,985.636307426199,900.9856363074261
