num_vehicles,distance,fitness
8,1070.571296979287,801.0705712969793
7,1156.2892664542019,701.1562892664542
7,798.7631051939419,700.798763105194
7,903.6089304181406,700.9036089304182
7,1086.5340088063697,701.0865340088063
7,1053.7933107523963,701.0537933107524
8,1064.6779523739467,801.0646779523739
8,1151.3373512831517,801.1513373512831
8,1019.2767863383557,801.0192767863383
9,1263.8410420579974,901.263841042058
8,1072.9892613351149,801.0729892613351
8,1088.7282700770054,801.088728270077
9,1254.1410237259417,901.254141023726
9,1173.5149460541295,901.1735149460542
7,968.5204213536438,700.9685204213537
9,978.0036592648167,900.9780036592648
8,1120.0494993916884,801.1200494993917
9,1114.2183289813895,901.1142183289813
8,992.1990055133064,800.9921990055133
8,1030.6459750383747,801.0306459750384
