num_vehicles,distance,fitness
8,894.5607712993112,800.8945607712993
10,929.0671412551524,1000.9290671412551
9,829.9419847542147,900.8299419847542
12,1134.1252348828734,1201.134125234883
9,938.2573405359192,900.9382573405359
11,1078.9275975447752,1101.0789275975449
10,890.2486419177252,1000.8902486419178
8,879.4083228003559,800.8794083228004
12,1153.8340797495746,1201.1538340797497
10,998.5078329886719,1000.9985078329887
11,1018.0950201126412,1101.0180950201127
12,1132.2448138007776,1201.1322448138008
12,1159.8932221982366,1201.1598932221982
13,1157.2306855696245,1301.1572306855696
10,993.483987149199,1000.9934839871491
11,1239.6267864272252,1101.2396267864272
12,1059.6064764092198,1201.0596064764093
11,1014.5439197369932,1101.014543919737
12,1120.2094788667323,1201.1202094788666
12,1188.9000299246877,1201.1889000299248
