num_vehicles,distance,fitness
7,792.558481332472,700.7925584813324
7,939.5995341363252,700.9395995341363
7,977.1145915617285,700.9771145915618
9,1001.3773124924754,901.0013773124924
9,1091.1898630347625,901.0911898630347
9,1064.2302487598427,901.0642302487598
8,1122.3305444885714,801.1223305444886
10,1177.817751766466,1001.1778177517665
9,1041.994754126677,901.0419947541267
9,1014.2881589196616,901.0142881589196
9,1085.3343239174196,901.0853343239174
8,983.1458710218334,800.9831458710219
9,1119.154753526304,901.1191547535263
9,1150.187555129524,901.1501875551295
8,1215.2795758201266,801.2152795758201
9,996.240461645953,900.9962404616459
9,1099.1121058860456,901.0991121058861
10,1180.7674600221146,1001.1807674600221
8,1192.5938449778207,801.1925938449779
9,1133.5443404499156,901.1335443404499
