num_vehicles,distance,fitness
7,791.5872570391791,700.7915872570392
7,735.4364685988809,700.7354364685989
8,924.8664173771688,800.9248664173772
7,698.9265609351897,700.6989265609352
8,948.6681978862622,800.9486681978863
7,736.2186804055058,700.7362186804055
10,1302.5575338502372,1001.3025575338503
8,915.3360608076459,800.9153360608076
8,1036.7965680913571,801.0367965680914
9,1237.5381344423831,901.2375381344424
8,1149.0424424553703,801.1490424424554
8,931.7541430096959,800.9317541430097
8,1096.5101227525654,801.0965101227525
9,1127.9893240718866,901.1279893240719
8,1047.318373561557,801.0473183735616
9,1107.0373134966865,901.1070373134967
8,969.330264623266,800.9693302646233
9,974.3266614536442,900.9743266614537
9,1313.872022993274,901.3138720229932
9,1019.9462500215268,901.0199462500216
