num_vehicles,distance,fitness
5,1310.0844333327757,501.3100844333328
5,1198.896887187887,501.1988968871879
5,1102.564836313898,501.1025648363139
4,1230.6257954290938,401.2306257954291
5,1063.2889768519733,501.063288976852
5,1183.3997967872383,501.1833997967872
5,1259.268564852017,501.259268564852
6,1051.6832883981656,601.0516832883982
5,1191.8998512863025,501.1918998512863
5,1335.4046295736737,501.33540462957365
6,1227.0960572301597,601.2270960572301
6,1261.416809520279,601.2614168095203
6,1274.1532231950755,601.2741532231951
5,1112.9943566908805,501.1129943566909
6,1328.9254613903722,601.3289254613903
6,1071.2074751432672,601.0712074751433
6,1132.399832588115,601.1323998325881
5,1296.189946618974,501.296189946619
6,1294.06880480513,601.2940688048051
5,1295.1465561752775,501.29514655617527
