num_vehicles,distance,fitness
5,1306.6275740598305,501.3066275740598
5,1222.5994986960022,501.222599498696
5,1079.501609834026,501.07950160983404
5,1005.1258859039608,501.00512588590396
4,929.6470508670828,400.92964705086706
5,960.246328470986,500.960246328471
5,1060.952129714427,501.06095212971445
5,1075.0500576618615,501.0750500576619
5,1147.4311304389362,501.1474311304389
5,1194.1792865228995,501.1941792865229
5,1217.5821784374605,501.21758217843745
5,1350.1432611589537,501.35014326115896
5,1264.5502670408146,501.2645502670408
5,1172.646106849295,501.1726461068493
5,1254.3225515056974,501.2543225515057
5,1197.374444748926,501.1973744447489
5,1144.026942949074,501.1440269429491
5,1388.9502169647023,501.3889502169647
5,1035.567777371461,501.03556777737145
5,1075.7814388022312,501.0757814388022
