num_vehicles,distance,fitness
5,1206.7227033268164,501.2067227033268
6,1137.222880166816,601.1372228801669
6,1134.899198123045,601.1348991981231
7,1138.678046121547,701.1386780461215
7,1072.2498454349575,701.072249845435
6,1150.2560204123286,601.1502560204124
6,1191.9901784712697,601.1919901784713
8,1462.3986856485353,801.4623986856485
7,1029.7750377493091,701.0297750377493
7,1238.7502154349581,701.238750215435
7,1199.5425314596334,701.1995425314597
7,1249.7850007762565,701.2497850007762
6,1187.2049282563273,601.1872049282563
7,1254.851288189278,701.2548512881892
8,1265.2750793742632,801.2652750793743
8,1285.015416521609,801.2850154165216
8,988.1307380010617,800.988130738001
7,1149.5229346319848,701.1495229346319
7,1182.6195738264316,701.1826195738264
8,1336.404767217391,801.3364047672173
