num_vehicles,distance,fitness
5,1098.2107185369055,501.0982107185369
5,860.3920974954842,500.8603920974955
6,964.2221253937897,600.9642221253938
5,1035.4787617285642,501.03547876172854
6,945.7902729858638,600.9457902729858
6,1034.0549854063904,601.0340549854064
5,1116.0732097707946,501.1160732097708
5,1144.919947096131,501.1449199470961
6,1093.6750524838565,601.0936750524838
6,1146.835534274303,601.1468355342743
6,1253.071797391362,601.2530717973914
6,1161.1094866355381,601.1611094866355
6,1117.3949190570338,601.117394919057
6,1076.423376989303,601.0764233769893
6,928.9951112068317,600.9289951112069
6,1190.143212855606,601.1901432128556
7,1098.0830814851668,701.0980830814851
7,1221.9553869518138,701.2219553869518
6,1056.0907035997695,601.0560907035998
6,1092.6771971752673,601.0926771971752
