num_vehicles,distance,fitness
4,1067.7019895573885,401.0677019895574
4,1090.7704988003081,401.0907704988003
5,1070.8577176437861,501.0708577176438
5,1147.5250791988053,501.14752507919883
5,1118.8684337720483,501.11886843377204
6,1068.8578771968994,601.0688578771969
5,1355.0551804534366,501.35505518045346
5,926.6525450742492,500.92665254507426
5,1184.194136716913,501.18419413671694
5,1251.7183809252492,501.25171838092524
5,1041.8114948111652,501.04181149481116
5,1140.0823911503983,501.1400823911504
6,1350.915102195311,601.3509151021954
6,1338.208972659891,601.3382089726599
6,939.5707532838497,600.9395707532839
5,1120.5862054831234,501.1205862054831
4,1116.9792589476401,401.11697925894765
6,1102.3004412936566,601.1023004412937
6,1165.7649508442262,601.1657649508443
5,1275.468325173934,501.27546832517396
