num_vehicles,distance,fitness
5,1088.2573579320474,501.08825735793204
5,1129.2163527330088,501.129216352733
5,1138.698789407178,501.13869878940716
5,1168.9099589653172,501.16890995896534
5,1120.57121453434,501.1205712145343
5,1071.8610287619874,501.071861028762
5,1060.8274169761587,501.06082741697617
5,1088.045601427987,501.088045601428
6,1253.5694510541423,601.2535694510541
5,1077.3766437758218,501.07737664377584
6,1140.2705325700194,601.1402705325701
6,1210.7751461475343,601.2107751461475
5,987.9576152862268,500.98795761528623
6,1243.1189778672374,601.2431189778672
5,1140.9069276144573,501.1409069276145
6,1213.2100211648196,601.2132100211649
6,1204.5740481839546,601.204574048184
5,1166.8952414261823,501.1668952414262
6,1195.2594219333087,601.1952594219333
6,1082.8770191295207,601.0828770191296
