num_vehicles,distance,fitness
4,1081.4010688547528,401.08140106885475
5,883.7648051821643,500.8837648051822
6,1133.6876157772,601.1336876157771
5,950.0485154338111,500.9500485154338
4,1107.6292632979432,401.10762926329795
5,958.5554157591463,500.9585554157591
5,1174.8435130522862,501.1748435130523
7,1040.1811343699665,701.04018113437
6,1224.5038178211062,601.2245038178211
6,1223.4797018218221,601.2234797018218
7,1161.2609833697836,701.1612609833697
5,1067.940247483149,501.06794024748314
6,1178.6188514714884,601.1786188514715
6,1211.505652447834,601.2115056524478
7,1139.195471039574,701.1391954710396
7,1094.5159283791425,701.0945159283791
7,1362.5324308197894,701.3625324308198
8,1385.0869320353047,801.3850869320353
6,894.8837491977264,600.8948837491977
6,1218.3762733087367,601.2183762733088
