num_vehicles,distance,fitness
7,537.3913739362137,700.5373913739362
10,595.5143647195107,1000.5955143647195
7,536.7614962803528,700.5367614962804
9,641.7173040282044,900.6417173040282
7,579.604760553028,700.579604760553
10,687.7368978459767,1000.687736897846
12,707.8042720424072,1200.7078042720425
10,698.3853905454039,1000.6983853905454
10,664.2034802732902,1000.6642034802733
10,681.5325054312829,1000.6815325054313
11,729.3871007827465,1100.7293871007828
10,678.9728026908313,1000.6789728026909
11,627.8055544744999,1100.6278055544744
9,587.5313277855811,900.5875313277855
10,762.2604952366981,1000.7622604952367
10,666.0904162885184,1000.6660904162885
10,619.4893051444085,1000.6194893051444
11,720.0897696245053,1100.7200897696246
14,865.9296927639505,1400.865929692764
10,678.3520855255839,1000.6783520855256
