num_vehicles,distance,fitness
7,512.2931205274929,700.5122931205275
7,527.9734410470861,700.527973441047
7,585.220875160109,700.5852208751601
7,565.607308234407,700.5656073082345
7,783.2987216324536,700.7832987216325
8,680.3127524388617,800.6803127524389
7,688.9138315248958,700.6889138315249
8,608.8094249711246,800.6088094249711
7,661.8957218933126,700.6618957218933
8,626.5168296242975,800.6265168296243
7,594.8183082931887,700.5948183082932
7,650.3497113378119,700.6503497113379
7,568.2589881553993,700.5682589881554
7,662.1371493191617,700.6621371493192
7,753.2868068812577,700.7532868068813
8,659.2344190803982,800.6592344190803
7,589.3643034144859,700.5893643034145
7,581.9161044508382,700.5819161044508
8,574.8310957400874,800.5748310957401
8,737.9599865857311,800.7379599865857
