num_vehicles,distance,fitness
7,658.8124637298049,700.6588124637298
10,677.2108597424674,1000.6772108597424
8,705.1452789995359,800.7051452789996
10,679.8473967131353,1000.6798473967132
8,681.684490131188,800.6816844901311
8,634.1523071797295,800.6341523071798
10,624.6707741205063,1000.6246707741205
7,568.4561333102677,700.5684561333103
11,712.0947156034921,1100.7120947156036
10,702.9450473863591,1000.7029450473864
8,686.7375299066481,800.6867375299066
9,711.5449130178562,900.7115449130179
11,745.0430937826384,1100.7450430937827
11,752.6114452708316,1100.7526114452708
9,650.1263790461724,900.6501263790461
9,643.8211792924026,900.6438211792924
9,652.5080622576863,900.6525080622577
8,613.6187696879705,800.613618769688
9,628.0184796168953,900.6280184796169
8,598.6294910238037,800.5986294910238
