num_vehicles,distance,fitness
7,599.946623310844,700.5999466233109
7,644.9922479645745,700.6449922479645
7,602.2174641680186,700.602217464168
10,806.4311530005668,1000.8064311530005
9,750.3595085335014,900.7503595085335
9,701.0799455813788,900.7010799455813
10,739.0922151572573,1000.7390922151573
8,602.4719175829505,800.602471917583
8,655.1597734935227,800.6551597734936
9,744.4896061492079,900.7444896061492
8,639.5592853428948,800.6395592853429
8,694.2570214993531,800.6942570214993
9,747.8601783147526,900.7478601783148
10,695.1198293961448,1000.6951198293962
8,674.9906075649506,800.674990607565
9,562.0412352660172,900.5620412352661
9,700.4545704137339,900.7004545704137
9,711.346706293401,900.7113467062934
9,691.3552095344926,900.6913552095345
8,622.7076182934611,800.6227076182935
