num_vehicles,distance,fitness
7,636.8199997144283,700.6368199997145
7,677.8068678543679,700.6778068678543
7,693.0043499492165,700.6930043499492
6,646.4860955213867,600.6464860955214
6,648.4067313132825,600.6484067313132
7,555.0984323118801,700.5550984323119
7,637.4075037030015,700.637407503703
7,649.4437535355992,700.6494437535356
7,570.653392197294,700.5706533921973
7,641.5502644497564,700.6415502644497
7,633.5061481282765,700.6335061481283
7,669.7283529448196,700.6697283529448
7,674.2682007573932,700.6742682007574
7,689.911811411378,700.6899118114114
7,639.7578564762322,700.6397578564762
7,576.3610741573325,700.5763610741574
7,615.3855375800921,700.6153855375801
7,630.4474266873359,700.6304474266873
7,593.6996485289305,700.593699648529
6,565.1307136754566,600.5651307136754
