num_vehicles,distance,fitness
5,457.2023704760672,500.45720237047607
9,658.9028673333921,900.6589028673334
8,622.0047363554307,800.6220047363554
7,656.3349686418542,700.6563349686419
8,785.4946327911254,800.7854946327911
8,711.4703814820591,800.7114703814821
9,736.9495175932574,900.7369495175933
8,674.1912697465892,800.6741912697466
7,719.4016630725955,700.7194016630726
9,724.2420574869145,900.7242420574869
7,689.5658728749169,700.6895658728749
10,761.8393742783954,1000.7618393742785
9,719.4868900941102,900.7194868900941
8,726.0517866745375,800.7260517866746
7,758.8564167839431,700.7588564167839
12,840.2738104575634,1200.8402738104576
9,738.496148185045,900.738496148185
8,685.2684863341148,800.6852684863342
8,701.9622386343093,800.7019622386343
11,769.3924110793514,1100.7693924110793
