num_vehicles,distance,fitness
5,512.8102709016586,500.51281027090164
5,533.5087661595586,500.53350876615957
5,596.0087050576636,500.59600870505767
5,600.3510250444893,500.6003510250445
5,573.1498483402971,500.5731498483403
5,558.6892099466372,500.55868920994664
4,555.1359612268321,400.5551359612268
7,743.5270643859195,700.743527064386
7,714.5380953236087,700.7145380953236
9,797.5416614486192,900.7975416614486
5,710.6120284422057,500.7106120284422
9,918.902859729538,900.9189028597295
8,748.6912920210298,800.748691292021
8,829.1066122095614,800.8291066122096
10,840.0873137617712,1000.8400873137617
10,792.9527145244494,1000.7929527145244
8,705.6116216450984,800.7056116216451
8,711.6648197543357,800.7116648197543
8,692.9250113146755,800.6929250113146
8,743.255729518406,800.7432557295184
