num_vehicles,distance,fitness
8,801.6266998825827,800.8016266998826
11,874.8478486929564,1100.874847848693
11,955.7826065534432,1100.9557826065534
10,865.6828590676349,1000.8656828590676
9,736.7689704810726,900.7367689704811
9,783.1982064943812,900.7831982064944
11,919.5270997774863,1100.9195270997775
10,933.0852192831622,1000.9330852192832
10,888.4884240624644,1000.8884884240624
11,984.9675559772323,1100.9849675559772
11,926.0250467203387,1100.9260250467203
11,899.6946531032586,1100.8996946531033
12,1012.1998552730875,1201.0121998552731
13,984.1082062920377,1300.9841082062921
12,945.0131881182663,1200.9450131881183
12,993.0342732457403,1200.9930342732457
11,1017.2081565360259,1101.017208156536
12,1038.8498063311026,1201.0388498063312
10,948.2551333389972,1000.948255133339
11,890.8740382426904,1100.8908740382426
