num_vehicles,distance,fitness
7,743.2970155147732,700.7432970155148
6,739.5911345668964,600.7395911345669
7,769.4209623499063,700.76942096235
6,691.9679304043468,600.6919679304043
7,754.6837685206661,700.7546837685206
7,762.6132860970682,700.7626132860971
8,889.0478622072841,800.8890478622072
6,780.8040040509311,600.7808040040509
9,876.0792041964143,900.8760792041965
9,1037.3360108470279,901.0373360108471
10,965.0368550535087,1000.9650368550535
10,993.465764640968,1000.993465764641
10,1002.1411358599573,1001.0021411358599
8,919.3756780784531,800.9193756780785
9,973.4346175153928,900.9734346175154
9,923.7266037713127,900.9237266037713
11,989.5158055205976,1100.9895158055206
8,1016.3779996859569,801.0163779996859
9,913.4822937640716,900.9134822937641
12,1039.534002309784,1201.03953400231
