num_vehicles,distance,fitness
7,847.9959707224298,700.8479959707224
6,832.3431383189118,600.832343138319
6,764.1279153735807,600.7641279153736
7,849.9592334813196,700.8499592334813
7,917.8709269517809,700.9178709269518
6,802.0482970470765,600.8020482970471
6,795.8446612754022,600.7958446612754
6,838.7293062442952,600.8387293062443
6,773.6968151803251,600.7736968151803
8,950.7921301770406,800.9507921301771
9,909.7433180341627,900.9097433180342
8,933.8673710284245,800.9338673710284
9,987.4860247712004,900.9874860247712
7,912.105345323522,700.9121053453235
10,981.9914811876017,1000.9819914811876
9,929.6395761561132,900.9296395761561
9,928.9825743700073,900.92898257437
9,971.8125393378178,900.9718125393379
9,1045.6974339103672,901.0456974339104
8,999.8556932492252,800.9998556932492
