num_vehicles,distance,fitness
7,864.4833286468569,700.8644833286469
10,792.0017761646725,1000.7920017761646
11,788.8545851925262,1100.7888545851924
10,806.1322084081352,1000.8061322084081
12,939.1394728818211,1200.9391394728818
12,938.4263095107783,1200.9384263095108
12,914.4186888572416,1200.9144186888573
11,901.6228296444601,1100.9016228296446
12,1001.5848452079961,1201.001584845208
12,1015.8580146603117,1201.0158580146604
13,979.7163768464405,1300.9797163768465
12,910.4666177121088,1200.910466617712
12,970.0005913704249,1200.9700005913705
11,917.221546970656,1100.9172215469707
12,893.1489598355148,1200.8931489598356
12,891.7881668406228,1200.8917881668406
11,933.841726364773,1100.9338417263648
12,940.2555147745305,1200.9402555147744
12,952.9796759768259,1200.9529796759768
12,1020.9073664790907,1201.0209073664792
