num_vehicles,distance,fitness
6,738.2850068179622,600.7382850068179
7,808.3088337192219,700.8083088337193
9,866.0502928471054,900.8660502928471
7,837.4351516740725,700.8374351516741
8,753.1409464220324,800.753140946422
8,788.6540149352728,800.7886540149352
7,811.3303139603212,700.8113303139603
7,840.5101467635839,700.8405101467636
8,766.7004379467043,800.7667004379467
11,970.5469559889326,1100.970546955989
10,990.6999180159507,1000.9906999180159
9,881.6313707087844,900.8816313707088
10,1047.4989932040576,1001.047498993204
10,776.799104174818,1000.7767991041749
9,976.3790797080923,900.9763790797081
10,916.6821556577189,1000.9166821556577
9,922.2524367635614,900.9222524367635
10,953.3036394770619,1000.9533036394771
11,1040.1268009956048,1101.0401268009955
12,1008.6649940100501,1201.0086649940101
