num_vehicles,distance,fitness
7,875.9048735512156,700.8759048735512
6,800.1547176074769,600.8001547176075
6,907.0350677885585,600.9070350677886
7,813.409783936896,700.8134097839369
6,848.2610437644885,600.8482610437645
6,853.7049323131018,600.8537049323131
6,851.0737910622521,600.8510737910623
6,852.503129940766,600.8525031299407
7,833.03144654888,700.8330314465488
6,880.6593874969615,600.880659387497
8,926.9395794513484,800.9269395794513
7,811.2474438994759,700.8112474438994
9,1003.5709281788287,901.0035709281789
8,926.2938446982542,800.9262938446983
7,833.4374506107033,700.8334374506107
7,760.9574241430868,700.760957424143
10,932.491165099174,1000.9324911650991
9,929.3005451991546,900.9293005451991
9,1018.5300107149113,901.0185300107149
8,901.3942643277757,800.9013942643278
