num_vehicles,distance,fitness
6,849.5290070488132,600.8495290070488
8,728.2015366104004,800.7282015366104
7,763.5795350813337,700.7635795350814
7,743.499631533762,700.7434996315337
9,756.3442290099786,900.75634422901
9,851.8858556622246,900.8518858556622
8,750.558145375202,800.7505581453752
9,876.8365022008919,900.876836502201
9,791.1018478110491,900.7911018478111
9,830.5029602175148,900.8305029602175
9,996.5473166121267,900.9965473166121
10,916.1135427879033,1000.9161135427879
10,930.4590264574124,1000.9304590264574
10,848.2357834546759,1000.8482357834547
11,920.6539664563852,1100.9206539664565
9,781.4074781408584,900.7814074781409
7,856.5527295902433,700.8565527295902
9,885.6631896850025,900.885663189685
11,947.6054053761557,1100.9476054053762
10,843.3562116511179,1000.8433562116511
