num_vehicles,distance,fitness
6,762.3946846662257,600.7623946846662
8,868.7030451758726,800.8687030451758
7,773.3389622013246,700.7733389622014
6,799.6543085478834,600.7996543085479
7,776.4989850083091,700.7764989850083
6,834.50146087491,600.8345014608749
6,705.8594889933725,600.7058594889934
8,867.2753742401927,800.8672753742402
8,965.6817165773962,800.9656817165774
8,947.6722072486161,800.9476722072486
8,951.0477018919102,800.9510477018919
9,945.9595245087493,900.9459595245088
9,923.3665600786022,900.9233665600786
7,858.7626089170083,700.858762608917
8,821.6070805299447,800.8216070805299
8,830.0131842857187,800.8300131842857
9,933.4689615446954,900.9334689615447
9,865.311325136699,900.8653113251366
9,915.5898229978077,900.9155898229978
10,936.9535529403437,1000.9369535529404
