num_vehicles,distance,fitness
7,842.8913236348984,700.842891323635
6,775.5238242834288,600.7755238242835
7,757.8579007307703,700.7578579007308
7,789.5036422024115,700.7895036422024
7,888.0162097149049,700.8880162097149
9,1039.0480195243802,901.0390480195243
8,884.5623252866333,800.8845623252867
8,954.7488852376097,800.9547488852376
9,1009.4137574596419,901.0094137574597
9,973.5983710211628,900.9735983710211
9,868.8054850453161,900.8688054850453
11,925.1412674377872,1100.9251412674378
8,941.1151663634565,800.9411151663635
9,944.0306480983874,900.9440306480984
8,800.4171492014751,800.8004171492015
10,991.4782258805378,1000.9914782258805
9,856.7902657331189,900.8567902657331
8,927.6156399006013,800.9276156399006
9,864.4745885758963,900.864474588576
9,822.7761487338807,900.8227761487339
