num_vehicles,distance,fitness
6,840.3646523098904,600.8403646523099
6,749.4972901565941,600.7494972901566
6,772.4865489762097,600.7724865489762
7,784.416321623084,700.7844163216231
7,879.1914902049413,700.8791914902049
6,777.9673291301885,600.7779673291302
6,760.0340538948241,600.7600340538949
7,875.2202602197287,700.8752202602197
7,834.9168990849737,700.834916899085
7,866.818061518816,700.8668180615189
7,933.0607927567366,700.9330607927567
7,923.0269495231905,700.9230269495232
7,902.9107732805769,700.9029107732806
6,871.4807589181621,600.8714807589182
7,965.7701442286631,700.9657701442287
7,963.784870532845,700.9637848705329
7,943.6927017992365,700.9436927017993
7,854.8216328798637,700.8548216328799
6,886.4899736882857,600.8864899736883
7,899.9888133553246,700.8999888133553
