num_vehicles,distance,fitness
4,918.1606608150763,400.9181606608151
7,947.9343593160386,700.947934359316
5,837.7348444816939,500.8377348444817
6,910.3379552877685,600.9103379552878
4,831.6134122880896,400.8316134122881
6,881.2574174558843,600.8812574174559
5,787.9732094815337,500.78797320948155
5,860.8388612431008,500.8608388612431
7,899.2518785656707,700.8992518785657
8,983.808777831818,800.9838087778318
6,876.4519097510301,600.876451909751
6,975.8628236462254,600.9758628236463
7,937.0434281001518,700.9370434281002
6,933.2705371412749,600.9332705371413
9,914.9546883262274,900.9149546883262
5,969.7349834693337,500.9697349834693
6,922.9578629803677,600.9229578629804
6,886.3379897855634,600.8863379897856
7,993.7143689104912,700.9937143689104
6,925.4066702705334,600.9254066702705
