num_vehicles,distance,fitness
4,848.564939599413,400.84856493959944
6,960.6639048731173,600.9606639048732
4,933.1695303192066,400.9331695303192
5,837.0356949203591,500.83703569492036
6,865.5396615485542,600.8655396615486
4,857.8272153681968,400.8578272153682
4,851.3268335053169,400.8513268335053
4,926.045601687911,400.9260456016879
4,837.2570590190633,400.83725705901907
8,1008.029436708156,801.0080294367082
6,883.0728151447969,600.8830728151448
7,923.7522480205928,700.9237522480206
6,931.4557570825472,600.9314557570825
6,943.2831912705121,600.9432831912706
6,902.6277373615661,600.9026277373615
6,1012.39941341112,601.0123994134111
5,877.1648836250265,500.877164883625
7,887.141678750937,700.8871416787509
6,848.7358340966159,600.8487358340966
6,988.1351434814375,600.9881351434815
