num_vehicles,distance,fitness
4,1071.3637846072347,401.07136378460723
5,980.0797787941955,500.9800797787942
5,976.0087692551737,500.9760087692552
4,969.2864119891622,400.9692864119892
4,1069.2331072641987,401.0692331072642
4,962.2573121164327,400.96225731211644
5,993.1071864398314,500.99310718643983
4,985.9160652747235,400.98591606527475
4,1016.9334479634304,401.0169334479634
6,974.732831208581,600.9747328312086
5,877.5130359563326,500.8775130359563
5,962.5014585996307,500.9625014585996
7,962.694531456372,700.9626945314563
5,900.6599517394054,500.9006599517394
5,889.322816675533,500.88932281667553
5,972.5010287612895,500.9725010287613
5,862.5292170607031,500.8625292170607
6,839.720460117381,600.8397204601174
6,981.1383391372311,600.9811383391373
5,974.7394436389375,500.97473944363895
