num_vehicles,distance,fitness
4,937.6570066368039,400.9376570066368
4,986.4280574661335,400.9864280574661
4,921.2124702008299,400.9212124702008
4,952.8895653822184,400.95288956538224
4,948.1993002162092,400.94819930021623
4,972.5288437927738,400.97252884379276
4,953.9503547716744,400.9539503547717
6,844.739334757027,600.844739334757
4,862.4059177615637,400.8624059177616
5,978.3765001250782,500.9783765001251
4,889.9303588789326,400.8899303588789
6,1008.1859983407543,601.0081859983408
4,911.4647554836263,400.9114647554836
4,956.0480167030904,400.9560480167031
4,880.3345827255946,400.8803345827256
5,968.5769561364511,500.9685769561365
5,826.2173664738705,500.8262173664739
5,1011.3851388107096,501.01138513881074
5,892.8939818087168,500.8928939818087
4,971.3154855609345,400.9713154855609
