num_vehicles,distance,fitness
4,887.2260787198006,400.8872260787198
5,814.585380264904,500.81458538026493
4,923.0958510536135,400.92309585105363
4,833.9616531064204,400.8339616531064
4,867.9272175197341,400.8679272175197
4,861.3030797749328,400.8613030797749
5,895.8553343502056,500.8958553343502
4,927.9238815332462,400.9279238815333
5,895.8086571679069,500.8958086571679
5,903.0033206686305,500.90300332066863
4,982.1595810235333,400.98215958102355
5,986.9651299634543,500.98696512996344
5,895.593771299854,500.89559377129984
4,801.5822139775662,400.80158221397755
5,865.7308747864032,500.8657308747864
5,839.3205887812544,500.8393205887813
6,932.7111781357962,600.9327111781358
5,907.2385117511534,500.90723851175113
6,977.6859072315008,600.9776859072315
6,870.9277446015353,600.8709277446015
