num_vehicles,distance,fitness
4,934.6666440653541,400.9346666440654
4,972.3084287723027,400.9723084287723
4,916.2624127463396,400.91626241274633
4,975.5884337226208,400.97558843372263
4,899.3078040107658,400.8993078040108
4,925.8979112653044,400.9258979112653
4,910.7257271966363,400.9107257271966
4,939.5738062044434,400.93957380620446
4,884.0494361983434,400.8840494361983
5,902.1958211957236,500.90219582119573
5,790.5585573853507,500.79055855738534
5,859.1698362547996,500.8591698362548
5,940.4894796676573,500.94048947966763
6,923.4937404554234,600.9234937404555
5,1001.6254728713827,501.0016254728714
4,840.0147900462496,400.84001479004627
5,914.6044349846989,500.9146044349847
4,832.417668386181,400.8324176683862
5,852.5252891773026,500.8525252891773
5,822.1409995988768,500.8221409995989
