num_vehicles,distance,fitness
4,1099.2379083158141,401.0992379083158
4,1071.286191956807,401.0712861919568
4,984.0874088233503,400.98408740882337
4,1105.9117278981876,401.10591172789816
5,1014.7778891696918,501.0147778891697
5,864.7093204284805,500.86470932042846
5,963.5605301352861,500.9635605301353
4,1044.5597247288256,401.0445597247288
4,939.7205683232685,400.93972056832325
5,935.6922017059075,500.93569220170593
4,966.689114354555,400.96668911435455
5,889.5235721322389,500.88952357213225
5,889.6863024850032,500.889686302485
4,941.2620251933421,400.94126202519334
6,1016.5049935026319,601.0165049935026
6,1013.8600972279746,601.013860097228
5,907.3004885315852,500.9073004885316
5,955.023478966861,500.95502347896684
6,977.7313354731637,600.9777313354732
5,1007.0421307733334,501.00704213077336
