num_vehicles,distance,fitness
4,918.9340678700514,400.91893406787005
5,926.3547265699514,500.92635472656997
4,965.1487617430962,400.9651487617431
4,836.4005534252235,400.8364005534252
4,822.5526256802455,400.82255262568026
5,972.855877390768,500.97285587739077
5,985.5628214099108,500.9855628214099
6,974.929717387924,600.9749297173879
5,906.1162691880652,500.9061162691881
5,963.952846173907,500.9639528461739
5,1013.5159865612574,501.01351598656123
5,959.1683222289937,500.959168322229
5,879.516751316893,500.8795167513169
5,894.4843705026091,500.8944843705026
5,900.2832632855122,500.90028326328553
4,886.1529781639697,400.886152978164
6,960.7708243108418,600.9607708243109
6,973.787817441983,600.973787817442
5,909.359760155359,500.9093597601554
6,946.0040531295158,600.9460040531295
