num_vehicles,distance,fitness
4,877.1580260263885,400.8771580260264
4,893.7960154612462,400.89379601546125
4,946.4393442478985,400.9464393442479
4,847.870365847614,400.8478703658476
4,922.4336064819129,400.9224336064819
5,1009.3505132500923,501.00935051325007
4,1034.8465128119426,401.03484651281195
4,925.5085876842716,400.92550858768425
5,946.0307465464169,500.9460307465464
4,871.1343581498967,400.8711343581499
4,972.635948893191,400.9726359488932
5,996.2786763414622,500.9962786763415
4,1039.7030390323196,401.0397030390323
5,861.1129652255803,500.8611129652256
4,887.557083442477,400.88755708344246
5,834.295967472662,500.83429596747266
4,933.5604826204687,400.93356048262046
4,922.294126829414,400.9222941268294
4,986.1917878858744,400.9861917878859
4,876.5713526804417,400.87657135268046
