num_vehicles,distance,fitness
7,792.558481332472,700.7925584813324
7,961.9668253319674,700.961966825332
7,719.078929180244,700.7190789291802
8,858.2663099599413,800.85826630996
7,943.1471720414194,700.9431471720414
7,903.371813882703,700.9033718138827
7,888.2401058465152,700.8882401058465
8,943.6532821388192,800.9436532821388
8,959.0756181267523,800.9590756181268
8,988.9743627703594,800.9889743627704
9,1032.3012460641094,901.0323012460641
8,1050.3841662520617,801.0503841662521
9,1020.1698782408927,901.020169878241
8,924.227150716159,800.9242271507162
9,1103.5736687671256,901.1035736687671
8,941.735402473919,800.9417354024739
11,1272.0831716048833,1101.272083171605
10,1127.3102464172339,1001.1273102464172
9,1106.197256126382,901.1061972561264
9,997.4980324292599,900.9974980324292
