num_vehicles,distance,fitness
5,1156.9680017061987,501.1569680017062
4,1105.1458098157884,401.1051458098158
4,1112.644809472649,401.11264480947267
4,953.3310631852845,400.95333106318526
5,1166.3728684840692,501.1663728684841
6,1252.7555343534914,601.2527555343535
6,1143.5064439046491,601.1435064439047
6,1194.8424825504335,601.1948424825505
6,1297.5342865190948,601.2975342865191
5,1103.7587343698854,501.1037587343699
5,1155.5143328144331,501.15551433281445
5,957.4620387609383,500.9574620387609
5,1120.3347174011708,501.1203347174012
6,1186.6010913035734,601.1866010913036
5,973.5039889304627,500.9735039889305
5,1150.9246699161536,501.15092466991615
6,1113.873071880088,601.1138730718801
5,1153.2251060867113,501.1532251060867
5,1265.8096441283194,501.2658096441283
5,1058.6443233008583,501.0586443233009
