num_vehicles,distance,fitness
5,1098.2107185369055,501.0982107185369
5,966.9030570666059,500.9669030570666
5,937.6200703244402,500.93762007032444
5,948.0218212893607,500.9480218212894
5,876.4725841815043,500.8764725841815
5,997.0434127377646,500.99704341273775
6,1041.7178260931066,601.0417178260931
6,1260.986602982492,601.2609866029825
7,1332.5243588671824,701.3325243588672
6,1098.2435400648808,601.0982435400649
6,1170.7232449641817,601.1707232449642
7,1213.9318441922408,701.2139318441922
8,1144.164700399877,801.1441647003999
7,1174.7297613008618,701.1747297613009
7,1107.4591964121287,701.1074591964122
6,1170.6015681309925,601.170601568131
6,1125.4936313759868,601.125493631376
5,1161.0969503463577,501.16109695034635
6,1198.5817951442657,601.1985817951443
6,1150.273147254997,601.150273147255
