num_vehicles,distance,fitness
5,1310.0844333327757,501.3100844333328
6,1232.9477063842073,601.2329477063842
5,1150.511858015101,501.1505118580151
5,986.3291802667084,500.9863291802667
6,1252.3358605493422,601.2523358605494
6,1204.1121724843658,601.2041121724843
6,1221.7859505530498,601.221785950553
6,1173.8860470118072,601.1738860470118
5,1148.6980285036975,501.1486980285037
5,1254.6860482058496,501.2546860482058
5,1245.423555568704,501.2454235555687
5,1125.1564591736283,501.12515645917364
5,1187.1081723830941,501.1871081723831
6,1368.4481633877872,601.3684481633878
5,1368.877876973684,501.36887787697367
5,1143.9039045748705,501.14390390457487
5,1113.5558547400574,501.11355585474007
5,1153.9527633756243,501.1539527633756
5,1300.291737050144,501.30029173705015
5,1195.3926210688035,501.1953926210688
