num_vehicles,distance,fitness
4,1081.4010688547528,401.08140106885475
5,933.3594821821533,500.93335948218214
5,1018.6435749922879,501.01864357499227
6,1184.2276588412778,601.1842276588412
5,1104.0678973211573,501.10406789732116
5,1006.1649680023119,501.00616496800234
5,1028.283955032955,501.028283955033
5,1070.6417995906047,501.0706417995906
4,1199.889872619026,401.19988987261905
5,1008.8144051081681,501.0088144051082
6,1065.5221189719528,601.0655221189719
6,1221.4340439435007,601.2214340439435
7,1364.6427268818506,701.3646427268818
6,1128.210910278159,601.1282109102782
6,1213.143159276667,601.2131431592767
6,1123.5403167880877,601.1235403167881
7,1033.3801920577898,701.0333801920577
7,1230.7216879749303,701.2307216879749
6,1212.5801694580123,601.212580169458
7,1170.444958348272,701.1704449583483
