num_vehicles,distance,fitness
5,1306.6275740598305,501.3066275740598
4,1136.926774808469,401.13692677480844
4,1082.2550055475292,401.08225500554755
4,941.7459180700844,400.94174591807007
4,1274.5319286357412,401.2745319286357
5,1172.530763208938,501.17253076320895
5,1291.091810169019,501.291091810169
5,1015.3181792144217,501.01531817921443
5,1308.0535363204744,501.3080535363205
5,1118.592156486643,501.11859215648667
5,1330.4763807798447,501.3304763807798
4,1076.2996002311415,401.07629960023115
5,1073.329052472867,501.07332905247284
5,918.1261105589142,500.9181261105589
5,1097.8534099093567,501.09785340990936
5,856.7710449902157,500.85677104499024
5,1066.3077942351604,501.0663077942352
5,1041.621529592682,501.0416215295927
5,1174.77635357488,501.1747763535749
5,1094.513041004637,501.09451304100463
