num_vehicles,distance,fitness
5,1206.7227033268164,501.2067227033268
6,1103.0798281587665,601.1030798281588
5,1069.4195059348408,501.06941950593483
6,1203.683238057392,601.2036832380574
7,1202.8741554985534,701.2028741554985
7,1271.6565708666872,701.2716565708666
7,1273.2944418410698,701.273294441841
8,1274.551453902111,801.2745514539021
8,1308.3979827371375,801.3083979827371
8,1262.6378018709402,801.2626378018709
6,1347.5769515528161,601.3475769515528
8,1259.3346615801424,801.2593346615802
6,1129.981401685916,601.1299814016859
6,1230.946287730876,601.2309462877308
6,1360.746658353806,601.3607466583538
7,1232.60943210883,701.2326094321088
8,1309.6451324040295,801.3096451324041
7,1016.1504529743734,701.0161504529743
8,1247.6974787870515,801.247697478787
7,1170.7981361683867,701.1707981361684
