num_vehicles,distance,fitness
6,447.6452532027363,600.4476452532027
7,629.0690857550026,700.629069085755
8,610.3944305537444,800.6103944305537
8,567.8997391296397,800.5678997391296
7,583.9986688957028,700.5839986688957
7,564.269665495643,700.5642696654957
6,494.1544861980976,600.4941544861981
8,604.8076775888135,800.6048076775888
8,598.9919267977283,800.5989919267977
9,649.094457054227,900.6490944570543
12,817.8397868576576,1200.8178397868576
10,703.4700821552859,1000.7034700821553
8,619.1452878799657,800.61914528788
8,677.8692756706998,800.6778692756707
9,668.7086659970404,900.6687086659971
8,613.3247658564576,800.6133247658564
7,622.9217952430914,700.6229217952431
9,751.9608721785606,900.7519608721785
9,706.9797688599535,900.7069797688599
8,761.897660077728,800.7618976600777
