num_vehicles,distance,fitness
7,495.26436520284466,700.4952643652028
7,643.90031823492,700.643900318235
6,509.16635944019254,600.5091663594402
7,654.0276432021913,700.6540276432022
8,633.1302108907211,800.6331302108907
7,584.7133248415656,700.5847133248416
6,570.0534337100648,600.5700534337101
7,610.0850416482238,700.6100850416482
7,655.3729159490373,700.655372915949
7,532.1132925542067,700.5321132925542
7,659.2529358698685,700.6592529358699
7,667.8769863135085,700.6678769863136
8,772.303340197697,800.7723033401977
8,722.426211526765,800.7224262115268
9,658.7623453469745,900.658762345347
8,641.3604766526703,800.6413604766527
7,594.8120572439941,700.594812057244
8,693.1585860528361,800.6931585860528
7,695.5997922909669,700.695599792291
8,729.586936779762,800.7295869367798
