num_vehicles,distance,fitness
7,512.2931205274929,700.5122931205275
7,598.5187039363227,700.5985187039363
7,585.889797598678,700.5858897975987
7,552.605309250337,700.5526053092503
7,588.5371665575491,700.5885371665576
6,549.6252114492494,600.5496252114492
6,528.801286457751,600.5288012864578
8,694.5106713802207,800.6945106713803
7,711.0637332331318,700.7110637332331
8,762.9437367379077,800.762943736738
7,663.5832064966137,700.6635832064966
7,639.7858743312873,700.6397858743313
7,615.7883466911743,700.6157883466911
6,625.4283238221254,600.6254283238221
7,651.1610142714457,700.6511610142715
8,679.847249597787,800.6798472495977
7,700.2261832959326,700.700226183296
7,684.7064488456263,700.6847064488456
7,626.0225787623506,700.6260225787623
7,637.9535385603472,700.6379535385604
