num_vehicles,distance,fitness
7,599.946623310844,700.5999466233109
8,702.0890940471705,800.7020890940472
8,610.4872210279233,800.6104872210279
7,620.1390276121524,700.6201390276121
7,635.9072345663105,700.6359072345663
9,626.7974223971012,900.6267974223971
8,592.9696711480603,800.592969671148
8,728.8091836943204,800.7288091836944
8,700.2327758946848,800.7002327758947
9,717.5269914064285,900.7175269914064
7,597.985648735109,700.5979856487351
8,712.80781532657,800.7128078153265
8,716.2467517576181,800.7162467517576
10,735.6734046040683,1000.7356734046041
10,806.6184094384348,1000.8066184094384
8,707.9112815742368,800.7079112815742
8,618.0592376198881,800.6180592376198
9,694.499606173734,900.6944996061737
11,752.1796735744234,1100.7521796735743
8,677.8600529988628,800.6778600529989
