num_vehicles,distance,fitness
7,664.5333586844342,700.6645333586845
6,512.6590144250256,600.512659014425
7,673.5012685214581,700.6735012685215
8,655.7671232805831,800.6557671232806
7,632.1271994013657,700.6321271994013
7,634.0803645188531,700.6340803645188
8,622.440847841846,800.6224408478419
7,643.3215131883296,700.6433215131883
8,626.4284927409763,800.626428492741
8,637.7127612586149,800.6377127612586
8,669.098022785088,800.6690980227851
8,612.6215113474368,800.6126215113475
8,634.3420584479427,800.6343420584479
8,724.6189237453722,800.7246189237454
8,655.4463549299876,800.65544635493
8,624.014659300006,800.6240146593
8,742.9140214702456,800.7429140214703
8,627.0799061504991,800.6270799061505
9,690.9003682444493,900.6909003682445
8,671.6790301762013,800.6716790301762
