num_vehicles,distance,fitness
5,555.9485643976219,500.5559485643976
5,543.9063284687329,500.5439063284687
5,622.868999779323,500.6228689997793
5,574.1932148900623,500.57419321489004
5,632.286762277454,500.63228676227743
5,562.3602514605329,500.5623602514605
5,609.2734176638049,500.6092734176638
5,644.7323918523471,500.64473239185236
6,721.0191110941656,600.7210191110942
5,806.4218062198996,500.8064218062199
6,699.1400073168405,600.6991400073168
7,767.6917567810285,700.767691756781
7,809.5756829791944,700.8095756829792
7,830.1920761810038,700.830192076181
6,699.2340753727647,600.6992340753727
7,723.0181987247861,700.7230181987247
7,718.3577855557753,700.7183577855558
5,734.4033960792821,500.7344033960793
7,790.7582884164021,700.7907582884164
6,731.5475577218567,600.7315475577219
