num_vehicles,distance,fitness
5,492.8496652239143,500.4928496652239
6,523.6587280804853,600.5236587280805
6,476.42756587381893,600.4764275658738
6,480.029027983991,600.480029027984
5,502.166181162276,500.5021661811623
6,484.92883957191316,600.4849288395719
6,516.7901243166148,600.5167901243166
5,557.4266018990754,500.55742660189907
5,476.44712117273974,500.4764471211727
5,528.8753336854102,500.5288753336854
5,563.3465580502982,500.5633465580503
6,677.5362282124239,600.6775362282124
8,652.5196979107232,800.6525196979107
8,597.897196588361,800.5978971965884
7,619.199700571322,700.6191997005714
7,594.112993664814,700.5941129936648
6,610.3820744621761,600.6103820744622
7,689.1060120138504,700.6891060120139
8,722.8480073482414,800.7228480073483
6,612.3674194584523,600.6123674194585
