num_vehicles,distance,fitness
5,518.2594252824524,500.51825942528245
6,587.2477672009339,600.5872477672009
5,463.98611115044645,500.46398611115046
6,496.1400916593642,600.4961400916594
5,506.3798068140297,500.50637980681404
6,511.8928024046372,600.5118928024046
5,535.7644406014583,500.53576444060144
5,489.7376083793085,500.4897376083793
7,637.5109859503518,700.6375109859504
6,623.4675426304894,600.6234675426305
6,630.3900314433803,600.6303900314434
7,573.4658357136018,700.5734658357136
8,682.719797960701,800.6827197979607
6,569.3893020834932,600.5693893020834
7,626.4113332480634,700.626411333248
6,646.1033658455016,600.6461033658455
6,635.1972806638948,600.6351972806639
6,579.6429713383865,600.5796429713383
6,629.6732377593692,600.6296732377593
6,682.1152264591303,600.6821152264591
