num_vehicles,distance,fitness
5,466.50342106065915,500.4665034210607
5,449.8623618172165,500.4498623618172
5,512.0499098601998,500.5120499098602
6,579.4680307717525,600.5794680307717
5,647.3016484452205,500.6473016484452
5,647.415775596322,500.6474157755963
6,731.7051853044376,600.7317051853045
6,726.1662690778518,600.7261662690779
7,651.1740768697213,700.6511740768697
6,571.2351125052459,600.5712351125053
6,588.5691129564085,600.5885691129564
8,757.9012731664567,800.7579012731665
6,604.8056198940864,600.6048056198941
6,611.6491399611438,600.6116491399612
6,569.4817706065911,600.5694817706066
6,622.5332072874913,600.6225332072875
8,619.8068011942307,800.6198068011943
6,507.96478437537326,600.5079647843754
7,735.434228965935,700.7354342289659
6,683.0968370909104,600.6830968370909
