num_vehicles,distance,fitness
5,492.8496652239143,500.4928496652239
6,535.7712640689335,600.5357712640689
6,474.1664580832553,600.4741664580832
5,555.7148512745038,500.5557148512745
5,584.7739075026002,500.5847739075026
5,665.2438660281919,500.6652438660282
6,598.2866302437247,600.5982866302437
6,588.0677492541342,600.5880677492542
6,641.6171091883489,600.6416171091884
5,632.4420429088741,500.63244204290885
5,542.5202861732739,500.54252028617327
5,553.4188355299622,500.55341883552995
5,589.9374021030369,500.58993740210303
6,685.3461393030659,600.6853461393031
5,664.4596055153702,500.6644596055154
5,532.6923832148352,500.53269238321485
5,490.5260771161195,500.4905260771161
6,561.9315068394784,600.5619315068395
6,595.9924996388163,600.5959924996388
6,571.7203609679208,600.5717203609679
