num_vehicles,distance,fitness
8,801.6266998825827,800.8016266998826
11,900.4436740856369,1100.9004436740856
8,724.1907723738447,800.7241907723738
9,846.1021164201806,900.8461021164202
9,875.6483196353889,900.8756483196354
11,935.6396219250998,1100.935639621925
11,978.2356698946925,1100.9782356698947
10,902.5808666971556,1000.9025808666971
12,947.9954346932383,1200.9479954346932
12,1026.4038289842226,1201.0264038289843
13,1063.222196924272,1301.0632221969242
10,898.972376110132,1000.8989723761101
12,944.3039014262866,1200.9443039014263
10,964.1873005816118,1000.9641873005816
11,961.7797479626093,1100.9617797479625
12,898.1348087702812,1200.8981348087702
12,1029.3156645858376,1201.0293156645857
11,895.9189161674309,1100.8959189161674
11,887.7659905025693,1100.8877659905027
12,959.3746460458674,1200.959374646046
