num_vehicles,distance,fitness
7,743.2970155147732,700.7432970155148
7,823.1391482201061,700.8231391482201
11,997.1075786963711,1100.9971075786964
9,940.3917147462389,900.9403917147463
9,935.4887254354899,900.9354887254354
11,1026.6376188383126,1101.0266376188383
9,966.3646898362531,900.9663646898363
10,990.213224551759,1000.9902132245518
9,867.8740656378236,900.8678740656378
10,902.1616532132879,1000.9021616532133
10,948.6836899544884,1000.9486836899545
9,933.2510359613508,900.9332510359613
9,924.7980370546085,900.9247980370546
10,954.8705903969981,1000.954870590397
11,983.6377403030452,1100.983637740303
10,934.2715076839855,1000.934271507684
9,918.9097855509834,900.918909785551
11,976.7542796782532,1100.9767542796783
10,1022.4990244679252,1001.022499024468
10,906.6032027377557,1000.9066032027378
