num_vehicles,distance,fitness
7,864.4833286468569,700.8644833286469
9,812.1601342700249,900.81216013427
9,823.4340745917266,900.8234340745918
8,759.7366024274997,800.7597366024276
11,941.4528797117553,1100.9414528797117
9,736.4306704598786,900.7364306704599
8,780.014520888566,800.7800145208886
10,785.6361125070587,1000.7856361125071
10,944.0440698581958,1000.9440440698583
11,1016.9325270097578,1101.0169325270097
12,867.3313803755494,1200.8673313803756
11,980.7139333292521,1100.9807139333293
13,983.4736653432708,1300.9834736653434
13,1065.0137351691128,1301.065013735169
12,974.2685487142422,1200.9742685487142
11,964.7974337495227,1100.9647974337495
12,987.9813279977159,1200.9879813279977
12,1018.2025804458988,1201.0182025804459
10,862.4557887880355,1000.862455788788
12,1037.6779514680352,1201.0376779514681
