num_vehicles,distance,fitness
6,738.2850068179622,600.7382850068179
6,741.2270129153808,600.7412270129154
9,841.8587184439252,900.841858718444
7,678.9880356064118,700.6789880356064
7,801.8394878795068,700.8018394878795
8,830.2286386043561,800.8302286386044
6,762.4010489686452,600.7624010489686
9,881.5927574728922,900.8815927574728
7,683.5277793478964,700.6835277793479
12,996.1055678625887,1200.9961055678625
9,947.5651084760914,900.947565108476
10,918.6787477173468,1000.9186787477173
11,939.9356778313839,1100.9399356778313
10,952.2706362689104,1000.952270636269
10,897.9781750587948,1000.8979781750588
11,957.8088105594144,1100.9578088105595
9,867.0431155429287,900.867043115543
10,926.2502981781465,1000.9262502981782
9,833.2816094154983,900.8332816094155
10,943.7094440570569,1000.943709444057
