num_vehicles,distance,fitness
7,875.9048735512156,700.8759048735512
7,841.1882073585327,700.8411882073585
6,852.1050974304806,600.8521050974305
6,838.5666379860788,600.8385666379861
7,968.8460344976168,700.9688460344976
6,937.9560441344685,600.9379560441345
7,893.9991578924875,700.8939991578925
7,880.8729907281645,700.8808729907282
8,860.4111114888992,800.8604111114889
8,911.3491881541745,800.9113491881542
8,897.3684276405548,800.8973684276406
6,841.7700116491521,600.8417700116491
7,942.5196764780538,700.942519676478
6,831.1034226497322,600.8311034226497
7,860.0975097152883,700.8600975097153
7,884.7179181254177,700.8847179181254
8,998.124084966073,800.9981240849661
8,933.3224356714392,800.9333224356715
8,852.1198546037584,800.8521198546038
7,883.670652474761,700.8836706524747
