num_vehicles,distance,fitness
6,762.3946846662257,600.7623946846662
7,785.5437212029879,700.785543721203
7,886.1458148533561,700.8861458148533
6,796.3081442065297,600.7963081442065
7,823.4035086527213,700.8234035086527
7,786.3888924865245,700.7863888924866
7,855.207789856791,700.8552077898568
8,873.0628184545403,800.8730628184545
8,889.999242289417,800.8899992422894
9,955.8167012790784,900.9558167012791
9,995.1885780704591,900.9951885780705
8,918.8433301394708,800.9188433301395
9,908.9637217641631,900.9089637217642
9,950.1249487695642,900.9501249487696
9,935.2668737799431,900.9352668737799
9,854.4901371592123,900.8544901371592
9,915.6989634841942,900.9156989634841
9,841.3087267623914,900.8413087267623
8,878.0992140450322,800.878099214045
8,864.8632563249475,800.864863256325
