num_vehicles,distance,fitness
6,840.3646523098904,600.8403646523099
6,837.8248646155614,600.8378248646155
6,832.9125721400302,600.83291257214
6,745.9025107331018,600.7459025107331
7,899.102014786892,700.8991020147869
6,739.8752338198343,600.7398752338198
7,861.5525673228618,700.8615525673229
7,867.8516934196189,700.8678516934197
7,897.2576435726369,700.8972576435726
7,866.419102121195,700.8664191021212
7,943.0567712858277,700.9430567712858
7,899.0757747308776,700.8990757747309
7,990.1338493851586,700.9901338493852
7,912.0610381414635,700.9120610381415
7,901.0492383410841,700.9010492383411
6,801.945166740294,600.8019451667403
7,892.1248036063312,700.8921248036063
7,867.8839859094833,700.8678839859094
7,883.0831669393208,700.8830831669393
7,914.1675957274217,700.9141675957275
