num_vehicles,distance,fitness
4,918.1606608150763,400.9181606608151
5,884.4427802415302,500.88444278024156
5,909.2971897884529,500.90929718978845
7,970.4792090893352,700.9704792090894
5,938.0680853527665,500.93806808535277
4,894.8358039661495,400.89483580396615
5,983.2636079525319,500.98326360795255
5,924.2686970372201,500.92426869703723
5,813.7097897028199,500.81370978970284
8,895.8335774521339,800.8958335774521
8,988.1399317572758,800.9881399317572
6,900.8790811104785,600.9008790811105
7,952.251963030412,700.9522519630304
7,1016.655069071444,701.0166550690715
7,940.6988419104954,700.9406988419105
7,1008.1938550089328,701.0081938550089
7,911.9810013017883,700.9119810013018
6,870.3011369750565,600.8703011369751
9,913.8325485999309,900.9138325485999
7,923.241720245966,700.923241720246
