num_vehicles,distance,fitness
4,848.564939599413,400.84856493959944
4,830.4199085570917,400.8304199085571
5,787.8380239016468,500.78783802390166
4,915.9169215159852,400.915916921516
4,821.5816118313703,400.8215816118314
6,934.80277299269,600.9348027729927
6,909.6615026825641,600.9096615026825
5,1050.7082315882285,501.0507082315882
7,850.9277110842414,700.8509277110843
7,939.2562070372097,700.9392562070373
7,901.6609241562961,700.9016609241563
7,986.6006731687817,700.9866006731688
6,952.4196980647087,600.9524196980647
8,914.5715982988702,800.9145715982988
6,940.6734124512913,600.9406734124512
6,985.367980348306,600.9853679803483
6,945.0636887977759,600.9450636887977
7,960.7347425328974,700.9607347425328
7,928.6422283199845,700.92864222832
5,959.5925383267377,500.9595925383267
