num_vehicles,distance,fitness
4,1071.3637846072347,401.07136378460723
4,1010.8425648824534,401.01084256488247
5,935.5360924017765,500.9355360924018
4,937.3799005040108,400.937379900504
4,1060.4066148909365,401.06040661489095
4,1001.60993797723,401.0016099379772
4,952.1761175804746,400.95217611758045
4,1035.6150275519867,401.035615027552
6,872.766032464822,600.8727660324648
6,889.0826025810311,600.8890826025811
5,1025.4105906323368,501.02541059063236
5,952.2614410182672,500.95226144101827
6,836.9793926873698,600.8369793926873
5,874.7728579469747,500.874772857947
5,1033.5597716522636,501.0335597716523
6,1106.9618083783562,601.1069618083784
5,998.1494024852773,500.9981494024853
6,994.7621908006349,600.9947621908007
6,991.049420719841,600.9910494207198
5,991.7129692010975,500.9917129692011
