num_vehicles,distance,fitness
4,937.6570066368039,400.9376570066368
4,904.663101867284,400.9046631018673
4,859.5981644005994,400.8595981644006
4,931.2079879676044,400.9312079879676
4,958.1110135617229,400.95811101356173
4,956.6634931906854,400.95666349319066
5,901.0505046472994,500.9010505046473
4,916.2685621301612,400.91626856213014
5,884.7697902980675,500.8847697902981
5,1011.9904873492088,501.0119904873492
5,890.1362756976407,500.8901362756976
5,843.1345601856187,500.8431345601856
4,924.6218061591802,400.92462180615917
4,878.1259900601317,400.87812599006014
4,1041.1310670430748,401.04113106704307
5,949.3769303948422,500.94937693039486
5,860.2284341137886,500.86022843411376
5,915.1352813292877,500.9151352813293
4,958.2784346649522,400.958278434665
5,998.6005879466346,500.9986005879466
