num_vehicles,distance,fitness
4,934.6666440653541,400.9346666440654
4,916.970129893983,400.91697012989397
4,983.9088300781077,400.9839088300781
4,910.908708265675,400.91090870826565
4,922.0414103688979,400.9220414103689
4,989.1392048767932,400.9891392048768
5,843.2087885914651,500.8432087885915
5,817.3817095230933,500.8173817095231
5,915.0169529855355,500.9150169529855
5,910.2954169803903,500.9102954169804
5,912.1488867550128,500.912148886755
5,943.238517138532,500.9432385171385
4,885.8012315888388,400.88580123158886
6,873.8545512501095,600.8738545512501
5,1037.720307620224,501.03772030762025
5,994.9950530362341,500.99499505303623
5,993.2553101936197,500.9932553101936
5,947.8574033349272,500.9478574033349
5,897.7437913887748,500.8977437913888
5,976.2160163342993,500.9762160163343
