num_vehicles,distance,fitness
4,1099.2379083158141,401.0992379083158
4,1105.4685456585119,401.10546854565854
4,1043.9201531966987,401.0439201531967
4,979.3820413226395,400.97938204132265
4,987.1766500934338,400.98717665009343
4,1066.8574436546742,401.06685744365467
4,1068.7261425292663,401.0687261425293
5,926.5436882316908,500.9265436882317
6,992.7698592339798,600.9927698592339
5,1021.8642572198825,501.0218642572199
5,870.6046855993504,500.87060468559935
5,882.0864267435637,500.88208642674357
5,914.0287279443426,500.91402872794436
5,915.0433925854256,500.9150433925854
5,1002.872946385046,501.002872946385
5,1016.9299213944474,501.0169299213944
5,1020.6028830383094,501.0206028830383
4,876.1048117176936,400.8761048117177
5,954.958843033663,500.95495884303364
6,945.0857075883118,600.9450857075883
