num_vehicles,distance,fitness
4,990.4776981132496,400.99047769811324
4,1000.9496357601963,401.0009496357602
4,994.1270496681796,400.9941270496682
4,1062.3412558843881,401.0623412558844
4,957.1123913465879,400.9571123913466
4,996.6322415616647,400.99663224156166
4,985.1006623954967,400.9851006623955
4,903.6939298850712,400.9036939298851
4,978.5469058760245,400.97854690587604
4,1020.4017181123759,401.0204017181124
4,866.2974672032736,400.86629746720325
4,972.596408809675,400.9725964088097
4,934.5285182598586,400.93452851825987
4,957.0246531689293,400.9570246531689
5,943.5449481083068,500.9435449481083
5,915.3068822245675,500.91530688222457
5,1044.7814506609923,501.044781450661
5,879.9945800402346,500.87999458004026
4,817.1693365812645,400.8171693365813
4,903.6447221204551,400.9036447221205
