num_vehicles,distance,fitness
4,954.4951724086313,400.95449517240866
4,899.6307511600922,400.8996307511601
4,895.2323386280057,400.89523233862803
4,845.1089461791672,400.84510894617915
4,959.0742595406423,400.9590742595406
5,881.6312636347533,500.88163126363474
5,916.1161558301961,500.9161161558302
5,977.2068011057945,500.9772068011058
5,922.4541040438703,500.9224541040439
4,843.0772907113278,400.84307729071134
5,879.0929568031861,500.87909295680316
5,955.4695061848188,500.95546950618484
5,785.1949552949959,500.78519495529497
6,941.7530105556785,600.9417530105557
4,903.8857220364301,400.9038857220364
5,951.8187781167102,500.9518187781167
4,909.0871173876233,400.9090871173876
5,853.1016870543207,500.85310168705433
6,906.7083799298983,600.9067083799299
5,941.8318418029717,500.941831841803
