num_vehicles,distance,fitness
4,918.9340678700514,400.91893406787005
4,854.317949199729,400.85431794919975
4,805.2693001495543,400.8052693001496
5,864.2040190104784,500.86420401901046
4,882.7393396473957,400.8827393396474
4,887.9481419662046,400.8879481419662
5,891.4512479370565,500.8914512479371
5,908.4825759527514,500.90848257595275
6,941.2183830065388,600.9412183830066
4,880.8681903526881,400.8808681903527
5,916.0651606081307,500.9160651606081
5,947.7851116863336,500.94778511168636
6,1034.7420673113807,601.0347420673114
6,982.5421629246592,600.9825421629247
5,999.857325022874,500.9998573250229
5,888.4138594520491,500.88841385945204
5,976.033824523143,500.97603382452314
5,969.9460679132821,500.96994606791327
5,957.966474347441,500.9579664743474
5,895.1109971469908,500.895110997147
