num_vehicles,distance,fitness
8,1070.571296979287,801.0705712969793
7,946.2606156077126,700.9462606156077
7,878.2821060212594,700.8782821060213
7,910.7559185960886,700.9107559185961
7,851.6292600329273,700.851629260033
7,933.0248561903819,700.9330248561904
7,768.6697243716807,700.7686697243716
7,928.0475424387012,700.9280475424387
7,825.3662921533862,700.8253662921534
7,1102.2795063960193,701.102279506396
9,1332.6055884885309,901.3326055884885
10,1258.9698470072533,1001.2589698470073
8,987.63001275464,800.9876300127546
7,990.2710845400447,700.99027108454
8,1104.917982019077,801.1049179820191
8,1009.3424551795545,801.0093424551795
7,914.9022968492377,700.9149022968493
8,1001.1489533574306,801.0011489533574
8,1121.6313526503543,801.1216313526504
8,1052.4622492595797,801.0524622492596
