num_vehicles,distance,fitness
8,894.5607712993112,800.8945607712993
8,886.8083375062336,800.8868083375062
10,923.9976806438495,1000.9239976806439
8,762.579255070768,800.7625792550708
9,827.2041555640507,900.827204155564
9,937.8381059995528,900.9378381059995
11,982.7381388916106,1100.9827381388916
10,1217.7755334709,1001.2177755334709
10,1191.4997799368814,1001.1914997799369
11,1024.1706352728181,1101.0241706352729
12,1217.057732305705,1201.2170577323056
11,1213.6864070620516,1101.2136864070621
10,967.8194628809199,1000.9678194628809
13,1215.4442185227456,1301.2154442185226
12,1083.3963141577296,1201.0833963141577
10,977.1307182289435,1000.977130718229
11,1054.8985916364409,1101.0548985916364
11,999.1665367251826,1100.9991665367252
11,1029.5221113977086,1101.0295221113977
12,1191.484664483341,1201.1914846644834
