num_vehicles,distance,fitness
7,792.558481332472,700.7925584813324
7,725.1191614290215,700.725119161429
7,893.730789609946,700.8937307896099
7,908.8651847141041,700.9088651847142
8,934.0481934417439,800.9340481934418
7,987.0278946851506,700.9870278946852
7,865.3881211598132,700.8653881211599
8,952.61437554542,800.9526143755454
9,1191.054321642406,901.1910543216424
8,1016.2105442371317,801.0162105442371
8,1073.5272056886574,801.0735272056886
9,1023.1499301161161,901.0231499301161
9,1128.8546416399195,901.1288546416399
8,968.8923651797655,800.9688923651797
8,1071.1899844372474,801.0711899844373
9,1112.2248406177462,901.1122248406177
9,975.3124092593623,900.9753124092593
9,1004.4348769974298,901.0044348769974
8,921.670741171854,800.9216707411719
9,1087.4160217906638,901.0874160217907
