num_vehicles,distance,fitness
5,1306.6275740598305,501.3066275740598
5,1226.259754848582,501.22625975484857
4,910.7985285587557,400.91079852855876
5,1303.7417188800564,501.3037417188801
4,1343.8395005126856,401.3438395005127
5,1159.531451820223,501.1595314518202
5,1328.2339818962398,501.32823398189623
4,938.028288827291,400.9380282888273
4,1188.7926195961359,401.18879261959614
5,1024.765916198725,501.0247659161987
5,1183.461212604668,501.18346121260464
5,1105.0232871608525,501.10502328716086
5,1042.9660554633667,501.04296605546335
5,1047.5831534362765,501.0475831534363
5,1237.7846697245839,501.2377846697246
5,827.5585709504521,500.82755857095043
5,1110.6812991855209,501.1106812991855
5,1111.3394422468364,501.11133944224684
4,1095.4599527067037,401.0954599527067
4,1043.1196448018386,401.04311964480183
