num_vehicles,distance,fitness
5,1156.9680017061987,501.1569680017062
4,1033.5916733041531,401.03359167330416
5,1088.6623493452112,501.0886623493452
5,916.0170166565205,500.9160170166565
5,1069.0256473601971,501.0690256473602
4,907.0462432653987,400.9070462432654
6,1066.1713647787062,601.0661713647787
5,987.1747404356146,500.9871747404356
5,1006.9844622083555,501.0069844622084
6,1048.6425600280427,601.048642560028
7,1204.4721859361218,701.2044721859361
6,1194.5687855355027,601.1945687855355
5,1098.4518315722248,501.0984518315722
6,1133.4054087908976,601.1334054087908
5,1164.9013998554879,501.16490139985547
5,1136.4825005676014,501.1364825005676
4,1053.6889124981826,401.05368891249816
6,1088.6367373652176,601.0886367373652
5,946.3091238511637,500.94630912385117
5,1117.4522331691796,501.11745223316916
