num_vehicles,distance,fitness
5,1310.0844333327757,501.3100844333328
5,1135.4493574256205,501.1354493574256
5,1063.4433690490894,501.0634433690491
4,1170.6152219155001,401.1706152219155
5,1113.5663821054895,501.1135663821055
5,994.8056020448548,500.99480560204483
5,1161.5426183008126,501.1615426183008
5,1154.7395990581656,501.1547395990582
6,1102.0995413802054,601.1020995413802
6,1295.6777342706873,601.2956777342707
5,1179.9182427954624,501.17991824279545
6,1151.5894872548517,601.1515894872548
6,1203.6767506890408,601.203676750689
6,1208.9019205902212,601.2089019205902
5,1192.8745906509962,501.192874590651
6,1098.7906636008433,601.0987906636009
5,1182.0800476850409,501.182080047685
5,1150.2192411847852,501.1502192411848
6,1196.6968163474444,601.1966968163474
6,1233.2586452248152,601.2332586452249
