num_vehicles,distance,fitness
7,537.3913739362137,700.5373913739362
9,621.6077563852251,900.6216077563852
7,631.3598284623772,700.6313598284623
8,637.4099189964463,800.6374099189965
8,628.6532295455155,800.6286532295455
8,578.6336594462582,800.5786336594463
10,698.8514029977757,1000.6988514029978
10,729.0433118532858,1000.7290433118533
12,700.8917718781647,1200.700891771878
12,723.0268437491967,1200.7230268437493
9,600.335890622646,900.6003358906227
10,723.1502830911837,1000.7231502830912
9,653.5138781508981,900.6535138781509
10,760.0207350179962,1000.760020735018
12,647.1860552197296,1200.6471860552197
11,607.6352970212051,1100.6076352970213
11,741.236628050089,1100.74123662805
10,745.6179014581953,1000.7456179014582
13,816.2654661113605,1300.8162654661114
10,695.6682156021094,1000.6956682156022
