num_vehicles,distance,fitness
8,516.3387731186642,800.5163387731187
8,534.9008032683986,800.5349008032684
8,518.3198729524457,800.5183198729525
13,663.6035220624943,1300.6636035220624
8,514.7990955314998,800.5147990955315
8,551.6393850026886,800.5516393850027
8,589.151548744343,800.5891515487443
9,638.4872849422487,900.6384872849422
11,734.8882028800947,1100.73488820288
10,689.9068880347143,1000.6899068880347
10,695.4449176702061,1000.6954449176702
10,624.7096542740862,1000.624709654274
14,756.2593719573255,1400.7562593719574
9,621.937504752492,900.6219375047525
9,580.4995218142651,900.5804995218143
9,649.2188643526716,900.6492188643526
11,668.7008853858842,1100.668700885386
11,751.3527179304929,1100.7513527179306
10,683.6419389956022,1000.6836419389956
11,697.6300132327431,1100.6976300132328
