num_vehicles,distance,fitness
7,599.946623310844,700.5999466233109
8,607.1941360977347,800.6071941360977
7,512.9762242257362,700.5129762242258
9,762.1083368101989,900.7621083368102
7,640.1078581558846,700.6401078581558
7,683.7517566773876,700.6837517566773
9,701.2540374924572,900.7012540374925
10,758.3935103540041,1000.758393510354
8,647.7936922002125,800.6477936922003
8,663.1591431997108,800.6631591431997
10,784.5469407717128,1000.7845469407717
9,684.960593132389,900.6849605931324
11,790.2714109951241,1100.790271410995
8,647.2707727361984,800.6472707727362
10,597.3179028189597,1000.597317902819
8,679.6938605549274,800.679693860555
9,625.6105081668262,900.6256105081668
8,676.5828331844921,800.6765828331845
9,641.9978789059012,900.641997878906
8,705.8011475532759,800.7058011475533
