num_vehicles,distance,fitness
5,457.2023704760672,500.45720237047607
5,515.9345143948653,500.51593451439487
7,604.2159154020363,700.604215915402
8,610.4836937627737,800.6104836937627
6,518.9639676811756,600.5189639676812
7,588.2223432795673,700.5882223432795
8,537.0502315918711,800.5370502315918
6,572.2804267845535,600.5722804267846
6,608.9368930816437,600.6089368930816
9,739.3889288333047,900.7393889288333
9,761.2254518288828,900.7612254518289
8,642.5179554932556,800.6425179554933
6,596.4843349757202,600.5964843349757
7,708.2730239851843,700.7082730239852
9,696.2858043443779,900.6962858043444
8,770.4503668868872,800.7704503668868
10,714.6480647825314,1000.7146480647825
9,772.276367993507,900.7722763679935
9,765.8582013080706,900.7658582013081
8,709.6521082796656,800.7096521082797
