num_vehicles,distance,fitness
5,555.9485643976219,500.5559485643976
5,630.3508959808735,500.6303508959809
5,542.8796186381861,500.5428796186382
5,606.6632915551344,500.60666329155515
5,632.7224215929972,500.632722421593
5,560.148730058828,500.5601487300588
5,578.8518020048155,500.5788518020048
5,615.688882482423,500.6156888824824
6,788.7778159159114,600.7887778159159
6,691.8421249213619,600.6918421249213
9,910.6380180833079,900.9106380180833
6,800.5860865809243,600.8005860865809
6,805.516774785232,600.8055167747852
6,715.2131423205282,600.7152131423205
6,754.9029535635732,600.7549029535636
6,716.3862019642361,600.7163862019643
6,739.1855339603212,600.7391855339603
5,688.2267308801581,500.68822673088016
6,623.5383042791577,600.6235383042791
7,767.2024114658017,700.7672024114657
