num_vehicles,distance,fitness
5,492.8496652239143,500.4928496652239
6,456.3824077648575,600.4563824077649
5,545.07895436251,500.5450789543625
5,449.163162142515,500.4491631621425
6,525.3326633185778,600.5253326633185
7,654.7764490469874,700.654776449047
7,658.3220616554856,700.6583220616554
7,541.7997545130883,700.5417997545131
8,660.3867218781202,800.6603867218781
8,689.6599151700798,800.6896599151701
7,638.6801449171302,700.6386801449171
7,687.9865583320519,700.687986558332
7,660.6981127583848,700.6606981127584
6,561.5211839600968,600.56152118396
7,658.358215583372,700.6583582155833
7,664.5704966925739,700.6645704966926
6,588.2462889086871,600.5882462889086
8,660.1420219603444,800.6601420219604
7,619.4520295784035,700.6194520295784
8,622.5959360937541,800.6225959360937
