num_vehicles,distance,fitness
5,492.8496652239143,500.4928496652239
6,482.2931456596358,600.4822931456596
6,570.176435429679,600.5701764354296
6,687.0926948603799,600.6870926948603
5,561.286316050127,500.56128631605014
6,661.0669216821567,600.6610669216822
6,686.5081291076409,600.6865081291077
6,577.716378188228,600.5777163781883
5,577.2022646226972,500.5772022646227
5,628.7427334392329,500.62874273343925
6,668.7680087092324,600.6687680087092
5,513.8640731487504,500.51386407314874
5,646.7150638265213,500.64671506382655
6,678.334229827139,600.6783342298271
5,616.4881100584071,500.6164881100584
6,681.9752709526324,600.6819752709526
6,626.105958800924,600.626105958801
5,502.02756926172447,500.5020275692617
6,654.2416575589983,600.654241657559
6,719.0522422622449,600.7190522422623
