num_vehicles,distance,fitness
8,801.6266998825827,800.8016266998826
8,816.4446454000636,800.8164446454001
8,822.1025821371006,800.8221025821371
8,710.4266159746776,800.7104266159747
9,785.0111745411627,900.7850111745412
10,787.0334753404602,1000.7870334753404
9,846.0582751526877,900.8460582751527
12,1062.4584840108055,1201.062458484011
12,938.9594345318625,1200.9389594345319
12,949.3233578745507,1200.9493233578746
12,963.3596280480491,1200.963359628048
12,964.4228660346417,1200.9644228660347
13,966.6488431585759,1300.9666488431585
10,945.4314438119565,1000.9454314438119
9,828.3087647830611,900.8283087647831
14,1082.2594635069818,1401.082259463507
11,870.2274495242294,1100.8702274495242
10,913.5917399509417,1000.9135917399509
12,934.5454498352458,1200.9345454498352
12,1017.2913618554841,1201.0172913618555
