num_vehicles,distance,fitness
7,847.9959707224298,700.8479959707224
6,783.9996883129811,600.783999688313
6,816.5325779177268,600.8165325779178
6,841.8830933931013,600.8418830933931
6,901.686920854046,600.901686920854
7,858.6696602344615,700.8586696602345
6,809.944291289152,600.8099442912892
8,978.3098299507841,800.9783098299508
8,920.164910180323,800.9201649101803
9,974.3449571192838,900.9743449571192
9,1020.2097891440404,901.020209789144
9,901.1913446471207,900.9011913446471
8,985.0473913249484,800.985047391325
9,944.3574839933634,900.9443574839934
8,968.4624694820382,800.968462469482
9,936.7106077095609,900.9367106077095
8,949.292638341416,800.9492926383414
8,962.2417258850745,800.9622417258851
10,943.5966466935403,1000.9435966466935
7,852.7521919594807,700.8527521919594
