num_vehicles,distance,fitness
7,864.4833286468569,700.8644833286469
9,957.4571213294219,900.9574571213294
9,750.3945373193777,900.7503945373194
9,821.9002248688781,900.8219002248688
12,834.0726665706161,1200.8340726665706
8,788.9300556169109,800.7889300556169
11,833.5337887132175,1100.833533788713
12,1001.4479141483955,1201.0014479141485
12,870.9769567656683,1200.8709769567656
13,1083.4919047279293,1301.083491904728
12,847.0493582712105,1200.8470493582713
11,944.5593040525275,1100.9445593040525
12,985.6620290678684,1200.985662029068
12,933.792594762935,1200.933792594763
12,923.791373157319,1200.9237913731574
14,1040.549113683099,1401.040549113683
10,891.9773490852385,1000.8919773490852
12,1015.0589314707801,1201.0150589314708
12,873.4381708351879,1200.8734381708352
12,924.6707686602161,1200.9246707686602
