num_vehicles,distance,fitness
6,738.2850068179622,600.7382850068179
6,638.0558063881981,600.6380558063883
7,734.2941559190749,700.7342941559191
7,852.2822542530391,700.852282254253
9,792.1204333699523,900.79212043337
8,671.6357206860813,800.671635720686
9,898.0403268809127,900.898040326881
8,844.1088622769553,800.8441088622769
9,913.2176550986425,900.9132176550986
10,918.9238250974504,1000.9189238250974
10,1067.4284172823734,1001.0674284172824
11,1028.8582008533492,1101.0288582008534
8,858.7838920867055,800.8587838920866
11,944.4708953290424,1100.944470895329
10,956.6620204387906,1000.9566620204388
10,974.290490095868,1000.9742904900959
10,918.1883491089078,1000.918188349109
9,849.3256178169479,900.8493256178169
11,985.4432804007624,1100.9854432804007
10,977.9516156625036,1000.9779516156625
