num_vehicles,distance,fitness
7,875.9048735512156,700.8759048735512
6,891.402424354951,600.891402424355
6,820.6417718537685,600.8206417718537
6,958.123936119069,600.958123936119
6,780.3406807939003,600.7803406807939
6,808.1348796947093,600.8081348796948
8,926.0102967959396,800.926010296796
7,836.6832042407086,700.8366832042407
8,956.0175628713588,800.9560175628714
8,1055.137659427228,801.0551376594273
8,899.4976025116658,800.8994976025117
8,912.7689476802994,800.9127689476803
9,1072.1120091484263,901.0721120091484
7,913.5274969512116,700.9135274969512
8,980.6244273402934,800.9806244273403
7,872.9275606332188,700.8729275606332
7,798.7568748933929,700.7987568748933
7,986.8451803393166,700.9868451803393
8,960.7638573688749,800.9607638573689
8,894.3109751465611,800.8943109751466
