num_vehicles,distance,fitness
6,849.5290070488132,600.8495290070488
8,733.0301301808217,800.7330301301809
9,898.2450930043341,900.8982450930043
8,791.3493333067393,800.7913493333067
8,758.1344888494857,800.7581344888495
9,791.2838790597216,900.7912838790597
8,929.5477045382362,800.9295477045382
9,823.0991994896847,900.8230991994897
8,838.120168658311,800.8381201686583
11,956.9775119631374,1100.956977511963
9,899.1483684694813,900.8991483684695
9,896.5387561177715,900.8965387561178
10,968.8556854680639,1000.968855685468
9,896.3653411847594,900.8963653411847
10,832.9751583227716,1000.8329751583228
10,935.7198088055633,1000.9357198088055
10,943.4381830517556,1000.9434381830517
8,892.1520766136268,800.8921520766137
9,931.0638835002933,900.9310638835003
9,899.6875303362781,900.8996875303362
