num_vehicles,distance,fitness
6,762.3946846662257,600.7623946846662
7,836.5135896946608,700.8365135896946
7,810.1571841369081,700.8101571841369
6,765.0058413517601,600.7650058413518
7,785.9352299993756,700.7859352299994
9,852.9784211917517,900.8529784211918
8,1026.2116350969739,801.026211635097
8,1004.4123938739699,801.004412393874
9,853.9732523366163,900.8539732523366
8,883.8109302636652,800.8838109302636
8,766.3679198779307,800.7663679198779
8,1023.358668588701,801.0233586685887
9,883.2730434607432,900.8832730434607
8,909.8427096338529,800.9098427096338
8,871.244977674155,800.8712449776741
8,881.6668606374722,800.8816668606374
8,853.2916474391186,800.8532916474392
9,922.7355656406864,900.9227355656407
8,941.8937256054464,800.9418937256055
9,907.3137840156445,900.9073137840156
