num_vehicles,distance,fitness
7,842.8913236348984,700.842891323635
7,861.6161100287119,700.8616161100288
7,870.3550021270777,700.8703550021271
7,837.7943155296119,700.8377943155297
7,812.0184935384221,700.8120184935384
7,815.2388241669722,700.815238824167
7,754.6403855687297,700.7546403855687
8,795.0511810662784,800.7950511810662
8,923.9812227625647,800.9239812227626
8,907.6960501097188,800.9076960501097
10,1036.1175208238178,1001.0361175208238
10,1035.92603021183,1001.0359260302118
8,872.6783884784156,800.8726783884784
8,820.15455392026,800.8201545539202
9,905.487789355855,900.9054877893559
8,936.6184249592993,800.9366184249593
8,862.9428714083164,800.8629428714083
9,1012.3218483332737,901.0123218483333
8,906.420989654953,800.906420989655
9,934.9934334399962,900.93499343344
