num_vehicles,distance,fitness
4,918.1606608150763,400.9181606608151
5,879.8445641806425,500.87984456418064
5,849.1046032720157,500.849104603272
4,911.2002619534762,400.91120026195347
4,859.737038018472,400.85973703801847
5,871.7887937100674,500.8717887937101
5,799.2384789079864,500.79923847890797
6,832.1471365043692,600.8321471365043
4,767.0662262471949,400.7670662262472
7,882.3510241558907,700.8823510241559
8,982.5034951466906,800.9825034951467
6,918.5115433116353,600.9185115433116
8,855.05688898162,800.8550568889816
6,923.1425983043398,600.9231425983044
7,952.4951154816362,700.9524951154816
7,843.0192477895328,700.8430192477896
7,887.1317981636578,700.8871317981636
8,960.3195621469924,800.960319562147
7,900.4760208630341,700.900476020863
6,929.2375790423592,600.9292375790424
