num_vehicles,distance,fitness
4,1071.3637846072347,401.07136378460723
4,986.7591931781296,400.9867591931781
5,1004.5239466962454,501.0045239466962
4,957.451229321629,400.95745122932163
4,946.289672450613,400.94628967245063
4,951.4005018319893,400.951400501832
4,976.0259078847595,400.9760259078848
4,1042.3938893873683,401.04239388938737
4,948.4599447762452,400.94845994477623
5,939.5604617011085,500.9395604617011
5,937.6372900442864,500.9376372900443
5,948.9680123809655,500.948968012381
5,970.4467380113543,500.97044673801133
6,985.1844342669365,600.9851844342669
5,1015.6424038895266,501.0156424038895
6,945.9673297784153,600.9459673297785
6,1038.1334414173248,601.0381334414174
5,964.9383259136793,500.9649383259137
5,1059.7794182552336,501.05977941825523
4,918.5036232021858,400.9185036232022
