num_vehicles,distance,fitness
4,934.6666440653541,400.9346666440654
4,918.6216012959977,400.918621601296
4,870.5274376886156,400.8705274376886
4,916.8676887991426,400.91686768879913
4,900.8626464626462,400.90086264646266
4,937.0324617591086,400.9370324617591
4,904.9303868361642,400.90493038683616
4,941.1991818587189,400.94119918185874
4,936.9781298485757,400.93697812984857
4,948.032803895221,400.9480328038952
5,899.5291565995035,500.8995291565995
4,926.2997806149335,400.92629978061495
5,862.4877467424371,500.86248774674243
5,953.3828689674328,500.9533828689674
4,930.8761726000366,400.93087617260005
5,894.4309513576463,500.89443095135766
5,843.5992814357444,500.84359928143573
5,916.2421886687926,500.9162421886688
5,976.5951363453364,500.97659513634534
4,804.488306860253,400.80448830686026
