num_vehicles,distance,fitness
4,1099.2379083158141,401.0992379083158
4,1061.5294776986327,401.0615294776986
4,1108.5762621459673,401.10857626214596
4,1083.7896659424046,401.0837896659424
4,939.839961047731,400.9398399610477
5,869.8037170353504,500.8698037170353
4,853.2619442361199,400.8532619442361
5,944.3448617121467,500.9443448617121
5,942.523091417023,500.942523091417
4,953.6025329868426,400.95360253298685
5,1047.7288794914796,501.0477288794915
5,926.1858933242477,500.92618589332426
5,932.1883300446639,500.93218833004465
5,993.4058514670763,500.99340585146706
4,937.5566267561941,400.9375566267562
5,847.7073812972124,500.8477073812972
5,894.2150501875763,500.8942150501876
5,933.0758729905943,500.93307587299057
4,849.086567800036,400.84908656780004
4,960.9089304543367,400.9609089304543
