num_vehicles,distance,fitness
4,918.9340678700514,400.91893406787005
4,934.9986583798118,400.9349986583798
5,923.4463045962995,500.9234463045963
4,943.4220521541193,400.9434220521541
5,881.7943073133316,500.8817943073133
4,861.8796938768097,400.8618796938768
4,978.9367678677319,400.9789367678677
4,855.3086886469878,400.85530868864697
5,964.5001535572974,500.9645001535573
5,977.7485914773919,500.9777485914774
5,946.6216546970545,500.9466216546971
6,982.2156950988149,600.9822156950988
5,956.8229747056727,500.9568229747057
6,917.246910013918,600.9172469100139
6,918.1461019825184,600.9181461019825
5,1012.6119261693533,501.01261192616937
6,927.2650300397127,600.9272650300397
5,1043.5149840017575,501.0435149840018
6,935.0264640254189,600.9350264640254
5,1044.284956305284,501.04428495630526
