num_vehicles,distance,fitness
4,877.1580260263885,400.8771580260264
4,896.648859348832,400.89664885934883
4,863.135118544428,400.86313511854445
4,868.9320936456211,400.86893209364564
4,898.3633378082378,400.89836333780823
4,913.1159571946753,400.9131159571947
4,872.4709640219234,400.87247096402194
4,969.2515425324948,400.9692515425325
4,1052.7683967792436,401.05276839677924
4,1029.723471162411,401.0297234711624
4,887.9000141215041,400.8879000141215
4,981.8568304783424,400.98185683047836
4,990.5006426007509,400.99050064260075
5,977.8483725106464,500.97784837251066
4,936.4238135001463,400.93642381350014
4,944.2825413569265,400.9442825413569
4,911.7598174138702,400.9117598174139
4,1009.7932209562048,401.0097932209562
4,940.0096169432727,400.94000961694326
5,881.5601774875068,500.88156017748753
