num_vehicles,distance,fitness
8,894.5607712993112,800.8945607712993
9,973.3732292911134,900.9733732292912
8,750.5933641335519,800.7505933641336
10,1045.5432585034391,1001.0455432585035
8,865.2732222602799,800.8652732222603
11,982.5688305141202,1100.982568830514
11,1004.5697910844273,1101.0045697910844
11,1186.5594611310871,1101.186559461131
11,1077.4849172336037,1101.0774849172335
11,1022.8569681400077,1101.02285696814
10,956.5294103224517,1000.9565294103224
11,1104.0607624004826,1101.1040607624004
11,1104.3304826465403,1101.1043304826464
14,1348.0003316109232,1401.3480003316108
9,914.1185471659356,900.9141185471659
9,899.1931154973698,900.8991931154974
10,941.6012446994987,1000.9416012446995
11,1123.2144921609467,1101.123214492161
11,1024.9805483361338,1101.024980548336
10,878.482257517513,1000.8784822575175
