num_vehicles,distance,fitness
8,962.0780328369437,800.962078032837
8,866.1990150164215,800.8661990150164
7,785.5417980309049,700.7855417980309
10,956.11919903899,1000.956119199039
7,769.3741630013822,700.7693741630014
8,828.3622044133651,800.8283622044133
8,820.7992573444222,800.8207992573444
8,990.6668699806096,800.9906668699806
9,994.195381178175,900.9941953811782
10,1054.5972540556206,1001.0545972540556
9,1105.7781062009162,901.1057781062009
8,1005.4520333700293,801.00545203337
10,1204.5859276350116,1001.204585927635
9,1145.2860019108712,901.1452860019109
10,1136.8067060871158,1001.1368067060871
9,1057.246484895469,901.0572464848955
8,1022.4645393549608,801.0224645393549
9,1153.4681630763482,901.1534681630764
8,757.070280404766,800.7570702804047
9,1157.412741204952,901.157412741205
