num_vehicles,distance,fitness
7,691.9245200332821,700.6919245200332
8,891.5832553526361,800.8915832553527
9,883.2021039382884,900.8832021039383
9,1017.6675720765212,901.0176675720766
9,851.2264915648319,900.8512264915648
9,908.647693904488,900.9086476939045
9,1099.8543419833848,901.0998543419834
11,1071.7133724461667,1101.071713372446
10,1127.146862003192,1001.1271468620032
9,997.0223538528963,900.9970223538529
9,935.0728527021996,900.9350728527022
9,959.472875607662,900.9594728756076
10,993.5798299252134,1000.9935798299252
9,974.8523991330403,900.974852399133
11,1118.245535027593,1101.1182455350277
10,1086.1704687606568,1001.0861704687607
11,1123.465571572717,1101.1234655715728
9,1047.7729246027484,901.0477729246028
10,958.6866087123395,1000.9586866087124
12,1175.2820305340397,1201.175282030534
