num_vehicles,distance,fitness
7,979.4404534601562,700.9794404534601
7,945.7197050341409,700.9457197050341
7,908.5043342143239,700.9085043342143
8,1077.176429123615,801.0771764291236
7,928.7341152298222,700.9287341152299
8,997.3952109254071,800.9973952109254
8,1193.4359459227453,801.1934359459227
7,1020.7152015565466,701.0207152015565
8,1148.6844043050633,801.1486844043051
8,1029.0181571675507,801.0290181571676
9,1245.567396149095,901.2455673961491
8,1081.6285711412725,801.0816285711413
7,960.7213804180153,700.960721380418
8,1139.0737866559,801.1390737866559
7,963.8251342819879,700.9638251342819
8,1092.2546171529466,801.092254617153
8,943.2899978880928,800.9432899978881
8,1072.057065554939,801.072057065555
7,1005.3060117506036,701.0053060117506
7,880.4425935199797,700.88044259352
