num_vehicles,distance,fitness
7,791.5872570391791,700.7915872570392
7,873.7510818014273,700.8737510818014
8,960.3396711412606,800.9603396711412
7,776.1104635964133,700.7761104635964
7,819.0145432810989,700.8190145432811
7,873.0715704866385,700.8730715704867
7,778.140169794105,700.7781401697941
7,755.2609155298737,700.7552609155299
8,976.7430870435421,800.9767430870436
10,1173.607063948177,1001.1736070639482
9,1145.2781277147442,901.1452781277147
8,1084.1870648870088,801.084187064887
8,984.052153539937,800.9840521535399
9,1037.9027910991158,901.0379027910991
9,1066.184425545772,901.0661844255458
8,1026.5737737352629,801.0265737737352
10,1178.6505511185728,1001.1786505511186
9,1069.39149971388,901.0693914997139
9,1068.7697249563603,901.0687697249564
9,1072.5260416417657,901.0725260416418
