num_vehicles,distance,fitness
5,1206.7227033268164,501.2067227033268
5,975.0834329176668,500.97508343291764
7,1101.307384057779,701.1013073840578
7,1178.935312438504,701.1789353124385
6,1099.6849825917054,601.0996849825917
6,1232.0162798823035,601.2320162798823
7,1180.0078978737508,701.1800078978738
5,1133.94129246999,501.13394129247
5,962.7660318756856,500.9627660318757
8,1136.2980676158036,801.1362980676158
7,1160.7095604991534,701.1607095604992
7,1286.3489827663925,701.2863489827664
6,1082.3975126527691,601.0823975126527
7,1211.0076599681222,701.2110076599681
6,1120.7565174265899,601.1207565174266
7,1270.2662675330391,701.2702662675331
7,1314.1936845689702,701.314193684569
7,1229.995993293412,701.2299959932934
6,1188.210526068977,601.1882105260689
7,1204.502828932147,701.2045028289322
