num_vehicles,distance,fitness
5,1310.0844333327757,501.3100844333328
5,1259.3124013504594,501.2593124013505
5,1142.9206297824767,501.14292062978245
5,1196.1112614509734,501.196111261451
5,1135.6139962679367,501.1356139962679
4,1002.5596510948628,401.0025596510949
6,1073.975735513252,601.0739757355133
5,1089.8117405042908,501.0898117405043
5,1303.2536072302785,501.30325360723026
5,1172.6093185308168,501.1726093185308
5,1206.8034337102579,501.20680343371026
5,1056.0399596859693,501.05603995968596
5,1233.6440446616875,501.2336440446617
5,1149.700288830005,501.14970028883
5,1244.180836016686,501.2441808360167
5,1076.2986605224073,501.0762986605224
5,1062.24457516774,501.06224457516777
5,1085.3637854763365,501.0853637854763
5,1210.8053094438876,501.2108053094439
6,1288.0723845831512,601.2880723845832
