num_vehicles,distance,fitness
5,1088.2573579320474,501.08825735793204
4,1171.067203141666,401.17106720314166
5,1005.7020033253293,501.0057020033253
5,1245.482739069132,501.24548273906913
5,1050.7710327130644,501.05077103271304
5,1259.0929980664005,501.2590929980664
6,1309.6706476533059,601.3096706476533
6,1385.2739174936032,601.3852739174936
5,1114.0060091818073,501.1140060091818
6,1174.477309596954,601.1744773095969
7,1304.1146620434333,701.3041146620434
6,1273.1340358819025,601.2731340358819
5,1165.834610390702,501.1658346103907
5,1159.9472321950695,501.15994723219507
6,1117.7566981117009,601.1177566981117
5,1137.6978588243228,501.1376978588243
6,1203.6734200581152,601.2036734200581
6,1285.0184590325584,601.2850184590326
6,1242.881923851669,601.2428819238517
6,1285.1724093701905,601.2851724093701
