num_vehicles,distance,fitness
4,1081.4010688547528,401.08140106885475
5,1125.0339326992048,501.1250339326992
6,1026.9836961176773,601.0269836961177
4,1100.775766737094,401.1007757667371
5,1041.5814190335063,501.0415814190335
5,1102.5265473454454,501.10252654734546
5,1051.5597487332873,501.05155974873327
5,1283.1035559564161,501.2831035559564
7,1184.4929426230901,701.1844929426231
8,1250.381898632756,801.2503818986328
7,1182.45064656649,701.1824506465665
7,1287.445102924498,701.2874451029245
7,1275.6379202365745,701.2756379202366
8,1124.3376958394083,801.1243376958394
7,1310.382740404988,701.310382740405
5,887.0419900033031,500.8870419900033
6,1176.0753607828244,601.1760753607829
5,1040.3465992837405,501.04034659928374
7,1221.223657778364,701.2212236577784
6,1067.3103260865316,601.0673103260865
