num_vehicles,distance,fitness
5,1098.2107185369055,501.0982107185369
5,925.4967003051942,500.9254967003052
5,1159.2141345552332,501.1592141345552
5,922.1955986822016,500.9221955986822
6,982.7951037117771,600.9827951037117
5,1172.090629182004,501.172090629182
7,1155.533620623477,701.1555336206235
7,1142.340829745285,701.1423408297453
5,973.3352967232433,500.97333529672323
6,1137.2254471505992,601.1372254471506
6,1041.9032261668897,601.0419032261669
6,1265.9316074181843,601.2659316074182
5,1084.0812924235097,501.0840812924235
6,1234.739015008592,601.2347390150086
5,1307.551482469218,501.3075514824692
6,1267.2471094177533,601.2672471094178
7,1193.3860214669965,701.193386021467
6,1132.9083879662503,601.1329083879663
8,1333.1988988620153,801.3331988988621
6,1094.5037396227735,601.0945037396227
