num_vehicles,distance,fitness,time
1.0,432.54898073114634,1.9985282160713946,221.3118360042572
