num_vehicles,distance,fitness,time
7.0,556.2012092224935,700.5562012092225,316.636914730072
7.0,560.0208693349945,700.560020869335,319.7584342956543
7.0,554.0201431813474,700.5540201431813,320.78424096107483
7.0,575.9020097070747,700.5759020097071,329.59640407562256
