num_vehicles,distance,fitness,time
5.0,442.62520156492246,5.998561720645424,213.2340326309204
