num_vehicles,distance,fitness,time
4.0,448.32706952536194,4.998580012763281,209.39818716049194
