num_vehicles,distance,fitness,time
5.0,475.5285131211258,5.998661239407594,206.51332664489746
5.0,475.5285131211258,5.998661239407594,206.0686070919037
4.0,448.32706952536194,4.998580012763281,209.39818716049194
