num_vehicles,distance,fitness,time
2.0,406.2359115624596,200.40623591156245,237.2202000617981
