num_vehicles,distance,fitness,time
2.0,408.68522046149246,200.40868522046148,237.46128916740417
2.0,406.2359115624596,200.40623591156245,237.2202000617981
2.0,406.2359115624596,200.40623591156245,239.78048515319824
2.0,408.68522046149246,200.40868522046148,240.56575965881348
