num_vehicles,distance,fitness,time
1.0,307.192084181492,100.3071920841815,278.1742932796478
