num_vehicles,distance,fitness,time
1.0,307.192084181492,100.3071920841815,278.1742932796478
1.0,309.6029701602682,100.30960297016027,288.34146094322205
1.0,307.192084181492,100.3071920841815,279.4550747871399
1.0,309.6029701602682,100.30960297016027,282.1687602996826
