num_vehicles,distance,fitness
7,537.3913739362137,700.5373913739362
10,646.6663656361817,1000.6466663656362
9,590.5599392897611,900.5905599392897
10,631.9552453691268,1000.6319552453691
9,614.4651298031982,900.6144651298032
9,693.8269555214019,900.6938269555214
11,677.3982621139343,1100.677398262114
9,653.4819763105658,900.6534819763106
10,679.0010952059275,1000.6790010952059
9,633.0936223826023,900.6330936223826
10,695.3111130806273,1000.6953111130806
11,674.3740882731116,1100.674374088273
12,766.2937687808567,1200.7662937687808
11,656.273016688723,1100.6562730166888
10,672.4820285606953,1000.6724820285607
11,620.4210983922555,1100.6204210983922
11,699.5135082569966,1100.699513508257
11,656.512909555628,1100.6565129095557
10,623.561739329291,1000.6235617393293
11,737.1402687373925,1100.7371402687374
