num_vehicles,distance,fitness
7,512.2931205274929,700.5122931205275
6,546.50701421969,600.5465070142197
7,615.4014563481896,700.6154014563482
7,594.6240704647325,700.5946240704648
7,651.341039433566,700.6513410394335
7,524.6105075779124,700.5246105075779
7,589.4799983894065,700.5894799983894
7,581.2830558365891,700.5812830558366
6,662.8773100871742,600.6628773100872
7,560.7399250146748,700.5607399250147
8,654.6017960416441,800.6546017960417
7,638.4906669401589,700.6384906669401
7,659.7717332444124,700.6597717332444
8,641.6833455689707,800.6416833455689
7,700.2152945530114,700.700215294553
8,624.0597081973934,800.6240597081974
7,660.6431291277772,700.6606431291277
7,627.8967626643986,700.6278967626644
7,639.3016437557221,700.6393016437557
7,716.9421361451596,700.7169421361451
