num_vehicles,distance,fitness
7,658.8124637298049,700.6588124637298
7,635.9231440977004,700.6359231440977
8,626.230184707707,800.6262301847077
8,667.9748196960365,800.667974819696
10,725.2126719090799,1000.725212671909
9,724.6616123313163,900.7246616123313
10,681.7323819640344,1000.681732381964
10,774.8078082722752,1000.7748078082723
10,714.9587064037244,1000.7149587064038
10,699.4360739142093,1000.6994360739142
10,711.0225245844415,1000.7110225245845
12,720.8170372180161,1200.720817037218
9,656.8889901171651,900.6568889901172
10,693.6579384553057,1000.6936579384553
9,714.3037297020506,900.714303729702
11,659.5171558131927,1100.659517155813
11,721.506287595442,1100.7215062875955
9,611.8956536804175,900.6118956536804
10,714.0087738892721,1000.7140087738893
8,654.8732353043251,800.6548732353043
