num_vehicles,distance,fitness
7,664.5333586844342,700.6645333586845
7,658.0543904969418,700.6580543904969
8,637.325373107102,800.637325373107
8,697.6205046528909,800.697620504653
7,565.6406433453845,700.5656406433454
7,681.9312611932844,700.6819312611933
8,631.6963519030618,800.6316963519031
7,625.993297696501,700.6259932976965
7,602.1583722117153,700.6021583722118
8,658.8856509510592,800.6588856509511
8,633.8746513779133,800.6338746513779
9,679.0998448597794,900.6790998448598
8,684.4812446372043,800.6844812446373
9,626.7165410083734,900.6267165410084
8,685.6578828084904,800.6856578828085
8,673.1155953218853,800.6731155953219
8,614.1878498975532,800.6141878498976
7,700.4217761315863,700.7004217761316
7,590.6689571919187,700.590668957192
7,682.6564931025945,700.6826564931026
