num_vehicles,distance,fitness
7,636.8199997144283,700.6368199997145
6,565.848706189721,600.5658487061897
7,599.6859004311489,700.5996859004312
8,658.5139919579127,800.6585139919579
7,667.314487749748,700.6673144877498
7,544.3060969726233,700.5443060969726
6,645.9191147520621,600.645919114752
6,551.3653403394267,600.5513653403394
7,607.7957112418655,700.6077957112419
7,589.7566591282848,700.5897566591283
7,620.1192309954889,700.6201192309954
7,685.2922300527118,700.6852922300527
7,508.375825539013,700.508375825539
7,637.5492859693209,700.6375492859693
7,625.9482291623585,700.6259482291623
7,678.5915451089877,700.678591545109
7,532.3717118423862,700.5323717118424
7,635.6277618272236,700.6356277618272
7,722.7285185670332,700.722728518567
7,645.1768114976463,700.6451768114977
