num_vehicles,distance,fitness
5,457.2023704760672,500.45720237047607
6,542.3132814505819,600.5423132814506
7,585.663271780912,700.585663271781
6,536.2688693685053,600.5362688693685
6,526.9090949644994,600.5269090949645
6,503.21789008910105,600.5032178900891
9,779.2686503053944,900.7792686503054
7,649.4622563666435,700.6494622563666
7,689.720198296058,700.6897201982961
10,814.7214088323956,1000.8147214088324
8,707.157368441413,800.7071573684414
10,775.3392201059529,1000.7753392201059
8,736.3452745468649,800.7363452745469
10,780.7678902894444,1000.7807678902894
6,588.4737555354255,600.5884737555355
8,669.3596798625989,800.6693596798626
10,704.8361379630024,1000.704836137963
9,780.0952216293044,900.7800952216293
9,665.4140234308909,900.6654140234309
10,772.8075768729152,1000.7728075768729
