num_vehicles,distance,fitness
5,555.9485643976219,500.5559485643976
5,564.6361872459582,500.564636187246
5,608.68031837995,500.6086803183799
5,551.4099147704268,500.55140991477043
5,614.1405943415967,500.6141405943416
5,584.6859494091725,500.58468594940916
5,556.2959266127136,500.55629592661273
5,602.1033520768849,500.6021033520769
6,746.8335972824885,600.7468335972825
5,644.9641473950968,500.6449641473951
6,808.8002685767899,600.8088002685768
6,762.3067784332868,600.7623067784333
7,855.3714319583559,700.8553714319584
6,673.5455965697669,600.6735455965697
7,847.4141112330102,700.847414111233
7,783.3834669617468,700.7833834669617
6,770.8078913868775,600.7708078913869
7,628.625527871387,700.6286255278713
6,751.04299661917,600.7510429966192
6,748.1922001832161,600.7481922001832
