num_vehicles,distance,fitness
5,534.3361221591722,500.5343361221592
5,567.4595229584485,500.5674595229585
5,568.0317261985051,500.5680317261985
5,577.6545148137894,500.5776545148138
5,549.133388950929,500.5491333889509
5,607.8851201094963,500.6078851201095
5,582.2123277515132,500.5822123277515
5,584.1322194950671,500.5841322194951
5,621.0880660321538,500.62108806603214
5,605.8688339901128,500.6058688339901
5,667.566024993275,500.6675660249933
5,732.4935986569361,500.73249359865696
6,713.898829452246,600.7138988294522
5,689.9590866041196,500.6899590866041
7,724.4934522840521,700.724493452284
6,735.0253252388395,600.7350253252389
5,733.4533889314702,500.7334533889315
5,706.4299741556295,500.70642997415564
5,721.422511422511,500.72142251142253
5,853.8929714859245,500.85389297148595
