num_vehicles,distance,fitness
5,492.8496652239143,500.4928496652239
6,493.84025558535484,600.4938402555854
5,524.8766128743741,500.5248766128744
5,504.67540446214394,500.50467540446215
5,499.4257556435587,500.4994257556436
5,497.10644653067936,500.49710644653067
5,469.37592404419337,500.4693759240442
6,626.5627765673552,600.6265627765673
6,613.3001550448959,600.6133001550448
6,620.9061358091722,600.6209061358092
7,675.7071738817673,700.6757071738817
8,709.8474680431586,800.7098474680431
6,666.9218253378211,600.6669218253378
6,583.7390393325114,600.5837390393325
7,636.7066276082995,700.6367066276083
7,637.8211521917166,700.6378211521917
7,643.6290598295597,700.6436290598295
8,696.228071152062,800.6962280711521
6,588.8756208637298,600.5888756208637
6,533.7131684565419,600.5337131684565
