num_vehicles,distance,fitness
5,518.2594252824524,500.51825942528245
5,492.33510683567397,500.4923351068357
5,544.549308849369,500.54454930884935
5,501.65665167421463,500.50165665167424
6,502.34324058098844,600.502343240581
6,681.3455644177022,600.6813455644177
6,585.7035875208683,600.5857035875209
7,636.6949496666933,700.6366949496667
7,584.6083806381431,700.5846083806381
5,727.730837958004,500.727730837958
7,654.8041694563914,700.6548041694564
7,581.3028185597533,700.5813028185597
5,635.8395073696777,500.63583950736967
7,661.4123901046274,700.6614123901046
7,645.9397544219986,700.645939754422
7,624.4271431763906,700.6244271431764
6,685.3964192316344,600.6853964192317
6,522.2524259952877,600.5222524259952
7,643.0695880201781,700.6430695880201
7,666.7582222545662,700.6667582222545
