num_vehicles,distance,fitness
5,466.50342106065915,500.4665034210607
5,483.18484859763765,500.48318484859766
4,473.80000319278804,400.47380000319276
5,536.6601253588177,500.5366601253588
6,474.78065754845693,600.4747806575484
5,453.73840998291894,500.4537384099829
5,482.3303635326608,500.48233036353264
7,686.2684755717294,700.6862684755718
7,649.5915804699614,700.64959158047
5,682.1808873267298,500.68218088732675
5,581.5997503803887,500.5815997503804
5,681.3742440248062,500.6813742440248
5,546.4330519992469,500.54643305199926
6,573.6558458995488,600.5736558458996
5,586.3864239583859,500.5863864239584
6,718.9500265089123,600.7189500265089
6,644.1402887754772,600.6441402887755
5,662.5834317465567,500.66258343174655
6,622.9881058480473,600.6229881058481
6,581.4714627367074,600.5814714627367
