num_vehicles,distance,fitness
8,800.9792222618502,800.8009792222618
14,849.2497466575652,1400.8492497466575
11,785.5164018720388,1100.785516401872
12,910.9511636683756,1200.9109511636684
13,949.4549247406227,1300.9494549247406
11,883.9317999680999,1100.8839317999682
11,870.5383140210204,1100.8705383140211
11,816.8789535028981,1100.816878953503
11,802.7437902880195,1100.802743790288
12,925.1899410517465,1200.9251899410517
14,1031.5786681962845,1401.0315786681963
14,924.3787612947395,1400.9243787612947
14,945.0413196193582,1400.9450413196193
15,992.1610359324004,1500.9921610359324
14,895.5041772354406,1400.8955041772354
12,981.4211245963448,1200.9814211245964
13,877.3869409736101,1300.8773869409736
13,919.0829174697736,1300.9190829174697
11,886.0728626366443,1100.8860728626366
15,980.2715587435562,1500.9802715587437
