num_vehicles,distance,fitness
7,847.9959707224298,700.8479959707224
6,742.9601750261637,600.7429601750262
6,857.8398073381732,600.8578398073382
6,820.7718727827091,600.8207718727828
7,762.6266613991702,700.7626266613992
8,884.1455050190584,800.8841455050191
9,1000.7269127423131,901.0007269127423
7,918.9670742513109,700.9189670742513
9,959.3388444498141,900.9593388444498
8,972.5726226544379,800.9725726226544
8,952.2968851412272,800.9522968851412
9,984.175302089564,900.9841753020895
9,930.342568517111,900.9303425685171
9,992.4683457934756,900.9924683457934
9,956.85375753876,900.9568537575387
9,1029.523103446595,901.0295231034466
7,928.3946931315693,700.9283946931316
9,967.2234377930379,900.967223437793
8,869.8391092142319,800.8698391092142
7,950.2687608899478,700.9502687608899
