num_vehicles,distance,fitness
7,864.4833286468569,700.8644833286469
12,856.273956654663,1200.8562739566546
12,844.2795398289999,1200.844279539829
13,937.3130684896277,1300.9373130684896
9,844.1295696211971,900.8441295696211
11,837.6911141659987,1100.837691114166
8,717.9291096928861,800.7179291096929
10,858.118075825738,1000.8581180758257
10,898.8653185604854,1000.8988653185605
12,992.8160836888633,1200.992816083689
10,880.9235952095148,1000.8809235952095
11,959.2769375491969,1100.9592769375492
13,1002.1711187978905,1301.0021711187978
11,798.5970412094239,1100.7985970412094
15,1032.6279821174664,1501.0326279821174
11,910.9569985506953,1100.9109569985508
11,939.3909372224836,1100.9393909372225
10,845.6774371572362,1000.8456774371573
12,963.6071782672778,1200.9636071782672
11,918.3914009271875,1100.9183914009272
