num_vehicles,distance,fitness
6,738.2850068179622,600.7382850068179
6,756.0117061267642,600.7560117061267
7,773.8980617942782,700.7738980617943
9,887.0668877445465,900.8870668877446
6,790.0715294933553,600.7900715294934
6,706.0285169624988,600.7060285169625
7,842.2438795005901,700.8422438795006
9,767.5573315846093,900.7675573315846
10,993.750172605641,1000.9937501726056
9,911.285394100849,900.9112853941009
9,1071.8749279000574,901.0718749279
10,841.6461167556605,1000.8416461167557
11,997.6710287437219,1100.9976710287438
10,957.6801030249279,1000.9576801030249
11,993.1682364124264,1100.9931682364124
10,893.134261271372,1000.8931342612714
10,914.2070510176164,1000.9142070510176
9,911.3927984340907,900.9113927984341
11,962.901888298483,1100.9629018882986
9,921.6391789660033,900.921639178966
