num_vehicles,distance,fitness
7,818.2437983267619,700.8182437983268
7,805.3678817787192,700.8053678817787
7,818.8728912224261,700.8188728912224
6,745.7291148820406,600.745729114882
6,819.4219333726323,600.8194219333726
6,776.3770772365531,600.7763770772366
7,815.4808416696579,700.8154808416697
9,932.4668467611996,900.9324668467611
9,881.1177445623769,900.8811177445624
8,837.1374982918674,800.8371374982919
8,970.4638647380904,800.9704638647381
8,903.683773703621,800.9036837737036
8,1011.7606834498024,801.0117606834498
9,907.2880630430884,900.9072880630431
9,830.1531678343932,900.8301531678344
10,939.3411800629083,1000.9393411800629
9,910.2818122574487,900.9102818122575
10,1007.3133210525573,1001.0073133210526
9,912.6820992135581,900.9126820992136
9,879.4859259693025,900.8794859259693
