num_vehicles,distance,fitness
6,849.5290070488132,600.8495290070488
8,698.8663276248559,800.6988663276248
9,879.6235839266465,900.8796235839267
9,871.3009019939616,900.871300901994
9,735.1482823655668,900.7351482823656
9,790.377360651447,900.7903773606514
8,815.4363336370683,800.8154363336371
7,763.5486748389424,700.763548674839
8,887.8875376293782,800.8878875376294
9,780.6499094858226,900.7806499094859
9,821.4435818161616,900.8214435818162
10,1029.7051632617354,1001.0297051632617
11,980.7636675107017,1100.9807636675107
9,916.7770132199073,900.9167770132199
9,992.4510920660285,900.9924510920661
11,954.6833848177101,1100.9546833848176
10,946.4080226090166,1000.946408022609
9,1005.9956395238812,901.0059956395239
10,952.6538924275067,1000.9526538924275
9,951.7767735568718,900.9517767735568
