num_vehicles,distance,fitness
6,762.3946846662257,600.7623946846662
7,834.809983589189,700.8348099835891
7,791.2748544769763,700.791274854477
7,794.1090217372118,700.7941090217372
7,829.971661359953,700.82997166136
8,926.4485976046258,800.9264485976046
8,956.8777054629427,800.956877705463
9,883.1193735635289,900.8831193735635
10,936.325875608022,1000.9363258756081
7,927.8706818280314,700.927870681828
8,946.5989706265119,800.9465989706265
7,864.921826505806,700.8649218265058
9,900.9133706875045,900.9009133706875
7,918.3911491690485,700.918391149169
8,854.8544311996266,800.8548544311997
8,816.0713336476525,800.8160713336476
10,927.3315376350467,1000.927331537635
8,916.7867703870991,800.9167867703871
8,920.0517600674439,800.9200517600674
8,873.8538518714984,800.8738538518714
