num_vehicles,distance,fitness
7,842.8913236348984,700.842891323635
7,758.9913143596373,700.7589913143596
7,809.0027401338305,700.8090027401338
7,764.7662228426271,700.7647662228426
6,712.5788410519926,600.7125788410519
6,787.3192119070944,600.7873192119071
7,877.080045575372,700.8770800455753
7,873.0047474280741,700.8730047474281
7,903.0162495315328,700.9030162495316
9,931.0094069888888,900.9310094069889
8,928.5111993356204,800.9285111993356
8,970.8373126772032,800.9708373126772
9,931.7320738276057,900.9317320738276
8,975.4852972422392,800.9754852972422
9,903.7394069792533,900.9037394069793
9,1007.8755570587144,901.0078755570587
11,1029.4572476254566,1101.0294572476255
8,976.9661825174777,800.9769661825175
8,891.9685722158544,800.8919685722159
9,962.345912175221,900.9623459121752
