num_vehicles,distance,fitness
6,840.3646523098904,600.8403646523099
7,861.015466770649,700.8610154667706
7,827.1599251947213,700.8271599251947
6,793.184101208853,600.7931841012089
6,801.4600627542059,600.8014600627542
7,751.9360780019329,700.7519360780019
6,828.5181557644908,600.8285181557645
6,919.5409421080062,600.919540942108
7,899.4176307748978,700.8994176307749
7,967.211887628695,700.9672118876287
7,846.65764618949,700.8466576461894
6,767.1779844430405,600.767177984443
7,956.928087495087,700.956928087495
8,946.729418843656,800.9467294188437
7,914.8101697877441,700.9148101697878
7,978.0525722899757,700.9780525722899
7,925.7406902324882,700.9257406902325
7,851.528275178235,700.8515282751782
7,922.1662896309966,700.922166289631
7,927.5566585014399,700.9275566585014
