num_vehicles,distance,fitness
4,848.564939599413,400.84856493959944
4,911.6899339628155,400.9116899339628
4,890.6568678568956,400.8906568678569
4,764.2348799038452,400.7642348799038
4,896.3477168633547,400.8963477168634
4,919.00187922452,400.91900187922454
4,1016.7632066487795,401.01676320664876
4,905.2850620482578,400.9052850620483
4,826.262638432047,400.82626263843207
4,847.9958795563477,400.8479958795563
4,933.2661832845603,400.93326618328456
4,863.230240911995,400.863230240912
5,1099.1040276335805,501.0991040276336
6,850.3816815540496,600.850381681554
6,874.653383678949,600.874653383679
7,892.2295581457645,700.8922295581458
7,1010.9868484330644,701.010986848433
6,857.4706635536409,600.8574706635536
6,997.2507557697718,600.9972507557698
6,899.2607406144438,600.8992607406144
