num_vehicles,distance,fitness
4,1071.3637846072347,401.07136378460723
4,1008.6844206541007,401.0086844206541
5,965.6609938222211,500.9656609938222
4,981.4638340880895,400.9814638340881
4,1015.6136755527841,401.0156136755528
5,1005.6926959114808,501.0056926959115
4,1018.5827650459579,401.01858276504595
4,1024.489405591913,401.0244894055919
4,966.4281210760437,400.96642812107604
5,1009.7095533617589,501.00970955336174
4,970.1531739984688,400.9701531739985
5,989.356763661372,500.98935676366136
4,931.8211170660953,400.9318211170661
6,966.6967279758103,600.9666967279758
5,996.7082956226409,500.9967082956226
4,907.392459204985,400.90739245920497
5,879.8140645863316,500.87981406458636
5,1001.5378213913255,501.0015378213913
5,950.8390376196796,500.9508390376197
6,957.660825801712,600.9576608258017
