num_vehicles,distance,fitness
4,937.6570066368039,400.9376570066368
4,974.6704339991434,400.97467043399917
4,957.612672835995,400.957612672836
4,959.5522574523874,400.9595522574524
4,993.3173411866701,400.9933173411867
5,969.8398097651351,500.9698398097651
4,1011.0668432998707,401.0110668432999
4,965.317578621916,400.9653175786219
4,863.8553917231397,400.8638553917231
5,907.0563605831315,500.9070563605831
5,875.596847801451,500.87559684780143
5,965.1104955103095,500.9651104955103
5,939.7982615639906,500.93979826156396
4,874.7056052026471,400.8747056052026
5,898.5547393937745,500.8985547393938
5,953.8331362319911,500.953833136232
5,933.4412184302918,500.9334412184303
5,934.0370919640716,500.93403709196406
5,1037.7933282594697,501.03779332825945
5,856.4541485930599,500.85645414859306
