num_vehicles,distance,fitness
4,887.2260787198006,400.8872260787198
5,926.0832245875737,500.92608322458756
5,831.8698019041885,500.8318698019042
6,889.3455619510821,600.8893455619511
5,879.5379008503185,500.8795379008503
5,891.3098980991236,500.8913098980991
5,866.111198587452,500.8661111985875
4,837.9437091043728,400.83794370910437
5,863.5667438734625,500.86356674387343
5,958.7978846550619,500.95879788465504
5,913.2810982574342,500.9132810982574
5,878.4094205460159,500.878409420546
5,833.0252493646474,500.83302524936465
4,1009.2695589378826,401.0092695589379
5,891.0789841354081,500.8910789841354
5,1048.089096198346,501.04808909619834
6,831.4101692855968,600.8314101692856
5,892.0913203564032,500.8920913203564
5,985.1108888081994,500.9851108888082
5,843.5823546403832,500.8435823546404
