num_vehicles,distance,fitness
4,1099.2379083158141,401.0992379083158
4,1140.1028834771228,401.14010288347714
4,976.1828281130886,400.9761828281131
4,1117.2870297428574,401.11728702974284
4,1078.067896041804,401.07806789604183
5,1015.2753013844302,501.0152753013844
5,991.0396014445564,500.9910396014446
5,950.1158463016835,500.9501158463017
5,976.7049830703995,500.9767049830704
4,967.2262772361114,400.96722627723614
4,856.9400280149298,400.85694002801495
5,814.964217134003,500.814964217134
4,926.0591975606771,400.9260591975607
4,945.5425770855394,400.9455425770855
5,804.6231583983229,500.80462315839833
5,958.7875993683508,500.95878759936835
4,798.802344709014,400.79880234470903
5,1043.2386387143522,501.04323863871434
5,969.2162535245701,500.96921625352456
4,901.1605426207435,400.90116054262074
