num_vehicles,distance,fitness
4,990.4776981132496,400.99047769811324
4,1043.938178374698,401.0439381783747
4,1012.0746843895098,401.0120746843895
4,989.8208237471722,400.98982082374715
4,1048.3656238133071,401.0483656238133
4,960.1985506376062,400.9601985506376
4,1006.0738678869975,401.006073867887
4,868.8840150857052,400.8688840150857
5,919.123957230319,500.91912395723034
4,916.8662255705977,400.9168662255706
5,951.0906440793494,500.95109064407933
4,982.6853326813016,400.9826853326813
4,965.7941008910257,400.965794100891
4,1009.2669356021327,401.0092669356021
5,808.6243341499288,500.80862433414995
4,874.0426528390916,400.8740426528391
5,975.7115535553789,500.97571155355536
4,956.8566209471223,400.9568566209471
4,981.5687377276067,400.9815687377276
4,834.3932136569297,400.83439321365694
