num_vehicles,distance,fitness
4,954.4951724086313,400.95449517240866
4,940.1802155630492,400.94018021556303
4,940.2891751894709,400.9402891751895
4,869.7012635103886,400.86970126351036
5,797.53187725821,500.7975318772582
5,1000.8290221355954,501.0008290221356
5,947.7390272860412,500.94773902728605
5,816.8484656396553,500.8168484656397
5,911.7125358633865,500.9117125358634
6,989.183049044051,600.9891830490441
5,846.6530501667219,500.8466530501667
5,1002.8190679646829,501.0028190679647
5,824.6369629681457,500.82463696296816
4,903.2230072049258,400.90322300720493
4,931.9523815627282,400.9319523815627
4,744.1973132859,400.7441973132859
6,973.2390374427864,600.9732390374428
5,853.5416717611641,500.85354167176115
5,872.2584858921598,500.87225848589213
5,848.7922143205429,500.84879221432055
