num_vehicles,distance,fitness
4,918.9340678700514,400.91893406787005
5,993.4786239205496,500.99347862392057
4,850.4105647403705,400.85041056474034
4,925.4810237037163,400.9254810237037
5,905.7331716233731,500.90573317162335
5,970.0800725854828,500.97008007258546
5,942.017368215161,500.94201736821515
5,1000.5115467157658,501.00051154671576
6,855.609607355475,600.8556096073555
5,1016.5570963582386,501.0165570963582
5,932.6968881799991,500.93269688818
6,927.6954559744505,600.9276954559745
5,1017.2630464591247,501.0172630464591
7,987.309933061346,700.9873099330614
5,1019.2778251284486,501.0192778251284
6,1059.3246734349373,601.059324673435
5,918.7545932141085,500.9187545932141
6,1013.1549337996526,601.0131549337997
5,899.910523962771,500.8999105239628
5,870.1793390279897,500.87017933902797
