num_vehicles,distance,fitness
4,877.1580260263885,400.8771580260264
4,857.2264891741363,400.85722648917414
4,959.066335082271,400.9590663350823
5,893.7852537518514,500.89378525375184
4,886.6686058907922,400.8866686058908
4,891.8055626146268,400.89180556261465
4,895.1695174527534,400.89516951745276
4,1041.524522190875,401.04152452219085
4,915.4888778074859,400.9154888778075
4,831.2086512904157,400.8312086512904
4,1010.5913506350275,401.010591350635
4,834.7986197706072,400.8347986197706
4,854.1180304461346,400.85411803044616
4,892.7851480931901,400.8927851480932
4,790.5245528708874,400.79052455287086
4,987.6537345421223,400.9876537345421
4,900.15770487529,400.9001577048753
4,912.441660620646,400.91244166062063
4,926.8529053829504,400.92685290538293
4,916.5456704699974,400.91654567047
