num_vehicles,distance,fitness
7,791.5872570391791,700.7915872570392
8,833.0775365882971,800.8330775365883
7,761.2412604296435,700.7612412604296
8,889.9625183333671,800.8899625183334
8,937.3013975450532,800.9373013975451
8,986.2712272410864,800.9862712272411
8,860.6441056444575,800.8606441056445
9,1165.4825603471675,901.1654825603472
8,1005.6772301126373,801.0056772301126
8,869.4422717969283,800.869442271797
9,995.3647850710033,900.995364785071
9,1121.0855096039118,901.1210855096039
8,992.2059385052047,800.9922059385052
8,1075.4208713391074,801.0754208713391
9,1230.4120767259587,901.230412076726
8,1041.2507878651263,801.0412507878651
9,1052.2433034509208,901.052243303451
9,1040.7793057383528,901.0407793057384
8,993.7365219656128,800.9937365219656
8,1122.3829840512124,801.1223829840512
