num_vehicles,distance,fitness
7,691.9245200332821,700.6919245200332
8,875.8056363542701,800.8758056363542
8,800.5975340723764,800.8005975340724
10,941.6630190210631,1000.941663019021
8,800.4938017802315,800.8004938017802
8,821.1959184782277,800.8211959184782
9,895.5298616562834,900.8955298616563
9,878.9053859638179,900.8789053859638
10,986.7355003874599,1000.9867355003875
10,988.6259188784296,1000.9886259188785
12,1152.1594247398946,1201.15215942474
10,1084.4447316741862,1001.0844447316742
10,1085.7783694924124,1001.0857783694925
11,1007.3505411300647,1101.00735054113
11,1194.6730574989715,1101.194673057499
11,1015.1360211506417,1101.0151360211507
10,1153.0104849696045,1001.1530104849696
10,1138.1842499268946,1001.1381842499269
10,1111.55895056773,1001.1115589505678
11,1102.4457227657342,1101.1024457227657
