num_vehicles,distance,fitness
8,962.0780328369437,800.962078032837
9,975.6430129402822,900.9756430129403
9,898.3093089181666,900.8983093089182
8,896.0366601557855,800.8960366601558
8,988.8616468369883,800.988861646837
9,1137.6828479449407,901.1376828479449
9,854.9166580127815,900.8549166580128
11,1258.9042821099774,1101.25890428211
9,1033.321696881482,901.0333216968814
9,975.4811744325991,900.9754811744326
8,980.4900593069821,800.9804900593069
9,1036.8005839188659,901.0368005839189
10,1124.9399479185247,1001.1249399479185
9,1058.2644780242513,901.0582644780243
10,1198.8183864317434,1001.1988183864318
8,1018.7573683860406,801.018757368386
8,1033.0381405506264,801.0330381405506
9,904.3023764128536,900.9043023764128
9,1016.8960207261605,901.0168960207261
10,1077.5452347296407,1001.0775452347297
