num_vehicles,distance,fitness
7,792.558481332472,700.7925584813324
7,897.2416933460507,700.897241693346
7,1053.914008713708,701.0539140087137
8,972.8910459379159,800.9728910459379
8,1088.9002036994727,801.0889002036995
9,919.2894558711729,900.9192894558712
10,1266.551852234292,1001.2665518522343
9,1033.139175004482,901.0331391750045
9,1012.0493887738328,901.0120493887738
8,972.8523635952876,800.9728523635953
8,1047.0818939080107,801.0470818939081
10,1214.2547925934698,1001.2142547925935
10,1080.2452932748618,1001.0802452932749
9,965.9548600495593,900.9659548600496
8,997.7557558581634,800.9977557558582
9,1144.370036371724,901.1443700363717
10,1176.4073041130148,1001.176407304113
11,1138.4129062127952,1101.1384129062128
9,1080.9340343093172,901.0809340343093
9,1095.6057106878418,901.0956057106879
