num_vehicles,distance,fitness
8,894.5607712993112,800.8945607712993
10,986.2845189423879,1000.9862845189424
11,1010.9665958670333,1101.010966595867
9,902.8511582709743,900.902851158271
8,885.7147433099287,800.8857147433099
11,1002.66911866866,1101.0026691186686
12,1105.4609793119128,1201.1054609793118
11,1022.4411683382536,1101.0224411683382
10,1005.7581657508357,1001.0057581657509
12,1280.8978789262467,1201.2808978789262
11,1130.9758947553323,1101.1309758947552
13,1308.325326487575,1301.3083253264876
11,1081.594243237769,1101.0815942432378
13,1176.1266605293536,1301.1761266605295
11,1037.1989711992114,1101.0371989711991
10,1023.321195439104,1001.023321195439
11,1182.7695337755326,1101.1827695337756
11,1113.3854088750484,1101.113385408875
10,1105.122939294634,1001.1051229392947
12,1131.986834003505,1201.1319868340036
