num_vehicles,distance,fitness
5,1156.9680017061987,501.1569680017062
5,1220.7806732475838,501.2207806732476
4,987.0054485137282,400.98700544851374
5,1237.4658161495156,501.2374658161495
5,1171.050976562722,501.1710509765627
5,1241.0353154629943,501.24103531546297
5,1082.9621787957822,501.0829621787958
5,1026.3909490838032,501.0263909490838
5,1117.7915980579623,501.117791598058
6,1217.9974506218118,601.2179974506219
5,1226.587378393555,501.22658737839356
5,1052.6206619342738,501.05262066193427
5,874.2088287064306,500.87420882870646
5,1257.3363609561666,501.2573363609562
5,1047.0766004240725,501.0470766004241
5,1040.2775901832188,501.0402775901832
5,1174.8072316996713,501.1748072316997
5,1105.133520776556,501.1051335207766
6,1272.221727644313,601.2722217276444
6,1045.2875058561917,601.0452875058562
