num_vehicles,distance,fitness
5,1306.6275740598305,501.3066275740598
4,918.0677480264167,400.91806774802643
4,958.7519633716748,400.9587519633717
5,1107.1856487747057,501.1071856487747
5,875.7940620242239,500.8757940620242
4,961.8106182321319,400.9618106182321
5,1273.635743392414,501.2736357433924
5,1135.034547987049,501.13503454798706
5,1308.938696727958,501.308938696728
5,1209.7421109356915,501.2097421109357
5,945.215327967615,500.9452153279676
4,1146.9634833568248,401.14696348335684
5,1011.5383155115907,501.0115383155116
5,1238.4329551793212,501.23843295517935
5,942.2028922132537,500.94220289221323
5,980.4277598245089,500.9804277598245
5,1246.1142054363427,501.24611420543636
5,1183.9963412931515,501.18399634129315
5,1141.8330483253637,501.14183304832534
5,1111.766822947738,501.11176682294774
