num_vehicles,distance,fitness
4,1067.7019895573885,401.0677019895574
4,1008.6947357648048,401.0086947357648
5,1090.5476772789493,501.09054767727895
5,1061.4401509078036,501.0614401509078
5,1187.166132501189,501.1871661325012
5,934.6272892834129,500.9346272892834
4,1146.3485215021178,401.1463485215021
4,1052.2587931199073,401.0522587931199
5,1120.7624799957744,501.1207624799958
6,1014.8004478426774,601.0148004478427
5,1184.1089476861425,501.1841089476861
5,1253.5019787432152,501.2535019787432
6,1143.5774340175192,601.1435774340175
5,886.4792555977454,500.88647925559775
5,1190.877562769117,501.1908775627691
5,1099.7469961889406,501.0997469961889
5,1122.5686191383218,501.12256861913835
5,1110.350602466597,501.1103506024666
5,1350.923693247054,501.35092369324707
5,1139.3851014976763,501.1393851014977
