num_vehicles,distance,fitness
5,1310.0844333327757,501.3100844333328
5,1072.5289324410714,501.07252893244106
5,1263.1482383437155,501.2631482383437
5,1143.4806449282353,501.1434806449282
5,1059.5719098244665,501.05957190982446
4,1255.9137742332327,401.25591377423325
6,1240.6039941906452,601.2406039941907
5,1025.493866558147,501.0254938665581
5,1287.2783255802954,501.2872783255803
6,1255.8865026976625,601.2558865026976
5,1099.294332701857,501.09929433270185
5,1121.5348865160315,501.12153488651603
6,1096.9722607843896,601.0969722607844
5,1253.8010391061985,501.2538010391062
5,1264.145621190027,501.26414562119004
5,1068.145645328941,501.06814564532897
5,1157.4786271679002,501.1574786271679
6,1089.6885626808123,601.0896885626809
6,1093.1692471699794,601.09316924717
6,1095.7554465120593,601.095755446512
