num_vehicles,distance,fitness
5,1098.2107185369055,501.0982107185369
5,951.5099860557558,500.9515099860558
5,960.6842434158599,500.96068424341587
5,933.0249567342166,500.93302495673424
5,1122.2814267291542,501.12228142672916
5,1292.3951027117519,501.29239510271174
5,951.4326773098161,500.9514326773098
6,1137.4487379343407,601.1374487379344
6,1281.4355586208112,601.2814355586208
6,1259.1181176170371,601.259118117617
6,955.1329973882127,600.9551329973882
8,1225.351635200282,801.2253516352002
7,1239.947690205095,701.2399476902051
7,935.2915461707165,700.9352915461707
7,1183.9779789171007,701.1839779789171
7,1012.0005368321354,701.0120005368321
6,1321.5290221166906,601.3215290221167
6,1264.2464924660974,601.2642464924661
9,1436.5766795545455,901.4365766795545
5,1302.3465626058705,501.30234656260586
