num_vehicles,distance,fitness
5,1206.7227033268164,501.2067227033268
7,1102.1410927401544,701.1021410927401
5,1157.8622139297454,501.1578622139297
7,1053.0390684872598,701.0530390684872
5,1101.5964738210855,501.1015964738211
6,1170.3882273279173,601.1703882273279
6,1009.5089200141997,601.0095089200142
6,1245.9150125768947,601.2459150125769
7,1208.5674800627314,701.2085674800627
6,1203.6176328104618,601.2036176328105
7,1199.076625369759,701.1990766253698
7,1161.262588266794,701.1612625882668
7,1035.4439332332383,701.0354439332332
8,1298.9714159093928,801.2989714159094
8,1082.4188216235436,801.0824188216235
7,1216.820366078836,701.2168203660789
8,1220.8937427105193,801.2208937427105
7,993.442290233884,700.9934422902339
8,1184.3623369909717,801.184362336991
6,1178.7159379778086,601.1787159379778
