num_vehicles,distance,fitness,time
4.0,398.29470724433304,4.998401639732788,173.14948105812073
4.0,398.29470724433304,4.998401639732788,172.0325481891632
4.0,398.29470724433304,4.998401639732788,172.20361924171448
