num_vehicles,distance,fitness,time
1.0,399.64390373146915,100.39964390373147,316.3611512184143
