num_vehicles,distance,fitness,time
1.0,399.64390373146915,100.39964390373147,316.3611512184143
1.0,404.37474773387635,100.40437474773388,320.24742126464844
1.0,404.54991372687834,100.40454991372688,316.2447350025177
1.0,403.85792319701244,100.40385792319701,314.507527589798
