num_vehicles,distance,fitness,time
3.0,306.0244139110923,300.3060244139111,218.38439655303955
