num_vehicles,distance,fitness,time
3.0,306.0244139110923,300.3060244139111,218.38439655303955
3.0,306.0244139110923,300.3060244139111,220.42947673797607
3.0,306.0244139110923,300.3060244139111,217.6055407524109
3.0,306.0244139110923,300.3060244139111,220.81967043876648
