num_vehicles,distance,fitness
7,537.3913739362137,700.5373913739362
11,781.7439262238544,1100.781743926224
9,589.3883900368835,900.5893883900369
9,628.2339054953858,900.6282339054953
8,651.0017094294913,800.6510017094295
12,697.0837937131765,1200.697083793713
11,701.3883595429519,1100.701388359543
11,788.9987880395526,1100.7889987880396
10,673.4033113648047,1000.6734033113648
10,665.0469735429391,1000.665046973543
10,703.9230989570419,1000.703923098957
11,688.9256279858685,1100.6889256279858
10,641.8246338443045,1000.6418246338443
10,677.9573581977274,1000.6779573581978
11,648.1835152424812,1100.6481835152424
10,698.9753950480808,1000.6989753950481
11,747.6546601454995,1100.7476546601456
10,721.1380685083209,1000.7211380685084
9,679.7482285308627,900.6797482285309
10,651.0555459422249,1000.6510555459422
