num_vehicles,distance,fitness
7,495.26436520284466,700.4952643652028
6,553.6229747547013,600.5536229747547
6,576.5419319544485,600.5765419319545
7,607.4342687490498,700.6074342687491
8,699.3322961460583,800.699332296146
7,593.6624661774925,700.5936624661775
8,712.6387571528079,800.7126387571528
7,662.5124176459799,700.662512417646
7,626.3772650169332,700.6263772650169
8,735.4037747715716,800.7354037747716
8,767.7306813966184,800.7677306813966
7,660.6155674958188,700.6606155674958
7,735.0022054668653,700.7350022054669
8,692.1403340851557,800.6921403340851
8,706.3743938515895,800.7063743938515
7,659.5175074006008,700.6595175074006
8,717.9597114945016,800.7179597114945
9,765.3742055311584,900.7653742055312
8,675.6124790973882,800.6756124790974
9,712.9778877650003,900.712977887765
