num_vehicles,distance,fitness
7,664.5333586844342,700.6645333586845
7,637.0858200573919,700.6370858200573
7,588.8678809244811,700.5888678809245
7,583.6115280750354,700.583611528075
8,606.5786748357717,800.6065786748358
7,590.4776910358198,700.5904776910359
7,571.8974704350402,700.571897470435
6,573.6612526393978,600.5736612526395
8,657.393735721313,800.6573937357213
7,598.8264932211328,700.5988264932212
8,623.0162294969609,800.623016229497
9,703.4570634739753,900.7034570634739
8,668.1851197031971,800.6681851197033
7,603.3621753111502,700.6033621753112
7,612.4985658606366,700.6124985658606
7,580.894197570944,700.580894197571
8,644.0614837152534,800.6440614837153
8,671.6497764078804,800.6716497764079
8,631.5030663510599,800.6315030663511
7,539.869498079767,700.5398694980797
