num_vehicles,distance,fitness
5,457.2023704760672,500.45720237047607
9,630.6290856409678,900.630629085641
7,558.3636005060116,700.558363600506
8,660.1471087479603,800.660147108748
9,673.516964415489,900.6735169644155
9,788.6090352935755,900.7886090352936
9,763.3212534298993,900.7633212534299
8,706.378209402074,800.706378209402
8,760.8355377117982,800.7608355377118
8,633.6549548076543,800.6336549548076
9,758.5616331860657,900.7585616331861
10,756.1498659964184,1000.7561498659965
9,804.2409559301162,900.8042409559301
10,761.660127771954,1000.761660127772
9,755.9426151409931,900.755942615141
9,718.9115225697791,900.7189115225698
9,681.6092260499988,900.68160922605
8,768.736070252211,800.7687360702522
10,830.4857835862861,1000.8304857835863
8,683.23678946429,800.6832367894643
