num_vehicles,distance,fitness
5,512.8102709016586,500.51281027090164
5,635.729528243819,500.6357295282438
5,589.4070884051815,500.5894070884052
5,572.8847402759604,500.572884740276
5,599.2132813415307,500.5992132813415
5,578.0870171228905,500.57808701712287
5,541.1981137858705,500.54119811378587
5,571.2108150906046,500.5712108150906
7,777.6189794778929,700.7776189794779
7,635.9835240225586,700.6359835240225
8,719.257473076579,800.7192574730766
8,691.4291705079381,800.691429170508
7,716.8370852696672,700.7168370852696
8,750.1105903530839,800.7501105903531
6,669.673971917297,600.6696739719173
7,644.8644439931176,700.6448644439931
7,802.7508160096409,700.8027508160096
7,632.862732265712,700.6328627322657
8,720.3370645764186,800.7203370645764
7,755.3727924551993,700.7553727924552
