num_vehicles,distance,fitness
5,466.50342106065915,500.4665034210607
7,539.1750948836045,700.5391750948836
5,453.63634034106474,500.45363634034106
6,467.61895117388326,600.4676189511739
6,507.2343496545083,600.5072343496545
5,512.5054913389808,500.51250549133897
6,475.69960951733844,600.4756996095174
6,442.4809296681509,600.4424809296681
6,715.8785326573953,600.7158785326574
6,698.8425494030733,600.698842549403
6,670.7204510074646,600.6707204510075
7,704.982323382533,700.7049823233825
7,703.571782715943,700.7035717827159
6,657.4482394803151,600.6574482394803
6,624.5715168635707,600.6245715168636
6,676.4058151519301,600.676405815152
5,598.6097075862829,500.59860970758626
6,656.6927401226968,600.6566927401227
7,732.7984551005701,700.7327984551006
6,640.8404736583848,600.6408404736584
