num_vehicles,distance,fitness
5,492.8496652239143,500.4928496652239
5,519.1430916140887,500.51914309161407
5,534.3915321555186,500.5343915321555
6,590.9166616101245,600.5909166616101
6,647.040101401054,600.6470401014011
6,678.0819655987856,600.6780819655988
6,638.2738774263747,600.6382738774264
5,569.991352979652,500.5699913529796
5,616.445313831749,500.6164453138318
6,661.3606601947006,600.6613606601946
6,614.6383440337763,600.6146383440338
6,578.670034237276,600.5786700342372
6,602.1978791173092,600.6021978791173
7,635.4528666446389,700.6354528666446
5,519.6620395647478,500.51966203956476
6,547.0919821940658,600.547091982194
5,595.756643306614,500.59575664330663
6,664.693007961077,600.6646930079611
6,691.7818005220201,600.691781800522
7,700.1556511334396,700.7001556511334
