num_vehicles,distance,fitness
7,743.2970155147732,700.7432970155148
7,830.6853632238608,700.8306853632239
7,712.5753456488467,700.7125753456488
7,806.9756924331997,700.8069756924332
6,735.5708620295945,600.7355708620296
8,800.4040371903252,800.8004040371903
9,930.2168695315416,900.9302168695316
10,972.6700679884293,1000.9726700679885
9,878.1018558122785,900.8781018558122
11,941.31543954915,1100.941315439549
10,923.8935825900118,1000.92389358259
9,930.2513115078758,900.9302513115078
10,884.5124723513845,1000.8845124723514
12,960.7697685238646,1200.960769768524
10,1006.6483791147804,1001.0066483791148
9,937.0469958992792,900.9370469958993
10,954.9828913439944,1000.954982891344
10,885.8236326394638,1000.8858236326395
10,1021.520633081215,1001.0215206330812
10,900.7956246582462,1000.9007956246583
