num_vehicles,distance,fitness
7,847.9959707224298,700.8479959707224
6,841.4915436543189,600.8414915436543
6,788.3221915419058,600.7883221915419
6,831.6913172746008,600.8316913172746
6,819.4629375708116,600.8194629375708
6,774.8680566854327,600.7748680566855
6,793.5511343025283,600.7935511343026
9,964.3503490520492,900.9643503490521
8,939.9223425847998,800.9399223425849
8,967.1783382996044,800.9671783382996
9,970.0624336825356,900.9700624336825
7,927.4740702466199,700.9274740702466
9,970.8501160549519,900.970850116055
7,908.910817918827,700.9089108179188
9,973.4678949906103,900.9734678949906
8,958.8223167653913,800.9588223167653
9,927.2390961744574,900.9272390961745
10,1009.9168808408016,1001.0099168808408
10,896.0009689101023,1000.8960009689101
7,936.4256734959321,700.9364256734959
