num_vehicles,distance,fitness
7,864.4833286468569,700.8644833286469
8,821.5226494023618,800.8215226494024
11,915.0023231800517,1100.91500232318
9,807.4116409569365,900.807411640957
12,888.4127701704836,1200.8884127701706
7,720.7985363758635,700.7207985363758
10,832.9838608697368,1000.8329838608697
11,869.1833383772961,1100.8691833383773
13,1005.925626643611,1301.0059256266436
11,857.8343574562826,1100.8578343574563
11,916.9412682490117,1100.916941268249
12,981.4163742960028,1200.981416374296
12,959.9099158994505,1200.9599099158995
14,1042.4038921429205,1401.0424038921428
12,858.9833533616858,1200.8589833533617
12,952.5378804216541,1200.9525378804217
12,958.3292957811718,1200.9583292957811
11,962.8146767334755,1100.9628146767334
13,982.9098237045602,1300.9829098237046
12,971.3773090153272,1200.9713773090152
