num_vehicles,distance,fitness
7,818.2437983267619,700.8182437983268
6,803.5425199313493,600.8035425199314
7,889.3397040270348,700.8893397040271
6,784.3728047726079,600.7843728047726
6,798.5008104132468,600.7985008104132
6,807.0440934428154,600.8070440934429
7,873.8918487147313,700.8738918487147
6,797.9601803687787,600.7979601803688
6,861.9303516011817,600.8619303516011
8,931.1596792815914,800.9311596792816
9,988.9812644597208,900.9889812644598
10,895.1426293013656,1000.8951426293014
10,931.5859899937624,1000.9315859899938
9,893.7771939076702,900.8937771939077
10,1010.002470518705,1001.0100024705187
10,992.5220258587441,1000.9925220258588
9,958.354805801655,900.9583548058016
9,867.7352334641574,900.8677352334641
10,976.6112934404136,1000.9766112934404
8,896.5253609619106,800.896525360962
