num_vehicles,distance,fitness
7,875.9048735512156,700.8759048735512
6,800.4970069643774,600.8004970069644
6,878.3157805198675,600.8783157805199
7,898.5249808169077,700.8985249808169
6,858.9198247382825,600.8589198247383
8,943.9107471217264,800.9439107471218
7,844.391342106376,700.8443913421064
8,863.4535925517457,800.8634535925518
8,915.2590232710382,800.915259023271
7,878.5410105879251,700.8785410105879
8,993.1629016102297,800.9931629016103
8,908.8864391044306,800.9088864391044
7,937.4852505362956,700.9374852505363
9,915.2713447174965,900.9152713447176
9,1029.0719146266483,901.0290719146267
8,903.2153613202217,800.9032153613202
9,972.8008883883624,900.9728008883884
8,910.9993608988873,800.9109993608989
8,880.0302586033107,800.8800302586033
8,992.2354122274078,800.9922354122274
