num_vehicles,distance,fitness
6,849.5290070488132,600.8495290070488
8,812.0448730127115,800.8120448730127
9,927.9949088191187,900.9279949088191
8,796.7659665999244,800.7967659665999
9,755.7575364496669,900.7557575364497
9,877.9038167852148,900.8779038167852
10,907.979843859358,1000.9079798438594
10,899.8000511825446,1000.8998000511825
9,907.6990182268448,900.9076990182268
8,852.9141974308577,800.8529141974309
9,882.1272810598796,900.8821272810599
10,920.1030768676158,1000.9201030768676
9,905.4272615582257,900.9054272615582
10,936.3401942039435,1000.9363401942039
11,947.817288133279,1100.9478172881334
10,964.3052299735259,1000.9643052299735
9,858.9699698843787,900.8589699698844
10,927.1032880833451,1000.9271032880833
10,938.8002723784545,1000.9388002723784
10,974.1123915976323,1000.9741123915976
