num_vehicles,distance,fitness
6,840.3646523098904,600.8403646523099
7,843.4645639106465,700.8434645639106
6,855.9917815015754,600.8559917815015
7,881.2872534483715,700.8812872534484
7,889.4618181456364,700.8894618181456
7,853.3500066302869,700.8533500066303
7,874.3819916364478,700.8743819916365
6,806.4478933127214,600.8064478933127
6,830.6178173071503,600.8306178173071
7,935.1676568991535,700.9351676568991
7,855.0743392488355,700.8550743392489
8,985.48304687914,800.9854830468792
7,856.2301813259107,700.8562301813259
7,985.0294235376558,700.9850294235376
7,976.938409880657,700.9769384098806
7,944.2619595564851,700.9442619595565
7,901.1896981677173,700.9011896981677
7,979.3931493045211,700.9793931493045
6,908.7042823182782,600.9087042823182
7,890.8298620627062,700.8908298620627
