num_vehicles,distance,fitness
4,918.1606608150763,400.9181606608151
6,896.1015299336954,600.8961015299337
5,921.181042994916,500.92118104299493
7,868.4159929224086,700.8684159929225
5,818.3890642974726,500.8183890642975
7,812.3509567278893,700.8123509567279
8,871.2201427674079,800.8712201427674
6,944.6799105466589,600.9446799105467
7,963.7274061341504,700.9637274061341
7,979.2955771561325,700.9792955771561
8,975.5246624906224,800.9755246624907
7,865.7307845758373,700.8657307845758
7,986.9392602280864,700.986939260228
7,825.0643123740185,700.825064312374
8,1003.0611456823838,801.0030611456824
6,918.6572756165617,600.9186572756165
7,975.9305420969905,700.975930542097
7,924.7704190805739,700.9247704190806
7,990.4264521705776,700.9904264521706
7,872.2243385507213,700.8722243385507
