num_vehicles,distance,fitness
4,937.6570066368039,400.9376570066368
4,966.6996282826535,400.96669962828264
4,937.4156482307137,400.93741564823074
4,964.9431388509829,400.96494313885097
4,970.7603470513561,400.97076034705134
5,935.0540678169095,500.9350540678169
5,1018.5996977790779,501.01859969777905
4,905.7625171462869,400.9057625171463
4,1006.8844461917421,401.00688444619175
5,883.9091235652875,500.8839091235653
4,878.0898479376473,400.87808984793764
5,880.5563197168879,500.8805563197169
4,921.6374165901623,400.92163741659016
4,840.7908297604974,400.8407908297605
5,984.7375868190483,500.98473758681905
4,971.1732675362364,400.97117326753624
5,1014.855980140901,501.0148559801409
5,843.2159411889431,500.84321594118893
5,1003.2842963687845,501.0032842963688
6,958.0809618614425,600.9580809618615
