num_vehicles,distance,fitness
4,887.2260787198006,400.8872260787198
5,853.9131019529855,500.85391310195297
5,889.4938582597879,500.8894938582598
5,871.2721173921428,500.87127211739215
5,832.1789758774581,500.83217897587747
5,923.955987350561,500.92395598735055
6,845.0700114784894,600.8450700114785
5,881.9630601674877,500.8819630601675
5,895.1774191709172,500.8951774191709
6,892.5968496048888,600.8925968496048
5,893.4130319944587,500.89341303199444
5,861.4078478907112,500.8614078478907
5,943.5516605749822,500.943551660575
5,808.6748356171142,500.8086748356171
5,921.2203229692891,500.9212203229693
5,923.9938957736854,500.92399389577366
5,920.2400567748472,500.92024005677484
4,966.9338443153022,400.9669338443153
6,971.8265250503799,600.9718265250503
5,876.4563931890193,500.876456393189
