num_vehicles,distance,fitness
4,934.6666440653541,400.9346666440654
4,936.7405248822784,400.9367405248823
4,846.318893423794,400.8463188934238
4,890.3129386091746,400.89031293860916
4,887.8971339586509,400.88789713395863
5,865.7515776318149,500.86575157763184
5,990.9648682925222,500.9909648682925
5,845.0923303498529,500.84509233034987
6,863.6068236172671,600.8636068236173
5,932.5209992456435,500.93252099924564
5,850.5172114630462,500.85051721146306
6,870.9492125506225,600.8709492125506
5,911.3427495628965,500.9113427495629
4,986.0650836031184,400.98606508360314
5,884.1008151554821,500.8841008151555
5,952.5838313641189,500.9525838313641
4,940.5860040702254,400.9405860040702
5,864.1665024975787,500.8641665024976
6,952.1717754262372,600.9521717754262
5,842.3841340950187,500.842384134095
