num_vehicles,distance,fitness
4,1099.2379083158141,401.0992379083158
4,1084.981251326119,401.0849812513261
4,1048.6630497871752,401.0486630497872
4,978.8957061944315,400.9788957061944
4,1115.0393441601616,401.11503934416015
4,1044.8021434204566,401.04480214342044
4,1013.0357350281259,401.01303573502815
4,1069.8602854097526,401.06986028540973
4,1078.6226420707774,401.0786226420708
5,859.649743047371,500.8596497430474
5,986.513885684579,500.9865138856846
4,947.9304491448947,400.9479304491449
4,848.3322376914867,400.84833223769147
4,1041.4376407912423,401.04143764079123
5,891.3402671843929,500.8913402671844
5,964.6581567660176,500.964658156766
5,885.8897992738512,500.88588979927385
4,928.1353109025433,400.9281353109025
5,978.6024244065062,500.9786024244065
5,928.9586582293182,500.9289586582293
