num_vehicles,distance,fitness
4,954.4951724086313,400.95449517240866
4,921.907502311413,400.9219075023114
4,871.6796445062059,400.87167964450623
4,951.5857953649177,400.9515857953649
4,913.9225555640453,400.91392255556406
4,895.5469080965968,400.8955469080966
4,818.1081501828587,400.81810815018287
6,891.2399440401692,600.8912399440402
4,897.4195563947726,400.89741955639477
5,886.9611641959546,500.88696116419595
5,913.6102578060868,500.9136102578061
5,821.5250527161593,500.82152505271614
6,891.8955589209498,600.891895558921
4,919.4601393918144,400.9194601393918
5,944.2362200388307,500.9442362200388
5,981.3488724988576,500.98134887249887
5,993.118348137251,500.9931183481373
4,887.4606683105021,400.8874606683105
5,1009.9405541891746,501.0099405541892
5,854.6820050548088,500.8546820050548
