num_vehicles,distance,fitness
4,918.9340678700514,400.91893406787005
5,889.617649879533,500.88961764987954
5,933.5699709706131,500.9335699709706
5,896.9354233846594,500.89693542338466
5,884.1710394751949,500.8841710394752
5,902.5655328993157,500.9025655328993
6,1052.0859842443238,601.0520859842443
5,971.5097218812073,500.9715097218812
5,1017.1022679746404,501.0171022679746
7,1020.2352427096166,701.0202352427096
4,987.1834488475388,400.98718344884753
5,946.6849825600713,500.94668498256004
6,883.8987227240715,600.8838987227241
4,888.8776903213453,400.88887769032135
6,872.9151163410538,600.872915116341
5,901.900435938784,500.9019004359388
5,880.678377843034,500.880678377843
5,954.3464523311906,500.9543464523312
6,1049.67933404976,601.0496793340498
6,911.3513777524487,600.9113513777525
