num_vehicles,distance,fitness
4,877.1580260263885,400.8771580260264
4,937.4117353159232,400.93741173531595
4,894.732989189656,400.89473298918966
4,921.2987588440762,400.9212987588441
4,937.3562931441156,400.9373562931441
4,948.1769857174795,400.94817698571745
4,905.4462938648608,400.9054462938649
4,939.9386058882603,400.93993860588824
4,847.8032888589347,400.8478032888589
5,914.744363750036,500.91474436375006
4,915.8470252318486,400.91584702523187
4,870.7107955001047,400.8707107955001
4,997.4883619425298,400.99748836194254
4,921.4768229110739,400.9214768229111
5,922.3343944157542,500.92233439441577
4,1046.2631271133725,401.0462631271134
4,829.4704028008656,400.8294704028009
4,990.6121271902032,400.9906121271902
4,938.7023456381048,400.9387023456381
4,887.7409013340964,400.8877409013341
