num_vehicles,distance,fitness
8,894.5607712993112,800.8945607712993
9,844.8784142491436,900.8448784142491
10,984.6412680365424,1000.9846412680365
9,888.3512671494236,900.8883512671495
11,1019.3967108850643,1101.019396710885
10,991.3355028146075,1000.9913355028146
12,1246.5830819482433,1201.2465830819483
10,984.0861737985682,1000.9840861737986
10,965.0227717399111,1000.9650227717399
11,1004.9960869737882,1101.0049960869737
11,1050.7844506232448,1101.0507844506233
10,874.6844753281578,1000.8746844753282
10,1021.7375891032141,1001.0217375891032
12,1231.4274073448412,1201.2314274073449
11,1268.6610646059075,1101.2686610646058
12,1054.3624567587046,1201.0543624567588
12,1151.750269672026,1201.151750269672
11,1113.682757071214,1101.1136827570713
12,1040.581686175413,1201.0405816861753
11,1086.7866321033284,1101.0867866321034
