num_vehicles,distance,fitness
8,962.0780328369437,800.962078032837
8,866.0894295223189,800.8660894295223
9,821.8211144261736,900.8218211144261
9,885.2797382275852,900.8852797382276
8,816.7342012909215,800.816734201291
8,790.3784056892791,800.7903784056892
8,778.059308409108,800.7780593084091
10,1267.5749905080327,1001.267574990508
8,850.9921747683569,800.8509921747684
10,1334.078128537263,1001.3340781285373
10,1023.4135090101621,1001.0234135090102
9,1086.8798421611154,901.0868798421611
10,1223.2691792658547,1001.2232691792658
9,1017.2289123742369,901.0172289123742
9,1141.5618092289776,901.141561809229
9,1021.3876187920451,901.021387618792
10,1142.143895322947,1001.142143895323
9,1081.283659327602,901.0812836593276
9,1203.2940085040818,901.203294008504
9,934.8510215430174,900.9348510215431
