num_vehicles,distance,fitness
7,979.4404534601562,700.9794404534601
7,975.6965864968856,700.9756965864968
7,909.2897533504708,700.9092897533504
7,1002.8019625187744,701.0028019625188
8,1072.3920567787688,801.0723920567788
7,861.1320210556696,700.8611320210557
7,900.029035409264,700.9000290354093
7,920.9859928976888,700.9209859928977
9,1238.0195537099576,901.2380195537099
8,1049.5236641186718,801.0495236641186
8,1169.2919969412417,801.1692919969413
7,1033.1483463408583,701.0331483463409
8,1141.4864748432392,801.1414864748432
7,997.6850834239035,700.9976850834239
8,1076.923629564424,801.0769236295645
8,1164.6292611534243,801.1646292611534
8,1152.1980740752003,801.1521980740752
8,1071.5864677447842,801.0715864677447
7,889.8963759248098,700.8898963759248
8,1095.2131103318125,801.0952131103318
