num_vehicles,distance,fitness
7,691.9245200332821,700.6919245200332
8,757.7106451102673,800.7577106451103
9,786.8422279936125,900.7868422279936
11,1168.3007643982173,1101.1683007643983
10,1068.3332416342437,1001.0683332416343
10,1064.557085194191,1001.0645570851942
10,1142.3643071723413,1001.1423643071723
9,1017.4969991512703,901.0174969991513
13,1263.1977728853474,1301.2631977728854
10,1098.7101992863975,1001.0987101992864
8,728.7597446867453,800.7287597446867
12,1197.1622114893712,1201.1971622114893
12,1167.1614017082009,1201.1671614017082
10,1136.8198806990035,1001.136819880699
9,1089.653414514201,901.0896534145141
11,1120.4471384675862,1101.1204471384676
10,1052.8268567652046,1001.0528268567653
11,1092.3522560068448,1101.0923522560067
9,920.1616643737532,900.9201616643737
9,986.5230693166659,900.9865230693167
