num_vehicles,distance,fitness
7,792.558481332472,700.7925584813324
7,887.5684077409628,700.887568407741
8,1077.2723242494048,801.0772723242494
7,846.3657579356795,700.8463657579357
7,999.2663971068116,700.9992663971068
7,938.6492824711372,700.9386492824711
7,975.6427628743941,700.9756427628744
7,859.9852804699592,700.8599852804699
7,966.5976891465368,700.9665976891465
7,982.5092508805327,700.9825092508805
9,1274.6928091994162,901.2746928091995
9,1157.365680213624,901.1573656802136
9,1200.070017171195,901.2000700171712
9,944.4319775217087,900.9444319775217
9,1046.4952888699704,901.04649528887
8,1065.1534550303306,801.0651534550303
8,946.2913839981745,800.9462913839982
10,1134.7751178377966,1001.1347751178378
10,1112.7766158671404,1001.1127766158671
10,1332.5134805481937,1001.3325134805482
