num_vehicles,distance,fitness
8,1070.571296979287,801.0705712969793
7,1039.1475930290626,701.039147593029
7,1092.446421041517,701.0924464210415
7,932.879446126136,700.9328794461261
7,911.6589932816266,700.9116589932817
7,1042.7628935031448,701.0427628935031
9,1130.060287271514,901.1300602872715
7,1008.1992187749985,701.008199218775
7,1014.6584270387957,701.0146584270387
9,1130.34851001078,901.1303485100108
8,927.9278868512829,800.9279278868513
8,1066.6803514901826,801.0666803514902
9,1151.6540985512222,901.1516540985513
9,1135.0524134383675,901.1350524134384
8,1109.374321328273,801.1093743213282
8,1080.5958219834752,801.0805958219835
9,1184.1196448037008,901.1841196448037
8,982.3200689946144,800.9823200689946
8,1128.7901408580087,801.128790140858
8,1076.0748721746154,801.0760748721746
