num_vehicles,distance,fitness
5,1306.6275740598305,501.3066275740598
5,1232.1387616577017,501.2321387616577
5,1179.9301173904964,501.1799301173905
5,1279.5584021366956,501.2795584021367
5,1224.799334696097,501.2247993346961
5,1270.715835152023,501.27071583515203
5,1118.8920211417842,501.1188920211418
5,1290.967974012519,501.2909679740125
4,1170.7400120385812,401.1707400120386
5,1273.0618600947676,501.27306186009474
5,1148.6793471620053,501.148679347162
5,1130.2154135488927,501.1302154135489
5,1081.7342411880713,501.0817342411881
5,1303.038732597612,501.3030387325976
5,1119.4660744187465,501.11946607441877
5,1262.3640752979325,501.2623640752979
5,1145.5764364946865,501.1455764364947
4,1093.6375834030487,401.09363758340305
5,1100.1938469989836,501.100193846999
5,1193.7420165910223,501.19374201659105
