num_vehicles,distance,fitness
5,1156.9680017061987,501.1569680017062
5,1073.6404068246918,501.07364040682467
5,1231.390881097625,501.23139088109764
5,1032.2433008118871,501.0322433008119
5,1103.088552837074,501.10308855283705
5,1058.9444875315758,501.05894448753156
5,1227.853369431617,501.2278533694316
5,1195.4747025345741,501.19547470253457
5,1093.0969647668205,501.0930969647668
4,1125.8176750666219,401.1258176750666
5,1238.038298447494,501.2380382984475
5,1138.6228663855547,501.13862286638556
4,1145.6507923767208,401.1456507923767
5,1213.847508077453,501.21384750807744
5,975.3488449761991,500.9753488449762
6,1103.11440993029,601.1031144099303
6,1077.161435902432,601.0771614359024
5,1244.4552577449604,501.24445525774496
5,1133.2297394430057,501.133229739443
6,1047.0780552016452,601.0470780552016
