num_vehicles,distance,fitness
5,1310.0844333327757,501.3100844333328
5,910.5489497736239,500.9105489497736
5,1167.3485628161632,501.1673485628162
5,1201.1826312888024,501.2011826312888
5,1194.6913849546265,501.19469138495464
5,1179.19569585694,501.17919569585695
5,995.7833919974582,500.99578339199746
6,1238.3720983262695,601.2383720983263
6,1267.5068448817472,601.2675068448817
6,1049.2775859280341,601.049277585928
6,1190.8454818907933,601.1908454818908
6,1273.1841976284582,601.2731841976284
5,1197.8904905982602,501.19789049059824
5,1044.7976876706844,501.04479768767067
6,1244.2048379790888,601.244204837979
6,1162.9135256506124,601.1629135256507
7,1298.5956795953869,701.2985956795953
6,1322.3712433368357,601.3223712433369
6,1200.2805355025394,601.2002805355025
5,1107.3541495697636,501.10735414956974
