num_vehicles,distance,fitness
5,1098.2107185369055,501.0982107185369
5,1055.3581264558602,501.05535812645587
5,1037.9208545340593,501.03792085453404
5,1022.5243430871791,501.0225243430872
5,1030.6410925031878,501.0306410925032
5,1139.250876531034,501.13925087653104
6,1010.1382833769778,601.0101382833769
7,1307.1923900642628,701.3071923900643
6,1113.7662224215399,601.1137662224215
8,1347.923093418028,801.347923093418
6,1102.4221310780704,601.102422131078
7,1080.3632142839435,701.0803632142839
7,1276.536333774263,701.2765363337743
6,1192.1439117773384,601.1921439117773
6,1400.2461935130366,601.400246193513
6,1203.447487604561,601.2034474876045
6,1315.0732597978206,601.3150732597978
6,1138.8838017955916,601.1388838017956
6,1232.0421267504341,601.2320421267505
8,1298.8868043762227,801.2988868043763
