num_vehicles,distance,fitness
4,1067.7019895573885,401.0677019895574
5,1071.147961177778,501.07114796117776
5,1133.4488543767895,501.1334488543768
5,1188.5687299760584,501.18856872997605
5,1184.8302811925892,501.1848302811926
6,1208.1647788902596,601.2081647788903
5,1143.9047976442944,501.14390479764427
5,1149.7323199977013,501.1497323199977
5,971.4657801102401,500.97146578011024
5,1111.2486990445668,501.11124869904455
4,988.6092889404099,400.98860928894044
5,1139.8316291727601,501.13983162917276
5,1201.9788555267432,501.20197885552676
5,1208.9601846011958,501.2089601846012
6,1302.7249433151258,601.3027249433151
6,1153.0367679324788,601.1530367679325
5,1097.888967715862,501.09788896771585
6,1034.2008115257463,601.0342008115257
5,1164.812458794733,501.16481245879476
5,1244.3702136583786,501.2443702136584
