num_vehicles,distance,fitness
5,1206.7227033268164,501.2067227033268
5,1032.2480654910603,501.03224806549105
5,1003.6980642945036,501.0036980642945
6,1143.6518860173944,601.1436518860174
6,1227.300690679706,601.2273006906797
8,1204.1702777298774,801.2041702777299
7,1152.6002167958366,701.1526002167958
8,1241.7977002460757,801.241797700246
9,1428.6355975683164,901.4286355975684
7,1158.6365788878559,701.1586365788878
8,1251.3642863166397,801.2513642863166
7,1174.274880523548,701.1742748805235
6,1233.6122146511607,601.2336122146512
8,1149.7195858817217,801.1497195858817
6,1200.846142037141,601.2008461420371
7,1217.2041282191874,701.2172041282192
7,1030.239022202013,701.0302390222021
8,1229.9241035507252,801.2299241035507
7,1170.9481440513525,701.1709481440514
7,1270.11705574194,701.2701170557419
