num_vehicles,distance,fitness
7,495.26436520284466,700.4952643652028
7,571.2578403737245,700.5712578403737
7,531.9556617235685,700.5319556617236
7,579.5938991365617,700.5795938991365
6,568.6767786544073,600.5686767786544
7,636.1665492649705,700.636166549265
7,619.6596208934272,700.6196596208935
7,674.6116264331746,700.6746116264331
7,687.9876604444413,700.6879876604445
7,693.79025505123,700.6937902550512
8,660.3690775236461,800.6603690775237
8,701.0676147015503,800.7010676147015
9,737.709231221648,900.7377092312216
7,578.3856054953385,700.5783856054953
8,740.5692716157889,800.7405692716158
8,696.526809640187,800.6965268096402
7,646.3993561007561,700.6463993561008
10,796.0211915675982,1000.7960211915675
8,685.5325296262698,800.6855325296262
9,726.5139164224753,900.7265139164225
