num_vehicles,distance,fitness
7,512.2931205274929,700.5122931205275
7,554.7705750067519,700.5547705750067
7,560.5525341279039,700.5605525341279
7,532.2080485896785,700.5322080485897
7,556.418311509756,700.5564183115098
6,487.87795256927507,600.4878779525693
7,626.8466793157471,700.6268466793157
9,627.3308444289112,900.6273308444289
7,641.3221680371914,700.6413221680372
7,735.1755208680165,700.735175520868
7,686.8559051278661,700.6868559051279
7,589.9316772397434,700.5899316772397
7,643.1846397765295,700.6431846397766
7,551.3075756368795,700.5513075756369
8,685.7614981864612,800.6857614981865
7,661.4897725029301,700.6614897725029
7,650.0369287684098,700.6500369287684
8,689.3057308931469,800.6893057308931
7,605.5280811821845,700.6055280811822
8,722.8403979376972,800.7228403979377
