num_vehicles,distance,fitness
7,664.5333586844342,700.6645333586845
7,622.9342221907698,700.6229342221908
7,642.1599243087473,700.6421599243088
7,575.8084372645412,700.5758084372645
7,615.763117746193,700.6157631177462
7,651.1766665007781,700.6511766665008
7,642.2584890000629,700.642258489
7,622.5204280675985,700.6225204280676
8,667.9446016069736,800.667944601607
9,692.9948415979943,900.692994841598
9,720.9864129394203,900.7209864129394
8,649.9785463790707,800.6499785463791
7,656.4619264130955,700.656461926413
8,575.5986603073479,800.5755986603074
8,617.0587151129079,800.6170587151129
7,595.3035793833617,700.5953035793833
7,586.8554040312223,700.5868554040312
8,734.3227339005705,800.7343227339006
7,641.2549570319978,700.641254957032
8,654.4537697274354,800.6544537697274
