num_vehicles,distance,fitness
5,457.2023704760672,500.45720237047607
6,572.8105643652311,600.5728105643652
5,509.889796744208,500.50988979674423
8,594.1433532144952,800.5941433532145
7,528.9244742059063,700.528924474206
9,778.8092248288632,900.7788092248288
9,728.6583422599343,900.7286583422599
8,656.6202755641169,800.6566202755641
8,710.2980613447403,800.7102980613447
10,833.9025210174602,1000.8339025210174
8,691.7032524758393,800.6917032524758
10,751.9113329062953,1000.7519113329063
7,668.8807548451427,700.6688807548452
11,804.5123506604962,1100.8045123506604
9,733.9424882272419,900.7339424882273
8,711.227654239337,800.7112276542393
7,626.4103716745796,700.6264103716745
10,789.5672390215746,1000.7895672390216
8,744.6274534313178,800.7446274534313
11,811.9862408392206,1100.8119862408391
