num_vehicles,distance,fitness
5,512.8102709016586,500.51281027090164
5,478.95747932190307,500.4789574793219
5,571.6829055637689,500.57168290556376
5,551.9871354720442,500.551987135472
8,796.616784701774,800.7966167847018
8,713.1726678874436,800.7131726678874
7,668.6132623873277,700.6686132623873
7,715.6818283878068,700.7156818283878
8,766.0767497599289,800.7660767497599
7,689.6534373533473,700.6896534373534
7,730.6732668850252,700.730673266885
7,622.0807564397145,700.6220807564397
8,724.815558276938,800.724815558277
8,659.2059493345919,800.6592059493346
7,603.6902524514595,700.6036902524514
10,786.2780596012527,1000.7862780596013
8,736.0469836940186,800.736046983694
7,744.8409825109595,700.7448409825109
7,714.4737608140008,700.714473760814
5,597.9562124411974,500.5979562124412
