num_vehicles,distance,fitness
5,492.8496652239143,500.4928496652239
5,500.40128956231825,500.5004012895623
6,521.277603053575,600.5212776030536
6,471.2370162149722,600.471237016215
5,482.71307934459736,500.4827130793446
6,492.5055541765322,600.4925055541765
5,466.9197416754166,500.46691974167544
5,458.0876359909516,500.458087635991
6,549.5417464916355,600.5495417464916
7,548.4802621556142,700.5484802621556
6,577.4613177742084,600.5774613177742
6,620.7726843745397,600.6207726843745
7,595.1514573447331,700.5951514573447
7,628.5664367586031,700.6285664367585
6,647.0565769890817,600.647056576989
7,592.867257015783,700.5928672570158
7,610.872596666083,700.6108725966661
6,616.9553940443366,600.6169553940443
7,639.9860687583061,700.6399860687583
7,571.1959499169054,700.571195949917
