num_vehicles,distance,fitness
5,466.50342106065915,500.4665034210607
5,445.1869615500782,500.44518696155006
5,434.0775825638922,500.4340775825639
5,450.57625302138916,500.4505762530214
5,451.10952663026467,500.45110952663026
7,652.5898272227746,700.6525898272228
6,608.1641240847066,600.6081641240847
7,759.5607603357788,700.7595607603358
7,580.0075132071137,700.5800075132071
6,601.6138934185171,600.6016138934185
6,683.1955033298102,600.6831955033298
7,694.2593749403868,700.6942593749404
7,612.3059240391432,700.6123059240391
7,704.7909731920382,700.7047909731921
6,632.5029799759421,600.6325029799759
6,579.6229359441406,600.5796229359441
6,542.116542691488,600.5421165426915
6,683.0441046058893,600.6830441046059
6,667.898174092188,600.6678981740922
6,618.357027301009,600.618357027301
