num_vehicles,distance,fitness
5,492.8496652239143,500.4928496652239
5,587.7102256343685,500.5877102256344
6,528.8517051767477,600.5288517051767
6,554.3485033001999,600.5543485033002
5,497.55484752959114,500.4975548475296
6,573.5480655479732,600.5735480655479
6,506.5765710381355,600.5065765710382
5,481.0523842713351,500.4810523842713
5,512.8217671022588,500.51282176710225
5,489.91564460159316,500.4899156446016
5,592.8711172103712,500.5928711172104
5,531.6901324727711,500.53169013247276
5,610.553096903854,500.61055309690386
5,630.5978213023271,500.63059782130233
6,565.9878346624109,600.5659878346625
5,690.1430139795063,500.6901430139795
5,572.8408218367113,500.57284082183673
5,674.6005208979404,500.67460052089797
5,624.6868500267411,500.62468685002676
5,669.9175430511181,500.6699175430511
