num_vehicles,distance,fitness
8,800.9792222618502,800.8009792222618
12,890.2310751057524,1200.8902310751057
12,857.0518006014381,1200.8570518006015
15,1153.53693397025,1501.1535369339701
14,985.7383360693129,1400.9857383360693
14,1037.062178810221,1401.0370621788102
17,1059.2245522244484,1701.0592245522244
15,1037.7432703732688,1501.0377432703733
16,1071.6093111593054,1601.0716093111594
15,1041.9422673296674,1501.0419422673297
14,1051.6129448958277,1401.0516129448959
14,1040.4415724833163,1401.0404415724834
14,1019.7235720858149,1401.019723572086
13,928.334690546817,1300.9283346905468
14,1035.0617430630894,1401.0350617430631
15,991.4761040978781,1500.991476104098
15,993.937692862536,1500.9939376928626
13,965.5000517799392,1300.9655000517798
15,929.4429474619801,1500.929442947462
13,886.217997864497,1300.8862179978646
