num_vehicles,distance,fitness
7,743.2970155147732,700.7432970155148
7,712.1889201148482,700.7121889201148
7,747.6113793923876,700.7476113793924
8,855.290268232019,800.855290268232
7,896.7527264079846,700.896752726408
7,762.4529151669092,700.7624529151669
7,804.6038762869807,700.8046038762869
11,1029.9080925015276,1101.0299080925015
9,940.4502367637482,900.9404502367637
9,905.0017693258894,900.9050017693258
10,971.2590381602251,1000.9712590381603
9,953.2536981421712,900.9532536981421
9,890.4117829882019,900.8904117829882
11,955.1824519572176,1100.9551824519572
8,799.2664340868444,800.7992664340868
10,917.6722046384559,1000.9176722046385
9,912.1590864549119,900.912159086455
12,987.577681187588,1200.9875776811875
9,961.107385941643,900.9611073859417
11,933.3243611678862,1100.933324361168
