num_vehicles,distance,fitness
7,847.9959707224298,700.8479959707224
6,860.6664473038068,600.8606664473039
6,852.1317674735074,600.8521317674735
7,823.3057077089206,700.8233057077089
6,785.2160301391209,600.7852160301392
6,824.6899145869565,600.824689914587
9,986.2439614868194,900.9862439614868
9,981.7693439584781,900.9817693439585
8,955.9792505348626,800.9559792505348
8,1039.5830449429745,801.039583044943
8,992.7984473012655,800.9927984473013
8,947.4094006927078,800.9474094006927
8,873.2880048448204,800.8732880048448
8,979.6356343355744,800.9796356343355
9,945.9582061816503,900.9459582061817
10,973.4792834414801,1000.9734792834415
7,873.2004119456996,700.8732004119457
9,953.9001441553627,900.9539001441553
9,969.5428472385375,900.9695428472386
9,1127.3481774984348,901.1273481774984
