num_vehicles,distance,fitness
7,818.2437983267619,700.8182437983268
6,773.4112970846332,600.7734112970846
6,844.3409142170133,600.844340914217
7,855.9758252759572,700.855975825276
9,867.8088801768417,900.8678088801769
8,862.718946166058,800.8627189461661
8,914.6322276732101,800.9146322276732
8,978.2725596130409,800.9782725596131
9,1020.3018416175312,901.0203018416175
8,903.0694763361788,800.9030694763362
8,929.8018068594372,800.9298018068595
8,928.7440730176417,800.9287440730177
8,895.0402811283794,800.8950402811283
11,1097.7353819383986,1101.0977353819385
11,1088.9151965179008,1101.088915196518
11,1062.6527922432995,1101.0626527922434
8,914.433668092315,800.9144336680923
8,915.2706592768284,800.9152706592769
9,905.6615002197688,900.9056615002198
8,866.0983472970751,800.8660983472971
