num_vehicles,distance,fitness
7,875.9048735512156,700.8759048735512
7,897.4766419664309,700.8974766419665
7,893.0421509985314,700.8930421509986
6,819.7356739614594,600.8197356739614
6,875.8195986023878,600.8758195986023
7,825.1866136788306,700.8251866136789
6,901.7670429714648,600.9017670429714
6,882.0787953617383,600.8820787953617
7,892.6887717789893,700.892688771779
9,923.2384950209773,900.923238495021
8,960.6142037323702,800.9606142037323
8,911.2399941131185,800.9112399941131
8,943.5038215764317,800.9435038215764
9,1060.0117789439948,901.060011778944
9,890.446665402278,900.8904466654022
8,975.0537481622223,800.9750537481622
9,1059.1745814366511,901.0591745814367
9,948.0922121383903,900.9480922121384
8,1002.5512457267038,801.0025512457267
8,952.0506496675226,800.9520506496675
