num_vehicles,distance,fitness
6,849.5290070488132,600.8495290070488
9,937.8632304674304,900.9378632304674
9,799.3530000556988,900.7993530000557
8,750.779101376378,800.7507791013763
9,730.8082504884852,900.7308082504885
10,923.1714674855349,1000.9231714674855
11,967.6348168038692,1100.9676348168039
9,877.6875824486593,900.8776875824486
10,934.3845159507441,1000.9343845159508
9,845.7151668620669,900.8457151668621
10,896.458741091397,1000.8964587410914
10,907.3555053779246,1000.907355505378
7,783.4575067987964,700.7834575067988
9,975.0604565127358,900.9750604565128
9,934.1511987207919,900.9341511987208
11,932.023905608231,1100.9320239056083
9,883.6169043569918,900.883616904357
10,921.9092467340306,1000.921909246734
10,881.211782189229,1000.8812117821892
9,878.2476348701515,900.8782476348701
