num_vehicles,distance,fitness
7,842.8913236348984,700.842891323635
7,885.5566314206218,700.8855566314206
7,764.7374212850656,700.7647374212851
6,810.8836508791358,600.8108836508792
7,787.6152210383149,700.7876152210383
6,784.2467477690228,600.784246747769
7,853.5932936409827,700.853593293641
8,922.7904763125774,800.9227904763126
9,970.0710086556957,900.9700710086557
9,911.6696707428077,900.9116696707428
9,941.5207431920534,900.9415207431921
9,942.8440298985322,900.9428440298985
9,950.6237246932889,900.9506237246933
8,898.4822295585824,800.8984822295586
8,880.6919638790908,800.8806919638791
8,796.6522154983695,800.7966522154984
9,892.8002697999747,900.8928002698
8,856.3656498788555,800.8563656498789
9,952.4672724217918,900.9524672724218
7,855.5771032114452,700.8555771032114
