num_vehicles,distance,fitness
6,840.3646523098904,600.8403646523099
7,815.7390337173931,700.8157390337174
7,829.1046136043731,700.8291046136044
6,784.6391490895993,600.7846391490896
7,875.8327185286679,700.8758327185286
8,1000.9796915377688,801.0009796915377
7,993.7203334459615,700.9937203334459
7,848.2123392238119,700.8482123392238
7,935.7509807329654,700.935750980733
7,820.7438349131762,700.8207438349132
8,956.9394576392693,800.9569394576392
8,957.7440250700043,800.95774402507
7,910.1048515350316,700.910104851535
7,903.9770623875688,700.9039770623875
8,982.0812074230225,800.982081207423
7,820.2457633164629,700.8202457633165
7,823.2152448765978,700.8232152448766
7,835.3363403796109,700.8353363403796
7,851.8901068812306,700.8518901068812
7,923.2050548954418,700.9232050548954
