num_vehicles,distance,fitness
4,848.564939599413,400.84856493959944
5,926.8836864778754,500.9268836864779
4,864.6288599992134,400.8646288599992
4,944.9633253853353,400.94496332538534
4,929.5291916047149,400.92952919160473
4,940.7443531036183,400.94074435310364
4,948.064749560681,400.9480647495607
5,836.8224304006699,500.8368224304007
5,856.1379690993263,500.85613796909934
5,809.3601632360137,500.809360163236
7,974.6981607770545,700.974698160777
7,997.5411662760233,700.997541166276
6,918.2460605425292,600.9182460605425
6,903.3318137116748,600.9033318137117
6,995.1589364285729,600.9951589364285
6,922.4015902872835,600.9224015902873
7,991.5767848002052,700.9915767848003
8,958.6300681993278,800.9586300681993
6,883.1484298403423,600.8831484298404
9,1068.131857996862,901.0681318579968
