num_vehicles,distance,fitness
4,1071.3637846072347,401.07136378460723
5,1000.5116867762885,501.0005116867763
5,1050.7757617470927,501.0507757617471
4,1021.5789506155568,401.02157895061555
5,1027.5380027731198,501.0275380027731
5,1009.9641698545714,501.0099641698546
4,1021.110541309977,401.02111054130995
4,1050.0334897538366,401.05003348975384
6,892.7271930137886,600.8927271930138
5,921.1539954912298,500.92115399549124
5,849.1206320031101,500.8491206320031
5,1009.6880790449645,501.00968807904496
5,899.516594625293,500.8995165946253
6,915.0381661883171,600.9150381661883
5,942.0041349325182,500.9420041349325
6,1043.6942349927972,601.0436942349928
5,939.8261562147123,500.93982615621474
5,950.1945212458301,500.9501945212458
5,874.1148749292373,500.87411487492926
6,1088.8859603881729,601.0888859603882
