num_vehicles,distance,fitness
4,937.6570066368039,400.9376570066368
5,980.4944967908086,500.9804944967908
4,952.564294667677,400.9525642946677
4,923.9665438683626,400.92396654386835
4,870.0439117908259,400.87004391179084
4,960.838937926953,400.96083893792695
4,947.143945420524,400.9471439454205
6,961.6787948771454,600.9616787948771
5,919.9650809696659,500.9199650809697
4,901.1706975501359,400.9011706975501
4,921.068814056181,400.9210688140562
5,892.0669480997276,500.89206694809974
4,840.553541990274,400.8405535419903
6,972.0372430896343,600.9720372430896
5,846.227712716489,500.8462277127165
4,772.5449235592662,400.7725449235593
4,1008.1850677875345,401.0081850677875
5,949.1890829137428,500.94918908291373
5,906.845875985844,500.9068458759858
5,880.7639248035775,500.8807639248036
