num_vehicles,distance,fitness
4,887.2260787198006,400.8872260787198
5,871.800360959838,500.8718003609598
4,913.6417154925475,400.91364171549253
5,906.5190580233348,500.9065190580233
4,899.6288615302133,400.89962886153023
5,873.1977610929221,500.8731977610929
4,857.6433825072864,400.85764338250726
5,901.9342582697575,500.90193425826976
6,924.2808895370574,600.924280889537
5,917.3572971652587,500.91735729716527
6,976.5705873405938,600.9765705873406
5,992.7089025196137,500.9927089025196
6,977.9849252853205,600.9779849252853
5,899.7536121098898,500.89975361210986
5,909.0837455119054,500.9090837455119
5,916.7016279439888,500.916701627944
5,881.2275689850674,500.8812275689851
5,965.3583442030265,500.965358344203
5,784.1614793885354,500.78416147938856
5,1022.3607919322518,501.0223607919323
