num_vehicles,distance,fitness
4,990.4776981132496,400.99047769811324
4,974.9921880011499,400.9749921880011
4,1019.3693960173639,401.01936939601734
4,1086.212959462325,401.08621295946233
4,996.5470702751575,400.99654707027514
4,1010.8299740891207,401.0108299740891
5,862.9104887176909,500.8629104887177
5,999.3004730761705,500.9993004730762
5,957.5739182455186,500.95757391824554
5,983.55319932598,500.98355319932597
5,1018.5684054618245,501.01856840546185
6,1096.11372442833,601.0961137244283
4,952.8126922664221,400.95281269226643
4,956.1845709385115,400.9561845709385
4,829.0278316275401,400.8290278316275
5,886.3372740992139,500.8863372740992
4,930.1030292171957,400.9301030292172
5,982.6287445944441,500.9826287445944
4,739.7012917804723,400.7397012917805
4,907.7469517740867,400.9077469517741
