num_vehicles,distance,fitness
4,954.4951724086313,400.95449517240866
4,847.3481174528542,400.84734811745284
4,898.0841965177422,400.89808419651774
5,866.710293306447,500.8667102933064
4,931.2279310984178,400.9312279310984
5,786.2921001975636,500.78629210019756
5,809.0264452988904,500.8090264452989
5,758.2200001688846,500.7582200001689
5,955.103688274032,500.95510368827405
4,971.8339859062023,400.9718339859062
5,805.5807576750669,500.80558075767505
5,904.1513129270177,500.904151312927
4,897.2790845520508,400.89727908455205
5,970.4352898426006,500.9704352898426
5,915.348684330824,500.9153486843308
5,966.8037524108597,500.96680375241084
4,859.3381003744761,400.8593381003745
4,899.9747171721833,400.8999747171722
5,1005.9683878400097,501.00596838784
5,963.6395779735025,500.9636395779735
