num_vehicles,distance,fitness
4,918.9340678700514,400.91893406787005
4,909.464770013307,400.9094647700133
4,898.1186006372518,400.89811860063725
5,901.9409303265257,500.90194093032653
4,925.6500283486465,400.9256500283486
4,804.7945209401828,400.80479452094016
4,920.1743455388352,400.92017434553884
5,942.18592279181,500.9421859227918
4,862.5108050914896,400.8625108050915
4,892.5316801850688,400.8925316801851
5,901.2322781612116,500.9012322781612
4,1047.3346600369084,401.0473346600369
5,999.3838920345892,500.9993838920346
5,1001.7899726188562,501.00178997261884
4,905.042924413304,400.9050429244133
6,961.1074414130122,600.961107441413
5,883.163355212741,500.88316335521273
5,977.3536320593789,500.97735363205936
5,961.0735870340937,500.9610735870341
6,966.2930716423085,600.9662930716423
