num_vehicles,distance,fitness
4,877.1580260263885,400.8771580260264
4,860.3098068677905,400.8603098068678
4,920.9156060185978,400.9209156060186
4,949.7942082486867,400.9497942082487
4,894.7898875226899,400.8947898875227
4,866.687289233647,400.86668728923365
4,925.4210831207392,400.92542108312074
4,890.684298918224,400.89068429891825
4,870.1805847791796,400.8701805847792
4,892.1439854011197,400.8921439854011
5,1066.6139720920987,501.0666139720921
4,904.3843104101684,400.9043843104102
4,925.236416527572,400.9252364165276
4,962.0333359613649,400.96203333596134
4,915.1127061868921,400.9151127061869
4,985.4043980327399,400.98540439803276
4,858.0069239587717,400.8580069239588
4,977.7178255368298,400.97771782553684
4,955.8099712031906,400.95580997120317
4,869.5315704406349,400.86953157044064
