num_vehicles,distance,fitness
8,1070.571296979287,801.0705712969793
7,1150.0207097989635,701.1500207097989
7,987.8223995855841,700.9878223995856
7,909.7559902118153,700.9097559902118
7,888.137504931243,700.8881375049313
7,875.4877528668543,700.8754877528669
9,1155.3002278906977,901.1553002278907
8,1046.3126949809807,801.046312694981
9,1031.2476061180284,901.031247606118
8,1125.4225921505854,801.1254225921506
9,1170.7931412660325,901.170793141266
8,1120.753683871608,801.1207536838716
9,1055.8671045258666,901.0558671045259
9,1314.6290466996256,901.3146290466997
8,1124.0374020578222,801.1240374020579
9,1185.7778088870407,901.185777808887
9,1107.7094467126317,901.1077094467126
9,1191.840674530537,901.1918406745306
8,1169.1085061105923,801.1691085061105
8,993.9838164759439,800.993983816476
