num_vehicles,distance,fitness
7,791.5872570391791,700.7915872570392
7,859.2848594234715,700.8592848594235
7,946.6983189585833,700.9466983189586
7,800.5918964387713,700.8005918964387
9,1112.0416203895231,901.1120416203895
9,1226.648673865339,901.2266486738654
9,1095.1525689415462,901.0951525689416
9,1082.5044452859274,901.082504445286
9,1059.6495222577319,901.0596495222577
10,1111.060775319182,1001.1110607753192
9,1089.857128479138,901.0898571284791
9,1228.4967981443608,901.2284967981443
9,1042.533802515491,901.0425338025154
8,1151.3515108516003,801.1513515108516
9,1026.0127097858394,901.0260127097858
10,1276.8502335712014,1001.2768502335712
8,1035.085721690282,801.0350857216903
10,1309.1372283272342,1001.3091372283272
9,1130.8404914745215,901.1308404914745
9,987.1507659589628,900.987150765959
