num_vehicles,distance,fitness
8,894.5607712993112,800.8945607712993
10,986.1429880478945,1000.9861429880478
9,886.2922454742012,900.8862922454742
9,937.2711585812875,900.9372711585813
9,944.0361624155962,900.9440361624156
9,956.8513164451972,900.9568513164452
8,771.0839227970517,800.7710839227971
10,1055.5412244524236,1001.0555412244524
8,926.3746626402984,800.9263746626403
11,1024.4253626544596,1101.0244253626545
11,1194.8418294968028,1101.194841829497
11,1128.0594479566653,1101.1280594479567
10,1056.8418868730716,1001.056841886873
12,1128.9040415264662,1201.1289040415265
12,1068.5448785012145,1201.0685448785011
9,911.7820946148921,900.9117820946149
10,973.2979394259578,1000.973297939426
11,1014.2477027818278,1101.0142477027819
12,1122.5338881157566,1201.1225338881159
10,1023.1540190197701,1001.0231540190198
