num_vehicles,distance,fitness
8,759.1670203183024,800.7591670203183
9,951.0059703208452,900.9510059703208
8,1007.557174472808,801.0075571744728
10,994.6770010944665,1000.9946770010945
8,1067.950551010854,801.0679505510109
8,1016.5677163391221,801.0165677163391
9,1034.428210382452,901.0344282103824
10,1124.2178524535323,1001.1242178524535
10,1245.6215942040533,1001.2456215942041
10,1144.1039273261879,1001.1441039273262
10,1065.654811384922,1001.0656548113849
9,906.3961882467501,900.9063961882467
9,1063.3095824582167,901.0633095824583
10,1120.6006151603515,1001.1206006151604
9,1054.4528270785822,901.0544528270785
9,1046.4775646135959,901.0464775646136
8,952.4632492227993,800.9524632492228
11,1070.7059010516589,1101.0707059010517
11,1075.5165286188671,1101.075516528619
9,1140.4102589337879,901.1404102589338
