num_vehicles,distance,fitness
7,979.4404534601562,700.9794404534601
7,975.9128813275505,700.9759128813275
7,971.1929231936306,700.9711929231936
7,978.6207169066898,700.9786207169067
7,970.0656244033665,700.9700656244033
7,848.550942270377,700.8485509422703
7,1077.4329377995657,701.0774329377996
7,965.3108432412786,700.9653108432412
7,1000.7025661312919,701.0007025661313
7,885.0950866328685,700.8850950866329
7,972.9955402569897,700.972995540257
8,1154.6688370387396,801.1546688370387
7,1003.1976288364618,701.0031976288365
8,1034.806686545635,801.0348066865456
8,1197.0203574347438,801.1970203574348
8,1154.890598006899,801.1548905980069
7,1070.9698273828176,701.0709698273828
8,1013.5121544164969,801.0135121544165
8,1153.2083937351745,801.1532083937352
8,1125.2811527748083,801.1252811527748
