num_vehicles,distance,fitness
8,962.0780328369437,800.962078032837
9,882.8426516320546,900.882842651632
8,874.7981412617306,800.8747981412617
9,907.4070879815762,900.9074070879816
8,758.9345482957258,800.7589345482958
9,1014.9055933990987,901.0149055933991
10,1216.7270359948864,1001.2167270359948
9,957.6503188743936,900.9576503188744
9,1155.193879608564,901.1551938796085
10,1152.5446961358507,1001.1525446961358
9,1066.6619464281985,901.0666619464282
8,1002.6978646533778,801.0026978646533
10,1170.1431963683074,1001.1701431963683
8,1044.1686781450485,801.0441686781451
9,998.0803561174273,900.9980803561174
10,1037.9220998941692,1001.0379220998942
8,977.9422425767657,800.9779422425768
10,1111.6000765144242,1001.1116000765144
9,1072.8435541106999,901.0728435541107
9,1046.1241618811946,901.0461241618812
