num_vehicles,distance,fitness
5,1088.2573579320474,501.08825735793204
5,964.5246313732436,500.96452463137325
5,1019.5274799243294,501.0195274799243
5,1083.5690386718197,501.08356903867184
5,1088.9770880625476,501.08897708806256
4,1125.520239072376,401.1255202390724
4,1040.3414574868366,401.0403414574868
5,1057.8850517959245,501.05788505179595
5,1110.1911719912273,501.11019117199123
6,1058.596840776641,601.0585968407767
6,1097.385224532699,601.0973852245327
6,1165.455548925855,601.1654555489258
7,1363.88405574674,701.3638840557468
6,1117.412238274973,601.1174122382749
5,1154.7741462992528,501.15477414629925
7,1168.366151599582,701.1683661515996
5,1191.6975309680477,501.19169753096804
5,1070.6747983199837,501.07067479832
6,1151.2554444051452,601.1512554444051
6,1277.0891340199692,601.27708913402
