num_vehicles,distance,fitness
4,1081.4010688547528,401.08140106885475
6,1038.60275832546,601.0386027583255
6,1155.794266228041,601.155794266228
5,1148.517294581899,501.1485172945819
4,925.6437422869197,400.9256437422869
5,1030.9023308285286,501.03090233082855
5,1067.5377445100796,501.0675377445101
5,1038.9706496290091,501.038970649629
6,1064.0058791222036,601.0640058791222
5,1197.0044638679735,501.197004463868
6,1155.617858141301,601.1556178581413
6,966.6564738482764,600.9666564738483
8,1122.2835237102836,801.1222835237103
7,1096.9461803868192,701.0969461803868
7,1098.1333782010172,701.098133378201
6,1188.5525385753783,601.1885525385753
5,1073.9164010143998,501.0739164010144
6,992.3324979796585,600.9923324979796
7,1374.43454024962,701.3744345402496
7,1304.7362605940386,701.304736260594
