num_vehicles,distance,fitness
5,1156.9680017061987,501.1569680017062
5,1176.1063197503422,501.1761063197503
5,1051.4215143114116,501.0514215143114
5,861.4407733786737,500.86144077337866
5,1254.103691269831,501.25410369126985
5,942.634582517992,500.942634582518
5,1199.4238481143284,501.19942384811435
5,1153.6560398961558,501.15365603989613
5,1110.7554144279106,501.1107554144279
5,1257.6992581659506,501.2576992581659
5,1073.7777463236393,501.07377774632363
5,1187.3128844723706,501.18731288447236
5,1192.387979974691,501.1923879799747
5,1135.5912463740399,501.135591246374
5,1110.3736682911745,501.1103736682912
6,1171.3034301481707,601.1713034301482
5,1126.8306013317092,501.12683060133173
6,1342.8140962915845,601.3428140962916
5,1098.2403715070905,501.0982403715071
5,1099.9849142697626,501.0999849142698
