num_vehicles,distance,fitness
5,1098.2107185369055,501.0982107185369
6,1168.2576111751473,601.1682576111751
5,997.3522291674872,500.99735222916746
6,849.9273281316254,600.8499273281316
5,1013.4376704824891,501.0134376704825
5,1109.1652597567895,501.10916525975676
6,1108.3763394693117,601.1083763394693
7,1329.5418026568784,701.3295418026569
6,1047.729695872826,601.0477296958728
7,1247.7634900813025,701.2477634900813
7,1297.3972426349073,701.2973972426349
7,1219.5410085089165,701.2195410085089
5,1084.3144950611902,501.08431449506116
7,1152.1815044514733,701.1521815044515
5,1184.6523200769032,501.1846523200769
6,1209.01705129078,601.2090170512907
6,1150.1746340446555,601.1501746340447
7,1268.1222318416928,701.2681222318417
6,1015.0845220962491,601.0150845220962
6,1275.2104248116716,601.2752104248117
