num_vehicles,distance,fitness
5,1206.7227033268164,501.2067227033268
6,1062.0173957869458,601.0620173957869
6,1073.1750295960783,601.0731750295961
5,1009.0296427749558,501.009029642775
6,1111.997943419742,601.1119979434197
5,932.3067097252658,500.93230670972525
9,1324.1827724098116,901.3241827724098
7,1159.2117148671875,701.1592117148672
6,1228.1230287577575,601.2281230287578
6,1279.4851999278508,601.2794851999279
8,1353.6000003922884,801.3536000003922
6,1165.9810148297177,601.1659810148298
7,1251.5007208239836,701.251500720824
7,1339.5278004528147,701.3395278004529
7,1221.2648147703146,701.2212648147703
7,1343.0691315990273,701.343069131599
7,1242.9414029324396,701.2429414029324
8,1347.6508104406244,801.3476508104407
7,1105.145067674403,701.1051450676744
8,1344.1550344638988,801.3441550344639
