num_vehicles,distance,fitness
7,495.26436520284466,700.4952643652028
7,561.3923617954484,700.5613923617955
7,541.7361032470232,700.541736103247
7,529.7606065457102,700.5297606065457
6,532.9633558715482,600.5329633558715
7,623.9910546270261,700.623991054627
7,548.0476813801464,700.5480476813801
7,637.6518326112651,700.6376518326113
7,546.5779980386989,700.5465779980387
7,579.8446293364925,700.5798446293365
7,697.1990360488454,700.6971990360488
8,730.7210772091181,800.7307210772091
7,600.8548298110301,700.600854829811
7,622.0165135886654,700.6220165135886
7,699.9270671477854,700.6999270671478
8,665.4879365473009,800.6654879365473
7,592.4757954305527,700.5924757954306
8,684.5880327861244,800.6845880327861
8,696.4597447809722,800.696459744781
9,626.1994576334594,900.6261994576334
