num_vehicles,distance,fitness
7,512.2931205274929,700.5122931205275
7,563.8256523672426,700.5638256523672
7,529.7353655262378,700.5297353655262
7,527.1872961126674,700.5271872961126
7,539.6425574737236,700.5396425574737
7,675.9476826479365,700.6759476826479
6,573.1714533858869,600.5731714533858
7,661.2817723978565,700.6612817723978
7,677.434699317934,700.6774346993179
7,676.786274711615,700.6767862747116
7,694.9548840741154,700.6949548840741
7,633.5240221334492,700.6335240221334
7,686.9240713313783,700.6869240713314
7,726.7094584522554,700.7267094584522
7,733.1736349627657,700.7331736349628
7,631.6314300618448,700.6316314300618
7,664.9562428998715,700.6649562428998
8,656.574558023586,800.6565745580236
7,579.1935349762598,700.5791935349763
7,590.9667980139991,700.590966798014
