num_vehicles,distance,fitness
7,599.946623310844,700.5999466233109
7,659.8083477500193,700.6598083477501
7,628.7378993615796,700.6287378993616
7,654.8768689095905,700.6548768689096
7,670.6913797363176,700.6706913797364
7,616.1226623686891,700.6161226623686
7,666.2943786309856,700.6662943786309
10,821.1243226638852,1000.8211243226639
9,699.8042396959374,900.6998042396959
10,716.3584149051824,1000.7163584149051
8,638.9094789528219,800.6389094789528
9,668.2102724689366,900.668210272469
9,722.002975765837,900.7220029757658
8,720.6432260687835,800.7206432260688
9,702.1062191012028,900.7021062191012
8,637.4115065855526,800.6374115065855
9,739.6312062353443,900.7396312062353
9,776.078399056044,900.776078399056
8,720.3024746043668,800.7203024746044
9,712.0646198998325,900.7120646198998
