num_vehicles,distance,fitness
7,664.5333586844342,700.6645333586845
8,722.1167749153411,800.7221167749153
8,642.3277227864174,800.6423277227864
7,665.3497228807589,700.6653497228807
7,652.1927349933351,700.6521927349934
7,671.374688384816,700.6713746883848
8,671.9620192870685,800.6719620192871
9,706.075154867971,900.706075154868
8,654.4989863347016,800.6544989863347
7,660.73545100834,700.6607354510083
10,728.4038531403182,1000.7284038531403
8,524.9575008267658,800.5249575008268
8,672.2623501739768,800.6722623501739
8,631.0617001891425,800.6310617001891
7,706.0232334432616,700.7060232334433
8,619.8175680191075,800.6198175680191
7,532.5252019386551,700.5325252019387
8,603.9647094146644,800.6039647094146
9,665.3738339704853,900.6653738339705
7,647.6309749006016,700.6476309749006
