num_vehicles,distance,fitness
7,636.8199997144283,700.6368199997145
7,579.9712529571984,700.5799712529572
8,635.6613200958222,800.6356613200958
7,665.5092385945127,700.6655092385945
7,674.0793801066933,700.6740793801067
7,642.6151381663177,700.6426151381663
7,585.2393437881786,700.5852393437882
7,654.6953373818176,700.6546953373818
7,579.3864072807758,700.5793864072808
7,721.4941713111914,700.7214941713112
7,599.288756507456,700.5992887565075
7,743.2982762133236,700.7432982762133
7,616.5232806112557,700.6165232806112
7,611.6760216603432,700.6116760216603
7,619.9194787536248,700.6199194787537
7,557.7124912798649,700.5577124912799
8,575.4578339695872,800.5754578339696
8,699.4842008069222,800.699484200807
8,647.9729057462033,800.6479729057462
7,628.2193084681277,700.6282193084681
