num_vehicles,distance,fitness
5,534.3361221591722,500.5343361221592
5,563.8947866370443,500.56389478663704
5,630.6197132094392,500.63061971320946
5,541.7147527438651,500.54171475274387
5,611.8492843884054,500.6118492843884
5,587.9239660616984,500.5879239660617
5,699.8270046002721,500.69982700460025
5,732.3645091761983,500.7323645091762
6,760.9939247009427,600.760993924701
6,782.1321483485284,600.7821321483485
7,725.9563459657858,700.7259563459658
6,761.0883621191717,600.7610883621192
5,645.6186267664411,500.64561862676646
5,671.6848202050377,500.67168482020503
5,699.3942677186416,500.6993942677186
6,751.1567143183909,600.7511567143184
5,716.1499389437131,500.7161499389437
6,758.8756364577829,600.7588756364578
5,757.5815359152415,500.7575815359152
5,737.7592232520631,500.73775922325206
