num_vehicles,distance,fitness
5,492.8496652239143,500.4928496652239
6,482.565924790133,600.4825659247902
5,437.2700663559053,500.4372700663559
5,491.57376395712566,500.49157376395715
6,579.9864438374399,600.5799864438375
8,659.922496727033,800.6599224967271
7,637.2678574924124,700.6372678574924
6,684.2973818109551,600.684297381811
8,702.4991066007464,800.7024991066007
8,727.4106084498898,800.7274106084499
8,559.1243354699278,800.55912433547
6,522.2063472132103,600.5222063472132
8,651.4272212210215,800.6514272212211
8,636.2011690894276,800.6362011690894
7,631.0400752529844,700.6310400752529
8,708.1776375482675,800.7081776375483
8,704.465663394766,800.7044656633948
8,665.1794718366692,800.6651794718367
7,685.7288551497865,700.6857288551498
7,596.2452933120867,700.5962452933121
