num_vehicles,distance,fitness
5,518.2594252824524,500.51825942528245
6,460.4185474276934,600.4604185474277
5,534.8790148408567,500.53487901484084
6,481.603433671071,600.4816034336711
6,503.4113205450043,600.503411320545
6,582.0715184765895,600.5820715184766
6,579.5500852975289,600.5795500852976
7,675.0927188769896,700.675092718877
6,659.102397399113,600.6591023973991
7,608.0441481031557,700.6080441481032
7,659.8652159364098,700.6598652159364
6,619.2562704686837,600.6192562704687
6,570.8295825065691,600.5708295825066
6,697.9545330782903,600.6979545330782
6,677.1180402807593,600.6771180402808
6,513.7546367123684,600.5137546367124
6,621.0468637387785,600.6210468637388
6,625.2013396924579,600.6252013396925
6,618.9028094060704,600.6189028094061
6,628.0396355282346,600.6280396355282
