num_vehicles,distance,fitness
5,466.50342106065915,500.4665034210607
6,496.30708587760233,600.4963070858776
5,464.34522748589325,500.4643452274859
5,530.3387601599296,500.5303387601599
7,566.4688497383091,700.5664688497383
6,657.7162880025232,600.6577162880026
6,670.0654989244343,600.6700654989245
4,557.4894575195198,400.5574894575195
6,671.1197021514323,600.6711197021515
6,679.8590811082519,600.6798590811082
5,649.9851480534031,500.6499851480534
6,657.8756730635903,600.6578756730636
6,640.0722557728291,600.6400722557728
6,625.2057743929583,600.625205774393
6,647.8740459361743,600.6478740459362
6,718.6337092361439,600.7186337092361
6,567.6781847023499,600.5676781847023
6,508.4541833174147,600.5084541833174
6,639.4567636489733,600.6394567636489
5,614.4126773647293,500.6144126773647
