num_vehicles,distance,fitness
5,492.8496652239143,500.4928496652239
6,519.9754142287331,600.5199754142287
6,521.7974315710793,600.521797431571
5,509.160740734618,500.5091607407346
5,510.70394652998004,500.51070394653
6,629.3638637371457,600.6293638637371
6,582.0257488042724,600.5820257488043
5,586.7381796929,500.5867381796929
5,605.9824197932596,500.60598241979324
6,586.3989825325448,600.5863989825325
5,680.9765290579072,500.6809765290579
6,655.3095013443007,600.6553095013443
6,660.5096974427036,600.6605096974426
6,673.17021097841,600.6731702109784
5,584.0878811646492,500.58408788116463
5,612.035759629218,500.61203575962924
5,605.23377302988,500.60523377302985
6,713.7779433037258,600.7137779433037
6,697.1134275794373,600.6971134275794
6,678.6679385171641,600.6786679385172
