num_vehicles,distance,fitness
8,800.9792222618502,800.8009792222618
14,925.6489919861347,1400.9256489919862
14,892.6622714895504,1400.8926622714896
13,898.0470332285075,1300.8980470332285
13,884.7857452786855,1300.8847857452786
15,905.3332489707756,1500.9053332489707
15,862.8361787311534,1500.8628361787312
13,980.1078819501583,1300.98010788195
11,846.474253828258,1100.8464742538283
14,902.4942093333574,1400.9024942093333
14,1003.7062729359955,1401.003706272936
12,923.1269298680108,1200.923126929868
13,929.1000365505413,1300.9291000365506
14,1014.2855303604725,1401.0142855303604
14,1016.5628694047934,1401.0165628694049
16,1080.5117635533768,1601.0805117635534
15,985.1052470281803,1500.9851052470283
14,982.7870769543604,1400.9827870769543
15,1057.9400759222617,1501.0579400759223
17,1092.009298597632,1701.0920092985975
