num_vehicles,distance,fitness
7,743.2970155147732,700.7432970155148
7,768.4287302414169,700.7684287302415
7,840.3793912745932,700.8403793912746
6,699.4344481882813,600.6994344481883
6,746.9746204205221,600.7469746204205
9,928.969871350988,900.928969871351
11,941.9272752363512,1100.9419272752364
10,913.0697657353363,1000.9130697657354
10,1027.342231675429,1001.0273422316754
10,974.2827844198603,1000.9742827844199
8,944.594916554803,800.9445949165548
9,881.1418768936616,900.8811418768937
9,918.4599677659368,900.9184599677659
10,991.6604585569028,1000.9916604585569
9,903.2599210803758,900.9032599210803
9,927.5652814295813,900.9275652814296
9,946.9056038059949,900.946905603806
10,919.2313328148646,1000.9192313328149
11,1031.2348567205192,1101.0312348567206
10,993.4088527810876,1000.993408852781
