num_vehicles,distance,fitness
7,864.4833286468569,700.8644833286469
8,776.5816363881405,800.7765816363882
8,802.3538384053074,800.8023538384053
12,852.7230328630345,1200.852723032863
12,896.8317712481482,1200.8968317712481
10,862.7078623635384,1000.8627078623635
11,931.1578137665987,1100.9311578137665
12,947.6248277311325,1200.947624827731
11,1033.851330297296,1101.0338513302972
12,976.7527440767889,1200.9767527440767
12,967.0005176804694,1200.9670005176804
12,964.0307204029205,1200.964030720403
11,938.8712948195655,1100.9388712948196
13,984.3149967107266,1300.9843149967107
13,1032.8509273623586,1301.0328509273625
11,871.8300460320243,1100.871830046032
11,960.4740557664976,1100.9604740557666
10,980.7264698602866,1000.9807264698603
11,944.6415809268782,1100.9446415809268
12,933.6258834761907,1200.9336258834762
