num_vehicles,distance,fitness
7,875.9048735512156,700.8759048735512
6,895.5636076836164,600.8955636076836
7,816.7872867966887,700.8167872867967
6,788.7089423755077,600.7887089423755
6,793.2351576797254,600.7932351576798
7,862.7125613029651,700.8627125613029
7,859.8477292805338,700.8598477292805
8,845.2725146040838,800.8452725146041
7,916.9457198508846,700.9169457198509
8,991.8943472718009,800.9918943472718
8,969.3532716133249,800.9693532716133
7,914.8234130773985,700.9148234130774
7,891.143409373719,700.8911434093737
8,968.5546559733699,800.9685546559733
7,912.7220388194547,700.9127220388194
8,924.5504562145185,800.9245504562145
9,961.0288940152211,900.9610288940153
6,875.8501184162212,600.8758501184162
7,908.6205838656001,700.9086205838656
7,923.4442113899373,700.9234442113899
