num_vehicles,distance,fitness
6,849.5290070488132,600.8495290070488
8,762.6163439574457,800.7626163439575
7,728.0797618820791,700.7280797618821
9,841.1309841640748,900.8411309841641
9,824.5248745720212,900.824524874572
8,723.0461071878648,800.7230461071879
8,776.1687540373676,800.7761687540374
8,869.4002613822331,800.8694002613822
11,911.0327744295915,1100.9110327744295
9,983.6737528604908,900.9836737528605
9,880.7381506763617,900.8807381506764
8,884.8983255529564,800.884898325553
9,871.3149109547268,900.8713149109548
9,922.8758676261945,900.9228758676262
8,905.8087204417337,800.9058087204418
8,876.0657213215088,800.8760657213215
8,990.1876001887805,800.9901876001887
9,932.7415393891672,900.9327415393892
10,973.0491954695201,1000.9730491954696
9,923.2210872522162,900.9232210872523
