num_vehicles,distance,fitness
7,842.8913236348984,700.842891323635
6,821.2605384501915,600.8212605384502
7,880.024658058626,700.8800246580586
7,859.5755717293198,700.8595755717294
6,889.9514876019401,600.8899514876019
7,762.7981653571308,700.7627981653571
7,926.2351337930136,700.926235133793
10,1021.4444717364029,1001.0214444717365
10,960.8113831722502,1000.9608113831722
9,1050.0938229085305,901.0500938229085
10,1035.571090632707,1001.0355710906327
9,1046.1674926075652,901.0461674926075
9,891.8637763672649,900.8918637763672
9,804.097634703461,900.8040976347035
8,847.2486372102576,800.8472486372102
9,1009.3503958132916,901.0093503958133
8,916.0889188152119,800.9160889188153
10,1066.6575404500322,1001.06665754045
8,869.3706081655571,800.8693706081656
9,975.8768421233967,900.9758768421234
