num_vehicles,distance,fitness
6,840.3646523098904,600.8403646523099
7,796.247607058491,700.7962476070585
7,859.0585407861022,700.8590585407861
7,816.3131526123104,700.8163131526123
6,752.7156996494064,600.7527156996495
6,826.2825665601614,600.8262825665602
7,835.1469350556151,700.8351469350556
6,788.2519747483892,600.7882519747484
6,795.208329435267,600.7952083294352
7,887.4998304688527,700.8874998304689
7,895.87030845959,700.8958703084596
8,1003.4201523165577,801.0034201523166
7,809.4962049794954,700.8094962049795
8,960.8085319477194,800.9608085319477
7,866.6970535153096,700.8666970535153
7,901.7547668377533,700.9017547668377
8,1054.9156870952218,801.0549156870952
7,883.7596238397196,700.8837596238398
7,925.4395272227863,700.9254395272228
8,998.855328017239,800.9988553280173
