num_vehicles,distance,fitness
4,918.1606608150763,400.9181606608151
5,839.9278155374463,500.83992781553746
4,787.2112262417797,400.78721122624177
6,827.0611338102544,600.8270611338103
4,767.6346098685565,400.76763460986854
6,867.0894432756701,600.8670894432756
8,946.0066691594554,800.9460066691595
6,854.4247580166267,600.8544247580166
7,960.2590276801648,700.9602590276802
7,949.7425721239163,700.9497425721239
6,967.6210902046228,600.9676210902046
6,939.5109675232334,600.9395109675232
6,878.4421721966822,600.8784421721966
7,946.6904706996187,700.9466904706997
6,795.5295674103354,600.7955295674103
6,961.3361861216623,600.9613361861217
7,921.4595598599302,700.92145955986
7,876.7382763880428,700.8767382763881
6,847.2556484762729,600.8472556484762
6,968.4087740529986,600.968408774053
