num_vehicles,distance,fitness
4,848.564939599413,400.84856493959944
4,881.8481395017161,400.8818481395017
4,884.0706699882118,400.8840706699882
4,883.0823420773359,400.88308234207733
4,974.8954866676809,400.97489548666766
5,818.6481147560635,500.81864811475606
6,977.216214415947,600.977216214416
6,870.3029787127823,600.8703029787127
7,941.482497182909,700.941482497183
6,929.7501168779229,600.9297501168779
8,998.748373035798,800.9987483730358
7,985.4876939761391,700.9854876939761
7,863.3634510286342,700.8633634510286
6,877.857679752653,600.8778576797527
7,832.2537838917251,700.8322537838917
7,900.3939127648505,700.9003939127648
7,970.403797156074,700.9704037971561
7,979.6489484862503,700.9796489484862
6,818.5585963555105,600.8185585963555
7,980.1419970077905,700.9801419970078
