num_vehicles,distance,fitness
4,887.2260787198006,400.8872260787198
4,879.3230192639073,400.8793230192639
4,850.0152656538368,400.85001526565384
5,832.1154396836619,500.83211543968366
5,882.0749022405014,500.8820749022405
6,945.7140747269352,600.9457140747269
5,1008.0567034887409,501.00805670348876
5,851.1348696721168,500.85113486967214
5,845.0351414931971,500.8450351414932
5,950.8697120436091,500.9508697120436
5,924.4290775430136,500.92442907754304
6,956.5734300711774,600.9565734300712
5,836.9776483417646,500.83697764834176
5,872.2843947440196,500.87228439474404
5,898.9609347616364,500.89896093476165
5,925.3807508643636,500.92538075086435
5,908.8846893860201,500.908884689386
5,848.5617637771202,500.8485617637771
5,969.8700284211142,500.9698700284211
5,861.9870629480173,500.861987062948
