num_vehicles,distance,fitness
4,934.6666440653541,400.9346666440654
5,909.4983581371705,500.90949835813717
5,871.369052607364,500.87136905260735
6,875.7637537161954,600.8757637537162
6,952.6877649500727,600.95268776495
5,872.5534089929648,500.872553408993
5,950.4625463323334,500.95046254633235
5,908.6564710438428,500.90865647104386
4,931.6251620563337,400.9316251620563
5,946.6281965540408,500.94662819655406
5,985.4077642111176,500.9854077642111
4,940.5831357849239,400.94058313578495
4,919.4070249808537,400.91940702498084
5,848.0772546613516,500.84807725466135
5,1034.469048304095,501.0344690483041
5,951.4593366410552,500.95145933664105
5,964.9309671764922,500.9649309671765
5,960.9366238512093,500.9609366238512
5,941.165280633407,500.9411652806334
6,990.0907767192652,600.9900907767193
