num_vehicles,distance,fitness
4,1099.2379083158141,401.0992379083158
4,1094.983046109795,401.0949830461098
4,946.8048996321045,400.9468048996321
4,885.9591992637212,400.8859591992637
4,1103.9974519679754,401.103997451968
4,1015.6476269371511,401.01564762693715
4,1107.8186016979853,401.107818601698
4,990.4320119044067,400.99043201190443
5,1056.141478982794,501.0561414789828
5,967.4206428491924,500.9674206428492
5,945.5774222017044,500.9455774222017
5,994.8419702627541,500.99484197026277
5,959.313797543134,500.95931379754313
5,899.6826890231283,500.8996826890231
5,906.4540334679565,500.906454033468
5,902.7391253344232,500.90273912533445
5,872.3339665409983,500.872333966541
5,1013.1239167227102,501.0131239167227
5,861.6172641280655,500.8616172641281
5,923.3329590954144,500.92333295909543
