num_vehicles,distance,fitness
4,990.4776981132496,400.99047769811324
4,973.1572941443112,400.9731572941443
4,1015.1516223519069,401.0151516223519
4,980.3723731731549,400.98037237317317
4,993.7044760623475,400.99370447606236
4,1028.5879663918977,401.0285879663919
4,907.482402932241,400.90748240293226
4,954.2690557568416,400.95426905575687
5,1046.0867745280113,501.046086774528
4,896.9139615894787,400.89691396158946
4,939.0621093627981,400.9390621093628
4,829.2802206132662,400.82928022061327
5,943.6413694320175,500.94364136943204
5,977.1199060500516,500.97711990605006
4,920.29043622559,400.92029043622557
5,947.7462458807897,500.9477462458808
5,829.238847200485,500.8292388472005
4,886.459853289395,400.8864598532894
5,990.5979599956679,500.9905979599957
5,900.1240188973161,500.9001240188973
