num_vehicles,distance,fitness
4,954.4951724086313,400.95449517240866
4,915.7194436726065,400.91571944367263
4,933.7733657846951,400.9337733657847
4,767.2888632835025,400.7672888632835
5,944.7882419958131,500.9447882419958
4,853.8575720791167,400.8538575720791
5,879.3452293206243,500.8793452293206
4,856.4015763531002,400.8564015763531
4,884.6468191325737,400.88464681913257
4,842.7870798904517,400.84278707989046
6,958.7467779597567,600.9587467779597
5,796.6812955684176,500.7966812955684
5,905.4103414403515,500.90541034144036
5,893.201243264205,500.89320124326423
4,772.4020475923426,400.7724020475923
6,905.5620711770601,600.9055620711771
5,941.9130706281114,500.9419130706281
4,881.1062151619462,400.88110621516194
5,856.6719938540181,500.85667199385404
5,892.9176148621168,500.89291761486214
