num_vehicles,distance,fitness
8,962.0780328369437,800.962078032837
9,999.412305714334,900.9994123057144
9,951.3849510728902,900.9513849510729
9,964.6916880827006,900.9646916880827
8,935.7424839388597,800.9357424839388
8,940.0218352357136,800.9400218352357
9,855.21162589688,900.8552116258969
7,864.1126695093647,700.8641126695094
8,848.4587778256391,800.8484587778256
8,796.5740917178234,800.7965740917178
9,1075.703539090722,901.0757035390907
8,997.4674450578188,800.9974674450579
8,912.70858305723,800.9127085830572
9,1098.388081213767,901.0983880812138
9,975.8309535147731,900.9758309535148
11,1304.706468425195,1101.3047064684251
9,1058.2499519233127,901.0582499519234
10,1323.9252952709871,1001.323925295271
10,1209.6610762440557,1001.2096610762441
11,1188.771836433402,1101.1887718364335
