num_vehicles,distance,fitness
7,979.4404534601562,700.9794404534601
7,908.4644545241412,700.9084644545242
7,984.4090276127445,700.9844090276127
7,886.2300046190974,700.886230004619
8,1094.6790365610027,801.094679036561
8,1023.5951898266388,801.0235951898267
7,994.8597266709237,700.9948597266709
8,1150.1946821669335,801.1501946821669
8,1135.1275214928592,801.1351275214929
8,1013.4522077912009,801.0134522077911
9,1150.409200018738,901.1504092000188
8,956.4666669882768,800.9564666669883
8,992.6783662535881,800.9926783662536
7,930.251817606683,700.9302518176066
9,1359.3676006560931,901.3593676006561
8,1169.7795934466767,801.1697795934467
7,1001.4759872217809,701.0014759872217
8,1065.6292238626702,801.0656292238626
7,1030.0444306611655,701.0300444306612
7,1051.4298451209656,701.051429845121
