num_vehicles,distance,fitness
8,1070.571296979287,801.0705712969793
7,1095.6509285901075,701.0956509285901
7,858.0521534238411,700.8580521534238
7,931.1371068716453,700.9311371068717
7,936.5224932385377,700.9365224932385
8,1167.832600628778,801.1678326006288
7,965.2162588203508,700.9652162588203
8,1106.846387699723,801.1068463876998
8,1165.8728044056943,801.1658728044057
8,1022.3041271436589,801.0223041271437
8,968.7764690871825,800.9687764690872
9,1060.1397947183896,901.0601397947183
8,1256.1571714379481,801.256157171438
9,1060.2527312783131,901.0602527312783
9,1075.1086899705056,901.0751086899705
8,1202.7935999812412,801.2027935999812
9,1212.557535712631,901.2125575357127
10,1104.4250460096534,1001.1044250460096
8,1017.5213725642402,801.0175213725643
8,1263.89143839252,801.2638914383925
