num_vehicles,distance,fitness
7,791.5872570391791,700.7915872570392
7,691.1236989162627,700.6911236989163
7,810.4613449238651,700.8104613449239
8,949.1503609819259,800.9491503609819
7,707.3606792988306,700.7073606792989
8,1044.8831361696602,801.0448831361697
9,1054.7459586926548,901.0547459586927
8,1112.5799284655538,801.1125799284656
9,1338.4956686900316,901.33849566869
9,1191.236638165797,901.1912366381658
9,1059.8079295918308,901.0598079295918
9,994.1856134047271,900.9941856134047
9,1193.4466517527715,901.1934466517528
8,1100.7969285049146,801.1007969285049
9,1116.0541745714047,901.1160541745714
9,1152.6606205229832,901.152660620523
8,1127.6821337974372,801.1276821337974
8,1028.392430093012,801.028392430093
8,1021.6023748761356,801.0216023748761
9,1172.245960426799,901.1722459604268
