num_vehicles,distance,fitness
5,1206.7227033268164,501.2067227033268
6,1097.4561282631146,601.0974561282632
6,1063.037014527515,601.0630370145275
5,1328.293212666098,501.3282932126661
5,1285.0890711554175,501.2850890711554
5,1216.0447538026524,501.21604475380263
9,1255.976994897582,901.2559769948975
8,1208.227527655747,801.2082275276557
7,1070.697829494362,701.0706978294944
9,1280.6644511968727,901.2806644511969
8,1361.0700471009764,801.361070047101
9,1298.9776468121834,901.2989776468122
7,1024.6757648359985,701.024675764836
7,1038.2432113338423,701.0382432113338
7,1132.2578705985454,701.1322578705986
8,1438.0583576129968,801.438058357613
6,1150.44719969214,601.1504471996922
7,1073.1353741536811,701.0731353741537
9,1540.1354391539542,901.5401354391539
6,1164.4643632679902,601.1644643632679
