num_vehicles,distance,fitness
5,1098.2107185369055,501.0982107185369
5,935.7220291977073,500.93572202919773
5,921.659789608794,500.9216597896088
5,1185.7053618394864,501.1857053618395
5,1073.709168845043,501.073709168845
5,833.659634307568,500.8336596343076
6,1257.2691375930906,601.2572691375931
7,1161.8992550022426,701.1618992550023
6,1211.2617585519147,601.2112617585519
6,1257.2178386011108,601.2572178386012
7,1326.0905386119207,701.3260905386119
7,943.1220654050306,700.9431220654051
6,1089.5531446332125,601.0895531446332
6,1131.9941890611312,601.1319941890612
5,1142.0094731571758,501.1420094731572
6,948.4030761967307,600.9484030761968
6,1056.578094014699,601.0565780940148
7,1309.875307576564,701.3098753075766
6,1091.850266265772,601.0918502662657
6,972.0848044149053,600.9720848044149
