num_vehicles,distance,fitness
4,1081.4010688547528,401.08140106885475
5,1101.5305296445517,501.10153052964455
5,1182.9689227302065,501.1829689227302
5,1179.202627535557,501.1792026275356
5,1114.2515738816915,501.1142515738817
5,1065.5627578226165,501.0655627578226
5,1029.0584916318244,501.0290584916318
6,1131.6221906877402,601.1316221906877
6,1095.0539463098862,601.0950539463099
6,1160.1541601413862,601.1601541601414
6,1100.3911950525185,601.1003911950526
6,1109.8566535682965,601.1098566535683
5,1237.8543096737808,501.23785430967376
7,1255.135931306722,701.2551359313068
7,1252.2779552819327,701.2522779552819
6,1136.6322644915938,601.1366322644916
8,1462.3687206499517,801.4623687206499
7,1282.557122190619,701.2825571221906
8,1186.423905452895,801.1864239054529
7,1311.7954594609203,701.3117954594609
