num_vehicles,distance,fitness
5,1156.9680017061987,501.1569680017062
5,1123.4147445902727,501.12341474459026
4,1071.4906338383746,401.0714906338384
5,982.4269634194713,500.98242696341947
5,988.3162091771393,500.9883162091771
5,1174.0673771749969,501.174067377175
5,1106.575476906077,501.1065754769061
6,1155.4193662036485,601.1554193662037
5,1247.609288708167,501.2476092887082
5,1099.432655412208,501.0994326554122
5,1071.1949893117026,501.0711949893117
5,1208.3555962797568,501.2083555962798
5,1105.7935408646188,501.1057935408646
5,1192.3972120970413,501.19239721209703
4,1148.4830525334944,401.1484830525335
5,1076.2250628074594,501.07622506280745
5,1119.8612552498269,501.1198612552498
4,1049.1659229827078,401.0491659229827
5,1368.6230790133689,501.3686230790134
5,975.485161936397,500.9754851619364
