num_vehicles,distance,fitness
5,1088.2573579320474,501.08825735793204
5,1161.371883679939,501.1613718836799
5,971.3030501331116,500.9713030501331
5,1051.0033074499913,501.05100330745
5,1198.925194370884,501.1989251943709
5,1128.1068664320264,501.128106866432
6,914.0171172243112,600.9140171172243
6,1264.6543636045888,601.2646543636046
7,1053.486163086947,701.053486163087
6,1179.8637676032972,601.1798637676033
5,1142.1011992969034,501.1421011992969
7,1178.9771886693054,701.1789771886693
6,1281.599773957014,601.281599773957
5,1109.9822264919035,501.1099822264919
6,962.9574947302943,600.9629574947303
6,960.22894647344,600.9602289464734
5,1079.160954256352,501.07916095425634
6,1206.382596756471,601.2063825967565
5,1190.907214772674,501.19090721477266
5,1063.7571440696554,501.06375714406965
