num_vehicles,distance,fitness
5,1306.6275740598305,501.3066275740598
5,1233.0781283489607,501.23307812834895
4,955.2053674932774,400.95520536749325
5,962.2152008120154,500.962215200812
5,1252.435308667542,501.25243530866754
5,1298.3672731682082,501.2983672731682
5,1097.7382706287008,501.0977382706287
5,1031.4549241376878,501.0314549241377
5,1163.8427497741443,501.1638427497741
5,1054.6398059483427,501.05463980594834
5,1204.8034559373525,501.20480345593734
4,1144.4992070223802,401.14449920702236
5,950.2271469490131,500.95022714694903
5,1171.6918746707222,501.1716918746707
4,1038.169417389537,401.03816941738955
4,1061.409788297347,401.06140978829734
5,1173.3813039497697,501.1733813039498
5,1202.505965090202,501.2025059650902
5,1121.9024452243527,501.12190244522435
5,1193.4038408356241,501.19340384083563
