num_vehicles,distance,fitness,time
7.0,574.8242422760243,7.998892497770065,237.93158674240112
