num_vehicles,distance,fitness
7,537.3913739362137,700.5373913739362
8,562.7926069118319,800.5627926069118
8,515.7858525179225,800.515785852518
9,569.1890377285089,900.5691890377285
9,636.595407121496,900.6365954071215
11,713.4121648739055,1100.713412164874
11,734.445064361036,1100.7344450643611
10,635.2918991823043,1000.6352918991823
12,750.1774269610371,1200.750177426961
11,623.6124505839108,1100.623612450584
10,771.3164472448944,1000.7713164472449
9,655.1171704139119,900.6551171704139
11,646.7002999602711,1100.6467002999602
8,644.2039111870007,800.644203911187
11,710.7885329703378,1100.7107885329704
10,590.2143997021299,1000.5902143997022
12,682.0502406433892,1200.6820502406433
8,578.8802146542932,800.5788802146543
11,731.6101885406074,1100.7316101885406
11,718.8720905826124,1100.7188720905826
