num_vehicles,distance,fitness
7,495.26436520284466,700.4952643652028
6,507.10871625738133,600.5071087162573
6,565.3172577777975,600.5653172577778
7,515.2479562642062,700.5152479562643
7,572.3956605168246,700.5723956605168
7,607.9599471501557,700.6079599471501
8,652.3603578343542,800.6523603578344
7,599.4875400138562,700.5994875400139
8,670.2310946772251,800.6702310946772
8,657.9077038775723,800.6579077038775
9,786.7376520358652,900.7867376520359
7,688.5273665423883,700.6885273665424
7,740.5686387929354,700.740568638793
7,691.1671068336692,700.6911671068336
7,610.4321834707779,700.6104321834708
8,642.3053099912244,800.6423053099912
7,712.5045308671434,700.7125045308671
8,713.9270232387454,800.7139270232387
8,634.7309449005438,800.6347309449005
7,771.0581137678215,700.7710581137678
