num_vehicles,distance,fitness
7,512.2931205274929,700.5122931205275
7,508.2144914642323,700.5082144914643
7,579.8444370496608,700.5798444370497
6,558.5186957721603,600.5585186957721
7,593.4969187488596,700.5934969187489
8,664.526890468078,800.6645268904681
8,743.4069452267294,800.7434069452268
7,651.0752322396095,700.6510752322396
7,669.7846833085913,700.6697846833085
8,730.8288848719502,800.7308288848719
7,617.4932234742669,700.6174932234743
7,629.6796845322121,700.6296796845322
7,683.5267561852615,700.6835267561853
7,673.0690642721902,700.6730690642722
9,679.4468794127926,900.6794468794128
7,681.3742476472634,700.6813742476472
7,705.2896852511672,700.7052896852512
8,652.0425882319018,800.6520425882319
7,664.9900122548921,700.6649900122549
8,655.1502561210432,800.655150256121
