num_vehicles,distance,fitness
8,516.3387731186642,800.5163387731187
9,559.8863752381043,900.5598863752381
10,618.4653836065703,1000.6184653836066
11,643.7326794772985,1100.6437326794774
9,537.3165099575978,900.5373165099576
8,598.7738682968275,800.5987738682968
11,739.9626618685763,1100.7399626618685
9,605.0140642884259,900.6050140642884
10,662.2445711224273,1000.6622445711224
10,778.8843295390502,1000.7788843295391
10,657.7135022663748,1000.6577135022663
9,627.1071919557041,900.6271071919557
8,630.5071561707272,800.6305071561708
11,650.14205502664,1100.6501420550267
10,714.4112159841143,1000.7144112159841
12,678.3029368663581,1200.6783029368664
11,672.3968440186709,1100.6723968440187
10,689.5193543600701,1000.6895193543601
9,599.3429728252928,900.5993429728253
10,713.204480800174,1000.7132044808002
