num_vehicles,distance,fitness
7,636.8199997144283,700.6368199997145
7,616.8896481396222,700.6168896481396
6,610.9747793669554,600.610974779367
7,677.4875645352657,700.6774875645352
7,710.5237304840178,700.710523730484
6,599.9338380357259,600.5999338380358
7,575.5577344360329,700.5755577344361
7,705.2106293879638,700.7052106293879
7,620.2291488604085,700.6202291488604
7,655.2250527677016,700.6552250527677
7,645.2464320483405,700.6452464320483
7,647.3822599815845,700.6473822599816
7,558.6563992922281,700.5586563992922
7,580.3480225823516,700.5803480225824
7,634.3005814107112,700.6343005814107
8,689.5484211965513,800.6895484211966
7,696.1633049540098,700.696163304954
7,655.9170373019222,700.655917037302
7,636.4795689604408,700.6364795689605
7,564.2683260974997,700.5642683260975
