num_vehicles,distance,fitness
5,457.2023704760672,500.45720237047607
7,524.4826895706319,700.5244826895706
7,566.883293235525,700.5668832932355
6,480.047083442153,600.4800470834422
5,496.6936768437414,500.49669367684373
9,730.5720059915643,900.7305720059916
10,733.9049528442446,1000.7339049528442
8,697.0907752681038,800.6970907752681
7,614.3687034022088,700.6143687034022
9,672.4451990337737,900.6724451990337
8,621.4313479296,800.6214313479296
8,761.6389656577003,800.7616389656577
10,822.5225290082909,1000.8225225290083
10,751.972660385786,1000.7519726603858
8,627.3152568767998,800.6273152568768
8,661.1772611261556,800.6611772611261
9,731.1852421683063,900.7311852421683
10,678.6613652402882,1000.6786613652403
8,814.1865524869578,800.814186552487
8,635.7390810908513,800.6357390810908
