num_vehicles,distance,fitness
5,555.9485643976219,500.5559485643976
5,575.3922335542011,500.5753922335542
5,587.549884574544,500.58754988457457
5,553.7419518086238,500.5537419518086
5,551.6564492299317,500.55165644922994
6,668.5507627092343,600.6685507627093
7,805.4278547210363,700.8054278547211
6,676.4875770054559,600.6764875770054
8,827.7056126650755,800.8277056126651
7,747.6255203106892,700.7476255203106
7,766.1803982742169,700.7661803982742
8,790.0654464069695,800.790065446407
8,705.7669793189981,800.705766979319
7,823.3371541748876,700.8233371541749
5,750.7271322255941,500.7507271322256
5,712.0338172949007,500.7120338172949
6,752.4562598210156,600.752456259821
8,825.5789943905762,800.8255789943905
7,684.5962720554587,700.6845962720555
7,726.9751642584798,700.7269751642585
