num_vehicles,distance,fitness
5,492.8496652239143,500.4928496652239
5,598.3802760725484,500.59838027607253
5,497.90449669914926,500.49790449669916
5,491.51376649181,500.49151376649183
6,489.1277964863265,600.4891277964863
5,512.734429870419,500.5127344298704
6,512.4613169746378,600.5124613169746
7,574.8984810493306,700.5748984810493
7,641.3831429971807,700.6413831429971
5,537.4732711476435,500.53747327114763
7,652.2787234953925,700.6522787234954
6,589.770607197201,600.5897706071972
7,616.2863703726719,700.6162863703727
6,573.4064450010203,600.5734064450011
7,581.0616846506929,700.5810616846506
7,603.4752242218575,700.6034752242218
7,617.1665025059258,700.6171665025059
8,626.2001541461304,800.6262001541461
6,615.8169003930655,600.615816900393
6,573.5629046743763,600.5735629046744
