num_vehicles,distance,fitness
5,466.50342106065915,500.4665034210607
5,481.86210147117816,500.48186210147117
6,459.5630950263455,600.4595630950264
5,521.1782110626648,500.52117821106265
5,506.3796631950312,500.50637966319505
5,429.7916233591244,500.4297916233591
5,464.5185208670046,500.464518520867
5,478.463669824251,500.47846366982424
5,476.26375181590475,500.4762637518159
6,510.11242087080427,600.5101124208708
6,525.7158089040863,600.5257158089041
6,583.420546332737,600.5834205463327
5,604.498252982858,500.60449825298286
7,621.8213223594731,700.6218213223594
6,586.7562902350862,600.586756290235
7,632.6774257112479,700.6326774257112
6,652.7867325897097,600.6527867325897
6,616.2308375248404,600.6162308375249
7,659.565305041395,700.6595653050414
6,675.9632037145603,600.6759632037146
