num_vehicles,distance,fitness
7,864.4833286468569,700.8644833286469
12,933.3630559388153,1200.9333630559388
11,842.6754509376926,1100.8426754509378
10,799.2008840695518,1000.7992008840696
8,736.9906283901047,800.7369906283901
8,753.8260870204067,800.7538260870205
11,862.1682862344887,1100.8621682862345
8,777.2717576923994,800.7772717576923
10,847.0087413234024,1000.8470087413234
10,759.6262200740614,1000.7596262200741
11,958.7964417721948,1100.9587964417722
12,972.7016194769292,1200.972701619477
12,1011.6278155059929,1201.011627815506
11,1007.5296059731184,1101.007529605973
16,1046.2060103421352,1601.046206010342
12,921.7122759757577,1200.9217122759758
12,1043.6569403364922,1201.0436569403364
11,912.047297547219,1100.9120472975471
11,905.4054072556564,1100.9054054072556
12,1034.9475961139926,1201.034947596114
