num_vehicles,distance,fitness
6,738.2850068179622,600.7382850068179
7,767.8254969829101,700.7678254969829
6,763.1089818664639,600.7631089818665
6,709.634795227394,600.7096347952274
8,832.0769333418912,800.8320769333419
9,831.3664875838015,900.8313664875838
9,786.7334728988151,900.7867334728988
11,899.4252154287423,1100.8994252154287
10,854.3619112590096,1000.854361911259
7,754.5850096364508,700.7545850096365
9,824.2689717089783,900.824268971709
9,848.4144422817719,900.8484144422818
11,1018.3151003357506,1101.0183151003357
9,892.4284040901315,900.8924284040901
10,1007.4185212640979,1001.0074185212641
9,899.9349925854968,900.8999349925855
10,929.7504100024992,1000.9297504100025
9,988.0249253922118,900.9880249253922
9,991.8566763819862,900.991856676382
9,880.4762470134744,900.8804762470135
