num_vehicles,distance,fitness
7,818.2437983267619,700.8182437983268
6,799.2989648597747,600.7992989648598
6,832.5146128644794,600.8325146128644
7,841.6514854300001,700.84165148543
7,766.6192265797466,700.7666192265798
7,804.3698893121356,700.8043698893122
7,865.4462690342136,700.8654462690342
9,829.2450329998002,900.8292450329998
8,845.984108688639,800.8459841086886
10,1000.3287889795447,1001.0003287889796
8,1036.2334019502978,801.0362334019503
9,910.2848528427825,900.9102848528428
9,1008.4502711664529,901.0084502711665
8,874.0208402852425,800.8740208402852
7,863.0898250671346,700.8630898250672
9,919.5591448285625,900.9195591448286
9,975.939497447248,900.9759394974473
9,903.0465439037167,900.9030465439038
8,836.609076053646,800.8366090760536
9,1022.9057102028114,901.0229057102028
