num_vehicles,distance,fitness
7,875.9048735512156,700.8759048735512
6,880.6796094082066,600.8806796094082
6,829.2408808896014,600.8292408808896
6,818.887260392278,600.8188872603923
6,833.5351812746013,600.8335351812746
6,842.0164017391037,600.8420164017391
6,892.5407316612217,600.8925407316613
10,994.191832472113,1000.9941918324721
10,1080.8666866653423,1001.0808666866653
7,901.1177065708891,700.9011177065709
8,1065.7397433729925,801.065739743373
8,877.8175920081511,800.8778175920081
8,900.2380540640396,800.9002380540641
9,994.6580949402921,900.9946580949403
8,938.7465522268508,800.9387465522268
7,994.8093684260344,700.994809368426
8,919.757822143825,800.9197578221439
7,874.8581269040312,700.8748581269041
8,874.4206956174428,800.8744206956175
8,869.2533714909821,800.869253371491
