num_vehicles,distance,fitness
6,849.5290070488132,600.8495290070488
7,706.2691308480139,700.706269130848
7,858.071788892,700.858071788892
8,741.5104550754984,800.7415104550755
9,760.6808943707374,900.7606808943707
9,957.7573175017693,900.9577573175018
9,848.3687762301421,900.8483687762301
10,914.4603701824718,1000.9144603701825
9,906.2897485015067,900.9062897485015
9,842.4673258233581,900.8424673258233
9,921.7728423411614,900.9217728423412
9,873.9260940443028,900.8739260940444
8,912.8871727765575,800.9128871727765
9,896.2817861871346,900.8962817861872
8,877.1442480088164,800.8771442480088
10,905.1005692195051,1000.9051005692195
9,941.4801619494563,900.9414801619495
9,883.2626835645763,900.8832626835646
9,913.5954078109443,900.9135954078109
8,686.5697479042226,800.6865697479042
