num_vehicles,distance,fitness
7,842.8913236348984,700.842891323635
7,869.2629413200854,700.8692629413201
7,731.4249026744064,700.7314249026745
8,868.6238736647396,800.8686238736648
7,785.5985470275135,700.7855985470275
6,800.0724450604831,600.8000724450604
7,869.5032980621527,700.8695032980621
7,780.1997884967591,700.7801997884967
7,887.6843075767555,700.8876843075767
7,797.0870142519769,700.7970870142519
9,969.5784534847025,900.9695784534847
10,966.0937996734666,1000.9660937996734
8,936.7910681698431,800.9367910681699
8,970.7211482329932,800.970721148233
8,987.0345432421873,800.9870345432422
10,977.4128363554345,1000.9774128363555
10,983.885696398695,1000.9838856963987
7,840.8391336502318,700.8408391336502
9,873.8327299215846,900.8738327299216
10,903.070307043169,1000.9030703070432
