num_vehicles,distance,fitness
4,1071.3637846072347,401.07136378460723
5,1025.3855066228243,501.0253855066228
4,1004.8352257761885,401.00483522577616
4,911.6757510848338,400.91167575108483
5,970.8074023766512,500.97080740237664
4,1062.1343689447822,401.0621343689448
4,1071.2935275735433,401.0712935275735
6,993.971510097271,600.9939715100973
6,813.7772296828291,600.8137772296828
4,939.0480695225402,400.9390480695225
6,1070.7773007292167,601.0707773007292
7,1002.7870085114348,701.0027870085114
6,1026.8689705035126,601.0268689705035
6,1002.1036693233597,601.0021036693233
5,1008.3594186364359,501.0083594186364
5,993.6830909305396,500.9936830909305
7,952.858866956457,700.9528588669565
5,920.6919102334066,500.9206919102334
5,907.2882632028787,500.9072882632029
4,959.2615157656328,400.95926151576566
