num_vehicles,distance,fitness
4,937.6570066368039,400.9376570066368
4,889.3202619431273,400.8893202619431
4,931.0003657205802,400.9310003657206
4,938.9248624549064,400.9389248624549
4,864.9210284005353,400.86492102840054
4,923.4500671241711,400.9234500671242
4,957.1508254447206,400.9571508254447
4,969.3141508276335,400.96931415082764
4,945.9449054227724,400.9459449054228
4,850.4320441478831,400.8504320441479
5,914.3203688195886,500.9143203688196
5,912.6290422452922,500.91262904224527
4,941.3912613147274,400.9413912613147
5,961.6186681926232,500.9616186681926
4,847.7613165979758,400.847761316598
4,971.5467667367648,400.97154676673676
5,901.4658751217856,500.9014658751218
5,913.8310454889361,500.91383104548896
6,976.2653341085279,600.9762653341086
5,897.1546155602781,500.8971546155603
