num_vehicles,distance,fitness
4,934.6666440653541,400.9346666440654
4,930.8605590765262,400.9308605590765
4,949.2182434024583,400.94921824340247
4,985.9673563878828,400.9859673563879
4,924.9157307901025,400.9249157307901
4,957.5493972694082,400.9575493972694
4,919.249216630584,400.9192492166306
4,981.0789515327199,400.9810789515327
5,986.744717340083,500.98674471734006
5,879.548398702558,500.8795483987026
5,923.4895434811036,500.9234895434811
5,851.1751204568279,500.85117512045684
5,910.0095939493143,500.9100095939493
5,906.8623005120077,500.906862300512
6,862.8077903303787,600.8628077903304
5,891.3813815537193,500.89138138155374
5,895.5801236078908,500.8955801236079
4,961.1365959908801,400.96113659599087
5,915.4181074893997,500.9154181074894
6,884.2305890965011,600.8842305890965
