num_vehicles,distance,fitness
4,954.4951724086313,400.95449517240866
4,856.1329125998269,400.85613291259983
4,915.6387396923392,400.9156387396923
5,969.4749745321941,500.9694749745322
5,895.2584175588964,500.8952584175589
5,957.4441945821106,500.95744419458214
5,863.9924223863648,500.8639924223864
5,946.0093505211422,500.94600935052114
5,966.8643610707383,500.96686436107075
5,926.2455252687066,500.9262455252687
5,899.3421619963798,500.8993421619964
5,882.2106591540198,500.882210659154
4,843.6644522226464,400.84366445222264
5,901.422866570991,500.901422866571
4,859.0006621091763,400.85900066210917
5,1054.1285653696325,501.05412856536964
6,908.0467240146471,600.9080467240146
4,876.463990167591,400.87646399016757
4,1002.2329808989753,401.00223298089895
4,872.3274147514903,400.8723274147515
