num_vehicles,distance,fitness
4,918.9340678700514,400.91893406787005
4,938.4851166035787,400.9384851166036
4,943.4517623673213,400.9434517623673
4,973.1952238990772,400.9731952238991
5,899.7075053958752,500.8997075053959
5,946.6166189251677,500.9466166189252
4,871.6821715955999,400.8716821715956
4,942.8083675341355,400.94280836753416
6,887.1479826143828,600.8871479826144
5,957.9794176373061,500.9579794176373
6,999.4972309340516,600.999497230934
4,883.3950050104822,400.88339500501047
5,864.026366435729,500.8640263664357
4,827.1621641512404,400.8271621641512
4,973.1227404736672,400.9731227404737
5,952.6202255064916,500.9526202255065
5,934.6398290494162,500.9346398290494
5,876.263079956022,500.876263079956
5,1016.1194280718121,501.0161194280718
6,979.9881913406907,600.9799881913407
