num_vehicles,distance,fitness
4,877.1580260263885,400.8771580260264
4,883.6128549461919,400.8836128549462
4,914.5184130029011,400.9145184130029
4,876.6737260942778,400.8766737260943
4,982.6041792193313,400.9826041792193
4,906.5760211381235,400.9065760211381
4,904.8096459583834,400.9048096459584
4,928.4346939359209,400.9284346939359
4,889.9023975688585,400.88990239756885
4,918.914536995901,400.9189145369959
4,877.1117437177794,400.87711174371776
4,880.2959113474004,400.8802959113474
4,952.4060979023047,400.9524060979023
5,869.3417913466899,500.8693417913467
4,875.3448358217497,400.87534483582175
5,1066.3306124661592,501.0663306124662
5,934.1096245189054,500.9341096245189
4,822.4349593911754,400.82243495939116
4,895.437555758315,400.8954375557583
4,830.0268134005698,400.8300268134006
