num_vehicles,distance,fitness
7,791.5872570391791,700.7915872570392
7,814.9192610537478,700.8149192610538
7,731.5444130305793,700.7315444130306
7,834.712861140448,700.8347128611405
8,913.2759433570527,800.913275943357
7,814.1769577159082,700.8141769577159
9,1217.4697966815006,901.2174697966815
8,1104.0940882717566,801.1040940882717
10,1208.6934800735542,1001.2086934800735
9,1034.1282372266344,901.0341282372266
8,976.111280727963,800.976111280728
8,947.3630749477182,800.9473630749477
7,902.058981642885,700.9020589816429
9,1030.1328918492961,901.0301328918493
8,913.9100594367095,800.9139100594367
9,1128.9226315189276,901.1289226315189
9,1074.8519675022492,901.0748519675022
9,1063.4576090156008,901.0634576090156
9,1209.7179616745718,901.2097179616745
9,1151.397383776617,901.1513973837766
