num_vehicles,distance,fitness
8,759.1670203183024,800.7591670203183
9,954.8167875063388,900.9548167875064
7,815.228898971699,700.8152288989717
8,1031.5512752650238,801.031551275265
7,787.7068691694501,700.7877068691695
8,856.9271526851976,800.8569271526852
8,954.7294769926311,800.9547294769926
10,1219.3874577778543,1001.2193874577779
10,1030.5257258591064,1001.0305257258591
9,1202.791260548858,901.2027912605489
9,1045.6170209947734,901.0456170209948
11,1315.0747948838866,1101.315074794884
12,1220.6155151245098,1201.2206155151246
11,1107.441981498496,1101.1074419814986
10,1055.6020807272755,1001.0556020807272
11,1064.5478052309038,1101.0645478052309
10,1063.774233332552,1001.0637742333325
10,1091.1377918753296,1001.0911377918753
9,963.6605678640097,900.963660567864
9,1102.979862086963,901.102979862087
