num_vehicles,distance,fitness
8,1070.571296979287,801.0705712969793
7,949.8992800463936,700.9498992800463
7,933.5078669680205,700.9335078669681
7,877.2952787007172,700.8772952787007
7,1033.6784840709486,701.033678484071
8,1126.8700491233117,801.1268700491233
8,1073.4214393349487,801.073421439335
8,1010.7198786816127,801.0107198786816
8,993.932819571022,800.993932819571
8,1080.3983046547041,801.0803983046548
8,1029.917762020445,801.0299177620204
8,1146.6081404542108,801.1466081404542
8,1022.1912642008095,801.0221912642008
9,1230.143836347743,901.2301438363478
9,1235.2749639732322,901.2352749639732
8,1146.1352737154866,801.1461352737155
8,1049.8400807755077,801.0498400807755
8,1131.471006693489,801.1314710066935
8,1074.002265942097,801.0740022659421
9,929.0960449045306,900.9290960449046
