num_vehicles,distance,fitness
8,962.0780328369437,800.962078032837
8,839.3527687319128,800.8393527687319
7,705.6386288240896,700.7056386288241
8,719.1599561135638,800.7191599561136
8,764.2871290504892,800.7642871290504
7,759.2392870836339,700.7592392870837
7,788.8003312977064,700.7888003312977
8,874.8345239169166,800.8748345239169
9,833.4085059613412,900.8334085059613
10,1115.0951009914152,1001.1150951009914
9,921.2553586504625,900.9212553586505
9,1098.3102947977286,901.0983102947978
9,1035.9417948372436,901.0359417948373
9,997.1966635322099,900.9971966635322
9,948.3281933051636,900.9483281933052
8,951.2061731242836,800.9512061731243
10,1114.2419045277563,1001.1142419045277
8,962.0272765353374,800.9620272765353
8,956.4145275015627,800.9564145275016
8,968.0009421012677,800.9680009421013
