num_vehicles,distance,fitness
7,792.558481332472,700.7925584813324
7,914.1949643266285,700.9141949643266
7,923.321079817169,700.9233210798171
7,822.1800114056414,700.8221800114056
7,971.7124653406811,700.9717124653407
7,793.9530430107292,700.7939530430107
7,848.9159277975976,700.8489159277976
7,971.884563278177,700.9718845632782
10,1275.0033808184257,1001.2750033808185
9,1097.7079104336212,901.0977079104337
9,1051.095790049322,901.0510957900493
10,1106.1256724954649,1001.1061256724954
9,1001.3107046764499,901.0013107046765
9,1133.6148209063376,901.1336148209064
8,1097.3421042982247,801.0973421042983
8,969.2637458890714,800.9692637458891
8,1074.3055618557087,801.0743055618557
9,1065.5968920748899,901.0655968920748
10,1250.6521490437397,1001.2506521490437
9,1103.369122097451,901.1033691220974
