num_vehicles,distance,fitness
5,1156.9680017061987,501.1569680017062
5,1084.9828968703362,501.0849828968703
5,1045.023324974606,501.0450233249746
5,1327.3641659624986,501.3273641659625
6,1165.0692878620903,601.1650692878621
5,1280.248678289077,501.28024867828907
5,1290.823264977063,501.29082326497706
5,950.0900390056477,500.95009003900566
5,1378.0343170125088,501.3780343170125
5,1291.4252990158368,501.2914252990158
6,1019.7045286666939,601.0197045286667
6,1175.1993973535693,601.1751993973536
5,1146.721632922569,501.14672163292255
5,1120.6651911096635,501.12066519110965
5,1093.2163385050962,501.0932163385051
5,910.7136684364,500.9107136684364
5,1392.1197751255716,501.3921197751256
5,1357.236202269198,501.3572362022692
6,1123.947411715946,601.1239474117159
5,1316.9810419675146,501.3169810419675
