num_vehicles,distance,fitness
4,1067.7019895573885,401.0677019895574
5,1137.5369506055022,501.1375369506055
4,1001.8848513658726,401.0018848513659
5,992.99190188576,500.9929919018858
5,1011.5203446584219,501.01152034465844
5,1059.6432192070972,501.0596432192071
5,1279.9901057990962,501.2799901057991
6,1337.0831861100933,601.3370831861101
5,1151.297844292936,501.1512978442929
5,1257.0548767687,501.2570548767687
5,1202.812257722017,501.20281225772203
5,1190.6507453898564,501.19065074538986
6,1138.5729970386326,601.1385729970386
6,1331.5843330236814,601.3315843330237
5,1101.6547275310638,501.10165472753107
6,1035.078853645676,601.0350788536457
5,1066.2324162055515,501.06623241620554
5,1115.4085726811206,501.11540857268113
5,1140.6779328775435,501.14067793287757
5,1194.7143374930833,501.1947143374931
