num_vehicles,distance,fitness
5,1206.7227033268164,501.2067227033268
7,1060.955684902635,701.0609556849026
6,1069.1188728958846,601.0691188728958
5,938.7918178244015,500.9387918178244
5,994.6052333214286,500.9946052333214
6,1106.6156925806956,601.1066156925807
5,1180.4865524015831,501.1804865524016
5,1308.7721124723366,501.30877211247235
7,1319.2683484705349,701.3192683484706
5,1216.7210187947023,501.2167210187947
8,1131.5628799782517,801.1315628799782
7,1028.2285287219183,701.0282285287219
7,1234.0172527946625,701.2340172527946
7,1263.018016958043,701.2630180169581
8,1259.887574546359,801.2598875745464
6,1047.5022266145772,601.0475022266146
9,1189.5519445943844,901.1895519445944
6,1210.2659949145866,601.2102659949146
7,1338.813790569887,701.3388137905699
7,1111.9692475276547,701.1119692475277
