num_vehicles,distance,fitness,time
1.0,255.53658872852378,100.25553658872852,360.2691626548767
1.0,255.53658872852378,100.25553658872852,362.60144662857056
1.0,255.53658872852378,100.25553658872852,364.6346356868744
1.0,255.53658872852378,100.25553658872852,368.13285279273987
