num_vehicles,distance,fitness,time
1.0,255.53658872852378,100.25553658872852,360.2691626548767
