num_vehicles,distance,fitness,time
1.0,432.7552027075102,1.9985289174219685,196.84989023208618
1.0,432.7552027075102,1.9985289174219685,199.2549126148224
1.0,432.7552027075102,1.9985289174219685,196.6151180267334
