num_vehicles,distance,fitness,time
3.0,190.7376293618508,3.9966623579119,246.84961819648743
3.0,190.7376293618508,3.9966623579119,246.82864952087402
3.0,190.7376293618508,3.9966623579119,243.29751062393188
