num_vehicles,distance,fitness,time
1.0,413.1804685948457,1.9984592240492065,228.54593348503113
