num_vehicles,distance,fitness,time
1.0,413.1804685948457,1.9984592240492065,228.54593348503113
1.0,413.1804685948457,1.9984592240492065,227.20170736312866
1.0,430.46855569596573,1.998521103066039,220.5841326713562
