num_vehicles,distance,fitness,time
1.0,509.7345633641326,1.998751077518753,203.2949070930481
1.0,509.7345633641326,1.998751077518753,201.00006365776062
1.0,509.7345633641326,1.998751077518753,201.8064911365509
