num_vehicles,distance,fitness,time
1.0,548.4157361380688,1.9988391670317782,207.22435307502747
