num_vehicles,distance,fitness
6,447.6452532027363,600.4476452532027
8,550.029660202994,800.550029660203
7,604.9169131890369,700.6049169131891
7,594.4893582207451,700.5944893582207
8,551.6350320081681,800.5516350320082
7,546.473260616889,700.5464732606168
8,687.8426478128788,800.6878426478129
10,636.488579851464,1000.6364885798515
9,713.4499103373887,900.7134499103374
8,636.9565758128367,800.6369565758129
8,606.8224111018272,800.6068224111018
8,632.1948152948039,800.6321948152948
9,613.3243219004892,900.6133243219004
8,670.3575410355619,800.6703575410355
8,640.5408905396448,800.6405408905397
9,635.1358348224702,900.6351358348224
10,727.0195455790908,1000.7270195455791
9,650.5401191727523,900.6505401191728
9,678.6587356492655,900.6786587356493
8,619.0011350176771,800.6190011350177
