num_vehicles,distance,fitness
7,495.26436520284466,700.4952643652028
7,610.2698078040562,700.610269807804
7,577.0059310339201,700.5770059310339
7,657.2192796977346,700.6572192796978
7,594.8439814663361,700.5948439814663
7,533.5566015027437,700.5335566015027
7,589.025324547611,700.5890253245476
6,531.9170199742808,600.5319170199742
7,663.0964122869616,700.663096412287
8,705.0270658296806,800.7050270658297
7,622.4084633485647,700.6224084633486
7,699.5176784364584,700.6995176784365
8,727.7995539175731,800.7277995539175
8,628.7870372699842,800.62878703727
8,656.1113862257148,800.6561113862257
9,719.5798527585897,900.7195798527586
8,696.6899175767394,800.6966899175767
10,671.8083075670943,1000.6718083075671
8,709.9455871197848,800.7099455871198
7,646.0182775754004,700.6460182775754
