num_vehicles,distance,fitness
7,658.8124637298049,700.6588124637298
7,519.7200826265486,700.5197200826266
9,664.0553789653204,900.6640553789654
9,611.4262117197613,900.6114262117197
7,593.3426876635388,700.5933426876635
7,578.3270423602892,700.5783270423603
9,667.3615675316393,900.6673615675317
8,623.3056541105312,800.6233056541105
8,637.2298658889949,800.637229865889
10,697.8130340057868,1000.6978130340058
8,634.8773155966951,800.6348773155967
8,659.7032536312337,800.6597032536313
9,670.4423306499325,900.67044233065
10,658.540531590531,1000.6585405315906
9,629.4532776800402,900.62945327768
9,733.5750347473177,900.7335750347473
10,697.3683499520797,1000.6973683499521
10,791.4731094381473,1000.7914731094381
10,754.9107774272651,1000.7549107774273
9,771.9539796935998,900.7719539796936
