num_vehicles,distance,fitness
8,516.3387731186642,800.5163387731187
9,603.9591114863309,900.6039591114863
8,654.2700551278172,800.6542700551278
7,595.3984535105446,700.5953984535106
9,550.5820007620389,900.550582000762
9,647.0451941156667,900.6470451941157
7,532.7367015692979,700.5327367015693
9,631.433759652887,900.6314337596529
11,753.7947655200352,1100.75379476552
11,774.156699717011,1100.774156699717
10,745.3506767495797,1000.7453506767496
10,655.3238291922808,1000.6553238291923
11,673.759341793339,1100.6737593417934
11,670.3263034566768,1100.6703263034567
11,670.7080758321061,1100.6707080758322
11,747.4508024959704,1100.747450802496
11,690.2602958231128,1100.690260295823
10,684.4551659100008,1000.68445516591
10,640.802656655617,1000.6408026566556
11,784.9592551015489,1100.7849592551015
