num_vehicles,distance,fitness
7,599.946623310844,700.5999466233109
9,731.2797528030508,900.7312797528031
7,631.8354663557714,700.6318354663558
7,659.8582572257903,700.6598582572258
7,553.4126403048481,700.5534126403048
7,640.3407280331992,700.6403407280332
9,696.3407094436708,900.6963407094437
9,714.8638686020422,900.714863868602
8,623.5032282593808,800.6235032282594
9,701.9051576164736,900.7019051576165
9,746.1672440096019,900.7461672440096
8,654.1056958469742,800.654105695847
10,689.6127494903708,1000.6896127494904
7,651.1425316745942,700.6511425316746
9,695.3711127204397,900.6953711127204
8,667.5224207946598,800.6675224207946
9,757.5990580433709,900.7575990580434
8,665.9581024082745,800.6659581024082
9,668.3464630212542,900.6683464630213
9,666.4895148682486,900.6664895148682
