num_vehicles,distance,fitness
7,664.5333586844342,700.6645333586845
7,698.2393330286309,700.6982393330286
7,528.4805156059656,700.528480515606
7,662.1303336823593,700.6621303336824
8,686.7208867738265,800.6867208867739
8,721.5033941039,800.7215033941039
8,732.9672648839498,800.732967264884
7,613.6594215972342,700.6136594215973
7,582.2385162001451,700.5822385162002
7,599.5654849613746,700.5995654849614
8,664.9233609818974,800.6649233609819
8,669.228792544306,800.6692287925443
8,614.7654337545231,800.6147654337545
8,614.9735589099558,800.6149735589099
8,652.298810432884,800.6522988104329
9,717.9558112003551,900.7179558112003
8,646.3947172157997,800.6463947172158
7,554.9185598481387,700.5549185598481
9,654.7535524883572,900.6547535524884
8,625.3578931388959,800.6253578931389
