num_vehicles,distance,fitness
7,636.8199997144283,700.6368199997145
7,687.6593719324563,700.6876593719325
7,590.0670017487689,700.5900670017488
7,625.6468074543768,700.6256468074544
7,659.5108503248439,700.6595108503249
7,644.8418107387035,700.6448418107387
7,631.7605906057379,700.6317605906057
8,716.9782809649515,800.7169782809649
7,637.7707057082081,700.6377707057082
7,593.403924278678,700.5934039242787
7,629.291066856584,700.6292910668566
7,703.7226910819771,700.703722691082
7,670.0695074195911,700.6700695074196
7,625.1538527046764,700.6251538527047
7,607.8755082203338,700.6078755082203
7,562.5271274205065,700.5625271274205
7,637.8581323597246,700.6378581323597
8,610.8959991188531,800.6108959991188
7,680.423369346114,700.6804233693462
7,731.3310759641063,700.7313310759641
