num_vehicles,distance,fitness
5,457.2023704760672,500.45720237047607
6,477.35020241490804,600.4773502024149
10,694.4872872408358,1000.6944872872408
11,823.0741413651042,1100.8230741413652
9,749.5436429349171,900.7495436429349
10,828.6151036155863,1000.8286151036156
7,731.631927557117,700.7316319275571
9,755.1335588506436,900.7551335588506
7,711.1513270663035,700.7111513270663
10,843.7483512631582,1000.8437483512631
11,777.5713184684973,1100.7775713184685
9,647.4627305775306,900.6474627305776
9,812.1043201563479,900.8121043201563
8,690.0085965176415,800.6900085965176
9,684.5376156565573,900.6845376156566
9,728.7402170953537,900.7287402170954
9,702.3308381754058,900.7023308381754
10,730.1091830789236,1000.730109183079
9,742.0090842389947,900.742009084239
8,682.3294566584522,800.6823294566584
