num_vehicles,distance,fitness
5,512.8102709016586,500.51281027090164
6,586.4305373596825,600.5864305373597
5,566.2163393364555,500.56621633933645
5,549.9902749883502,500.5499902749884
5,572.2579957147474,500.5722579957147
5,504.91980697622193,500.5049198069762
9,794.077326204354,900.7940773262044
8,770.2745521693145,800.7702745521693
8,758.2009526046994,800.7582009526047
5,698.2907488059935,500.698290748806
7,674.2441311226559,700.6742441311227
8,748.1858421809359,800.748185842181
7,765.0101544162444,700.7650101544162
6,649.7039871252585,600.6497039871252
6,643.2738587372746,600.6432738587373
7,647.4877483010537,700.647487748301
8,706.0813406759127,800.706081340676
8,692.9686801461771,800.6929686801461
9,756.4367835762314,900.7564367835762
8,695.921322875794,800.6959213228758
