num_vehicles,distance,fitness
5,534.3361221591722,500.5343361221592
5,599.8176435379248,500.5998176435379
5,568.6914899650396,500.56869148996503
5,591.1345180761766,500.59113451807616
5,629.7915060889659,500.62979150608896
5,649.6372613308869,500.6496372613309
5,584.0319920462347,500.5840319920462
6,706.9548843540983,600.7069548843541
5,722.801979557151,500.7228019795572
6,793.412052196548,600.7934120521966
5,708.1216793795069,500.70812167937953
5,670.0002299833342,500.6700002299833
6,811.6820134390096,600.811682013439
5,713.7290472479654,500.71372904724797
6,723.7026652580272,600.723702665258
5,717.0137102976635,500.71701371029764
5,742.984227903014,500.74298422790304
6,769.4521885666951,600.7694521885667
5,740.5418014068136,500.74054180140683
5,739.3312067402622,500.73933120674025
