num_vehicles,distance,fitness
5,466.50342106065915,500.4665034210607
5,507.398015986617,500.5073980159866
6,462.0901627812089,600.4620901627812
5,451.322750047931,500.45132275004795
6,474.34874611584684,600.4743487461159
5,477.9711835031427,500.47797118350314
5,486.4815638156063,500.48648156381563
5,547.4592831876972,500.5474592831877
5,441.9331434835797,500.4419331434836
6,479.20750189137664,600.4792075018913
6,658.452169050996,600.658452169051
6,679.0567756892144,600.6790567756892
5,605.5742793096808,500.6055742793097
5,540.7505155459278,500.54075051554594
7,596.8274746637209,700.5968274746638
6,616.6835673865388,600.6166835673865
7,719.2746548079747,700.7192746548079
5,587.4448574274383,500.58744485742744
7,695.5519243708819,700.6955519243709
7,725.5421282222436,700.7255421282223
