num_vehicles,distance,fitness
5,492.8496652239143,500.4928496652239
6,465.36563145597245,600.4653656314559
6,692.5821094612735,600.6925821094612
6,603.2524238675471,600.6032524238675
5,593.6041594968415,500.59360415949686
6,620.0337760753442,600.6200337760754
5,560.956325052067,500.5609563250521
5,581.1894669705862,500.5811894669706
6,594.9833205902232,600.5949833205902
6,626.8893943538823,600.6268893943538
6,666.920459235008,600.666920459235
6,578.4221634911337,600.5784221634912
5,571.8261976824778,500.57182619768247
6,629.9308771284652,600.6299308771285
6,652.0323942368257,600.6520323942368
7,632.3772287006491,700.6323772287006
6,618.6730451664242,600.6186730451665
6,719.9920023151296,600.7199920023152
6,677.3170191189878,600.677317019119
7,682.9085275606801,700.6829085275607
