num_vehicles,distance,fitness
8,801.6266998825827,800.8016266998826
9,857.3228349299226,900.85732283493
8,726.3703615801147,800.7263703615802
12,905.0810932029783,1200.905081093203
10,785.4611197866938,1000.7854611197866
9,848.4560491788122,900.8484560491788
9,827.9600132870838,900.8279600132871
10,856.7097419445882,1000.8567097419445
11,1084.790954222917,1101.0847909542229
11,973.6998255458233,1100.9736998255457
12,1029.9490732078793,1201.029949073208
12,1041.8529715360942,1201.0418529715362
12,1030.2671336861745,1201.0302671336863
12,975.5244129561278,1200.975524412956
12,946.3703659433819,1200.9463703659435
12,1024.96254873932,1201.0249625487393
11,965.9299542328893,1100.965929954233
11,915.081732865797,1100.9150817328657
11,929.8376736887743,1100.9298376736888
12,954.1709399501984,1200.9541709399502
