num_vehicles,distance,fitness
7,864.4833286468569,700.8644833286469
8,748.4011694585168,800.7484011694585
13,898.4365943315056,1300.8984365943315
8,860.1010774614732,800.8601010774614
9,901.0180565282784,900.9010180565283
11,889.9693366668049,1100.8899693366668
10,929.9880930669302,1000.929988093067
11,1000.538671536614,1101.0005386715366
13,879.8581651395401,1300.8798581651395
13,1087.0276503841608,1301.0870276503842
10,921.8097435281759,1000.9218097435282
11,897.6662055255857,1100.8976662055256
12,835.7554066514624,1200.8357554066515
13,895.8095269107471,1300.8958095269109
12,970.0105507759664,1200.970010550776
11,958.8849834564313,1100.9588849834565
11,939.7922289017586,1100.9397922289018
12,976.113913990495,1200.9761139139905
11,818.1257547553121,1100.8181257547553
11,910.3625855451935,1100.9103625855453
