num_vehicles,distance,fitness
7,818.2437983267619,700.8182437983268
7,781.5081567396874,700.7815081567397
7,834.189694656571,700.8341896946565
7,953.4927189417532,700.9534927189418
6,811.1929055356014,600.8111929055356
6,800.4969427044512,600.8004969427044
8,1001.2495946569936,801.001249594657
8,901.8952074436544,800.9018952074437
9,857.5854576798075,900.8575854576798
10,916.6070897492227,1000.9166070897493
9,963.8511174179176,900.9638511174179
9,934.1296438524719,900.9341296438524
9,917.5309415604412,900.9175309415605
9,889.5087814436026,900.8895087814436
8,956.0913100803234,800.9560913100803
9,985.7657550253839,900.9857657550253
10,1002.8991682258461,1001.0028991682259
9,973.4797197395169,900.9734797197395
9,880.1488070870662,900.880148807087
9,899.2426315194391,900.8992426315194
