num_vehicles,distance,fitness
7,875.9048735512156,700.8759048735512
6,794.2473470362106,600.7942473470362
7,881.7952675994982,700.8817952675995
6,779.8335232163223,600.7798335232163
6,887.8717187680451,600.887871718768
6,798.0752670240454,600.798075267024
6,807.9668346121573,600.8079668346121
6,824.4268178471523,600.8244268178471
6,893.9913841863322,600.8939913841863
8,895.2793537869944,800.895279353787
8,1016.0419643678484,801.0160419643679
8,955.7886830489307,800.9557886830489
7,819.7399183550363,700.819739918355
9,1016.6736496692945,901.0166736496693
9,1016.3970834297018,901.0163970834298
8,913.4887816797303,800.9134887816797
8,941.2290716667039,800.9412290716667
8,1008.5898096585167,801.0085898096585
7,907.928680264072,700.907928680264
7,869.4380103701137,700.8694380103701
