num_vehicles,distance,fitness
6,762.3946846662257,600.7623946846662
7,824.5962467975959,700.8245962467976
7,831.845826359862,700.8318458263599
6,632.2281099236702,600.6322281099236
7,717.6968658467551,700.7176968658467
7,796.94548928567,700.7969454892857
8,865.5275305910336,800.8655275305911
8,819.4728692631584,800.8194728692631
9,841.7733690395632,900.8417733690395
8,863.418365558852,800.8634183655588
8,942.4605123422001,800.9424605123422
8,823.7315360111718,800.8237315360112
7,893.3102029908174,700.8933102029908
9,883.0086103882682,900.8830086103883
8,846.3801571574465,800.8463801571575
8,827.4782401556697,800.8274782401556
8,878.9289122297755,800.8789289122298
8,876.422213959648,800.8764222139597
8,875.8221839945057,800.8758221839945
8,926.6109287698879,800.9266109287698
