num_vehicles,distance,fitness
7,842.8913236348984,700.842891323635
7,770.4776196698658,700.7704776196699
6,793.1129118492291,600.7931129118492
6,760.1340630043251,600.7601340630043
6,836.3665436600896,600.8363665436601
9,969.364726586007,900.969364726586
8,897.4286259376759,800.8974286259377
8,983.3385270722953,800.9833385270723
9,902.6382433763672,900.9026382433764
9,951.8687603487483,900.9518687603487
9,938.7318336425658,900.9387318336426
8,925.0274828189681,800.925027482819
8,838.6015560786332,800.8386015560786
10,1006.8917564196782,1001.0068917564197
9,949.4270744815947,900.9494270744816
9,923.0241286856481,900.9230241286856
9,961.4422316265282,900.9614422316265
11,1041.7646723471603,1101.0417646723472
9,999.2964949558585,900.9992964949558
10,982.5394570036923,1000.9825394570037
