num_vehicles,distance,fitness
4,918.1606608150763,400.9181606608151
5,871.2265625607927,500.87122656256076
5,853.1370292279415,500.8531370292279
5,867.5525752852168,500.86755257528523
4,882.8816438499537,400.88288164384994
5,892.1073531358732,500.8921073531359
6,985.2165032559589,600.985216503256
6,971.5937938828667,600.9715937938829
7,957.9437274111413,700.9579437274111
7,915.4932185266543,700.9154932185266
7,1002.8052728338677,701.0028052728338
8,943.988091176792,800.9439880911768
7,962.147275687289,700.9621472756872
7,936.0343125692593,700.9360343125693
6,877.2831803718218,600.8772831803718
8,862.7453620696155,800.8627453620696
7,875.9033827538436,700.8759033827538
6,854.4295759993465,600.8544295759993
8,952.6130156392043,800.9526130156393
7,877.4674547375689,700.8774674547376
