num_vehicles,distance,fitness
4,1071.3637846072347,401.07136378460723
4,963.2532330748066,400.9632532330748
4,952.3224549781721,400.9523224549782
4,958.6087053518485,400.9586087053518
5,1009.7099456466831,501.0097099456467
5,956.606589742104,500.9566065897421
6,995.8819389837887,600.9958819389838
5,919.2953911170742,500.9192953911171
6,1004.6771123702682,601.0046771123702
5,974.8122865989326,500.97481228659893
5,1009.9700645627593,501.00997006456276
6,947.4011277354723,600.9474011277355
5,802.393994687204,500.8023939946872
5,891.3360886566538,500.89133608865666
5,1045.8119379687448,501.0458119379687
5,889.4014216580821,500.8894014216581
6,1032.4433205230298,601.032443320523
6,1015.3593980002233,601.0153593980002
5,1018.9045916195392,501.01890459161956
5,977.0688715468652,500.97706887154686
