num_vehicles,distance,fitness
4,887.2260787198006,400.8872260787198
4,833.2151046138712,400.8332151046139
4,896.4827959895358,400.8964827959895
4,911.905454032133,400.91190545403214
4,880.565470834481,400.8805654708345
5,817.2955186945585,500.81729551869455
4,854.9300036054037,400.85493000360543
6,918.4730261996755,600.9184730261996
6,1021.2929093642678,601.0212929093643
5,907.2805192089977,500.907280519209
5,872.960124919664,500.87296012491964
5,779.7106242928257,500.7797106242928
5,862.7311140843984,500.8627311140844
5,822.7177639272868,500.8227177639273
5,911.8640156351746,500.91186401563516
5,935.04088581948,500.9350408858195
5,1008.5645313773413,501.0085645313773
5,899.637613836933,500.89963761383694
5,950.2771528468172,500.9502771528468
6,779.0225592468805,600.7790225592469
