num_vehicles,distance,fitness
4,1099.2379083158141,401.0992379083158
4,984.3921099350499,400.9843921099351
4,1039.4499001112863,401.03944990011126
5,933.690534304435,500.93369053430445
4,906.1480349783642,400.90614803497834
5,939.5780383257421,500.93957803832575
5,901.0751118162991,500.9010751118163
5,878.313831499322,500.8783138314993
5,912.9341601726222,500.9129341601726
5,884.5529849394869,500.8845529849395
5,1029.0498363031081,501.0290498363031
5,955.2757333710554,500.9552757333711
4,961.4752504747362,400.96147525047473
5,948.0470307418968,500.9480470307419
5,1037.2448044843973,501.0372448044844
5,879.7494173974906,500.8797494173975
4,859.9842253939104,400.85998422539393
5,955.1166877105528,500.95511668771053
5,943.2808251998895,500.9432808251999
6,1042.5597527417417,601.0425597527418
