num_vehicles,distance,fitness
4,990.4776981132496,400.99047769811324
4,1044.8248157966443,401.04482481579663
4,1034.2456908087356,401.03424569080875
4,1040.7818144528605,401.0407818144529
4,1033.8415273497114,401.0338415273497
4,1023.2923604907189,401.0232923604907
4,978.6644685556894,400.9786644685557
4,990.8423063799488,400.99084230637993
4,1003.9957766970399,401.003995776697
4,951.6600476491387,400.9516600476491
5,954.0184561783896,500.9540184561784
5,889.557516588543,500.8895575165885
4,803.9558270933744,400.8039558270934
5,1033.0987839353722,501.0330987839354
4,888.4154046252861,400.8884154046253
4,863.3569686453427,400.86335696864535
4,906.8920743951587,400.90689207439516
5,902.0128932552461,500.90201289325523
4,920.7455098599542,400.92074550985996
4,893.2356490213097,400.89323564902134
