num_vehicles,distance,fitness
4,918.9340678700514,400.91893406787005
5,836.071495123804,500.8360714951238
4,887.2476548270408,400.88724765482704
5,973.5110460389946,500.973511046039
6,960.0261075510625,600.960026107551
6,894.8825913574602,600.8948825913575
5,992.5375697583036,500.9925375697583
5,899.1982337146109,500.8991982337146
4,899.5822362801537,400.89958223628014
5,938.846347407758,500.9388463474078
6,948.0323542982477,600.9480323542982
6,1019.7673410460698,601.0197673410461
4,954.2819477242015,400.9542819477242
5,875.015018933545,500.87501501893354
6,1090.5093219669398,601.0905093219669
5,1037.0823560444796,501.0370823560445
5,1008.2812114391262,501.0082812114391
5,962.7107273796385,500.96271072737966
5,943.3773145607058,500.9433773145607
5,1018.3486978360406,501.018348697836
