num_vehicles,distance,fitness
4,877.1580260263885,400.8771580260264
4,835.5216427973742,400.83552164279735
4,1006.1236436553693,401.00612364365537
4,876.6588253358688,400.8766588253359
4,968.8034300231361,400.9688034300231
4,859.3357410210838,400.8593357410211
4,993.1315838392294,400.9931315838392
4,953.0856986304937,400.9530856986305
5,930.4587782466616,500.93045877824665
4,951.1611519701061,400.9511611519701
4,987.799253359695,400.9877992533597
4,958.1209243645908,400.9581209243646
4,863.7643849874611,400.86376438498746
4,901.4581313591794,400.90145813135916
4,853.5060254329629,400.853506025433
5,923.447449285863,500.92344744928585
4,936.9299616155495,400.93692996161553
4,931.851988629515,400.9318519886295
4,935.8369794528796,400.93583697945286
4,1030.795498469592,401.0307954984696
