num_vehicles,distance,fitness
8,894.5607712993112,800.8945607712993
8,881.2920951471082,800.8812920951472
11,943.9551839125398,1100.9439551839125
9,993.4638984554066,900.9934638984554
9,930.4325330134911,900.9304325330135
11,991.5093453821587,1100.9915093453822
10,1111.7226195981016,1001.1117226195981
10,919.6636114272542,1000.9196636114273
11,1052.2343936640643,1101.052234393664
11,1061.7858515232922,1101.0617858515234
10,940.2299889414774,1000.9402299889415
12,1145.3638631423332,1201.1453638631424
11,1130.5891050835257,1101.1305891050836
10,942.4998352300204,1000.94249983523
12,1311.2915192228675,1201.3112915192228
11,1083.8361631928249,1101.083836163193
10,1082.653217847283,1001.0826532178473
11,1120.0289057483494,1101.1200289057483
10,921.7552598982742,1000.9217552598983
10,1117.4200183071423,1001.1174200183071
