num_vehicles,distance,fitness
7,791.5872570391791,700.7915872570392
7,779.9729492168186,700.7799729492168
7,855.3065313374952,700.8553065313375
8,884.6466822733476,800.8846466822733
8,902.7704824261466,800.9027704824261
8,878.394774064825,800.8783947740649
8,936.1361568806312,800.9361361568806
7,911.1330015580378,700.911133001558
9,1203.9226720169713,901.2039226720169
9,1142.347719930765,901.1423477199307
10,1149.8963820682839,1001.1498963820683
10,1249.3110322935474,1001.2493110322936
9,1076.9860439542495,901.0769860439542
9,1136.5781821383,901.1365781821384
9,1268.9416061756608,901.2689416061756
10,1231.433411241861,1001.2314334112418
8,981.1163983801891,800.9811163983802
8,1171.2604819342343,801.1712604819343
9,1106.8130472304579,901.1068130472305
8,998.008907759008,800.998008907759
