num_vehicles,distance,fitness
8,962.0780328369437,800.962078032837
8,826.2510373892248,800.8262510373892
9,849.6807559646986,900.8496807559648
8,790.4264592883726,800.7904264592884
9,965.5169297502564,900.9655169297503
8,861.9789841205811,800.8619789841206
8,929.8745456094181,800.9298745456094
9,1089.2456653482216,901.0892456653482
10,1267.2999850635956,1001.2672999850636
9,1058.8924108405338,901.0588924108405
9,1080.3492344434896,901.0803492344435
8,1006.0722872213661,801.0060722872214
10,1155.2533097159483,1001.1552533097159
9,1109.8229677664044,901.1098229677664
10,1063.140810166821,1001.0631408101668
8,934.9878707409298,800.9349878707409
10,1166.373140858316,1001.1663731408584
9,1178.8798057129727,901.178879805713
9,978.2021249892384,900.9782021249893
10,1128.2587462163249,1001.1282587462164
