num_vehicles,distance,fitness
8,759.1670203183024,800.7591670203183
7,764.2820446820778,700.7642820446821
8,951.618201768595,800.9516182017686
8,1047.755808828935,801.0477558088289
8,873.6386416325381,800.8736386416325
8,847.5472800938222,800.8475472800939
8,815.3552802562967,800.8153552802563
11,1025.2144110924078,1101.0252144110925
10,1174.3994104070807,1001.1743994104071
11,1214.3210573186345,1101.2143210573186
9,1042.8923492842212,901.0428923492842
10,1103.9166496499938,1001.10391664965
10,1137.075415351891,1001.1370754153519
11,1257.30153504819,1101.257301535048
10,1129.6980484258393,1001.1296980484259
10,1042.8842357115636,1001.0428842357115
10,1190.7548750648943,1001.1907548750648
10,1149.4043322629632,1001.149404332263
10,1107.845343327172,1001.1078453433272
10,1190.3724489167935,1001.1903724489168
