num_vehicles,distance,fitness
7,979.4404534601562,700.9794404534601
7,997.9197240159579,700.9979197240159
7,922.4454598960895,700.922445459896
7,1005.7541419720164,701.005754141972
7,920.1413450623623,700.9201413450623
7,852.6033384921922,700.8526033384921
7,1032.380649812516,701.0323806498125
8,1081.6319992503236,801.0816319992504
8,991.3279953225866,800.9913279953225
7,1027.395223551568,701.0273952235516
7,879.5684907666628,700.8795684907667
8,1108.9141331025646,801.1089141331025
8,1071.1962065831835,801.0711962065832
8,1222.1967185035269,801.2221967185035
7,934.3634061513688,700.9343634061514
7,1041.4161346911694,701.0414161346912
8,1047.611684720104,801.0476116847201
8,1061.7087314709,801.0617087314708
8,1135.1811499077965,801.1351811499078
8,1132.2604063317096,801.1322604063317
