num_vehicles,distance,fitness
7,792.558481332472,700.7925584813324
7,919.4899382308527,700.9194899382309
7,876.3883868980366,700.876388386898
7,970.8277094690488,700.9708277094691
7,861.4605416216723,700.8614605416217
12,1349.0651864216975,1201.3490651864217
8,977.4469403095832,800.9774469403096
9,1126.6768986608026,901.1266768986608
10,1128.6226008899403,1001.1286226008899
9,1151.8524675403073,901.1518524675403
9,1196.8934643555253,901.1968934643555
9,1162.7801232496365,901.1627801232496
10,1169.7438385659048,1001.1697438385659
7,985.3895983844434,700.9853895983845
8,1047.9618095440842,801.0479618095441
8,972.7414058998834,800.9727414058999
10,1230.3214415272146,1001.2303214415272
9,970.5051938634552,900.9705051938635
10,1263.447051552562,1001.2634470515526
9,1288.5330238548731,901.2885330238548
