num_vehicles,distance,fitness
5,1098.2107185369055,501.0982107185369
5,1044.7619210742612,501.04476192107427
5,1052.392449988268,501.05239244998825
5,1011.5258380362206,501.0115258380362
5,955.4392238172121,500.9554392238172
6,1032.1765937963091,601.0321765937963
6,996.9828425326916,600.9969828425327
7,1261.0390944645642,701.2610390944645
7,1183.9083042037616,701.1839083042038
7,1261.052932531278,701.2610529325312
8,1106.1411231640402,801.1061411231641
6,1107.6363903076922,601.1076363903077
6,1224.7344720234064,601.2247344720234
6,1122.4696394888554,601.1224696394888
7,1089.9092883516564,701.0899092883517
6,1306.197196018397,601.3061971960184
6,1219.916754700673,601.2199167547006
6,1149.1815302983177,601.1491815302983
6,1060.7283500471,601.0607283500472
7,1161.6147685480773,701.1616147685481
