num_vehicles,distance,fitness
5,1206.7227033268164,501.2067227033268
6,1063.0209599424204,601.0630209599424
5,974.1136279911431,500.97411362799113
5,1131.1140949579867,501.131114094958
7,1211.7916640378344,701.2117916640378
6,1104.9086062631113,601.1049086062632
6,1051.4123677096693,601.0514123677096
5,1085.6013508998722,501.0856013508999
8,1105.4149822231802,801.1054149822231
8,1295.0579800539704,801.295057980054
6,1196.6705875694965,601.1966705875695
6,1143.030695065887,601.1430306950659
8,1127.947641790847,801.1279476417908
8,1320.7460702846754,801.3207460702847
7,1070.815136398141,701.0708151363981
7,1044.3867502282146,701.0443867502282
5,1184.121609318946,501.18412160931894
7,1142.02431832069,701.1420243183206
7,1327.1833819724457,701.3271833819724
7,1196.9767382215814,701.1969767382216
