num_vehicles,distance,fitness
5,1310.0844333327757,501.3100844333328
5,975.1371404675732,500.97513714046755
5,1061.226165935596,501.0612261659356
5,1047.724386983268,501.04772438698325
4,1061.5479116612764,401.06154791166125
5,1087.7177774143895,501.0877177774144
5,903.8679556233462,500.90386795562335
6,1257.2433809411878,601.2572433809412
5,1085.8907014491592,501.08589070144916
5,1048.0981657792736,501.04809816577927
6,1063.2457859825004,601.0632457859825
5,1113.791697079544,501.11379169707953
5,1268.9947057436138,501.26899470574364
5,1320.243770803677,501.3202437708037
5,1178.3930997736436,501.17839309977364
6,1236.6198316069272,601.236619831607
5,1134.6925239912287,501.13469252399125
5,1207.3110816987275,501.2073110816987
5,1071.084755238025,501.071084755238
6,1094.7768836538764,601.0947768836538
