num_vehicles,distance,fitness,time
3.0,191.8136197786562,3.9966810802823503,252.92087960243225
3.0,191.8136197786562,3.9966810802823503,251.82439708709717
3.0,191.8136197786562,3.9966810802823503,254.03453373908997
