num_vehicles,distance,fitness,time
3.0,191.8136197786562,300.19181361977866,280.7120976448059
3.0,191.8136197786562,300.19181361977866,278.7478537559509
3.0,191.8136197786562,300.19181361977866,279.2112684249878
3.0,191.8136197786562,300.19181361977866,276.91975140571594
