num_vehicles,distance,fitness,time
3.0,187.44945538505974,3.9966038112417626,181.200665473938
3.0,187.44945538505974,3.9966038112417626,181.80234360694885
3.0,187.44945538505974,3.9966038112417626,179.40646624565125
