num_vehicles,distance,fitness
7,537.3913739362137,700.5373913739362
7,613.4513516570439,700.6134513516571
10,647.4966685157631,1000.6474966685157
10,645.3339607623124,1000.6453339607623
11,707.6590611721584,1100.707659061172
10,517.3952033910012,1000.517395203391
10,593.3438702866514,1000.5933438702866
10,719.930328291935,1000.719930328292
12,792.181457802416,1200.7921814578024
9,712.5016425104297,900.7125016425105
10,635.0375544156739,1000.6350375544157
11,697.6879782426905,1100.6976879782426
12,733.3068267795605,1200.7333068267797
11,709.8768466071507,1100.7098768466071
10,640.9089500333797,1000.6409089500333
11,800.6424727541099,1100.8006424727541
10,660.8160180302002,1000.6608160180302
10,569.8435792593136,1000.5698435792593
11,697.2420121721619,1100.6972420121722
11,782.5069786862099,1100.7825069786861
