num_vehicles,distance,fitness
7,495.26436520284466,700.4952643652028
7,498.9824124423235,700.4989824124423
7,585.8885910516912,700.5858885910517
7,595.6260316925386,700.5956260316925
7,559.5791593641862,700.5595791593641
6,473.4190760507466,600.4734190760507
7,562.2632571136457,700.5622632571136
9,715.8209936334575,900.7158209936334
7,633.2429406756776,700.6332429406757
8,700.734487912457,800.7007344879124
7,618.6683526295067,700.6186683526295
9,694.96903271225,900.6949690327123
7,627.3409021399781,700.62734090214
7,598.9025981113687,700.5989025981114
9,657.8914614070424,900.6578914614071
7,671.9960589540825,700.671996058954
8,644.2896722455332,800.6442896722456
8,661.3500440376371,800.6613500440376
9,741.5965348911116,900.7415965348911
8,624.2328431605347,800.6242328431605
