num_vehicles,distance,fitness
7,658.8124637298049,700.6588124637298
9,613.0589538803437,900.6130589538803
8,591.5510034591045,800.5915510034591
7,518.5999583927095,700.5185999583927
9,595.6561113689489,900.595656111369
10,676.8901814389485,1000.6768901814389
8,672.5292365986096,800.6725292365986
9,647.2804400698564,900.6472804400698
8,712.0743900053074,800.7120743900053
9,755.3089185289307,900.755308918529
8,681.8003889138442,800.6818003889139
11,788.0167001099578,1100.78801670011
9,672.2332274028716,900.6722332274029
10,660.368986043941,1000.660368986044
8,610.7262378008738,800.6107262378009
9,699.3192999314269,900.6993192999314
9,721.1478939542325,900.7211478939543
8,644.5632922481739,800.6445632922482
8,685.8315455381671,800.6858315455381
9,767.5365549240032,900.767536554924
