num_vehicles,distance,fitness
5,555.9485643976219,500.5559485643976
5,576.2003926700353,500.57620039267005
5,596.9293004735637,500.59692930047356
5,593.117810058801,500.5931178100588
5,786.6851107075056,500.7866851107075
6,665.365256406214,600.6653652564062
7,678.3939127823851,700.6783939127824
7,737.5201665638206,700.7375201665639
6,815.5038753008831,600.8155038753009
6,783.9647755565896,600.7839647755566
7,770.8957685540806,700.770895768554
5,740.2323745953959,500.7402323745954
5,674.6741694438499,500.67467416944385
7,753.2851507229769,700.753285150723
5,739.9615501208195,500.7399615501208
6,770.4730152433186,600.7704730152433
7,747.4136368538883,700.7474136368539
6,711.327070104071,600.7113270701041
6,789.8779901688695,600.7898779901689
7,740.619220656427,700.7406192206564
