num_vehicles,distance,fitness
5,534.3361221591722,500.5343361221592
5,569.7590207977087,500.56975902079773
5,542.8264883918282,500.5428264883918
5,574.5234644202583,500.5745234644203
5,609.5048154057126,500.6095048154057
5,537.2968908761669,500.5372968908762
6,755.8314409862278,600.7558314409862
6,734.3207116047954,600.7343207116048
7,704.4180598164946,700.7044180598165
6,789.4903646905386,600.7894903646906
5,561.2616738332948,500.5612616738333
5,802.0700776977358,500.80207007769775
5,696.7343060942403,500.69673430609424
6,779.2124756845373,600.7792124756845
5,711.200473789509,500.7112004737895
5,727.3187036808224,500.7273187036808
6,767.8562601089967,600.7678562601089
6,725.1955144194867,600.7251955144195
6,663.9270274076689,600.6639270274077
5,756.2411730723796,500.7562411730724
