num_vehicles,distance,fitness
5,518.2594252824524,500.51825942528245
5,486.0758938463497,500.48607589384636
5,514.3488298440557,500.51434882984404
5,560.8808950847978,500.5608808950848
5,487.5436163187961,500.4875436163188
5,490.8275852711754,500.4908275852712
5,505.62284990592286,500.50562284990593
8,669.0518714422034,800.6690518714422
7,687.0676091741681,700.6870676091742
6,579.0730598044187,600.5790730598044
7,681.8943479571203,700.6818943479572
7,612.137753273652,700.6121377532736
6,540.2602719957458,600.5402602719957
8,678.5106641924616,800.6785106641925
7,644.9388493412235,700.6449388493412
6,589.8473285450066,600.589847328545
6,639.1079917689749,600.6391079917689
6,554.8777572229735,600.5548777572229
6,632.9883400030483,600.6329883400031
5,593.0845749337751,500.59308457493375
