num_vehicles,distance,fitness
5,466.50342106065915,500.4665034210607
6,439.40149035700347,600.439401490357
5,506.58652141668375,500.5065865214167
5,469.30170001846324,500.4693017000185
6,491.21897442205545,600.491218974422
5,444.80837270903504,500.444808372709
6,465.66957005055383,600.4656695700505
5,455.8638567951963,500.4558638567952
6,453.00000721703344,600.453000007217
7,497.0342268139243,700.497034226814
5,564.326753265116,500.5643267532651
6,617.654368784957,600.617654368785
5,658.623704581474,500.6586237045815
7,716.2467710892988,700.7162467710893
6,590.8004301393654,600.5908004301393
8,654.3745383164843,800.6543745383165
6,643.0387322402248,600.6430387322403
6,585.2824871058233,600.5852824871058
6,697.4549435504136,600.6974549435504
5,633.808367134625,500.63380836713463
