num_vehicles,distance,fitness
5,492.8496652239143,500.4928496652239
5,495.92735734066537,500.4959273573407
6,464.0029033238508,600.4640029033238
6,480.15841690152047,600.4801584169015
6,568.3086017256186,600.5683086017256
6,664.7907975290433,600.664790797529
6,604.1101712213065,600.6041101712214
6,598.569064014465,600.5985690640144
6,584.3272424339729,600.584327242434
6,587.7928057910729,600.5877928057911
6,615.0362396522362,600.6150362396522
6,608.3087625546591,600.6083087625547
6,584.819495323962,600.5848194953239
5,620.2471314704184,500.6202471314704
5,558.9882871663257,500.5589882871663
5,565.4633273959821,500.565463327396
6,579.2328967244806,600.5792328967245
6,557.1019688947813,600.5571019688948
6,565.341887794308,600.5653418877943
6,586.2191976574551,600.5862191976574
