num_vehicles,distance,fitness
8,800.9792222618502,800.8009792222618
12,771.0001354268716,1200.771000135427
11,809.0839073906966,1100.8090839073907
13,884.5712987285082,1300.8845712987286
9,727.5915326403508,900.7275915326403
15,980.2419363223285,1500.9802419363223
13,844.2885231503074,1300.8442885231502
10,850.6070541771479,1000.8506070541772
14,888.7717866765947,1400.8887717866767
16,1120.4167596802104,1601.1204167596802
12,967.4685841109551,1200.967468584111
12,978.5507262063654,1200.9785507262063
14,956.3107417921881,1400.956310741792
16,1089.9754854768594,1601.0899754854768
14,988.8239882930479,1400.988823988293
15,1040.2025050414723,1501.0402025050414
14,952.1857994879243,1400.952185799488
12,1014.8703236709603,1201.014870323671
12,871.9807684726826,1200.8719807684727
16,1064.855736812945,1601.064855736813
