num_vehicles,distance,fitness
8,801.6266998825827,800.8016266998826
9,832.4393103515271,900.8324393103516
11,804.8891410361367,1100.804889141036
8,752.3698651057133,800.7523698651057
9,847.6669122097144,900.8476669122097
9,764.3219652320082,900.764321965232
11,887.2199858286424,1100.8872199858286
10,905.2332123625202,1000.9052332123625
13,961.9447637100201,1300.96194476371
12,1051.408161375287,1201.0514081613753
9,903.7852098462425,900.9037852098462
11,933.2553062863652,1100.9332553062864
13,1026.0958374105512,1301.0260958374106
11,992.3449131628927,1100.992344913163
11,989.536943673027,1100.989536943673
13,1029.4172929108306,1301.029417292911
13,951.9792669052088,1300.9519792669053
11,867.7624892868558,1100.8677624892869
11,889.1753529297508,1100.8891753529297
13,904.9824370676129,1300.9049824370677
