num_vehicles,distance,fitness
7,743.2970155147732,700.7432970155148
7,919.732451675637,700.9197324516756
7,839.974691605326,700.8399746916053
6,773.9512020053959,600.7739512020054
7,720.4632171053202,700.7204632171054
7,758.7130617297239,700.7587130617297
10,863.5355617443256,1000.8635355617444
9,853.7295613854919,900.8537295613855
10,1026.4988280441066,1001.026498828044
9,831.9113502700264,900.83191135027
9,882.1202315320843,900.8821202315321
12,1021.3098810639872,1201.021309881064
9,914.6288235552852,900.9146288235553
9,1004.5409152971508,901.0045409152972
9,1041.0109019653862,901.0410109019654
10,905.6125128566658,1000.9056125128567
11,995.8033320385704,1100.9958033320386
9,950.3373053523286,900.9503373053524
8,909.288258402942,800.909288258403
11,950.9713958018349,1100.9509713958018
