num_vehicles,distance,fitness
7,818.2437983267619,700.8182437983268
7,777.7236083751644,700.7777236083751
6,854.3798951063011,600.8543798951063
6,817.2862917907466,600.8172862917908
7,869.5037748043719,700.8695037748043
7,865.4878309639213,700.865487830964
7,818.1482124041056,700.8181482124041
6,908.0788400574211,600.9080788400574
8,892.5716847635115,800.8925716847635
9,951.4258452088527,900.9514258452089
9,939.6176669899583,900.93961766699
9,919.2616747390463,900.919261674739
8,885.4768365952643,800.8854768365952
9,953.575436804093,900.953575436804
7,877.2087061623632,700.8772087061624
7,863.4517762959962,700.863451776296
10,1009.8529431861787,1001.0098529431862
9,996.3963558050383,900.996396355805
9,970.9525946805516,900.9709525946805
10,955.7144194385966,1000.9557144194386
