num_vehicles,distance,fitness
7,875.9048735512156,700.8759048735512
6,761.9055324571054,600.7619055324571
6,823.2609777624522,600.8232609777624
6,873.0146160108936,600.8730146160109
7,887.7804611192282,700.8877804611192
6,971.8266498906542,600.9718266498907
6,882.7156199154515,600.8827156199154
6,825.8740426740787,600.8258740426741
9,960.7692957181907,900.9607692957181
8,896.4050732939096,800.8964050732939
8,893.7424075692654,800.8937424075692
7,909.3667571053511,700.9093667571053
8,963.8957259550673,800.963895725955
7,859.6917405574815,700.8596917405575
8,986.806989628004,800.986806989628
8,965.935666719481,800.9659356667195
8,961.039682716682,800.9610396827167
7,839.6801244803987,700.8396801244804
8,983.7030529244425,800.9837030529244
8,962.8660938009882,800.962866093801
