num_vehicles,distance,fitness
4,937.6570066368039,400.9376570066368
4,994.027656522019,400.994027656522
4,992.1458144267293,400.99214581442675
4,953.140728396497,400.9531407283965
4,940.0241236406779,400.9400241236407
4,952.0637072152722,400.95206370721525
4,852.4533405163312,400.8524533405163
5,884.3759054628756,500.8843759054629
6,900.3429637913492,600.9003429637913
5,916.5949047417015,500.9165949047417
4,906.7008858212587,400.90670088582124
5,982.6804159883342,500.98268041598834
4,939.8171149898058,400.9398171149898
4,835.6268833551092,400.83562688335513
5,1015.8351607576224,501.0158351607576
5,884.416808996624,500.8844168089966
4,889.2652266715647,400.88926522667157
5,895.3481564982602,500.89534815649824
4,925.117393344952,400.925117393345
4,990.2030209402201,400.9902030209402
