num_vehicles,distance,fitness
4,887.2260787198006,400.8872260787198
4,861.8097437900665,400.86180974379005
4,856.9079150926354,400.8569079150926
4,855.0099539627256,400.85500995396274
4,908.8876231611816,400.9088876231612
4,922.6330617252246,400.9226330617252
5,773.094160675435,500.77309416067544
5,861.6774246121779,500.8616774246122
5,800.2098999938678,500.8002098999939
5,940.4386334035929,500.9404386334036
6,904.0035142927253,600.9040035142928
5,873.2814226810167,500.87328142268103
5,909.2312146757142,500.90923121467574
5,913.1365241908767,500.91313652419086
6,914.8715282954614,600.9148715282954
5,897.5751022737862,500.8975751022738
4,900.9650242109736,400.90096502421096
5,934.7016743011309,500.93470167430115
5,888.0654563966441,500.88806545639665
5,1021.9437144015806,501.0219437144016
