num_vehicles,distance,fitness
4,1099.2379083158141,401.0992379083158
4,978.0850093065858,400.9780850093066
4,1042.6429973781044,401.0426429973781
4,923.3318556551344,400.92333185565514
4,898.31606288443,400.8983160628844
4,1132.8743853297617,401.1328743853298
4,921.2929025364747,400.9212929025365
5,867.0102941222924,500.8670102941223
4,963.9475146857625,400.96394751468574
5,910.2449940886918,500.9102449940887
6,944.5514658280858,600.9445514658281
4,932.353867075039,400.93235386707505
6,940.704975306005,600.9407049753061
6,1038.5992174577664,601.0385992174578
4,811.5269832135207,400.8115269832135
5,953.4438397071702,500.9534438397072
5,862.1380157352463,500.86213801573524
5,865.1591260719147,500.8651591260719
5,890.237631512909,500.8902376315129
5,1026.716208061614,501.0267162080616
