num_vehicles,distance,fitness
4,990.4776981132496,400.99047769811324
4,920.921459403067,400.9209214594031
4,1025.9193923639405,401.02591939236396
4,984.9655751011747,400.98496557510117
4,961.2994782598006,400.9612994782598
5,1028.0506064988028,501.0280506064988
5,874.2460399541236,500.87424603995413
5,986.3640591289998,500.986364059129
4,886.6552480596793,400.8866552480597
6,893.3243438090775,600.8933243438091
4,907.9228400202255,400.9079228400202
4,1032.235334013335,401.0322353340133
4,912.1040585696813,400.9121040585697
4,892.4521427955616,400.89245214279555
4,1034.854294233343,401.03485429423336
5,867.3498660767685,500.8673498660768
5,857.0829469473664,500.85708294694734
5,1010.6613954884872,501.0106613954885
4,895.9874701077929,400.8959874701078
4,982.4600891547543,400.98246008915476
