num_vehicles,distance,fitness
8,1070.571296979287,801.0705712969793
7,1001.123450609643,701.0011234506096
7,949.7443761722432,700.9497443761722
7,962.3360030529775,700.962336003053
7,965.247247882752,700.9652472478828
8,1077.456085932523,801.0774560859326
8,967.6303263626614,800.9676303263626
9,1396.9615996642217,901.3969615996642
9,1174.7241825328433,901.1747241825328
7,1061.753386224993,701.061753386225
8,1101.422354517711,801.1014223545177
8,1023.7477794363386,801.0237477794363
8,1124.2834153145218,801.1242834153145
8,924.165684079134,800.9241656840792
8,927.1844876819991,800.927184487682
8,1168.4583168833983,801.1684583168834
9,1162.7507668053056,901.1627507668053
8,1024.8041528412195,801.0248041528412
8,1090.1399811059246,801.090139981106
9,1095.3358937949806,901.095335893795
