num_vehicles,distance,fitness
7,691.9245200332821,700.6919245200332
9,888.6590941282975,900.8886590941283
9,944.1242046626244,900.9441242046627
9,821.150372160254,900.8211503721602
9,1015.3221234720312,901.0153221234721
11,1067.5671808358575,1101.0675671808358
11,1149.3223974645982,1101.1493223974646
9,1079.4049359483429,901.0794049359483
9,972.675845705299,900.9726758457053
10,1043.0103620143307,1001.0430103620143
9,1000.4439359310328,901.000443935931
10,1089.3955208130255,1001.089395520813
10,1115.1623508205296,1001.1151623508206
10,907.0482841759977,1000.907048284176
9,1044.0817399583423,901.0440817399583
11,1054.1168522574858,1101.0541168522575
10,1082.2426718321979,1001.0822426718322
10,1025.8994441857187,1001.0258994441857
11,1125.710474404945,1101.125710474405
10,967.1057846756429,1000.9671057846756
