num_vehicles,distance,fitness
8,962.0780328369437,800.962078032837
8,907.4010493935623,800.9074010493936
8,824.0615360313118,800.8240615360313
8,871.9696542224904,800.8719696542225
8,813.4238469772182,800.8134238469772
7,785.3947064238062,700.7853947064239
8,888.5605757765097,800.8885605757765
8,936.4312069036512,800.9364312069036
7,729.2033782730227,700.729203378273
8,830.9626421668061,800.8309626421668
9,874.0564439703404,900.8740564439703
9,1054.2352044967306,901.0542352044968
8,863.8756820478081,800.8638756820478
9,940.4214249059855,900.9404214249059
9,1217.9690291396994,901.2179690291397
9,1050.3718583047755,901.0503718583047
9,1219.3836999164562,901.2193836999164
9,1123.19646594528,901.1231964659453
8,985.0249175471926,800.9850249175472
10,1123.5863255903091,1001.1235863255903
