num_vehicles,distance,fitness
8,894.5607712993112,800.8945607712993
8,783.1793962667441,800.7831793962667
10,1020.3828137290202,1001.020382813729
11,1001.0780946020541,1101.001078094602
12,1250.3572441056936,1201.2503572441058
11,1054.6520953220302,1101.0546520953221
12,1095.4684690477015,1201.0954684690478
9,996.4756653507017,900.9964756653507
11,1100.8716795426897,1101.1008716795427
10,908.2565739806516,1000.9082565739807
10,1042.5118792768567,1001.0425118792768
10,961.4282230094997,1000.9614282230095
10,1084.3233653812445,1001.0843233653812
11,1108.7705468795307,1101.1087705468794
12,1215.2788168239617,1201.215278816824
11,924.3578217991325,1100.924357821799
10,986.8856160101443,1000.9868856160101
11,1090.1623087221303,1101.090162308722
12,1302.0028312086713,1201.3020028312087
11,1142.1891556524924,1101.1421891556524
