num_vehicles,distance,fitness
8,759.1670203183024,800.7591670203183
8,858.9420492322681,800.8589420492323
8,912.4278720151556,800.9124278720152
10,1205.2787785458156,1001.2052787785458
8,966.8351189689233,800.9668351189689
9,1006.3073009745327,901.0063073009745
12,1278.3258161010594,1201.278325816101
10,1194.9617868983105,1001.1949617868983
10,1132.4145158905244,1001.1324145158906
10,1084.9104072681337,1001.0849104072681
11,1137.5198558435904,1101.1375198558435
9,963.5657654540137,900.9635657654541
10,1144.5341752209222,1001.1445341752209
9,974.5134099010423,900.9745134099011
10,1097.1047410962663,1001.0971047410962
10,1058.714270328859,1001.0587142703289
10,957.2981039985758,1000.9572981039986
12,1218.699509933344,1201.2186995099332
10,1330.434377709998,1001.33043437771
9,1068.8347127933891,901.0688347127934
