num_vehicles,distance,fitness
4,1067.7019895573885,401.0677019895574
5,1178.2009814101307,501.17820098141016
4,1201.123251724758,401.20112325172477
5,1200.2647834655972,501.20026478346557
5,1105.4465683063038,501.1054465683063
4,1129.8231587072396,401.12982315870727
6,1285.0176321039992,601.285017632104
5,1232.7049861358473,501.23270498613584
6,1380.7536138561693,601.3807536138562
5,1078.97562386631,501.0789756238663
5,1124.291515734417,501.1242915157344
5,1177.8392082645723,501.1778392082646
5,1129.9387869341886,501.1299387869342
5,1196.650891621941,501.1966508916219
4,1101.9492691247012,401.1019492691247
5,1123.6326706102443,501.1236326706102
5,1012.166388030841,501.01216638803083
5,1027.4960291936472,501.0274960291936
4,1052.7334870731156,401.0527334870731
5,1052.33868547073,501.0523386854707
