num_vehicles,distance,fitness
5,1156.9680017061987,501.1569680017062
5,1203.5585759411276,501.20355857594114
5,941.6184522996846,500.9416184522997
4,1065.1118894890935,401.0651118894891
5,983.2210507806981,500.9832210507807
5,1107.2892499659415,501.10728924996596
5,1278.1229734338767,501.2781229734339
5,1210.7302617183823,501.21073026171837
5,1226.9492203180334,501.22694922031803
5,1065.6284780628516,501.0656284780629
5,1225.4876966196568,501.22548769661967
6,1253.5950845417033,601.2535950845418
5,1160.4644798395484,501.16046447983956
5,1026.936326340308,501.0269363263403
5,1338.932523552424,501.33893252355244
5,1186.4457715210626,501.18644577152105
4,962.985735372088,400.9629857353721
6,1143.6672057813635,601.1436672057814
5,1064.9305779143483,501.06493057791437
5,1290.3542992871348,501.2903542992871
