num_vehicles,distance,fitness
5,1088.2573579320474,501.08825735793204
5,1091.2757045269066,501.0912757045269
4,1176.0776028079033,401.1760776028079
5,1168.594976754723,501.1685949767547
5,1096.0573102690637,501.0960573102691
5,929.3531148472783,500.9293531148473
5,1094.2988356113028,501.0942988356113
5,1064.889242419689,501.06488924241967
6,1245.3993385445428,601.2453993385445
5,1067.7151734574338,501.06771517345743
6,1039.1780188592213,601.0391780188593
6,1260.578424365647,601.2605784243657
5,1184.188555385312,501.18418855538533
6,1218.9065861535682,601.2189065861536
6,1175.1448225060258,601.175144822506
6,1187.1916123821306,601.1871916123821
6,1231.1315560254682,601.2311315560255
8,1464.9847037040663,801.4649847037041
5,1100.700274129972,501.10070027412996
5,1305.7131294255337,501.30571312942556
