num_vehicles,distance,fitness,time
3.0,329.5686572083737,300.32956865720837,230.47963428497314
