num_vehicles,distance,fitness
6,447.6452532027363,600.4476452532027
8,606.9074733221915,800.6069074733222
7,525.3926146947028,700.5253926146947
6,518.70797290957,600.5187079729096
7,552.5826214596327,700.5525826214596
6,564.5196770161025,600.564519677016
8,658.7512820678124,800.6587512820678
6,529.9915621339031,600.5299915621339
9,695.2966262677148,900.6952966262677
8,696.3117758857627,800.6963117758858
9,587.3750429104973,900.5873750429105
7,541.2506120241006,700.5412506120241
9,666.6568855200574,900.6666568855201
10,747.1645574288217,1000.7471645574288
11,798.3657621497584,1100.7983657621498
9,704.004526549231,900.7040045265493
9,680.3165299995446,900.6803165299996
9,762.0034893334541,900.7620034893334
9,679.1130689316249,900.6791130689317
11,712.0626937991246,1100.7120626937992
