num_vehicles,distance,fitness
7,495.26436520284466,700.4952643652028
6,569.3626079918411,600.5693626079918
7,612.5293366783022,700.6125293366783
8,630.7726768738793,800.6307726768739
7,592.6749001563448,700.5926749001563
6,620.3433151250215,600.6203433151251
7,588.489231050537,700.5884892310505
7,569.6444004096845,700.5696444004096
7,663.0848362997648,700.6630848362997
8,602.4435141338784,800.6024435141338
8,668.4197451456916,800.6684197451457
7,703.4849246962762,700.7034849246962
8,572.7508320812806,800.5727508320813
7,674.9880539552032,700.6749880539552
8,596.8722067452384,800.5968722067453
8,600.538172289713,800.6005381722897
8,674.2927564074048,800.6742927564075
7,696.0284596897394,700.6960284596897
7,663.6878339390647,700.6636878339391
7,679.899291955451,700.6798992919555
