num_vehicles,distance,fitness
7,512.2931205274929,700.5122931205275
6,529.4677176222621,600.5294677176223
7,526.23461691898,700.5262346169189
7,555.2657653427715,700.5552657653428
7,582.2176010183487,700.5822176010183
6,586.7417536173468,600.5867417536174
7,547.3703374849441,700.547370337485
7,585.1613997276313,700.5851613997277
7,579.4386993176086,700.5794386993176
9,722.5627792025278,900.7225627792026
7,689.0517127878012,700.6890517127878
7,628.9438133978509,700.6289438133979
7,629.9303057853812,700.6299303057854
7,642.2533259133139,700.6422533259133
8,659.2069041625153,800.6592069041625
7,628.1056320362766,700.6281056320363
7,729.1113907865229,700.7291113907866
8,699.1426064066078,800.6991426064066
8,704.6080784080176,800.704608078408
8,611.6092055707662,800.6116092055707
