num_vehicles,distance,fitness
7,658.8124637298049,700.6588124637298
7,598.7458968440839,700.5987458968441
9,773.5131106793573,900.7735131106793
8,668.4441780019368,800.6684441780019
8,603.4695550091084,800.6034695550092
9,606.1515530477549,900.6061515530478
9,604.6075789372771,900.6046075789372
10,649.2938621135414,1000.6492938621135
11,730.3820570034707,1100.7303820570035
8,576.3164764141699,800.5763164764141
10,720.9322739922216,1000.7209322739923
11,725.6485983233415,1100.7256485983232
8,576.1248552583655,800.5761248552584
9,637.1779759745717,900.6371779759746
10,697.4948608064378,1000.6974948608064
10,774.6666931653766,1000.7746666931654
10,692.650510549391,1000.6926505105494
9,741.9321650685491,900.7419321650685
11,744.3983034729903,1100.744398303473
10,605.8384499762985,1000.6058384499763
