num_vehicles,distance,fitness
8,516.3387731186642,800.5163387731187
10,495.98659235101036,1000.495986592351
9,567.5491385500551,900.56754913855
8,574.9861258650262,800.574986125865
9,666.9789655044439,900.6669789655044
9,654.4870694647173,900.6544870694647
12,703.3044583905512,1200.7033044583904
10,738.8434906434836,1000.7388434906435
12,790.6221960039732,1200.790622196004
9,689.0203441021931,900.6890203441022
11,698.0139983022211,1100.6980139983023
10,628.204305815322,1000.6282043058153
12,760.7309150059605,1200.760730915006
10,675.9251294572267,1000.6759251294573
14,781.6814951628463,1400.781681495163
10,710.8258781170504,1000.710825878117
11,687.3116840744196,1100.6873116840745
11,734.8196646767697,1100.7348196646767
9,675.7888856640127,900.675788885664
11,713.2354801047244,1100.7132354801047
