num_vehicles,distance,fitness
7,664.5333586844342,700.6645333586845
7,615.0488624340046,700.615048862434
7,622.3580159164524,700.6223580159165
6,624.1790532400045,600.62417905324
7,545.5098907308873,700.5455098907308
7,605.6437058952165,700.6056437058952
9,696.6026610363352,900.6966026610363
8,714.7936823276134,800.7147936823276
8,553.8481730281895,800.5538481730282
9,671.6148453694339,900.6716148453694
8,692.3179763465985,800.6923179763465
8,648.3305630952675,800.6483305630952
7,639.8936667721941,700.6398936667722
8,541.5659533122238,800.5415659533122
7,672.0745754026991,700.6720745754027
8,632.9684863102317,800.6329684863102
9,655.6381958854859,900.6556381958854
8,748.6599648074028,800.7486599648074
8,663.8143654902136,800.6638143654902
9,600.680820462379,900.6006808204623
