num_vehicles,distance,fitness
7,636.8199997144283,700.6368199997145
7,620.0821545046928,700.6200821545046
7,628.1752598523657,700.6281752598524
7,644.8493416526924,700.6448493416527
7,590.3754679288622,700.5903754679289
7,665.4934539937694,700.6654934539938
7,639.3547473558651,700.6393547473558
8,628.2333101638018,800.6282333101638
7,604.0537004822487,700.6040537004823
6,601.4182540986053,600.6014182540986
7,638.756936046968,700.638756936047
7,597.0197955720638,700.597019795572
7,672.305195037308,700.6723051950373
7,630.023990263593,700.6300239902636
7,690.6241570147918,700.6906241570148
7,627.4713859113102,700.6274713859113
7,625.5678005588187,700.6255678005588
7,581.5845832468399,700.5815845832468
7,573.5113311885849,700.5735113311886
7,663.163861869634,700.6631638618696
