num_vehicles,distance,fitness
5,512.8102709016586,500.51281027090164
5,526.9670849282596,500.5269670849283
5,514.8245816427142,500.5148245816427
5,564.2822842111372,500.5642822842111
5,631.6057377283903,500.63160573772836
5,529.5751794559966,500.529575179456
5,574.5798464997068,500.5745798464997
5,606.9925406734613,500.60699254067345
7,702.8746162854511,700.7028746162855
7,747.5402872566592,700.7475402872567
5,660.8833427188022,500.6608833427188
6,744.1272533448587,600.7441272533449
7,746.544205233628,700.7465442052336
10,795.1795412477659,1000.7951795412478
8,717.0976030353712,800.7170976030354
6,613.605896233053,600.613605896233
9,773.0300796595731,900.7730300796595
7,678.6094974120562,700.678609497412
9,780.6839244097716,900.7806839244098
8,733.8966824116094,800.7338966824116
