num_vehicles,distance,fitness
5,534.3361221591722,500.5343361221592
5,546.4189760856042,500.5464189760856
5,603.4854955390056,500.603485495539
5,544.6190494042288,500.5446190494042
6,721.4526587401313,600.7214526587401
5,697.3265126833328,500.69732651268333
6,819.1694381463183,600.8191694381463
6,820.7068616287547,600.8207068616288
6,771.6210193814749,600.7716210193814
6,811.8940603381208,600.8118940603381
6,866.8820036547373,600.8668820036547
5,804.7871212071044,500.8047871212071
6,766.3303337287849,600.7663303337288
6,768.9942218688203,600.7689942218689
5,733.6860216871385,500.73368602168716
6,828.2374612733175,600.8282374612733
5,772.6912587136572,500.7726912587137
6,753.4230812338348,600.7534230812338
5,752.5641016113849,500.75256410161137
6,838.9546920364016,600.8389546920364
