num_vehicles,distance,fitness
5,518.2594252824524,500.51825942528245
5,553.8699039181653,500.55386990391816
5,452.67774994845195,500.45267774994846
5,597.811353951366,500.5978113539514
6,537.1965371075976,600.5371965371075
5,512.1370149777247,500.5121370149777
6,511.8928024046372,600.5118928024046
6,570.8539879067738,600.5708539879067
6,641.7318809801507,600.6417318809802
6,650.701355382599,600.6507013553826
7,686.8277288982767,700.6868277288983
6,586.0539402387388,600.5860539402387
7,570.8291227383737,700.5708291227384
5,584.5564059795677,500.5845564059796
6,640.5271143866697,600.6405271143867
7,610.3937146642846,700.6103937146643
5,590.8317075302322,500.59083170753024
6,614.2860474813675,600.6142860474814
7,684.4313783442802,700.6844313783442
7,676.5394503376779,700.6765394503377
