num_vehicles,distance,fitness
5,492.8496652239143,500.4928496652239
6,590.3046797476878,600.5903046797476
6,543.5073575738194,600.5435073575738
5,491.9514935476409,500.4919514935476
5,485.27510935263876,500.48527510935264
6,512.7425844104931,600.5127425844105
5,535.7812712594059,500.5357812712594
5,501.03674407661873,500.5010367440766
6,566.3515015759618,600.5663515015759
6,668.3791815782573,600.6683791815783
5,593.8724413553664,500.59387244135536
6,623.2522353836601,600.6232522353837
6,650.5265292206545,600.6505265292207
5,606.9132452265934,500.6069132452266
5,607.0305751681941,500.6070305751682
6,665.7969962813279,600.6657969962813
6,652.7618628906974,600.6527618628907
5,572.768312614735,500.57276831261476
6,635.2851635261018,600.6352851635261
5,577.0531595214529,500.5770531595214
