num_vehicles,distance,fitness
8,801.6266998825827,800.8016266998826
10,816.7348960358502,1000.8167348960359
11,941.7348109076108,1100.9417348109075
9,854.198574656125,900.8541985746562
8,757.3838343094933,800.7573838343095
10,954.4423339195565,1000.9544423339196
14,1096.0871478912204,1401.0960871478912
11,939.0681921841851,1100.939068192184
11,932.7674270041155,1100.9327674270041
13,1056.7119161378546,1301.0567119161378
12,1010.4139835995137,1201.0104139835996
10,890.6874186335515,1000.8906874186335
12,979.2268244454432,1200.9792268244455
11,934.4906255653784,1100.9344906255653
11,971.2228884404201,1100.9712228884405
12,911.3915282076887,1200.9113915282078
13,1003.434713360109,1301.00343471336
12,1033.9432890826336,1201.0339432890826
11,923.8794447961346,1100.923879444796
11,871.0424042757816,1100.8710424042758
