num_vehicles,distance,fitness
7,743.2970155147732,700.7432970155148
8,822.1554559077086,800.8221554559077
7,718.6448352938535,700.7186448352938
6,699.2422274516621,600.6992422274517
6,766.1869424552567,600.7661869424553
7,769.9685204154148,700.7699685204154
6,808.803742865327,600.8088037428653
7,875.8065406742214,700.8758065406743
6,749.2381121123182,600.7492381121123
8,993.2855267723719,800.9932855267724
9,965.5319404944629,900.9655319404944
9,900.5034721824213,900.9005034721824
8,873.7647270666824,800.8737647270667
8,905.3151887990775,800.905315188799
8,873.1827898221298,800.8731827898222
10,964.030816116517,1000.9640308161165
10,927.7199659677683,1000.9277199659678
11,1070.4439116087522,1101.0704439116087
9,850.7032196441863,900.8507032196442
8,789.9919166122172,800.7899919166122
