num_vehicles,distance,fitness
7,847.9959707224298,700.8479959707224
6,793.5594480131446,600.7935594480132
6,776.7124882313776,600.7767124882314
6,739.0320855192399,600.7390320855193
7,854.6329653245356,700.8546329653245
6,774.0651054321144,600.7740651054321
7,866.8722054627227,700.8668722054628
8,976.9283941028497,800.9769283941029
9,929.486924485107,900.9294869244851
9,921.3156475786386,900.9213156475787
8,946.1600796777464,800.9461600796777
9,901.6873100084224,900.9016873100085
7,872.257216063219,700.8722572160632
10,1017.8577424892375,1001.0178577424892
8,801.9984873123461,800.8019984873123
9,1005.850485767718,901.0058504857677
8,897.9494448603165,800.8979494448603
8,920.4714572502536,800.9204714572503
8,908.8193178410332,800.908819317841
7,819.7657543905423,700.8197657543906
