num_vehicles,distance,fitness
7,864.4833286468569,700.8644833286469
10,833.5788480966487,1000.8335788480966
9,817.8801333995721,900.8178801333996
10,808.694437041305,1000.8086944370413
10,795.5682711103449,1000.7955682711104
13,922.2769850837683,1300.9222769850837
12,895.2826242788216,1200.895282624279
11,765.6324921700481,1100.76563249217
8,795.2621288677245,800.7952621288678
13,872.863138199085,1300.8728631381991
11,949.7363389355298,1100.9497363389355
10,972.3929282333579,1000.9723929282334
12,903.4436479135014,1200.9034436479135
11,967.2362841970563,1100.967236284197
11,896.2198400171843,1100.8962198400172
12,1065.14681432601,1201.065146814326
14,1041.2283125330387,1401.0412283125331
10,990.5508181294658,1000.9905508181295
10,973.3844462641979,1000.9733844462642
12,952.350486623913,1200.9523504866238
