num_vehicles,distance,fitness
6,738.2850068179622,600.7382850068179
7,847.635046453084,700.8476350464531
8,767.0515895778726,800.7670515895778
10,996.9436257001155,1000.9969436257002
9,880.0636967855247,900.8800636967856
10,844.0878171359013,1000.8440878171359
12,1057.514889233123,1201.057514889233
13,1056.8348111862442,1301.0568348111863
11,992.1822846328591,1100.992182284633
9,891.9925088988068,900.8919925088989
10,920.7204379848731,1000.9207204379849
10,991.389419662495,1000.9913894196625
9,898.9593440082058,900.8989593440082
9,922.6759510505532,900.9226759510506
11,1002.349964595789,1101.0023499645959
11,993.1860371538653,1100.993186037154
12,1001.0448705805661,1201.0010448705805
10,1035.4377684311537,1001.0354377684312
9,1014.1552056897954,901.0141552056898
10,1020.5102509927071,1001.0205102509927
