num_vehicles,distance,fitness
6,849.5290070488132,600.8495290070488
8,864.0907647959407,800.864090764796
8,762.5387350091313,800.7625387350091
10,930.64775293655,1000.9306477529366
9,869.4340251954535,900.8694340251955
10,1057.1566960313412,1001.0571566960314
9,938.817473081352,900.9388174730814
9,846.8535640583684,900.8468535640584
9,911.4690782680609,900.911469078268
9,866.8840046010077,900.866884004601
9,852.3616221728171,900.8523616221728
9,1002.8519902514436,901.0028519902514
10,971.0460702592634,1000.9710460702593
9,871.3405291016094,900.8713405291016
11,968.4728322580437,1100.968472832258
9,944.0736530483834,900.9440736530483
9,937.4697665202317,900.9374697665203
10,964.0900804010658,1000.9640900804011
8,910.5152782132154,800.9105152782132
10,924.9480469570385,1000.9249480469571
