num_vehicles,distance,fitness
6,762.3946846662257,600.7623946846662
7,748.8405448038865,700.7488405448039
9,857.3635039028222,900.8573635039028
6,726.2151704154938,600.7262151704155
7,745.5370191978361,700.7455370191979
7,832.3560073855197,700.8323560073856
7,777.4498292754249,700.7774498292754
8,864.9590913438587,800.8649590913438
9,933.7527208879758,900.9337527208879
8,898.9426993993198,800.8989426993993
8,929.4441502990946,800.9294441502991
8,970.4366438731417,800.9704366438731
9,954.0530635393777,900.9540530635394
9,904.3492863834481,900.9043492863834
8,833.0176330884345,800.8330176330884
8,775.888178799453,800.7758881787995
8,765.0526948748159,800.7650526948748
9,848.187886427486,900.8481878864275
8,1003.7144423841157,801.0037144423841
9,874.925078352556,900.8749250783526
