num_vehicles,distance,fitness
7,842.8913236348984,700.842891323635
7,886.3394305414564,700.8863394305415
6,808.1422673460856,600.808142267346
7,786.4168000892882,700.7864168000893
7,839.3257854490178,700.839325785449
7,762.4793519796197,700.7624793519797
7,875.6859029446534,700.8756859029446
6,718.8569178022539,600.7188569178022
6,860.9471452736324,600.8609471452736
11,1065.9436990000495,1101.065943699
10,905.4560058019982,1000.905456005802
10,940.604984198689,1000.9406049841987
10,972.2738512336064,1000.9722738512336
9,881.8919115650242,900.881891911565
10,937.072689012185,1000.9370726890122
9,962.2143984547707,900.9622143984548
9,1050.7605423008483,901.0507605423008
9,913.2477351134573,900.9132477351135
7,743.8733144538447,700.7438733144538
10,899.2875500415794,1000.8992875500415
