num_vehicles,distance,fitness
4,918.1606608150763,400.9181606608151
5,910.8320175319559,500.91083201753196
5,878.1024582795035,500.8781024582795
4,819.9921049611684,400.81999210496116
5,805.1292752951481,500.80512927529514
5,757.5435272680681,500.75754352726807
5,759.7833048100006,500.75978330481
5,931.5915017546977,500.9315915017547
5,838.6322475847044,500.8386322475847
4,819.3424912139794,400.819342491214
9,957.481161616351,900.9574811616163
7,904.6329570842821,700.9046329570842
7,875.1155732773867,700.8751155732774
7,904.8288617228607,700.9048288617229
7,832.45237628134,700.8324523762814
6,906.5302126202655,600.9065302126203
7,846.0839913717964,700.8460839913718
7,997.6703992867099,700.9976703992867
7,864.4188611060827,700.8644188611061
7,845.042669515205,700.8450426695152
