num_vehicles,distance,fitness
4,848.564939599413,400.84856493959944
4,799.0836250350239,400.799083625035
4,921.2892472445018,400.9212892472445
4,851.4016473944903,400.8514016473945
4,1007.3159903637177,401.00731599036374
7,1009.3524153319302,701.0093524153319
6,979.3148263256369,600.9793148263257
6,921.8025476630331,600.921802547663
7,913.3865268408081,700.9133865268408
6,934.2216444306953,600.9342216444307
8,908.4408681068458,800.9084408681068
5,888.4902735648479,500.88849027356486
5,791.469752514333,500.79146975251433
6,878.0620928313574,600.8780620928313
5,920.7598916017574,500.92075989160173
6,800.926176759249,600.8009261767593
5,951.4705159052673,500.95147051590527
8,943.394807911934,800.9433948079119
7,975.1462936528035,700.9751462936528
7,806.8449982191781,700.8068449982192
