num_vehicles,distance,fitness
4,937.6570066368039,400.9376570066368
4,936.8906629621039,400.9368906629621
5,988.4760818290999,500.9884760818291
4,939.9556913512668,400.93995569135126
4,831.5637476889224,400.8315637476889
6,875.0795673359712,600.875079567336
4,936.751561472719,400.9367515614727
4,832.8862070299949,400.83288620703
5,988.2888205323235,500.9882888205323
5,860.7418222702677,500.86074182227026
5,950.4160338970079,500.950416033897
5,942.2295486472899,500.9422295486473
4,946.8821186979666,400.94688211869794
4,801.6952963735772,400.80169529637357
5,946.7947947428152,500.9467947947428
5,955.6257469445461,500.9556257469445
5,901.8068037243276,500.90180680372436
5,869.476811027275,500.86947681102725
4,893.9954646263067,400.8939954646263
5,1001.1246564377047,501.0011246564377
