num_vehicles,distance,fitness
4,887.2260787198006,400.8872260787198
4,866.9848251963247,400.8669848251963
4,850.7091106826593,400.85070911068266
4,876.7502843020197,400.87675028430203
5,952.0828668784586,500.95208286687847
6,1010.5753333407063,601.0105753333407
4,918.3050662688506,400.91830506626883
5,915.5061786273101,500.9155061786273
5,1049.2465963806205,501.0492465963806
5,855.0154376138192,500.8550154376138
5,972.871699911742,500.97287169991176
5,854.1911029019819,500.854191102902
5,928.1792095660251,500.928179209566
5,810.1369499406003,500.8101369499406
4,884.391907954904,400.8843919079549
5,1010.5913799253201,501.0105913799253
4,890.6245074435327,400.89062450744353
5,834.2500150903423,500.83425001509033
5,925.8640166302148,500.9258640166302
5,914.1396346406252,500.9141396346406
