num_vehicles,distance,fitness
4,1099.2379083158141,401.0992379083158
4,1057.8496139764927,401.0578496139765
4,1043.171748938094,401.0431717489381
4,893.1036661238851,400.89310366612386
4,992.5051438142675,400.99250514381424
4,1002.260350853946,401.00226035085393
5,1020.4042980311933,501.02040429803117
5,808.3814923858222,500.8083814923858
5,1018.9331602417949,501.0189331602418
5,927.7598542010977,500.9277598542011
4,934.1941889282714,400.93419418892825
5,937.4763988817557,500.93747639888176
5,900.4093449968693,500.9004093449969
5,1039.3366527556486,501.03933665275565
4,936.1061957789896,400.93610619577896
5,909.410142846299,500.9094101428463
5,992.3103967500253,500.99231039675004
5,947.6096873800273,500.94760968738
5,1060.5503819399091,501.0605503819399
5,871.073865352464,500.87107386535246
