num_vehicles,distance,fitness
4,990.4776981132496,400.99047769811324
4,961.7016026190511,400.96170160261903
4,1089.4162202767995,401.0894162202768
4,957.8775170232532,400.95787751702323
4,979.907458636588,400.9799074586366
4,841.6963575442637,400.84169635754427
5,1004.5464109998607,501.00454641099986
4,971.5883057612667,400.97158830576126
4,911.5655621495952,400.9115655621496
4,968.0531205454366,400.96805312054545
4,937.4497288190489,400.93744972881905
5,948.3737920069235,500.9483737920069
5,933.2503952360242,500.93325039523603
4,888.1135731144966,400.8881135731145
4,1073.3844877861884,401.0733844877862
5,911.5547001147263,500.9115547001147
5,959.949226298639,500.95994922629865
5,906.093741048456,500.90609374104844
4,929.7574942432551,400.92975749424323
4,903.9511882675038,400.9039511882675
