num_vehicles,distance,fitness
4,954.4951724086313,400.95449517240866
4,934.9969755632828,400.9349969755633
5,861.5019539596692,500.86150195395965
4,980.6410470179235,400.9806410470179
5,806.3699390666527,500.80636993906666
4,758.5310896057508,400.75853108960575
4,846.1126108820984,400.8461126108821
5,1019.692091365846,501.01969209136587
5,903.0061722590201,500.90300617225904
5,863.5249355154572,500.86352493551544
5,965.5817393662676,500.96558173936626
4,876.4789349263369,400.87647893492635
4,914.915637835066,400.91491563783507
5,899.2094010340617,500.89920940103406
5,798.0969168366821,500.7980969168367
5,855.4926369696016,500.8554926369696
5,931.6719662442689,500.93167196624427
5,784.696030237899,500.7846960302379
5,933.0196786591805,500.9330196786592
5,990.6429087388585,500.99064290873883
