num_vehicles,distance,fitness
8,894.5607712993112,800.8945607712993
9,938.2944271795719,900.9382944271796
9,1007.9647249956028,901.0079647249956
10,996.3339825677012,1000.9963339825676
8,849.1524273507019,800.8491524273506
8,895.2666369442942,800.8952666369443
10,930.0507056748916,1000.930050705675
10,1072.1481380080993,1001.0721481380081
11,1004.3859328756862,1101.0043859328757
10,1010.9314104771862,1001.0109314104772
12,1123.577014313059,1201.123577014313
11,1122.641561105832,1101.1226415611059
12,1154.990409492727,1201.1549904094927
10,1081.2946208252354,1001.0812946208252
11,1013.4300344250448,1101.013430034425
11,1110.080665263674,1101.1100806652637
12,1126.478933962551,1201.1264789339625
10,1045.739169146673,1001.0457391691467
11,1037.9175805895215,1101.0379175805895
10,1037.7681488361086,1001.0377681488361
