num_vehicles,distance,fitness
8,962.0780328369437,800.962078032837
8,803.242426735845,800.8032424267359
8,804.762733220198,800.8047627332202
7,783.4455767977232,700.7834455767977
9,876.5046606694049,900.8765046606694
10,1033.7465964690605,1001.0337465964691
10,1149.0140907181801,1001.1490140907182
8,846.2682861141795,800.8462682861142
9,1059.9334205932416,901.0599334205932
9,1051.7014118719906,901.051701411872
10,1026.6383532172756,1001.0266383532173
8,1031.4977733799992,801.03149777338
8,970.6022244101026,800.9706022244101
8,992.5648919365188,800.9925648919365
8,967.3574311518962,800.9673574311519
9,985.525020849385,900.9855250208494
8,971.7934150651859,800.9717934150652
9,1130.72532740405,901.1307253274041
10,1141.629672706807,1001.1416296727068
8,971.1658194330446,800.971165819433
