num_vehicles,distance,fitness
7,792.558481332472,700.7925584813324
7,942.479199118882,700.9424791991189
7,933.389479918074,700.9333894799181
8,1001.3841143471109,801.0013841143472
7,941.9902720855528,700.9419902720856
10,1155.8891718300247,1001.15588917183
7,946.100449925373,700.9461004499253
8,1124.8613914893417,801.1248613914894
9,952.8494319990734,900.9528494319991
8,1146.4811807045326,801.1464811807045
8,1027.153363148141,801.0271533631482
8,961.3683166745128,800.9613683166746
9,1063.2292166805762,901.0632292166806
9,1110.3976029832222,901.1103976029832
11,1395.263748789288,1101.3952637487894
9,1088.8274026813058,901.0888274026813
8,1068.4085257517945,801.0684085257518
9,1041.3186450891467,901.0413186450892
8,980.8918373590816,800.9808918373591
10,1113.8427984569926,1001.113842798457
