num_vehicles,distance,fitness
7,791.5872570391791,700.7915872570392
7,889.6323307973626,700.8896323307973
8,1094.0448637451275,801.0940448637451
7,784.7790432274039,700.7847790432274
7,817.1436074738954,700.8171436074739
7,751.557399945407,700.7515573999455
7,844.7927091063066,700.8447927091063
9,1196.6328922676573,901.1966328922676
9,1135.3648896120644,901.1353648896121
8,957.3719850770069,800.957371985077
9,1045.102069113755,901.0451020691138
9,1251.774444309151,901.2517744443091
8,997.4166231118049,800.9974166231118
9,1052.3145101185435,901.0523145101185
8,981.745034058963,800.9817450340589
9,1098.4281947867628,901.0984281947867
8,982.9010626360619,800.9829010626361
8,1028.912862112905,801.0289128621129
8,1141.646005640659,801.1416460056406
8,1074.1969826642298,801.0741969826643
