num_vehicles,distance,fitness
8,1070.571296979287,801.0705712969793
7,1018.7983495560023,701.018798349556
7,844.4223598358819,700.8444223598359
7,1039.605988474154,701.0396059884741
7,956.8321140066997,700.9568321140067
7,931.4516921921436,700.9314516921921
7,1101.2049240100964,701.1012049240101
7,909.9697401250144,700.909969740125
8,1055.1151675391511,801.0551151675392
9,1076.2999715834105,901.0762999715835
8,1073.5460582102066,801.0735460582102
7,919.1246469139096,700.9191246469139
8,1045.7914797555695,801.0457914797556
9,1210.8311208501927,901.2108311208502
9,1206.7430211302649,901.2067430211303
8,1011.4604932635549,801.0114604932636
8,1027.143122938993,801.027143122939
7,1145.884692427117,701.1458846924271
8,1013.3596714562715,801.0133596714563
9,1017.7842426402648,901.0177842426402
