num_vehicles,distance,fitness
5,1310.0844333327757,501.3100844333328
5,968.0112614690248,500.96801126146903
4,1133.300865787877,401.1333008657879
5,1130.5953585475156,501.1305953585475
6,1095.2552526962836,601.0952552526962
5,1142.2205894541853,501.1422205894542
5,1144.697326447078,501.1446973264471
5,1147.5519268047053,501.1475519268047
6,1189.0281416261887,601.1890281416262
6,1034.3438867174443,601.0343438867175
6,1120.4486213482526,601.1204486213483
5,1078.4395168554718,501.0784395168555
5,1291.3814337449112,501.2913814337449
6,1188.2658511841953,601.1882658511842
6,1263.68214956476,601.2636821495647
6,1100.3817961284963,601.1003817961285
6,1289.3183641824896,601.2893183641825
5,1050.7127899368127,501.0507127899368
5,1137.6496798699525,501.13764967987
5,1068.710605725135,501.06871060572513
