num_vehicles,distance,fitness
4,1067.7019895573885,401.0677019895574
4,1095.8150875982747,401.0958150875983
4,1118.2540840573683,401.11825408405736
4,1089.992030776114,401.0899920307761
5,1076.7455495825157,501.07674554958254
5,1205.0083599711206,501.20500835997115
5,1005.0041070714384,501.00500410707144
5,1108.4554526221052,501.1084554526221
6,1164.656593859103,601.1646565938591
5,986.3856011272543,500.98638560112727
6,1086.1771699066887,601.0861771699067
6,1228.2728388482594,601.2282728388483
5,1175.2087435226367,501.17520874352266
5,1156.7414886835954,501.1567414886836
5,1399.6926949298918,501.3996926949299
5,1045.5311373853306,501.04553113738535
5,1012.1782145397516,501.01217821453974
5,1024.5606692341942,501.0245606692342
5,1097.7025369613243,501.0977025369613
5,1309.787282365143,501.30978728236516
