num_vehicles,distance,fitness
5,1206.7227033268164,501.2067227033268
8,1233.4834904182392,801.2334834904183
6,1074.9658251771325,601.0749658251772
5,1044.922761641705,501.0449227616417
6,1149.2165804256767,601.1492165804257
7,1174.5967321796525,701.1745967321797
5,956.8669052584085,500.9568669052584
7,1330.1443162408573,701.3301443162409
7,1153.535324718443,701.1535353247184
7,1147.7580488230606,701.1477580488231
8,1246.1364848289898,801.246136484829
7,1294.8716157424099,701.2948716157424
5,1290.00474363107,501.2900047436311
7,1211.8471428702544,701.2118471428703
8,1439.1177576340897,801.4391177576341
7,1158.559269377705,701.1585592693777
6,1210.3298437016474,601.2103298437016
8,1259.8793321438313,801.2598793321438
7,1324.8824444247205,701.3248824444247
6,1250.3046453255674,601.2503046453255
