num_vehicles,distance,fitness
5,1098.2107185369055,501.0982107185369
5,953.1689754757687,500.95316897547576
6,913.2237211209282,600.913223721121
5,1141.112814163635,501.14111281416365
5,1128.6348272189891,501.128634827219
6,1232.4867586976166,601.2324867586976
7,1221.5845019809105,701.2215845019809
7,1086.7814904910308,701.086781490491
6,1119.144444773423,601.1191444447734
7,1082.9053651804968,701.0829053651805
5,1115.3831277403324,501.11538312774036
6,1112.9472785079065,601.1129472785079
7,1217.530685516928,701.217530685517
6,1011.5729713885387,601.0115729713885
7,1104.9483964552685,701.1049483964553
6,1172.086378875443,601.1720863788754
6,1272.4920089927732,601.2724920089928
6,1141.0012085833291,601.1410012085834
6,1130.029348943158,601.1300293489431
6,1138.571731113968,601.138571731114
