num_vehicles,distance,fitness
5,1156.9680017061987,501.1569680017062
5,1150.942754267922,501.15094275426793
5,1137.0854506804153,501.1370854506804
5,944.5172004383719,500.9445172004384
4,1186.2387231176524,401.18623872311764
4,990.3523687452378,400.9903523687452
5,1180.4107891086037,501.1804107891086
5,1156.4033627077772,501.15640336270775
6,1444.226436260155,601.4442264362601
4,1037.5456640599186,401.0375456640599
5,995.8198295274947,500.9958198295275
5,1037.3750247769672,501.03737502477696
5,1278.7842198984351,501.27878421989845
5,1043.9900616807474,501.04399006168074
5,1209.009585715263,501.20900958571525
5,1105.8727122760833,501.1058727122761
5,1302.96415839203,501.30296415839206
5,1203.3983661520058,501.203398366152
4,1322.009829041579,401.3220098290416
5,1090.6303995551941,501.0906303995552
