num_vehicles,distance,fitness,time
3.0,187.44945538505974,300.18744945538504,236.6039595603943
3.0,187.44945538505974,300.18744945538504,237.72519969940186
3.0,187.44945538505974,300.18744945538504,237.67970180511475
3.0,187.44945538505974,300.18744945538504,239.6364459991455
