num_vehicles,distance,fitness,time
3.0,187.44945538505974,300.18744945538504,236.6039595603943
