num_vehicles,distance,fitness
7,537.3913739362137,700.5373913739362
9,635.9256023354101,900.6359256023354
9,661.9782125391357,900.6619782125391
9,607.4303866685696,900.6074303866686
7,566.3190705478979,700.5663190705479
8,644.0524524227194,800.6440524524227
9,658.4650326165429,900.6584650326165
10,659.0228215310817,1000.659022821531
10,782.1214605209244,1000.7821214605209
11,686.183733636828,1100.6861837336369
9,584.3304795742682,900.5843304795743
11,741.3630919659748,1100.741363091966
12,765.289425655375,1200.7652894256553
10,765.7084707790766,1000.765708470779
12,762.0042964238285,1200.7620042964238
10,709.9440077628065,1000.7099440077628
9,640.3144729516445,900.6403144729517
9,661.1458402684202,900.6611458402684
11,750.1206275439829,1100.750120627544
10,668.5416896225048,1000.6685416896225
