num_vehicles,distance,fitness
6,447.6452532027363,600.4476452532027
7,642.3369588876603,700.6423369588877
7,602.1135826295288,700.6021135826295
9,741.9243293748123,900.7419243293748
8,647.6450622729919,800.647645062273
7,530.988455779522,700.5309884557795
8,604.6350613342486,800.6046350613342
7,545.6135695536651,700.5456135695537
9,611.2560272247541,900.6112560272247
9,742.5526933827766,900.7425526933828
9,671.765704929715,900.6717657049297
8,625.4439140018428,800.6254439140018
8,607.7193422203071,800.6077193422203
10,749.5225395634441,1000.7495225395635
9,606.389476073346,900.6063894760733
9,623.7886814339224,900.6237886814339
9,643.1438343810224,900.643143834381
8,585.9424909036949,800.5859424909037
10,745.9154073618311,1000.7459154073618
9,713.6205552039197,900.7136205552039
