num_vehicles,distance,fitness
7,495.26436520284466,700.4952643652028
7,620.2950102585507,700.6202950102586
7,644.7475104349468,700.644747510435
6,523.7555755033653,600.5237555755034
7,503.90422085696963,700.503904220857
6,532.8870578403364,600.5328870578403
7,633.5452082815439,700.6335452082816
8,703.47694252046,800.7034769425204
8,672.9358994091282,800.6729358994091
7,607.0201024766706,700.6070201024767
7,671.0825972295899,700.6710825972295
8,741.3770182215351,800.7413770182216
9,794.7381715067661,900.7947381715068
8,739.4194861594348,800.7394194861595
8,647.1927612518343,800.6471927612519
9,672.1975492014594,900.6721975492014
7,662.2862966372879,700.6622862966373
8,658.6567347885,800.6586567347885
8,710.9808393032032,800.7109808393031
8,771.3404682231733,800.7713404682232
