num_vehicles,distance,fitness
7,512.2931205274929,700.5122931205275
7,591.7741826648869,700.5917741826648
6,592.3358876902471,600.5923358876903
7,576.5579361852974,700.5765579361853
7,541.7073800292467,700.5417073800293
6,487.8783782312334,600.4878783782312
7,594.4402448036852,700.5944402448036
8,662.9418443552893,800.6629418443553
7,735.3670694470333,700.7353670694471
7,652.877108957993,700.652877108958
7,577.5261937477097,700.5775261937478
7,647.9173850571349,700.6479173850571
7,685.8761426019123,700.685876142602
7,662.4517714947119,700.6624517714947
8,694.799206805415,800.6947992068054
7,693.8515591994244,700.6938515591994
8,697.5890318344688,800.6975890318345
7,573.5515919195525,700.5735515919196
8,671.6533320369734,800.671653332037
8,696.3317024151318,800.6963317024151
