num_vehicles,distance,fitness
7,658.8124637298049,700.6588124637298
8,623.1391281676862,800.6231391281677
11,754.1044700073522,1100.7541044700074
9,699.4079260073049,900.6994079260073
9,665.0279269117035,900.6650279269116
10,698.593935553753,1000.6985939355537
9,639.1269767492358,900.6391269767493
8,490.7556927552494,800.4907556927552
7,565.665922371472,700.5656659223715
9,681.6039439232663,900.6816039439233
8,599.1858822797964,800.5991858822798
7,657.7423994229363,700.6577423994229
10,717.751339291187,1000.7177513392912
10,711.5928620678567,1000.7115928620678
9,669.3104841386203,900.6693104841386
10,611.0155708418044,1000.6110155708418
11,769.3565376187488,1100.7693565376187
8,605.8431181582337,800.6058431181582
9,724.122926426868,900.7241229264268
12,764.0003316620476,1200.7640003316621
