num_vehicles,distance,fitness
7,599.946623310844,700.5999466233109
8,684.1384567420274,800.6841384567421
7,598.8049086925649,700.5988049086926
7,610.5812887381257,700.6105812887381
9,792.2952752566412,900.7922952752566
8,639.6301840160202,800.639630184016
7,637.8398336700196,700.63783983367
7,630.2105754693066,700.6302105754693
9,702.8651101985159,900.7028651101986
8,679.3685070650712,800.6793685070651
8,650.935414022431,800.6509354140225
8,699.78058525147,800.6997805852515
10,776.8345376330399,1000.776834537633
9,677.2421255211123,900.6772421255212
8,635.528865542466,800.6355288655425
10,726.5732627756628,1000.7265732627757
10,780.5548329469124,1000.7805548329469
9,704.0197866047697,900.7040197866048
10,687.134871139003,1000.687134871139
9,641.716687002325,900.6417166870024
