num_vehicles,distance,fitness
7,664.5333586844342,700.6645333586845
7,648.5342101166918,700.6485342101167
8,571.6922573695944,800.5716922573696
7,623.7375878163742,700.6237375878163
7,597.915786666735,700.5979157866667
8,719.2833621123989,800.7192833621124
7,689.8803586310994,700.6898803586311
7,589.4779561969353,700.5894779561969
7,584.1810418457353,700.5841810418457
7,647.8025562623629,700.6478025562624
7,642.7335898320985,700.6427335898321
10,688.1446245312279,1000.6881446245312
8,625.2762489962545,800.6252762489962
8,634.9708995016289,800.6349708995016
8,616.8625611591357,800.6168625611591
8,678.0519955729692,800.678051995573
8,687.4430381626859,800.6874430381627
9,739.3462553516321,900.7393462553516
8,671.7730316720742,800.671773031672
7,682.6243255816369,700.6826243255816
