num_vehicles,distance,fitness
7,636.8199997144283,700.6368199997145
7,622.849172721532,700.6228491727215
6,563.2232300638838,600.5632232300638
7,715.8229797506868,700.7158229797507
7,593.1220857551051,700.5931220857551
7,665.4766839039099,700.6654766839039
7,704.8705173285052,700.7048705173285
7,647.7248184427962,700.6477248184428
8,611.7511919251177,800.6117511919251
7,596.5155583561254,700.5965155583561
7,649.3438097103905,700.6493438097104
8,635.3416933302999,800.6353416933302
7,640.3464229217911,700.6403464229218
7,598.2852792930986,700.5982852792931
7,575.9478036227915,700.5759478036227
7,677.566815291869,700.6775668152919
7,679.2527825535699,700.6792527825536
7,595.3091861361384,700.5953091861361
7,599.4991577925049,700.5994991577925
7,720.3163975063587,700.7203163975064
