num_vehicles,distance,fitness
5,512.8102709016586,500.51281027090164
5,611.6283108813391,500.6116283108813
5,540.6669356347572,500.54066693563476
5,571.8395035701667,500.5718395035702
5,519.5061719757778,500.51950617197576
5,573.7961342092239,500.5737961342092
7,677.2975008954959,700.6772975008955
7,711.0057446099515,700.7110057446099
6,603.4112848646648,600.6034112848647
7,723.6941179385447,700.7236941179385
7,796.8772778265406,700.7968772778265
6,687.6714885902908,600.6876714885902
7,685.4985743950981,700.6854985743951
8,658.3010315761098,800.6583010315761
5,680.4711841514893,500.6804711841515
9,729.6560805912583,900.7296560805912
7,677.9705887150094,700.677970588715
5,686.6104636089243,500.68661046360893
6,788.945146358609,600.7889451463586
5,539.1752395933858,500.53917523959336
