num_vehicles,distance,fitness
5,555.9485643976219,500.5559485643976
5,535.2351186066771,500.5352351186067
5,636.4855277919934,500.636485527792
5,550.1271509202764,500.5501271509203
5,545.6168421813577,500.54561684218135
5,626.8937149041901,500.6268937149042
6,681.2316415810001,600.681231641581
6,747.9783829214591,600.7479783829215
7,766.8603264147533,700.7668603264148
6,761.5046266199087,600.7615046266199
8,750.5559298561484,800.7505559298562
6,671.4408026826235,600.6714408026826
6,728.8031355258456,600.7288031355258
6,770.7823417508018,600.7707823417508
8,840.4951953409656,800.840495195341
7,726.7866979556268,700.7267866979556
6,849.0178462581422,600.8490178462581
6,765.2177427388158,600.7652177427389
6,732.055581784703,600.7320555817847
6,728.4160151912074,600.7284160151912
