num_vehicles,distance,fitness
5,534.3361221591722,500.5343361221592
5,578.283390288752,500.57828339028873
5,553.5032912177955,500.5535032912178
5,594.043056919948,500.59404305691993
5,584.1344323482779,500.58413443234826
5,654.044839197889,500.65404483919787
5,521.5091738508675,500.52150917385086
5,558.5740574928834,500.5585740574929
5,619.3295700098248,500.6193295700098
5,750.9810805547112,500.7509810805547
6,782.609274687379,600.7826092746874
5,725.8068240196638,500.7258068240197
5,787.9815176649117,500.7879815176649
5,752.9166326177627,500.75291663261777
5,788.675412551001,500.788675412551
6,777.1724459225902,600.7771724459226
5,751.2170952224199,500.75121709522244
5,797.1178542837255,500.7971178542837
5,708.8479041383403,500.70884790413834
5,689.7879325386742,500.68978793253865
