num_vehicles,distance,fitness
5,492.8496652239143,500.4928496652239
5,505.18989106759415,500.5051898910676
6,550.2321629817137,600.5502321629817
5,499.3728339683674,500.4993728339684
6,458.4364942381135,600.4584364942381
6,569.2001899613756,600.5692001899614
6,631.7706198593097,600.6317706198593
5,579.4575411176868,500.5794575411177
5,664.3549821336163,500.6643549821336
6,624.5905202726491,600.6245905202727
7,651.1523441665099,700.6511523441665
6,580.9110784163523,600.5809110784163
6,586.2788025889218,600.5862788025889
5,559.2474079600163,500.55924740796
5,625.274768243023,500.625274768243
5,599.7539986508045,500.5997539986508
6,633.5138447590135,600.633513844759
5,582.981562070519,500.58298156207053
5,621.75433042787,500.62175433042785
6,638.4251097255265,600.6384251097255
