num_vehicles,distance,fitness
8,801.6266998825827,800.8016266998826
9,863.2452541812631,900.8632452541813
8,874.642542737723,800.8746425427378
10,839.2187878625576,1000.8392187878626
8,816.5692772950732,800.8165692772951
12,904.3795271388815,1200.9043795271389
9,797.5318897010854,900.7975318897011
8,785.744530264744,800.7857445302648
8,817.0406239440067,800.817040623944
10,819.5114728082144,1000.8195114728082
8,860.112203289257,800.8601122032893
9,789.1736308050102,900.7891736308051
11,977.2401297199294,1100.97724012972
13,992.3346510217411,1300.9923346510218
10,999.7081428662324,1000.9997081428662
12,914.861323962899,1200.914861323963
13,1041.0987431702104,1301.0410987431703
12,1013.8493249642863,1201.0138493249642
11,942.0226403747134,1100.9420226403747
13,1020.944618094546,1301.0209446180945
