num_vehicles,distance,fitness
7,743.2970155147732,700.7432970155148
6,735.5828256390423,600.7355828256391
7,759.3197478305823,700.7593197478305
9,855.679096501186,900.8556790965011
6,737.3602631502929,600.7373602631503
6,834.529811273725,600.8345298112737
8,935.4985154089252,800.9354985154089
9,914.5560053902097,900.9145560053902
11,990.5264725705647,1100.9905264725705
9,938.4134532655971,900.9384134532656
9,1003.7566261297287,901.0037566261298
10,953.5791113347475,1000.9535791113348
9,940.7167284137067,900.9407167284137
11,974.1962879661424,1100.9741962879662
8,907.3694083102686,800.9073694083103
10,885.1649079136783,1000.8851649079137
10,924.6105500562498,1000.9246105500563
10,1015.0136824775943,1001.0150136824776
11,979.0768747082927,1100.9790768747082
11,908.2685542032608,1100.9082685542032
