num_vehicles,distance,fitness
7,864.4833286468569,700.8644833286469
10,865.9492164418343,1000.8659492164419
12,808.4324103786641,1200.8084324103786
9,838.4134325161025,900.8384134325161
10,802.1549488474043,1000.8021549488474
10,816.3556142805281,1000.8163556142805
11,977.929426371322,1100.9779294263712
12,895.390152423524,1200.8953901524235
11,958.7740045050189,1100.9587740045051
14,1056.5169224867323,1401.0565169224867
10,911.530511469668,1000.9115305114697
12,1021.7646422952128,1201.0217646422952
11,930.9254355752066,1100.9309254355753
9,843.0014735576207,900.8430014735576
10,934.3048082762509,1000.9343048082762
12,937.6339962029297,1200.937633996203
12,950.0586577173779,1200.9500586577174
10,906.0492767722491,1000.9060492767723
12,947.9592636018547,1200.947959263602
12,981.5668419501704,1200.98156684195
