num_vehicles,distance,fitness
7,818.2437983267619,700.8182437983268
7,786.0388616345649,700.7860388616346
6,871.2960633845951,600.8712960633846
6,857.3740766158769,600.8573740766159
6,796.1201438317829,600.7961201438318
8,879.1103878412666,800.8791103878413
9,851.0212344032235,900.8510212344032
11,965.4124280217876,1100.9654124280219
8,989.2935631903581,800.9892935631904
10,930.6441217174126,1000.9306441217174
9,848.4646465737843,900.8484646465738
8,849.454852752814,800.8494548527528
9,905.0180586378091,900.9050180586378
7,902.17284887209,700.902172848872
10,1012.5870993164926,1001.0125870993165
8,840.6675169820268,800.8406675169821
8,867.5547252218805,800.8675547252219
9,979.5721280455145,900.9795721280456
10,1027.9781097818118,1001.0279781097818
9,938.0433601339414,900.938043360134
