num_vehicles,distance,fitness
7,842.8913236348984,700.842891323635
7,818.5747613550159,700.818574761355
7,849.003493854725,700.8490034938548
7,801.9435447715015,700.8019435447715
7,760.0281563496682,700.7600281563497
6,829.0236414108036,600.8290236414108
7,801.2833631609974,700.801283363161
9,940.539722255427,900.9405397222554
10,1022.5135729898267,1001.0225135729899
9,907.7138394392566,900.9077138394392
10,961.7392083191922,1000.9617392083192
10,959.2049575398694,1000.9592049575399
8,973.7533325701436,800.9737533325701
7,861.1263157980233,700.8611263157981
10,961.1458552965647,1000.9611458552965
8,811.7276056068176,800.8117276056068
8,806.3292834394567,800.8063292834395
10,889.3056570119012,1000.8893056570118
9,995.8366846225199,900.9958366846225
9,913.7583673889583,900.9137583673889
