num_vehicles,distance,fitness
6,840.3646523098904,600.8403646523099
6,787.8547957223005,600.7878547957223
6,838.4409216410068,600.838440921641
7,774.3006110330587,700.774300611033
7,840.8557835255673,700.8408557835255
6,887.2584615096786,600.8872584615096
7,854.0297127837566,700.8540297127838
7,918.3062171737637,700.9183062171737
7,947.3433589195591,700.9473433589195
7,910.8915045941718,700.9108915045941
7,876.8561769938636,700.8768561769939
7,922.5481073564474,700.9225481073564
7,926.426049106965,700.926426049107
7,867.9649641135633,700.8679649641135
7,902.7454841440683,700.902745484144
7,948.8969473000752,700.9488969473001
7,949.6106868663045,700.9496106868663
7,915.2187401126022,700.9152187401126
7,881.153370697589,700.8811533706976
7,876.1209640213212,700.8761209640213
