num_vehicles,distance,fitness
4,1071.3637846072347,401.07136378460723
4,991.5212268579496,400.99152122685797
4,1063.5288995860335,401.06352889958606
4,1034.7558428320615,401.03475584283206
4,1028.4244344483823,401.02842443444837
5,853.5311299395084,500.8535311299395
6,914.2678846315191,600.9142678846315
4,945.566022132059,400.9455660221321
5,916.3210505507836,500.9163210505508
6,1010.2770645858102,601.0102770645858
5,1002.5126012213702,501.0025126012214
5,953.2355268930489,500.953235526893
6,1004.7964688134253,601.0047964688134
6,1006.1364249250399,601.006136424925
5,929.9483528907734,500.9299483528908
5,1013.1641747252505,501.01316417472526
6,962.0701240523399,600.9620701240524
5,829.3946384779942,500.829394638478
6,904.7547075471224,600.9047547075471
5,856.3319084295804,500.8563319084296
