num_vehicles,distance,fitness
4,937.6570066368039,400.9376570066368
4,887.6568093357067,400.8876568093357
4,896.3328130900247,400.89633281309
4,943.361612713724,400.9433616127137
5,1016.074300416056,501.01607430041605
5,862.4149884153453,500.86241498841537
5,917.3949584342978,500.9173949584343
5,971.8672455681999,500.9718672455682
4,994.603732824412,400.99460373282443
5,964.2825472274187,500.9642825472274
5,964.8673338669546,500.96486733386695
4,1022.5798212131895,401.0225798212132
4,903.5097651185966,400.9035097651186
5,975.959742063239,500.97595974206325
5,1021.0211948470356,501.02102119484704
5,905.7318072308414,500.90573180723084
4,952.3655298068807,400.95236552980685
5,900.2439674126177,500.9002439674126
4,890.5837303015637,400.89058373030156
4,897.8762893782819,400.8978762893783
