num_vehicles,distance,fitness
4,887.2260787198006,400.8872260787198
5,857.6627679580615,500.85766276795806
5,864.0172565073309,500.86401725650734
5,973.0478425884983,500.97304784258847
5,918.4205043578354,500.9184205043578
4,906.7238188844726,400.9067238188845
4,948.5922758650489,400.94859227586505
5,925.9855639754918,500.9259855639755
5,915.8983682133877,500.9158983682134
5,970.7748957029598,500.97077489570296
5,916.0584988632144,500.9160584988632
6,903.4908146412408,600.9034908146413
5,970.5707110056177,500.9705707110056
4,893.6373882650994,400.8936373882651
5,898.6337000883501,500.89863370008834
5,895.6925444624036,500.8956925444624
5,981.5871407722325,500.9815871407722
5,965.1173310547847,500.9651173310548
5,991.0767681846206,500.9910767681846
5,808.7165472080532,500.80871654720806
