num_vehicles,distance,fitness
4,934.6666440653541,400.9346666440654
4,891.3843333807745,400.89138433338076
4,970.6596006372124,400.9706596006372
4,930.699987879036,400.93069998787905
4,937.6490759573928,400.9376490759574
4,894.4311027421086,400.8944311027421
4,907.0135789260313,400.907013578926
5,923.2843869217512,500.92328438692175
5,957.2140630677305,500.95721406306774
5,949.9069591871872,500.94990695918716
6,1078.6405278513962,601.0786405278513
5,983.11901438038,500.9831190143804
6,882.0671819862877,600.8820671819863
5,979.7927676562359,500.97979276765625
5,937.9940131520749,500.9379940131521
5,871.473160350779,500.8714731603508
5,851.1780903062111,500.85117809030623
5,872.0906298519174,500.8720906298519
5,944.0659515910731,500.9440659515911
5,885.9143626144427,500.8859143626144
