num_vehicles,distance,fitness
4,990.4776981132496,400.99047769811324
4,1043.4447955242524,401.04344479552424
4,1044.7931040968795,401.04479310409687
4,933.3653216714231,400.93336532167143
5,881.9614995554109,500.8819614995554
4,836.4116732966994,400.8364116732967
5,918.8499026867893,500.9188499026868
4,954.1663726123772,400.95416637261235
5,816.2823179681643,500.81628231796816
5,950.5115881281189,500.9505115881281
4,963.0481139893249,400.9630481139893
4,859.8081244024054,400.8598081244024
6,952.269705214692,600.9522697052147
4,996.3253001106286,400.99632530011064
4,939.9057673844212,400.9399057673844
4,956.3655666922368,400.9563655666922
4,962.9790736815837,400.9629790736816
5,907.8750029991443,500.90787500299916
5,857.7725670995362,500.8577725670995
4,859.3162050807773,400.8593162050808
