num_vehicles,distance,fitness
7,791.5872570391791,700.7915872570392
7,831.4143369231605,700.8314143369232
7,952.857091792993,700.952857091793
8,958.8127205564052,800.9588127205564
8,1013.6755622837127,801.0136755622838
7,788.0360743890957,700.7880360743891
8,1142.5343854191347,801.1425343854191
9,1142.3602405392899,901.1423602405393
8,1109.897971516454,801.1098979715165
8,973.6593613670407,800.973659361367
9,1131.6990044001554,901.1316990044002
9,1253.3067565751915,901.2533067565752
9,1046.4555007480762,901.046455500748
10,1169.5647109024264,1001.1695647109025
9,1047.6050065085626,901.0476050065085
8,1096.1598621248988,801.0961598621249
8,1024.7945455539339,801.024794545554
9,1079.4400331917361,901.0794400331918
9,1104.7914878188772,901.1047914878188
8,1056.403610712045,801.0564036107121
