num_vehicles,distance,fitness
7,792.558481332472,700.7925584813324
7,904.296505355882,700.9042965053559
7,900.7230225879747,700.900723022588
7,806.2334128874686,700.8062334128874
7,910.4147435048421,700.9104147435048
7,1131.9716051765513,701.1319716051765
7,1036.1057006856647,701.0361057006857
7,920.3909658308636,700.9203909658308
9,1333.8954208377577,901.3338954208377
9,1110.3435509580227,901.1103435509581
8,996.4106128765733,800.9964106128766
9,1173.4854122861977,901.1734854122863
8,887.0226509826117,800.8870226509827
8,1066.1554504785088,801.0661554504785
9,1109.6275442265685,901.1096275442266
9,1117.5270387469925,901.117527038747
8,1074.2709940971126,801.0742709940971
9,1098.8361415722457,901.0988361415723
8,1049.3545416594047,801.0493545416595
10,996.9688313720527,1000.9969688313721
