num_vehicles,distance,fitness
7,979.4404534601562,700.9794404534601
7,998.1534067349487,700.9981534067349
7,916.5785364176103,700.9165785364177
7,1039.8198953076126,701.0398198953076
7,894.9175256340171,700.894917525634
7,963.1053215383804,700.9631053215384
7,859.5170770123444,700.8595170770124
8,1004.4870680420165,801.0044870680421
7,1067.672357133665,701.0676723571337
7,901.087929825746,700.9010879298257
8,1114.370562775271,801.1143705627753
8,1096.3490959585156,801.0963490959585
7,982.0114007499144,700.9820114007499
8,996.6879907730663,800.996687990773
7,912.941856993581,700.9129418569936
8,1072.607777141382,801.0726077771413
9,1168.856800163394,901.1688568001634
8,1103.2226253340777,801.1032226253341
8,1216.8924947090863,801.2168924947091
8,1042.9367137153547,801.0429367137153
