num_vehicles,distance,fitness
8,759.1670203183024,800.7591670203183
8,808.830966674361,800.8088309666743
8,867.9926702893786,800.8679926702894
8,771.5917296652543,800.7715917296653
9,904.3939246808164,900.9043939246808
8,888.0995876455283,800.8880995876456
7,837.5343345735964,700.8375343345735
9,1027.4946484003724,901.0274946484004
10,1077.5975909359508,1001.077597590936
11,1153.9747764530453,1101.153974776453
10,1002.2038362965758,1001.0022038362965
10,1195.2545561883317,1001.1952545561884
10,1121.047653430968,1001.121047653431
9,988.3082621136209,900.9883082621136
10,1045.5090007580243,1001.045509000758
10,1303.6287124612531,1001.3036287124612
10,1105.266197467262,1001.1052661974672
9,998.9052437639381,900.9989052437639
10,1182.5639263871249,1001.1825639263872
10,1236.1865732468943,1001.2361865732469
