num_vehicles,distance,fitness
4,1081.4010688547528,401.08140106885475
5,1158.809913371166,501.15880991337116
4,1010.92204348564,401.01092204348566
5,1003.4343164577743,501.0034343164578
4,922.2725922573534,400.92227259225734
6,881.9579759419246,600.8819579759419
7,1251.6121384411972,701.2516121384411
5,1113.1310806055073,501.1131310806055
7,1106.1144524896713,701.1061144524897
6,1320.8709548603263,601.3208709548603
6,1195.7890253293301,601.1957890253293
7,1278.595505861869,701.2785955058619
7,1168.3202996058815,701.1683202996059
7,1070.0908783946484,701.0700908783947
7,1118.6205093011156,701.1186205093011
5,1136.7792502793695,501.13677925027935
6,1013.1744607948286,601.0131744607949
7,1155.6741970555213,701.1556741970555
6,1003.3055808058509,601.0033055808059
7,1118.6571096864232,701.1186571096864
