num_vehicles,distance,fitness
4,1067.7019895573885,401.0677019895574
5,1002.9048446506656,501.0029048446507
5,1022.3789401703392,501.0223789401703
5,1022.3245534392665,501.02232455343926
5,1054.4765448883077,501.0544765448883
5,1143.1740446073427,501.14317404460735
4,1100.1820992862188,401.1001820992862
5,1281.720741732885,501.2817207417329
5,990.124851146639,500.9901248511466
6,1211.7954647098147,601.2117954647098
5,1077.5243307894323,501.07752433078946
4,998.5306480639014,400.9985306480639
6,1180.0070555654165,601.1800070555654
5,1052.532551940602,501.0525325519406
6,1207.581889873497,601.2075818898735
5,1004.0571910117512,501.0040571910117
5,1176.114169744436,501.17611416974444
5,1033.8142618373283,501.03381426183734
7,1300.7618183329225,701.300761818333
5,1139.8180394503822,501.1398180394504
