num_vehicles,distance,fitness
5,1306.6275740598305,501.3066275740598
5,1127.894793416887,501.1278947934169
5,968.1445880490967,500.9681445880491
5,1144.688141484972,501.14468814148495
4,887.6109672511303,400.88761096725113
5,1167.079823000323,501.16707982300034
5,1064.5595733322482,501.06455957333225
5,1028.739022591892,501.0287390225919
5,951.3397480888488,500.95133974808886
5,1303.817100065834,501.3038171000658
5,1116.1118875521183,501.1161118875521
5,1065.7050969518132,501.06570509695183
5,1258.9742125699559,501.25897421256997
5,1021.2816843823555,501.02128168438236
5,1140.2663503842834,501.1402663503843
5,1118.4043754956065,501.11840437549563
4,1174.032766097968,401.174032766098
5,1358.999840137296,501.3589998401373
5,1215.0475423935243,501.2150475423935
5,1090.6101219979432,501.09061012199794
