num_vehicles,distance,fitness
5,1310.0844333327757,501.3100844333328
5,1125.8329509270213,501.125832950927
5,1012.4048844316537,501.01240488443165
5,1098.5414084789868,501.098541408479
5,1041.8171727581364,501.04181717275816
5,1110.2127444978673,501.11021274449786
5,1135.8802188952104,501.13588021889524
6,1140.5086320074981,601.1405086320075
5,1131.567637237231,501.13156763723725
6,1220.343784818257,601.2203437848183
5,1136.3026359597502,501.13630263595974
5,1042.628098339,501.042628098339
6,1159.0495612212173,601.1590495612212
6,1162.627941297515,601.1626279412975
6,1139.9074343196405,601.1399074343196
5,1160.717615564973,501.160717615565
6,1132.330288103252,601.1323302881033
5,904.1257382468472,500.9041257382468
6,1407.39464570154,601.4073946457015
5,1149.499010169319,501.14949901016934
