num_vehicles,distance,fitness
6,447.6452532027363,600.4476452532027
7,652.024784937799,700.6520247849378
7,628.3519730933358,700.6283519730933
7,613.772400015466,700.6137724000155
8,591.2639269252008,800.5912639269252
7,527.7804040153536,700.5277804040154
9,666.2323475301346,900.6662323475301
9,634.7211405991941,900.6347211405991
9,723.7662008734268,900.7237662008735
9,661.8486391815943,900.6618486391816
8,660.015888340005,800.66001588834
8,668.0590473895586,800.6680590473895
9,744.2516956509633,900.744251695651
9,700.262233447778,900.7002622334478
8,631.0298133910447,800.631029813391
9,668.4878934875605,900.6684878934875
9,744.4009544591496,900.7444009544591
10,708.2320240599174,1000.70823202406
9,698.0824880867782,900.6980824880868
9,697.1391994137614,900.6971391994138
