num_vehicles,distance,fitness
7,495.26436520284466,700.4952643652028
7,522.4808522945026,700.5224808522945
7,555.4091096042287,700.5554091096043
6,552.8558597440791,600.5528558597441
7,573.1292541704221,700.5731292541705
8,604.7477000454045,800.6047477000454
8,655.8532984094943,800.6558532984095
8,714.6186610617085,800.7146186610618
8,591.571392020807,800.5915713920208
7,666.2379248000029,700.6662379248
7,659.069530319466,700.6590695303195
7,658.4749677005558,700.6584749677005
7,659.908956543107,700.6599089565431
7,655.1839342594025,700.6551839342594
7,642.194037313802,700.6421940373139
7,747.1332952464003,700.7471332952464
7,664.9726595753987,700.6649726595754
8,707.2156694541248,800.7072156694542
8,621.8359361292443,800.6218359361293
8,605.3386907992564,800.6053386907993
