num_vehicles,distance,fitness
7,599.946623310844,700.5999466233109
9,801.7134583767945,900.8017134583768
8,621.5787560784512,800.6215787560784
6,550.5506920086722,600.5505506920086
8,725.380233123007,800.725380233123
8,676.0496575249138,800.6760496575249
9,783.8169077763831,900.7838169077763
8,666.2003070523699,800.6662003070523
7,595.8750312332528,700.5958750312333
8,680.8395676205782,800.6808395676205
8,668.9837592060861,800.6689837592061
7,624.9983065409212,700.6249983065409
8,681.5079902659736,800.681507990266
10,672.0035987877022,1000.6720035987877
8,674.4221609982275,800.6744221609982
9,734.8128190815812,900.7348128190815
9,681.5584752913938,900.6815584752914
9,678.0598587683163,900.6780598587683
8,646.0362213581384,800.6460362213581
10,716.5381450275815,1000.7165381450276
