num_vehicles,distance,fitness
7,636.8199997144283,700.6368199997145
6,720.8921533845784,600.7208921533846
7,627.9035445819688,700.627903544582
7,636.6948184603663,700.6366948184603
7,612.3543283385627,700.6123543283386
7,632.4752684285334,700.6324752684285
8,649.7632952850546,800.6497632952851
7,607.9499771883808,700.6079499771884
7,688.059194630653,700.6880591946307
7,625.1755034366467,700.6251755034366
6,541.5029073418211,600.5415029073419
7,587.1762089043193,700.5871762089043
7,608.5349828133585,700.6085349828134
7,559.5745269700719,700.5595745269701
7,684.7894627009183,700.6847894627009
7,690.2702745096223,700.6902702745097
8,684.9099512914395,800.6849099512914
8,589.3399677344665,800.5893399677344
6,535.219497052851,600.5352194970528
8,625.9540886087543,800.6259540886088
