num_vehicles,distance,fitness
5,555.9485643976219,500.5559485643976
5,561.4142068399086,500.5614142068399
5,617.2319422821126,500.6172319422821
5,585.7000147182027,500.5857000147182
5,593.1525053694738,500.59315250536946
5,591.2778738313558,500.59127787383136
5,562.444672146577,500.56244467214657
5,618.7992234057471,500.61879922340574
6,760.4246511783085,600.7604246511783
6,715.7653000713455,600.7157653000713
7,762.4929303326089,700.7624929303327
7,718.4515342931694,700.7184515342932
6,699.1175629024209,600.6991175629024
7,711.5011734350215,700.7115011734351
6,784.9841089119905,600.784984108912
6,795.6887326335152,600.7956887326335
6,688.7059697607573,600.6887059697608
6,742.4012756313541,600.7424012756313
6,718.3210855843741,600.7183210855844
6,680.4057863075445,600.6804057863076
