num_vehicles,distance,fitness
5,492.8496652239143,500.4928496652239
5,494.94592675304875,500.4949459267531
6,467.8317803700685,600.46783178037
6,563.1781447908189,600.5631781447909
7,583.8372468089136,700.5838372468089
6,597.6118916270382,600.597611891627
7,657.0327611063806,700.6570327611064
7,666.7676165854261,700.6667676165854
5,595.547275642246,500.5955472756422
7,583.8837339407986,700.5838837339408
8,672.669367213982,800.672669367214
7,612.9836357461846,700.6129836357462
7,674.489287062837,700.6744892870628
8,682.9669387020712,800.6829669387021
6,637.4975248924101,600.6374975248924
7,649.4856548518204,700.6494856548518
6,586.8001581521984,600.5868001581522
7,626.0866151533739,700.6260866151533
7,629.8383202163508,700.6298383202163
7,684.37484431529,700.6843748443152
