num_vehicles,distance,fitness
5,492.8496652239143,500.4928496652239
6,546.590086958825,600.5465900869589
6,584.6454392970584,600.5846454392971
5,460.03016997521723,500.4600301699752
5,532.0823003010172,500.532082300301
5,516.4588095634261,500.5164588095634
5,522.28796393577,500.52228796393575
5,572.9294777603202,500.57292947776034
5,581.3017877325145,500.5813017877325
6,636.652508159115,600.6366525081592
6,611.8303013122809,600.6118303013122
5,706.2800940174814,500.7062800940175
5,626.1050633550985,500.6261050633551
6,587.7464369133354,600.5877464369133
5,640.2084548233837,500.6402084548234
6,724.041641316685,600.7240416413167
5,636.6036445162844,500.6366036445163
5,597.7564740400629,500.59775647404007
6,617.859016361628,600.6178590163616
5,514.5272718921485,500.5145272718921
