num_vehicles,distance,fitness
8,800.9792222618502,800.8009792222618
13,865.8033238845892,1300.8658033238846
11,818.4810880434517,1100.8184810880434
12,948.2746646891444,1200.948274664689
10,818.9934882453048,1000.8189934882453
13,875.0390553794565,1300.8750390553794
16,950.0176649691638,1600.9500176649692
12,907.0065242345322,1200.9070065242345
12,816.9198386088175,1200.8169198386088
17,1152.4633300419064,1701.1524633300419
16,1017.4446293965566,1601.0174446293966
14,1104.7291279975475,1401.1047291279976
16,1038.461040700049,1601.0384610407
13,952.6977318666356,1300.9526977318667
14,1004.8763123580557,1401.004876312358
13,963.9261013929471,1300.9639261013929
14,1043.3870437226071,1401.0433870437225
14,968.3492743765355,1400.9683492743766
15,1001.4780866343854,1501.0014780866343
13,874.9830963493757,1300.8749830963493
