num_vehicles,distance,fitness
8,801.6266998825827,800.8016266998826
8,698.0473276543667,800.6980473276544
9,776.8103909501447,900.7768103909501
10,883.5862411400777,1000.88358624114
8,890.7223217459172,800.8907223217459
11,989.5127061281569,1100.9895127061282
12,913.922057799148,1200.9139220577993
12,1028.1156200812932,1201.0281156200813
12,1039.9507939919804,1201.039950793992
11,957.7683621813959,1100.9577683621815
14,966.1022706713225,1400.9661022706714
12,997.5460777965496,1200.9975460777966
12,944.7098183226113,1200.9447098183225
13,937.869996309913,1300.93786999631
12,975.8650589631087,1200.975865058963
12,1012.5501293131267,1201.0125501293132
11,1003.3591065238502,1101.003359106524
10,983.2480447371362,1000.9832480447371
11,928.6125870311475,1100.9286125870312
10,963.9864501793701,1000.9639864501794
