num_vehicles,distance,fitness
7,743.2970155147732,700.7432970155148
7,740.7173042394011,700.7407173042394
7,750.3988888715229,700.7503988888715
7,808.5324094011395,700.8085324094011
7,782.627262680027,700.7826272626801
9,905.4283719751968,900.9054283719752
8,907.3201908340352,800.9073201908341
10,1057.5811233345369,1001.0575811233346
10,960.4174312314738,1000.9604174312315
8,870.2200165616954,800.8702200165617
11,1017.0608518395958,1101.0170608518397
10,977.9778669044862,1000.9779778669044
11,1004.4291336917511,1101.0044291336917
9,828.8267261528142,900.8288267261528
8,910.0956490084294,800.9100956490084
10,942.2122363123382,1000.9422122363123
9,950.4474861185155,900.9504474861185
11,976.4124055849056,1100.9764124055848
10,943.4408368219977,1000.943440836822
10,986.7460546917799,1000.9867460546918
