num_vehicles,distance,fitness
7,847.9959707224298,700.8479959707224
7,811.2413560869023,700.811241356087
6,844.8986801396983,600.8448986801397
6,809.4673696978188,600.8094673696978
7,845.6092215944722,700.8456092215945
6,878.7540009897685,600.8787540009897
9,1018.8596370379281,901.018859637038
8,923.0506500144471,800.9230506500145
7,955.3285678414817,700.9553285678414
8,940.660119203317,800.9406601192034
7,881.2824181678805,700.8812824181679
9,1001.6912955263189,901.0016912955264
8,1025.3292882324567,801.0253292882325
9,949.8565588552797,900.9498565588552
8,921.6566741577866,800.9216566741578
8,848.0598648153842,800.8480598648154
9,1015.4309911639995,901.015430991164
9,1046.4836387568853,901.0464836387569
8,878.6986715911169,800.8786986715911
8,936.9903848514379,800.9369903848515
