num_vehicles,distance,fitness
6,738.2850068179622,600.7382850068179
7,835.917678392735,700.8359176783928
8,771.8838015407623,800.7718838015408
11,960.1905380514175,1100.9601905380514
10,883.3921682337974,1000.8833921682339
10,909.5495562464611,1000.9095495562465
9,901.8428296186315,900.9018428296187
9,893.4452649277862,900.8934452649278
11,995.7358551457576,1100.9957358551458
12,949.4652598256833,1200.9494652598257
10,951.2057182677004,1000.9512057182677
10,926.1068476696232,1000.9261068476696
10,986.5978343908781,1000.9865978343909
11,967.5760231377133,1100.9675760231378
10,987.9969520201954,1000.9879969520202
12,1006.5021699839524,1201.006502169984
8,924.8582554170553,800.924858255417
11,944.9277258685484,1100.9449277258686
10,925.4251037290514,1000.925425103729
11,993.1199220463,1100.9931199220464
