num_vehicles,distance,fitness
7,818.2437983267619,700.8182437983268
7,796.9640977627844,700.7969640977628
6,793.7626283517171,600.7937626283517
7,869.9657824204378,700.8699657824204
6,738.9941557893009,600.7389941557893
6,884.3416982454432,600.8843416982454
6,783.3913052300162,600.78339130523
7,821.210428859325,700.8212104288593
9,999.7414239046109,900.9997414239047
8,844.2606373501885,800.8442606373502
9,952.9691084180273,900.9529691084181
9,1092.4078467477234,901.0924078467477
7,896.4893583873146,700.8964893583873
8,894.7067688025808,800.8947067688026
8,947.8907227458724,800.9478907227459
10,941.3665267733986,1000.9413665267734
9,964.9268441747945,900.9649268441748
10,964.9403142632887,1000.9649403142633
10,1046.098118029474,1001.0460981180295
8,886.5667296389176,800.886566729639
