num_vehicles,distance,fitness
6,849.5290070488132,600.8495290070488
9,856.4832337398236,900.8564832337398
7,681.1631894368304,700.6811631894368
10,928.1569372841061,1000.9281569372841
9,969.0169995727628,900.9690169995728
8,806.6223182796203,800.8066223182797
10,975.9618450098046,1000.9759618450098
8,912.4896579910646,800.912489657991
9,890.018694758429,900.8900186947584
10,871.9614826402183,1000.8719614826402
10,958.2559345606709,1000.9582559345607
11,933.0599211305798,1100.9330599211305
9,868.568049008125,900.8685680490081
8,868.6357080772024,800.8686357080772
10,976.5428808505127,1000.9765428808505
9,952.1387874938007,900.9521387874938
9,930.2725673467601,900.9302725673467
8,776.3144248657474,800.7763144248657
9,890.9048882873091,900.8909048882873
11,1066.9843442921538,1101.0669843442922
