num_vehicles,distance,fitness
6,762.3946846662257,600.7623946846662
7,835.6430746482134,700.8356430746483
7,773.6201341962998,700.7736201341963
8,796.9891521480868,800.7969891521481
7,856.9485480838619,700.8569485480839
7,824.9822665255352,700.8249822665256
7,846.2869920480377,700.846286992048
8,799.8054990370956,800.7998054990371
7,882.2906903093693,700.8822906903093
8,900.8179542435522,800.9008179542435
9,866.7074277593676,900.8667074277594
9,914.1969488350013,900.914196948835
10,953.9333610195903,1000.9539333610196
8,813.1300668617417,800.8131300668617
8,883.6228402805343,800.8836228402805
8,940.5230393219957,800.940523039322
7,875.7725310805135,700.8757725310805
9,964.8893618563059,900.9648893618563
8,900.1629909822408,800.9001629909823
8,929.8911481743537,800.9298911481743
