num_vehicles,distance,fitness
7,842.8913236348984,700.842891323635
6,723.3099624905421,600.7233099624906
7,720.5438740930961,700.7205438740931
6,800.4178307909845,600.8004178307909
8,779.7895027516397,800.7797895027517
6,800.9845580163537,600.8009845580164
8,809.0457676567758,800.8090457676568
8,861.1739740071581,800.8611739740071
9,888.4041428819578,900.888404142882
8,898.3346118983625,800.8983346118983
8,890.0524318296395,800.8900524318296
10,960.7571200038318,1000.9607571200038
9,996.0240962203634,900.9960240962204
9,915.3371503611265,900.9153371503611
8,817.2348980580027,800.817234898058
10,920.2416767614465,1000.9202416767614
9,887.9987007042006,900.8879987007042
8,890.0481310143325,800.8900481310143
9,855.4767973160939,900.8554767973161
9,866.9621086409984,900.866962108641
