num_vehicles,distance,fitness
4,918.1606608150763,400.9181606608151
5,734.0155822482518,500.7340155822483
6,845.487759475132,600.8454877594751
4,780.5863234937226,400.7805863234937
6,901.4411331112198,600.9014411331112
6,874.3613174213904,600.8743613174214
6,824.6326621482809,600.8246326621482
5,853.6793536798783,500.85367935367987
8,1014.6583449477498,801.0146583449477
7,891.3814820624956,700.8913814820625
7,919.2615337043425,700.9192615337043
7,930.3180544478613,700.9303180544479
7,948.7746187517141,700.9487746187517
6,950.5719486908274,600.9505719486908
7,882.1267958998757,700.8821267958999
8,979.2271942118969,800.979227194212
7,952.1233320576553,700.9521233320577
6,997.4580360595354,600.9974580360596
8,938.6633477739646,800.938663347774
7,868.023153819362,700.8680231538193
