num_vehicles,distance,fitness
4,1071.3637846072347,401.07136378460723
4,982.5383694152226,400.98253836941524
4,973.2124575228448,400.97321245752283
4,1001.7045614901538,401.00170456149016
5,970.8876422143069,500.9708876422143
4,992.51905355641,400.9925190535564
6,931.2871866784367,600.9312871866784
6,900.3039223381774,600.9003039223381
5,859.3607306740735,500.8593607306741
5,1004.234545789561,501.0042345457896
4,959.8304055177769,400.9598304055178
4,866.174193281571,400.86617419328155
5,885.3526793082708,500.88535267930826
6,990.7249455237305,600.9907249455238
6,875.5511733218196,600.8755511733218
5,966.0034069333193,500.96600340693334
6,943.4532679395521,600.9434532679395
4,813.7928108575343,400.81379281085754
6,985.0803603967953,600.9850803603968
4,1002.5746288100272,401.00257462881
