num_vehicles,distance,fitness
4,937.6570066368039,400.9376570066368
4,983.2035890736045,400.9832035890736
4,993.3712688110015,400.993371268811
4,963.6890639437922,400.9636890639438
4,929.6838521438798,400.92968385214385
4,872.3163475331565,400.8723163475332
4,910.2633775426642,400.91026337754266
4,927.6988870019375,400.92769888700195
4,890.0294151756063,400.8900294151756
5,905.6739117288164,500.9056739117288
5,883.7791718827502,500.88377917188274
5,959.3279662788533,500.95932796627886
5,899.8137086980938,500.8998137086981
5,949.9189401410492,500.94991894014106
5,993.8762750557153,500.9938762750557
4,906.0097309101778,400.90600973091017
5,923.6113008394461,500.92361130083947
5,896.404485170146,500.89640448517014
6,1018.1813918333751,601.0181813918334
4,820.3427642613369,400.82034276426134
