num_vehicles,distance,fitness
4,887.2260787198006,400.8872260787198
5,902.7745531031183,500.90277455310314
5,850.3558127751373,500.85035581277515
5,935.0234893149609,500.935023489315
5,879.6227953626983,500.8796227953627
4,903.895384171966,400.90389538417196
4,882.7185558598838,400.88271855585987
5,925.4364231218472,500.9254364231218
4,989.4011683943047,400.9894011683943
5,924.3982681797414,500.92439826817974
4,856.258381543531,400.8562583815435
5,955.2666942720192,500.95526669427204
5,934.5886526124855,500.9345886526125
5,838.3071999526363,500.8383071999526
5,966.164288947563,500.96616428894754
4,858.6897885344092,400.85868978853443
5,885.5505784749054,500.8855505784749
5,830.5047311059519,500.830504731106
5,812.231834787917,500.8122318347879
5,923.99714286795,500.92399714286796
