num_vehicles,distance,fitness
4,934.6666440653541,400.9346666440654
4,937.7246453640165,400.937724645364
4,940.1630267224757,400.9401630267225
4,994.0637743592329,400.99406377435923
4,948.598267705489,400.9485982677055
4,894.1100602489787,400.894110060249
4,944.4255437505713,400.9444255437506
4,946.1849151128542,400.94618491511284
4,1000.5213767340824,401.00052137673407
4,919.6973503235962,400.9196973503236
6,956.337769924499,600.9563377699245
5,909.0300503621936,500.9090300503622
5,873.8619834905627,500.87386198349054
4,905.2107053300201,400.90521070533003
5,870.2779270283047,500.8702779270283
5,953.0706591574763,500.9530706591575
5,976.4382405631642,500.97643824056314
5,900.7255377852803,500.90072553778526
4,871.5992735359705,400.871599273536
4,891.0038456695255,400.8910038456695
