num_vehicles,distance,fitness
4,1099.2379083158141,401.0992379083158
4,1082.7092835420856,401.0827092835421
4,1051.3951388068626,401.05139513880687
4,1122.5063053931055,401.12250630539313
4,990.7941357245401,400.9907941357245
4,1067.839047807446,401.06783904780747
4,944.9706936729139,400.94497069367293
4,891.6409938214781,400.89164099382145
5,915.0627067243474,500.91506270672437
5,902.7066974691625,500.90270669746917
5,939.2954121546866,500.9392954121547
5,942.0403562943278,500.94204035629434
5,885.8058513058737,500.88580585130586
5,964.8701931116291,500.9648701931116
5,919.4627494987976,500.9194627494988
5,937.4437455480356,500.937443745548
6,1008.4507429697132,601.0084507429697
4,958.3317653371754,400.95833176533716
5,930.4542502097281,500.9304542502097
5,1024.801890121766,501.02480189012175
