num_vehicles,distance,fitness
4,990.4776981132496,400.99047769811324
4,943.2192185674094,400.94321921856744
4,1047.9487064223142,401.0479487064223
4,973.8884535195756,400.9738884535196
4,945.0415107459702,400.94504151074597
4,987.7990310231307,400.98779903102314
4,944.3087997237697,400.9443087997238
4,876.857316656952,400.8768573166569
5,924.5474175864183,500.92454741758644
5,867.1127579713212,500.8671127579713
5,1032.9238470462765,501.0329238470463
4,958.4788258154774,400.95847882581546
5,1010.133582280456,501.01013358228045
5,1030.6816738003818,501.03068167380036
4,940.8764310775146,400.9408764310775
4,833.0239665631748,400.8330239665632
4,852.2074266080094,400.852207426608
4,866.722405587577,400.86672240558755
4,819.4818681754173,400.81948186817544
4,933.8805197399199,400.93388051973994
