num_vehicles,distance,fitness
4,954.4951724086313,400.95449517240866
4,898.45571784727,400.8984557178473
4,959.2856080727564,400.9592856080728
4,865.3492905605658,400.8653492905606
5,868.6094299042446,500.86860942990427
5,905.116408248487,500.9051164082485
4,912.6324136820676,400.91263241368205
4,855.0327692430478,400.85503276924305
5,868.8551047231355,500.86885510472314
5,1031.962074225361,501.03196207422536
4,903.2707033325617,400.90327070333257
5,811.8909527941487,500.81189095279416
5,930.4506462840126,500.930450646284
5,984.5671699694785,500.98456716996947
5,850.9797910010111,500.850979791001
4,867.587926522051,400.86758792652205
5,989.7684689842937,500.98976846898427
7,995.1501428281427,700.9951501428282
5,1007.7248270773963,501.00772482707737
5,946.4797076163222,500.94647970761633
