num_vehicles,distance,fitness
4,918.9340678700514,400.91893406787005
5,930.382708429124,500.93038270842914
4,863.3775348450067,400.86337753484503
5,938.2709728965508,500.93827097289653
4,917.2581090132494,400.91725810901323
4,893.4536044869001,400.8934536044869
4,871.6285901331044,400.8716285901331
4,877.8261612187853,400.87782616121876
4,890.2404670767723,400.89024046707675
6,990.7806527148654,600.9907806527149
5,938.5403061207397,500.93854030612073
5,905.9722480988337,500.9059722480988
5,942.1788555361484,500.94217885553616
6,975.9415256741,600.9759415256741
6,965.4603964849092,600.9654603964849
5,998.4513889501634,500.9984513889502
6,1018.8413134957266,601.0188413134957
5,905.2756730352332,500.90527567303525
5,960.180177587047,500.96018017758706
5,827.5629973787034,500.8275629973787
