num_vehicles,distance,fitness
4,877.1580260263885,400.8771580260264
4,896.2516773777627,400.8962516773778
4,922.6145203292114,400.9226145203292
4,864.3287343917826,400.8643287343918
4,880.4149518553152,400.8804149518553
4,861.1583877774169,400.86115838777744
4,839.7475077712243,400.8397475077712
4,859.809678659852,400.8598096786599
4,876.9039723626481,400.87690397236264
4,862.4940297047333,400.86249402970475
4,948.4738826211462,400.94847388262116
4,965.7865051874141,400.9657865051874
4,899.6071959204528,400.89960719592045
4,821.7111637123492,400.82171116371234
5,901.2815341024769,500.90128153410245
4,765.7909310886896,400.7657909310887
4,903.5665977363138,400.9035665977363
4,913.7188231347938,400.9137188231348
4,946.51846892777,400.94651846892776
4,972.9542325111862,400.9729542325112
