num_vehicles,distance,fitness
8,759.1670203183024,800.7591670203183
9,983.8772770862774,900.9838772770863
7,874.3281675560897,700.8743281675561
9,970.786597886626,900.9707865978867
7,802.025410892156,700.8020254108922
9,892.8466320166483,900.8928466320167
10,1157.2612736625383,1001.1572612736626
9,961.0455738597592,900.9610455738598
9,922.8168208971971,900.9228168208972
10,1234.425912812973,1001.234425912813
9,1011.5692032006322,901.0115692032007
11,1201.8568219640822,1101.2018568219642
10,985.1267624709546,1000.9851267624709
9,1072.2101844954084,901.0722101844954
9,1033.7966153526318,901.0337966153527
10,1105.321966433919,1001.105321966434
9,948.9167811145514,900.9489167811146
8,884.2071262630946,800.884207126263
11,1160.3394042112614,1101.1603394042113
10,1156.099453687694,1001.1560994536877
