num_vehicles,distance,fitness
7,791.5872570391791,700.7915872570392
7,868.3710573313322,700.8683710573314
8,897.085593511136,800.8970855935112
7,836.4353396431454,700.8364353396431
9,1239.2759741860689,901.2392759741861
9,1062.4164067909057,901.0624164067909
9,1009.2900434854936,901.0092900434855
7,1032.190862942382,701.0321908629423
10,1117.2892838797493,1001.1172892838797
9,1015.0005699221348,901.0150005699221
8,1232.5091867456733,801.2325091867457
8,1168.7039356655962,801.1687039356656
8,990.9554641471618,800.9909554641472
8,964.8592722864713,800.9648592722865
8,971.025560007383,800.9710255600074
8,1022.7603011588494,801.0227603011589
9,1162.907855856229,901.1629078558562
8,997.1336617282693,800.9971336617283
9,1116.3818000463727,901.1163818000464
9,1086.7570449583213,901.0867570449583
