num_vehicles,distance,fitness
8,894.5607712993112,800.8945607712993
9,824.4478493569495,900.8244478493569
9,892.4259891226918,900.8924259891227
8,826.3358119070242,800.826335811907
9,922.9869739386706,900.9229869739387
10,925.9990625936805,1000.9259990625936
9,859.2045492640176,900.8592045492641
11,993.9143593221226,1100.9939143593222
9,865.8388642376153,900.8658388642376
11,913.6417853755074,1100.9136417853756
10,914.4101571428811,1000.9144101571429
9,798.6385675163424,900.7986385675164
10,936.0465056365899,1000.9360465056366
10,981.9074373590978,1000.981907437359
11,1096.7470197236912,1101.0967470197236
10,921.3904694519742,1000.9213904694519
11,1012.7692130737684,1101.0127692130739
10,979.4079408492535,1000.9794079408492
11,1025.1336731151575,1101.025133673115
12,1213.606022326833,1201.2136060223268
