num_vehicles,distance,fitness
8,962.0780328369437,800.962078032837
8,782.4354467046397,800.7824354467047
8,784.6402239272082,800.7846402239272
9,955.2561863365148,900.9552561863366
9,928.5630254324412,900.9285630254325
8,843.7614180524438,800.8437614180524
8,985.9833339208255,800.9859833339208
8,813.6329079354668,800.8136329079355
10,1223.1069935123985,1001.2231069935124
9,981.6260621742642,900.9816260621743
9,995.3061118556108,900.9953061118556
8,943.5535582751435,800.9435535582752
9,1088.9264987846148,901.0889264987846
8,764.1834735746195,800.7641834735746
9,991.1401086494482,900.9911401086495
9,1019.5325438121861,901.0195325438121
8,972.8452101397295,800.9728452101398
8,1065.7194676347297,801.0657194676347
8,1003.3233243308639,801.0033233243308
9,1076.8820081440956,901.0768820081441
