num_vehicles,distance,fitness
7,691.9245200332821,700.6919245200332
8,734.8643690942055,800.7348643690942
9,836.4648262926171,900.8364648262926
7,770.9734676453807,700.7709734676454
8,760.013022611322,800.7600130226114
10,946.5475519370943,1000.9465475519371
11,1195.5439056158475,1101.1955439056158
10,1100.3361960757056,1001.1003361960757
11,1070.9376335483048,1101.0709376335483
9,1052.1667862434995,901.0521667862434
10,1127.4037673604685,1001.1274037673604
9,952.5311425992982,900.9525311425994
9,925.8515104898979,900.9258515104899
12,1265.7718570193808,1201.2657718570194
12,1129.5943109365492,1201.1295943109365
10,905.0427415507006,1000.9050427415507
11,1067.0870103717152,1101.0670870103718
11,1171.9064450446547,1101.1719064450447
11,1045.6789895511563,1101.045678989551
10,986.782770422314,1000.9867827704223
