num_vehicles,distance,fitness
8,1070.571296979287,801.0705712969793
7,905.8100997987013,700.9058100997987
7,783.4778496087569,700.7834778496087
7,1065.4580786427891,701.0654580786428
8,916.1797030243637,800.9161797030243
7,1030.948424419363,701.0309484244193
8,1225.0349645675758,801.2250349645676
8,1049.0036467756386,801.0490036467756
9,1137.4645180293699,901.1374645180293
9,1194.6385684626375,901.1946385684627
10,1228.5455327087964,1001.2285455327088
8,1092.8069047845224,801.0928069047845
10,1312.1055167667641,1001.3121055167668
8,1161.0072689720878,801.1610072689721
8,1096.4381156071106,801.0964381156072
8,1187.7558590288272,801.1877558590288
8,1109.4426703407214,801.1094426703407
9,1187.9927246687816,901.1879927246688
9,1263.8586575912907,901.2638586575913
8,1024.001223613918,801.0240012236139
