num_vehicles,distance,fitness
4,1081.4010688547528,401.08140106885475
5,967.7461849856761,500.9677461849857
5,944.76387336032,500.94476387336033
5,1146.803886163297,501.1468038861633
5,1060.579062649428,501.0605790626494
7,1337.3870890890912,701.3373870890891
5,1097.8146417464889,501.0978146417465
6,1016.214960287452,601.0162149602875
6,1160.5657525828328,601.1605657525828
6,1116.2026361767641,601.1162026361768
7,1162.1503944183248,701.1621503944183
5,1242.023134257314,501.2420231342573
7,1145.5117069192015,701.1455117069193
8,1298.9787582592814,801.2989787582593
6,1176.1774338723703,601.1761774338723
7,1274.2150437166345,701.2742150437166
7,1129.593163337257,701.1295931633373
7,1211.2342592731125,701.2112342592732
7,1152.1224324719917,701.152122432472
6,1239.1020306058208,601.2391020306059
