num_vehicles,distance,fitness
5,1098.2107185369055,501.0982107185369
5,818.7728453431844,500.8187728453432
5,981.7504829981444,500.98175048299817
5,1152.5673511740042,501.152567351174
5,1105.820944690598,501.1058209446906
5,984.0662546953209,500.98406625469534
6,1032.6811723452122,601.0326811723452
5,1001.4790401364532,501.0014790401365
6,1082.7134179843003,601.0827134179843
5,1070.4432107403845,501.0704432107404
6,1105.4894283818915,601.1054894283819
6,948.5352771953392,600.9485352771953
7,1148.789336339347,701.1487893363393
7,1317.8384461993608,701.3178384461994
7,1127.9153563351588,701.1279153563352
6,942.7408086152856,600.9427408086153
7,1286.6539238618357,701.2866539238619
6,1108.574232106539,601.1085742321065
6,1200.4412296941769,601.2004412296942
7,1035.9223227940822,701.0359223227941
