num_vehicles,distance,fitness
5,1206.7227033268164,501.2067227033268
5,1179.5253453850435,501.17952534538506
5,1186.1544895470524,501.18615448954705
7,1289.7523647264616,701.2897523647265
6,1046.7671341268842,601.0467671341269
6,1139.0697035164403,601.1390697035164
8,1211.818947213741,801.2118189472137
7,1232.241376980099,701.2322413769801
7,1219.4607615414488,701.2194607615414
6,1117.307642970526,601.1173076429706
6,1101.9453137242208,601.1019453137242
6,1236.2793651760821,601.2362793651761
7,1399.5640438046892,701.3995640438047
7,1185.9589094731307,701.1859589094731
6,1000.8808745674726,601.0008808745674
8,1261.8871974029685,801.261887197403
6,1378.2006033425391,601.3782006033425
7,1284.0854403964233,701.2840854403964
6,1170.7720359030443,601.170772035903
8,1200.7360368315885,801.2007360368316
