num_vehicles,distance,fitness
5,1156.9680017061987,501.1569680017062
5,1029.7758793357664,501.0297758793358
5,1094.0239879168835,501.0940239879169
5,992.0900691238568,500.99209006912383
5,1098.0158054214344,501.0980158054214
4,1039.22828685802,401.039228286858
5,1123.7185467775853,501.1237185467776
5,1104.8053414252197,501.1048053414252
5,1156.6622360096449,501.15666223600965
5,1375.9581037457315,501.37595810374575
5,1077.928861985257,501.07792886198524
5,1072.4589181263093,501.0724589181263
5,1285.5030306688168,501.2855030306688
5,1096.0753993942315,501.09607539939424
5,1044.0684190154996,501.0440684190155
5,1331.4101787872303,501.3314101787872
5,1277.4031920448522,501.27740319204486
5,1257.6469084360272,501.257646908436
6,1202.118482890644,601.2021184828907
5,1045.1175695795287,501.04511756957953
