num_vehicles,distance,fitness
4,1067.7019895573885,401.0677019895574
5,932.4984012672627,500.93249840126725
5,1222.21439072798,501.22221439072797
5,995.9967508724299,500.99599675087245
4,994.0240034143388,400.9940240034143
5,1242.019849070962,501.24201984907097
5,1091.197275853283,501.0911972758533
5,983.7501107475082,500.9837501107475
5,1193.6294286729703,501.193629428673
5,1365.0626430111795,501.3650626430112
5,1242.726418126292,501.24272641812627
5,1092.8837705843418,501.09288377058436
5,1143.6787740110449,501.14367877401105
5,1127.911168366057,501.12791116836604
5,1290.2671037740333,501.29026710377406
4,1100.541240610339,401.1005412406103
6,1157.1286767021122,601.1571286767021
5,1262.697515959086,501.2626975159591
5,1289.548750499001,501.289548750499
5,1260.0235430885716,501.26002354308855
