num_vehicles,distance,fitness
5,1088.2573579320474,501.08825735793204
5,1029.0758189675144,501.0290758189675
4,992.050923946926,400.9920509239469
5,1160.3602223075304,501.16036022230753
4,1062.9388089948884,401.0629388089949
5,1001.0917844745352,501.0010917844745
5,1115.607864714833,501.11560786471483
5,1163.3008394278663,501.16330083942785
5,1192.9782458957168,501.19297824589574
6,1139.0247041340822,601.139024704134
6,1076.7703041154832,601.0767703041155
6,1312.8771048602584,601.3128771048603
5,1216.4927730447828,501.21649277304476
6,1323.1392155357094,601.3231392155357
6,1157.2153985200416,601.1572153985201
5,1145.788787069239,501.14578878706925
5,1140.3108155953541,501.14031081559534
4,1236.6630983191694,401.2366630983192
5,1187.576149025569,501.1875761490256
6,1263.1711999293536,601.2631711999294
