num_vehicles,distance,fitness,time
3.0,190.7376293618508,300.1907376293619,258.06007385253906
