num_vehicles,distance,fitness,time
1.0,297.2390253411281,1.9978582308638781,340.7228798866272
1.0,297.2390253411281,1.9978582308638781,340.70654344558716
1.0,297.2390253411281,1.9978582308638781,334.28974747657776
