num_vehicles,distance,fitness,time
10.0,732.9652088655378,1000.7329652088655,416.8583650588989
