num_vehicles,distance,fitness,time
11.0,800.319234517735,1100.8003192345177,428.38919854164124
10.0,738.3668619011324,1000.7383668619011,413.358101606369
10.0,798.6010649961738,1000.7986010649962,441.6344904899597
10.0,732.9652088655378,1000.7329652088655,416.8583650588989
