num_vehicles,distance,fitness
7,537.3913739362137,700.5373913739362
10,631.0308024186829,1000.6310308024186
9,709.1851880735167,900.7091851880735
8,552.9595699713983,800.5529595699714
10,737.9746611532277,1000.7379746611532
10,661.9583281572766,1000.6619583281573
8,668.9045426725656,800.6689045426725
9,603.1946377255199,900.6031946377256
11,756.2963248143707,1100.7562963248145
10,651.5620349486584,1000.6515620349487
11,638.9480257764031,1100.6389480257765
12,727.4535731793657,1200.7274535731794
10,659.5668486772788,1000.6595668486773
10,718.964655404045,1000.7189646554041
10,674.0462541414718,1000.6740462541414
11,694.2465809286127,1100.6942465809286
11,696.6723454385465,1100.6966723454386
10,697.6916274313623,1000.6976916274314
10,744.5509137836647,1000.7445509137837
9,621.5534828358874,900.6215534828359
