num_vehicles,distance,fitness
6,447.6452532027363,600.4476452532027
7,541.8459029928208,700.5418459029928
7,586.8978978483551,700.5868978978483
7,597.9731385371716,700.5979731385372
7,581.7277959681484,700.5817277959682
8,579.0879002332474,800.5790879002333
9,667.6867190558685,900.6676867190558
9,635.8645078832019,900.6358645078832
8,650.9898508101476,800.6509898508101
9,722.6159560102485,900.7226159560103
8,642.938071360411,800.6429380713604
8,655.37722270985,800.6553772227098
9,646.4737516445309,900.6464737516445
9,614.0562177669283,900.6140562177669
9,647.1642784529168,900.6471642784529
9,658.9013862725388,900.6589013862725
8,556.7577653225931,800.5567577653226
9,642.0455562309116,900.6420455562309
9,715.5602265173038,900.7155602265173
10,684.2099561637572,1000.6842099561637
