num_vehicles,distance,fitness
7,495.26436520284466,700.4952643652028
6,592.394408943959,600.592394408944
7,562.3027850832449,700.5623027850833
7,581.2323057563638,700.5812323057563
7,592.9623556602849,700.5929623556602
7,551.7361669946315,700.5517361669946
7,599.830800344512,700.5998308003445
6,591.8539742224223,600.5918539742224
6,632.9907054184505,600.6329907054185
7,723.8323391149794,700.723832339115
8,638.1016160419208,800.6381016160419
7,668.1548306089155,700.668154830609
8,751.2652430997102,800.7512652430997
8,679.0209280859629,800.679020928086
7,670.425748897966,700.670425748898
7,678.4698736731441,700.6784698736732
7,664.4860362283658,700.6644860362284
7,685.9153720668833,700.6859153720669
7,738.2797033093792,700.7382797033093
8,739.9570190303871,800.7399570190304
