num_vehicles,distance,fitness
7,512.2931205274929,700.5122931205275
6,515.8052193190615,600.5158052193191
7,589.891802691126,700.5898918026911
6,580.1327096537831,600.5801327096538
6,579.4617279485606,600.5794617279486
8,628.0339815243843,800.6280339815244
7,553.3273844786338,700.5533273844786
7,504.46231553052087,700.5044623155305
6,673.5542085110392,600.6735542085111
8,771.3275747589589,800.771327574759
7,705.1857125203176,700.7051857125203
7,607.5799069165632,700.6075799069166
9,750.041257493257,900.7500412574933
7,678.6238309109154,700.678623830911
7,703.5264821265245,700.7035264821266
8,605.9899634956557,800.6059899634956
8,721.4027053798094,800.7214027053798
7,624.4285286864915,700.6244285286865
6,613.9713790719327,600.6139713790719
6,653.6292967440704,600.653629296744
