num_vehicles,distance,fitness
7,658.8124637298049,700.6588124637298
9,607.4899840868936,900.6074899840869
10,743.6014645972471,1000.7436014645972
9,727.6923269254014,900.7276923269254
9,689.0333039888385,900.6890333039888
9,665.2601008877042,900.6652601008877
10,711.0128474662712,1000.7110128474662
9,755.8406908896221,900.7558406908896
11,647.9478510888047,1100.6479478510887
9,629.5036067321921,900.6295036067322
8,664.4521552489656,800.6644521552489
11,763.450704960328,1100.7634507049604
8,642.9794114406319,800.6429794114406
10,734.073540113298,1000.7340735401133
10,691.3187215091971,1000.6913187215092
10,733.8037184749012,1000.7338037184749
10,789.9168063542547,1000.7899168063542
11,745.9968440275453,1100.7459968440276
9,607.2755090525686,900.6072755090526
9,613.4842869206146,900.6134842869207
