num_vehicles,distance,fitness
8,516.3387731186642,800.5163387731187
8,478.65781086239593,800.4786578108624
8,619.9475859756544,800.6199475859756
10,577.7883466423457,1000.5777883466424
11,699.9710915263015,1100.6999710915263
9,689.2468185560992,900.6892468185561
9,696.9805978352797,900.6969805978352
12,787.773640694084,1200.787773640694
9,604.4395773935746,900.6044395773936
12,773.8234028974355,1200.7738234028975
11,728.8442662056764,1100.7288442662057
10,716.0553930419559,1000.716055393042
10,765.6187273799092,1000.7656187273799
9,664.8920036705132,900.6648920036705
9,623.1977892628718,900.6231977892629
10,737.0414534626113,1000.7370414534627
9,690.1095490752434,900.6901095490753
12,748.629833491544,1200.7486298334916
10,728.500733757961,1000.728500733758
9,657.7751630788814,900.6577751630789
