num_vehicles,distance,fitness
7,599.946623310844,700.5999466233109
6,659.2969592066361,600.6592969592066
7,598.2982392517779,700.5982982392518
7,625.7822086759707,700.625782208676
7,616.3738139312875,700.6163738139313
7,663.7961308871063,700.6637961308871
8,684.4143314077776,800.6844143314078
7,645.1678653603805,700.6451678653603
10,707.4186411885006,1000.7074186411885
10,796.428603030756,1000.7964286030308
9,654.8967355758862,900.6548967355759
9,778.8180091960138,900.778818009196
9,749.7761570362812,900.7497761570363
8,715.011324262187,800.7150113242622
9,758.9604493685988,900.7589604493686
8,679.5905876329347,800.6795905876329
8,668.1537988527374,800.6681537988527
9,702.4021605544142,900.7024021605545
10,707.5616865901569,1000.7075616865901
9,672.3375942800561,900.6723375942801
