num_vehicles,distance,fitness
7,636.8199997144283,700.6368199997145
6,686.6240537285976,600.6866240537286
7,581.6590844757243,700.5816590844757
7,595.5772483938362,700.5955772483939
7,654.2927483630419,700.654292748363
7,622.974613788118,700.6229746137881
8,533.1556946189648,800.5331556946189
7,655.2231034507714,700.6552231034508
8,678.3611152266585,800.6783611152266
6,604.3994696391328,600.6043994696391
7,594.0941456667458,700.5940941456668
7,623.6965624147937,700.6236965624148
7,618.9797127133199,700.6189797127133
8,671.4825236182098,800.6714825236182
7,695.6713996548614,700.6956713996549
8,653.7525837702542,800.6537525837703
6,582.5522055042959,600.5825522055043
7,640.7682717548372,700.6407682717548
7,557.1146637502582,700.5571146637502
7,638.8327983890664,700.6388327983891
