num_vehicles,distance,fitness
5,457.2023704760672,500.45720237047607
7,587.0009226144745,700.5870009226145
6,549.2352345326374,600.5492352345326
6,553.7740596178965,600.5537740596179
5,488.8492309523971,500.4888492309524
6,533.1528650329229,600.5331528650329
6,536.7748352673998,600.5367748352674
5,516.7056662481127,500.51670566624813
9,782.6937856336576,900.7826937856337
10,717.4279042979376,1000.7174279042979
11,868.1221714445825,1100.8681221714446
8,735.7127057599466,800.73571270576
9,757.69440573152,900.7576944057315
9,828.770198536206,900.8287701985362
10,766.9187398859162,1000.7669187398859
10,771.1356662654774,1000.7711356662654
8,735.8038774320722,800.7358038774321
11,772.6033332191879,1100.7726033332192
10,736.1796966497947,1000.7361796966497
6,654.2079948728851,600.6542079948729
