num_vehicles,distance,fitness
5,518.2594252824524,500.51825942528245
5,513.8629751916941,500.51386297519167
6,551.2900257078644,600.5512900257079
5,517.1509744092907,500.5171509744093
5,515.1042504980775,500.5151042504981
5,548.2161616762255,500.54821616167624
6,576.5170917603197,600.5765170917604
5,487.6846048207389,500.48768460482074
5,496.8484314187163,500.4968484314187
7,644.8197878996334,700.6448197878997
6,609.690220726316,600.6096902207263
6,534.7724783667848,600.5347724783668
7,723.0793473317929,700.7230793473318
6,621.2466019789948,600.621246601979
7,702.0920450673003,700.7020920450673
6,602.5531118014165,600.6025531118014
6,568.7052877055829,600.5687052877056
7,607.7719231840753,700.607771923184
6,560.1142589189286,600.5601142589189
5,678.3956867225277,500.6783956867225
