num_vehicles,distance,fitness
5,466.50342106065915,500.4665034210607
5,491.2263649981487,500.49122636499817
5,453.77515293895385,500.45377515293893
6,479.9616927748843,600.4799616927749
5,673.8258321123135,500.6738258321123
6,633.3952140339815,600.633395214034
7,669.1818529974347,700.6691818529974
6,646.8864656981318,600.6468864656981
7,576.086128886999,700.576086128887
5,596.687408541202,500.5966874085412
6,744.1251886044001,600.7441251886044
6,655.9749883358658,600.6559749883359
5,666.1324611480068,500.666132461148
7,626.1589533483567,700.6261589533484
6,642.3574253483204,600.6423574253483
6,729.0464578318055,600.7290464578318
6,621.6365186219437,600.6216365186219
6,674.3069219027702,600.6743069219028
5,575.2715576328864,500.5752715576329
7,584.3516025536954,700.5843516025537
