num_vehicles,distance,fitness
8,800.9792222618502,800.8009792222618
10,850.4594335770057,1000.850459433577
12,863.4198702748818,1200.8634198702748
12,895.4844931256911,1200.8954844931257
11,797.6210718081652,1100.7976210718082
13,900.3078504388926,1300.9003078504388
13,1018.3328014032422,1301.0183328014032
15,1022.4727516008722,1501.0224727516008
15,1031.0758043470255,1501.031075804347
15,1006.0652085309856,1501.006065208531
14,1037.976748422167,1401.0379767484221
15,993.5758725512571,1500.9935758725512
14,990.2236441807739,1400.9902236441808
15,1045.2997156059512,1501.045299715606
15,1002.5696292573076,1501.0025696292573
15,1006.0223378567441,1501.0060223378568
14,939.9129721638292,1400.939912972164
16,992.0775826059722,1600.992077582606
14,957.4299255805004,1400.9574299255805
15,946.2484617715173,1500.9462484617716
