num_vehicles,distance,fitness
7,847.9959707224298,700.8479959707224
6,852.682142485309,600.8526821424853
7,914.3752203289612,700.9143752203289
7,820.9248409522046,700.8209248409522
6,825.4015075629193,600.8254015075629
6,819.6820941233873,600.8196820941234
6,780.3387819960074,600.780338781996
8,903.4945128627227,800.9034945128627
8,909.4333209536027,800.9094333209536
8,1019.5793852508453,801.0195793852508
8,849.0857751152005,800.8490857751152
9,899.4270120697835,900.8994270120697
7,855.6608450195524,700.8556608450195
8,974.0267355769972,800.974026735577
9,1008.6170523952178,901.0086170523953
8,927.6663439874774,800.9276663439874
9,947.7846576198668,900.9477846576199
8,987.9481545129648,800.987948154513
8,962.2888136423375,800.9622888136423
9,925.7046856797513,900.9257046856798
