num_vehicles,distance,fitness
7,818.2437983267619,700.8182437983268
7,787.0554556313899,700.7870554556314
6,803.6316058880366,600.8036316058881
6,838.3006546833379,600.8383006546834
7,869.0547004896385,700.8690547004896
6,737.9586129721629,600.7379586129722
6,820.1089721733193,600.8201089721733
7,717.026615845251,700.7170266158453
9,918.0060124402112,900.9180060124402
9,968.1613601897959,900.9681613601898
8,921.7179029625879,800.9217179029625
10,926.7775352848387,1000.9267775352848
10,968.1196700778871,1000.9681196700778
9,869.3937741369604,900.8693937741369
9,966.6844303239266,900.9666844303239
8,944.6097864705375,800.9446097864706
9,938.185327010171,900.9381853270102
9,1004.0726831380429,901.004072683138
10,1020.0297080669341,1001.0200297080669
10,916.7730566361255,1000.9167730566361
