num_vehicles,distance,fitness
6,849.5290070488132,600.8495290070488
9,796.442531882132,900.7964425318821
7,746.2629704681685,700.7462629704681
7,768.4324267302212,700.7684324267302
8,748.3199540291836,800.7483199540292
8,825.2777469109726,800.825277746911
8,796.6312922514605,800.7966312922515
8,707.9902022923603,800.7079902022923
9,758.2109071753235,900.7582109071753
10,832.1986945581166,1000.8321986945581
9,864.8052109050076,900.864805210905
9,890.8515947411893,900.8908515947412
9,904.390358021227,900.9043903580213
9,962.2842469047324,900.9622842469047
10,954.7949257733596,1000.9547949257734
9,866.2971972219891,900.866297197222
9,825.7311026492268,900.8257311026492
9,980.7827933189767,900.980782793319
11,1006.4455641867168,1101.0064455641866
9,893.5910065047884,900.8935910065048
