num_vehicles,distance,fitness
6,762.3946846662257,600.7623946846662
8,869.7296908066797,800.8697296908067
7,837.5834379225666,700.8375834379226
7,809.2312900387369,700.8092312900387
6,852.1991527068967,600.8521991527069
8,929.0090619942332,800.9290090619942
9,1002.3561088513441,901.0023561088514
7,811.998363910721,700.8119983639107
9,909.3548700500126,900.90935487005
7,845.686901035918,700.845686901036
8,924.3692310905615,800.9243692310905
7,828.9586017083285,700.8289586017083
9,956.0045044696485,900.9560045044697
10,986.3079628429325,1000.986307962843
8,913.6059975648883,800.9136059975649
10,980.7568925074689,1000.9807568925074
7,887.6348450292828,700.8876348450293
9,893.2914148698381,900.8932914148699
8,936.289184675543,800.9362891846755
9,912.5365737253551,900.9125365737253
