num_vehicles,distance,fitness
4,1071.3637846072347,401.07136378460723
4,891.8550235904213,400.89185502359044
4,983.1091380645184,400.9831091380645
4,1003.8920704386328,401.0038920704386
4,940.7192971532236,400.94071929715324
4,983.4475383595571,400.98344753835954
4,971.3258316863386,400.97132583168633
6,1059.993460198648,601.0599934601986
5,866.8363819925389,500.8668363819925
5,915.8542046807179,500.9158542046807
7,961.6322547349511,700.9616322547349
5,853.8112861917648,500.8538112861918
7,1115.6021768195637,701.1156021768196
5,993.7326855893607,500.99373268558935
5,910.6809793062326,500.9106809793062
5,888.6623649483645,500.88866236494835
5,925.4909413366668,500.92549094133665
5,949.8786659542716,500.94987866595426
4,843.4250852561418,400.8434250852561
5,840.1301370861707,500.8401301370862
