num_vehicles,distance,fitness
4,887.2260787198006,400.8872260787198
5,871.6256884853061,500.8716256884853
4,875.9886942493232,400.8759886942493
4,894.9570992169253,400.8949570992169
5,950.7839391972882,500.95078393919727
4,868.0550279256618,400.86805502792566
4,885.3382086926842,400.8853382086927
5,765.471654063949,500.76547165406396
5,920.3501802467822,500.92035018024677
5,924.6938281613322,500.9246938281613
5,898.9444149933304,500.8989444149933
5,876.9175122266239,500.8769175122266
5,981.6494068145661,500.98164940681454
6,887.4326392885921,600.8874326392886
5,928.7552732702218,500.9287552732702
5,867.6497915943174,500.8676497915943
5,872.9320118696779,500.8729320118697
6,1019.8753238148374,601.0198753238149
7,957.1680355332753,700.9571680355333
5,950.6216020437015,500.9506216020437
