num_vehicles,distance,fitness
4,954.4951724086313,400.95449517240866
4,939.34225299531,400.9393422529953
4,823.1232702893246,400.82312327028933
4,828.0998974608196,400.82809989746085
4,853.3575920981356,400.8533575920981
4,769.9356575804713,400.76993565758045
4,871.3411940289977,400.871341194029
5,946.6547211595679,500.9466547211596
5,925.8442405774802,500.9258442405775
5,936.1294319265896,500.9361294319266
5,874.5251603139354,500.8745251603139
5,1040.182256228147,501.04018225622815
5,935.0337301095419,500.9350337301095
5,1000.0764541184303,501.0000764541184
5,1004.7572835930662,501.00475728359305
5,883.4651368041237,500.88346513680415
5,863.9897410202709,500.86398974102025
4,822.5583650248892,400.82255836502486
5,950.2427493633919,500.9502427493634
5,982.0227877490626,500.9820227877491
