num_vehicles,distance,fitness
7,792.558481332472,700.7925584813324
7,939.9583695202299,700.9399583695202
8,933.4069423238877,800.9334069423239
7,1000.5706434980796,701.0005706434981
7,1000.9891459557515,701.0009891459557
7,911.0727901565708,700.9110727901566
7,862.3790914516223,700.8623790914517
7,853.3865465766166,700.8533865465766
7,918.394976072939,700.9183949760729
8,988.4009919500352,800.98840099195
9,966.0962620834736,900.9660962620835
9,1176.0661326424558,901.1760661326424
8,1006.5918847629779,801.006591884763
8,998.7823691997091,800.9987823691997
9,1057.0903568487693,901.0570903568488
9,977.4032844253633,900.9774032844253
9,1259.7235518494538,901.2597235518494
9,1023.8181221137814,901.0238181221138
9,1178.199189478015,901.178199189478
8,1019.9025986984444,801.0199025986984
