num_vehicles,distance,fitness
7,691.9245200332821,700.6919245200332
8,820.4116906167542,800.8204116906168
9,857.4924840002725,900.8574924840003
10,982.962213983708,1000.9829622139837
8,730.7041423875005,800.7307041423875
8,781.5237086772147,800.7815237086772
9,840.1360949809639,900.840136094981
8,908.2655029684835,800.9082655029684
9,893.9466296761935,900.8939466296762
9,969.4283630037098,900.9694283630037
10,918.9776740974161,1000.9189776740974
10,1060.7050386666879,1001.0607050386667
9,1013.6191929605029,901.0136191929605
10,1124.9382699793628,1001.1249382699793
9,1073.4458444138809,901.0734458444139
10,1089.5542246995612,1001.0895542246996
11,929.540843125516,1100.9295408431256
9,1061.177685649772,901.0611776856498
11,1315.2961314077047,1101.3152961314076
12,1188.316705589875,1201.1883167055898
