num_vehicles,distance,fitness
8,1070.571296979287,801.0705712969793
7,877.7208980099988,700.87772089801
7,1046.3942808337476,701.0463942808337
7,993.9203363427123,700.9939203363427
7,1053.1730642768662,701.0531730642768
6,855.5024996216528,600.8555024996217
7,1086.1449436088797,701.0861449436089
7,953.9779375894757,700.9539779375895
9,1220.84949565753,901.2208494956575
9,1124.7394476430745,901.124739447643
8,991.9630446124286,800.9919630446125
9,1311.9900940810437,901.311990094081
8,1158.767073226755,801.1587670732267
8,1230.1579440653622,801.2301579440654
7,998.2434725012782,700.9982434725013
9,1105.5678277359739,901.105567827736
9,1136.9590566697343,901.1369590566698
8,1120.6354149130384,801.1206354149131
8,1153.4243948887129,801.1534243948887
9,1419.722578822857,901.4197225788229
