num_vehicles,distance,fitness
5,1098.2107185369055,501.0982107185369
6,852.8961094041107,600.8528961094041
5,1175.286807338625,501.17528680733864
6,899.1191225233699,600.8991191225234
6,1030.6888895343106,601.0306888895343
5,940.7460953590383,500.94074609535903
5,1116.6944750584896,501.11669447505847
5,1011.9421354073284,501.0119421354073
5,846.3461440285606,500.8463461440286
5,1050.9558324160043,501.050955832416
7,1290.4346841835413,701.2904346841835
6,1172.794152166267,601.1727941521663
7,1329.429287802771,701.3294292878028
6,1047.7011233290339,601.047701123329
6,1193.8523523782133,601.1938523523783
6,1098.0093471257742,601.0980093471258
7,1258.2218367241412,701.2582218367241
6,1132.3140492023601,601.1323140492024
6,1226.9796785516146,601.2269796785516
6,933.2877100587564,600.9332877100587
