num_vehicles,distance,fitness
5,1310.0844333327757,501.3100844333328
5,1191.9768150761947,501.1919768150762
5,1113.8558606267545,501.11385586062676
5,1090.3744025108037,501.0903744025108
5,1025.4044641843443,501.02540446418436
5,1124.2956869005795,501.12429568690055
7,988.8311821812836,700.9888311821812
5,1255.7311038543132,501.2557311038543
6,1118.3298953194878,601.1183298953194
5,1088.4002955377748,501.0884002955378
6,1305.1071240775052,601.3051071240775
5,985.1980316252633,500.98519803162526
5,1067.3857230798098,501.06738572307984
5,1056.9572022832729,501.0569572022833
6,1134.4804148719368,601.134480414872
5,1089.4075519831715,501.0894075519832
5,1020.9307763648206,501.0209307763648
6,1293.9493466047975,601.2939493466048
5,1258.9090923760093,501.25890909237603
5,940.2117870968409,500.9402117870968
