num_vehicles,distance,fitness
5,1088.2573579320474,501.08825735793204
4,894.7687902817675,400.8947687902818
5,848.4775828128068,500.8484775828128
4,857.1582557156364,400.85715825571566
4,1265.6619657748192,401.2656619657748
5,1105.0526763287487,501.10505267632874
5,1214.5583357240948,501.2145583357241
4,876.5062478064734,400.87650624780645
4,1076.298812276942,401.07629881227695
4,1101.6852369184721,401.10168523691846
5,1051.97727617707,501.05197727617707
5,1089.7891192019192,501.0897891192019
5,1000.9324630372137,501.0009324630372
5,1169.9275729241267,501.1699275729241
6,1366.7902068761089,601.3667902068761
6,1303.3779138949526,601.3033779138949
8,1395.1802752021836,801.3951802752022
6,1233.5118288394465,601.2335118288395
5,1098.0989330391317,501.0980989330391
5,1395.3519341855479,501.39535193418556
