num_vehicles,distance,fitness
5,1206.7227033268164,501.2067227033268
5,1210.128036724769,501.21012803672477
5,1252.684585237344,501.2526845852373
5,1060.1446477304034,501.0601446477304
5,1173.9322564389722,501.17393225643895
5,1091.6249262402127,501.09162492624023
5,1015.7122487586003,501.0157122487586
5,1112.4318152699332,501.11243181526993
6,1344.606988356964,601.344606988357
7,1208.957539006581,701.2089575390066
8,1230.3679013262786,801.2303679013263
6,1301.998346342446,601.3019983463424
9,1148.5672730021781,901.1485672730022
8,1170.040372794964,801.1700403727949
6,1074.836944474483,601.0748369444744
7,1398.2071670993762,701.3982071670994
7,1214.4672984632564,701.2144672984632
7,1187.8230912495142,701.1878230912495
8,1410.645214145256,801.4106452141452
7,1307.0305328210566,701.307030532821
