num_vehicles,distance,fitness
6,447.6452532027363,600.4476452532027
8,589.6636124249185,800.5896636124249
7,499.28525283636077,700.4992852528363
7,567.2422245977142,700.5672422245977
7,665.3060462050324,700.665306046205
8,607.8932962056481,800.6078932962057
8,619.872876831646,800.6198728768317
7,621.899656547177,700.6218996565472
9,686.8613761673647,900.6868613761674
9,713.322236488304,900.7133222364884
9,715.3650280325601,900.7153650280326
8,711.3348173493996,800.7113348173494
9,725.4799106927389,900.7254799106927
8,670.0947789624468,800.6700947789625
10,743.1364545358267,1000.7431364545358
8,617.2950372195733,800.6172950372196
8,624.8599459684211,800.6248599459684
7,588.9602879516258,700.5889602879516
8,715.3257951248904,800.7153257951248
11,779.6978630586332,1100.7796978630586
