num_vehicles,distance,fitness
7,495.26436520284466,700.4952643652028
6,579.4519351721158,600.5794519351721
7,613.382728465921,700.6133827284659
6,585.9395949849112,600.5859395949849
7,643.4011695947017,700.6434011695947
7,601.0904690550844,700.6010904690551
6,584.4564774447065,600.5844564774447
7,587.2198291456363,700.5872198291456
7,543.6260416125057,700.5436260416125
9,653.434020514996,900.653434020515
7,584.6871557990116,700.584687155799
8,678.8603320255902,800.6788603320256
8,612.50491002169,800.6125049100217
9,663.495491596422,900.6634954915964
8,692.6151943230403,800.692615194323
7,618.7454151045401,700.6187454151045
7,734.5689277934026,700.7345689277934
8,663.1611109711604,800.6631611109711
7,673.0276891223527,700.6730276891224
8,627.8443208971723,800.6278443208972
