num_vehicles,distance,fitness
7,512.2931205274929,700.5122931205275
7,570.7007568403405,700.5707007568403
7,622.551547829348,700.6225515478294
7,617.2426832690022,700.617242683269
7,526.1752344149958,700.526175234415
6,537.2472829288432,600.5372472829289
7,499.79289926755496,700.4997928992675
8,758.0210843451426,800.7580210843452
7,628.9647945447742,700.6289647945448
7,663.5709145947997,700.6635709145947
7,656.3346701105125,700.6563346701105
7,567.5166645741107,700.5675166645741
8,706.3602397970025,800.706360239797
7,717.2411418167317,700.7172411418168
8,689.0880506771446,800.6890880506771
7,650.4358537179191,700.6504358537179
7,663.9064651522331,700.6639064651522
7,695.6185134455243,700.6956185134455
8,616.4593049640954,800.6164593049641
7,652.3289656265528,700.6523289656266
