num_vehicles,distance,fitness
7,658.8124637298049,700.6588124637298
7,547.1749240631714,700.5471749240631
9,613.4299795302088,900.6134299795302
8,625.900246447547,800.6259002464476
7,554.5272234027951,700.5545272234028
7,578.1753391046842,700.5781753391046
9,658.4152243701419,900.6584152243702
8,739.5427089240113,800.739542708924
9,640.144468038409,900.6401444680384
9,697.791155071573,900.6977911550716
8,565.1099561076721,800.5651099561077
10,729.8442254726483,1000.7298442254727
12,760.3278504378802,1200.760327850438
9,650.6009491582354,900.6506009491583
8,605.3595940230357,800.6053595940231
9,656.8305012860499,900.6568305012861
8,667.0338540739449,800.6670338540739
9,665.5907810920901,900.6655907810921
10,708.6634009118238,1000.7086634009119
11,707.032100988679,1100.7070321009887
