num_vehicles,distance,fitness
5,457.2023704760672,500.45720237047607
6,469.5260262718236,600.4695260262719
6,538.0662978602312,600.5380662978603
6,534.0294234323432,600.5340294234323
7,500.3757852373701,700.5003757852373
6,506.7778638742335,600.5067778638743
8,546.2028154655952,800.5462028154656
6,555.7422853097635,600.5557422853097
6,576.9690677743746,600.5769690677744
7,536.8654304939175,700.5368654304939
6,498.56602374122156,600.4985660237412
11,825.2495430493193,1100.8252495430493
9,675.2412294030682,900.675241229403
7,705.1491661787816,700.7051491661788
10,729.1295519556611,1000.7291295519557
8,723.8167811091067,800.7238167811091
9,692.5802816787852,900.6925802816788
8,687.6083424214047,800.6876083424214
9,749.623755790309,900.7496237557903
9,754.3272233684318,900.7543272233685
