num_vehicles,distance,fitness
5,512.8102709016586,500.51281027090164
5,533.4222589756627,500.5334222589757
6,595.4290923086897,600.5954290923087
8,704.61604833448,800.7046160483345
7,676.5400482243481,700.6765400482243
7,768.2979053089126,700.7682979053089
7,622.9125785205101,700.6229125785205
7,723.0576091184638,700.7230576091184
7,715.3013803305669,700.7153013803305
8,690.5804116043341,800.6905804116043
7,683.0161885739524,700.6830161885739
6,757.3557702158985,600.7573557702159
7,786.607985726358,700.7866079857264
6,653.8135059672834,600.6538135059673
10,793.8034699543274,1000.7938034699544
8,847.0672115704813,800.8470672115704
9,714.8905587890638,900.7148905587891
7,677.9476438048031,700.6779476438048
9,790.6016828662082,900.7906016828662
6,721.1841479101336,600.7211841479101
