num_vehicles,distance,fitness
5,518.2594252824524,500.51825942528245
6,545.1508441359535,600.545150844136
6,483.01892969733285,600.4830189296973
5,468.6424781082211,500.4686424781082
5,568.674059078391,500.5686740590784
6,551.8571610454657,600.5518571610455
7,682.3212141199275,700.68232121412
6,634.9306641505848,600.6349306641506
5,592.0019805923462,500.59200198059233
7,652.2739553651879,700.6522739553652
7,666.7882103559849,700.666788210356
6,580.0100735030601,600.5800100735031
6,594.0852025434906,600.5940852025435
6,662.0103541004218,600.6620103541004
7,620.9935303825779,700.6209935303826
5,581.037075498879,500.5810370754989
6,601.4977631591466,600.6014977631592
6,657.0257347469451,600.657025734747
6,609.3217823656614,600.6093217823657
7,678.5909097923317,700.6785909097923
