num_vehicles,distance,fitness
5,492.8496652239143,500.4928496652239
5,567.2071877511431,500.56720718775114
5,499.78894887530276,500.4997889488753
5,501.0637343978474,500.50106373439786
6,607.6569620031183,600.6076569620031
5,604.985313332581,500.6049853133326
6,550.5053036274275,600.5505053036275
6,659.5970749908842,600.6595970749909
6,621.1880084658094,600.6211880084658
5,618.9601184185611,500.61896011841856
5,664.1273507910834,500.6641273507911
5,631.1817647472311,500.6311817647472
6,673.0643373442799,600.6730643373443
6,592.1530239188618,600.5921530239189
5,580.0854149141153,500.5800854149141
6,711.2656857581943,600.7112656857582
6,605.5615497098573,600.6055615497098
5,509.8420006196497,500.50984200061964
6,529.7606745811345,600.5297606745811
5,612.9557388116992,500.6129557388117
