num_vehicles,distance,fitness
8,800.9792222618502,800.8009792222618
14,853.5373841642298,1400.8535373841642
11,794.0873085809238,1100.7940873085809
12,840.9169211059342,1200.8409169211059
11,844.3896560827287,1100.8443896560827
12,866.7378603265943,1200.8667378603266
12,907.6059734450623,1200.907605973445
13,913.0380102564881,1300.9130380102565
15,1060.1014010957451,1501.0601014010958
16,1092.9558190885887,1601.0929558190885
15,1000.362940459396,1501.0003629404594
15,1005.4591534090501,1501.005459153409
16,1022.2288478236886,1601.0222288478237
15,936.4081500238549,1500.936408150024
13,1028.4294424509644,1301.028429442451
14,1151.6411630180291,1401.151641163018
16,1018.1920229429675,1601.018192022943
17,977.5571791047757,1700.9775571791047
14,955.8778535514282,1400.9558778535513
15,1047.8100323055728,1501.0478100323055
