num_vehicles,distance,fitness
7,743.2970155147732,700.7432970155148
7,882.2230231097687,700.8822230231098
7,677.0053932005264,700.6770053932005
7,757.1404799484192,700.7571404799485
7,752.1687151401469,700.7521687151401
7,803.6644975439364,700.803664497544
7,741.7461955705797,700.7417461955706
8,884.9387757622,800.8849387757622
7,843.2667486651634,700.8432667486652
6,722.8797117280462,600.7228797117281
9,922.5014700703522,900.9225014700703
11,956.2654442764529,1100.9562654442764
10,898.9589629060766,1000.898958962906
10,921.5881299337439,1000.9215881299338
9,966.2752847987499,900.9662752847987
10,948.7404454820659,1000.948740445482
11,934.9189412026246,1100.9349189412026
12,919.9547079551559,1200.9199547079552
11,927.2185742354818,1100.9272185742354
9,998.368649941473,900.9983686499414
