num_vehicles,distance,fitness
7,847.9959707224298,700.8479959707224
7,890.7707147169923,700.890770714717
6,828.8283432865489,600.8288283432865
8,902.9491618275346,800.9029491618276
6,828.7876026439344,600.828787602644
6,756.9789218805864,600.7569789218805
10,938.5620869009996,1000.938562086901
8,929.4926089674618,800.9294926089675
10,1078.6296243005531,1001.0786296243006
10,1029.5040700794418,1001.0295040700795
10,1110.1820871317357,1001.1101820871318
9,974.6157410827324,900.9746157410827
9,987.4905595091094,900.9874905595091
9,1020.3229685510582,901.0203229685511
8,960.2152101243707,800.9602152101244
8,957.101537263851,800.9571015372638
8,1005.7270908009085,801.0057270908009
9,1014.2443870085764,901.0142443870086
8,857.1268714226986,800.8571268714227
8,926.7157081640154,800.926715708164
