num_vehicles,distance,fitness
7,864.4833286468569,700.8644833286469
10,801.7275543942656,1000.8017275543942
9,753.3782123198433,900.7533782123198
11,872.5321672757311,1100.8725321672757
11,914.1996547833343,1100.9141996547833
10,828.9828128192413,1000.8289828128193
9,819.5832272683771,900.8195832272684
12,896.0829388593652,1200.8960829388593
13,1017.6580862323797,1301.0176580862324
11,988.9029538502931,1100.9889029538504
13,1019.9819427618991,1301.019981942762
12,909.0869216663749,1200.9090869216664
11,913.6353561568365,1100.9136353561569
12,1063.9068777621155,1201.063906877762
12,926.3712439228138,1200.9263712439229
10,884.5490082285664,1000.8845490082285
12,924.8633307867826,1200.9248633307868
12,871.8651269895064,1200.8718651269894
13,1025.3299776796548,1301.0253299776796
11,834.1679699431173,1100.834167969943
