num_vehicles,distance,fitness
6,738.2850068179622,600.7382850068179
7,793.3350835345768,700.7933350835345
7,731.3924403560043,700.731392440356
7,743.9333603822448,700.7439333603822
7,714.7310189377137,700.7147310189378
9,795.6651576914782,900.7956651576915
7,845.8510296839064,700.8458510296839
7,867.6589064532141,700.8676589064532
11,1023.8730133983332,1101.0238730133983
10,896.9652619001811,1000.8969652619002
10,898.9774200744953,1000.8989774200745
10,950.1756890074314,1000.9501756890074
10,956.9381031578157,1000.9569381031578
14,1069.1178577675264,1401.0691178577674
10,828.2721206898544,1000.8282721206898
9,857.056694184705,900.8570566941847
10,1055.2626086896707,1001.0552626086896
10,970.6872238963476,1000.9706872238963
8,838.6278228646762,800.8386278228646
10,1030.548831038996,1001.030548831039
