num_vehicles,distance,fitness
7,818.2437983267619,700.8182437983268
7,827.0144888078346,700.8270144888079
8,837.3075589668529,800.8373075589668
6,908.5171268829878,600.908517126883
6,780.4125967153715,600.7804125967153
7,753.1815518331941,700.7531815518332
8,993.4675975313448,800.9934675975313
8,800.6524947271826,800.8006524947272
9,1027.982222690034,901.0279822226901
10,959.7750136495195,1000.9597750136495
9,868.737312012415,900.8687373120124
9,870.5993972169875,900.870599397217
9,922.1434727979254,900.9221434727979
10,1043.5731790282139,1001.0435731790282
9,907.8306203675513,900.9078306203676
10,976.4815912596811,1000.9764815912597
9,938.160017280416,900.9381600172804
10,959.9760136401137,1000.9599760136401
9,878.3477882908313,900.8783477882909
8,885.5072485484635,800.8855072485485
