num_vehicles,distance,fitness
7,875.9048735512156,700.8759048735512
7,893.4316897063742,700.8934316897064
6,831.1247707089589,600.8311247707089
6,833.7421129400819,600.8337421129401
6,797.900530436009,600.797900530436
6,859.770853295192,600.8597708532952
6,808.6326614390205,600.808632661439
9,948.973214615764,900.9489732146158
7,899.2646454592309,700.8992646454592
8,1020.1781372680639,801.0201781372681
8,979.9609722519101,800.9799609722519
8,939.4156081139328,800.9394156081139
9,996.9732539575855,900.9969732539575
8,911.8953411569123,800.9118953411569
8,843.2441974943047,800.8432441974943
7,868.9770546257948,700.8689770546258
9,949.4596242408388,900.9494596242408
9,1009.2881915663387,901.0092881915664
7,798.4739672730683,700.798473967273
7,896.7915679170798,700.896791567917
