num_vehicles,distance,fitness
6,849.5290070488132,600.8495290070488
9,872.1094505053114,900.8721094505053
10,957.8652616356383,1000.9578652616357
7,640.7496573918953,700.6407496573919
9,834.3025885981365,900.8343025885981
10,815.9180317371561,1000.8159180317372
7,729.7160655634184,700.7297160655634
8,827.6810849236965,800.8276810849237
9,893.1969398307562,900.8931969398308
10,1045.9758050692647,1001.0459758050692
9,774.306777226361,900.7743067772263
10,964.9776877373158,1000.9649776877374
9,993.876573593132,900.9938765735932
10,897.0703484994046,1000.8970703484994
10,802.9934100744322,1000.8029934100745
11,1020.881906566024,1101.020881906566
9,1000.2565304143379,901.0002565304144
8,836.2238165269795,800.836223816527
11,1038.482927283246,1101.0384829272832
9,866.7782306708639,900.8667782306709
