num_vehicles,distance,fitness
6,762.3946846662257,600.7623946846662
6,713.8949603137254,600.7138949603137
7,790.503047809607,700.7905030478096
7,801.0254403233828,700.8010254403234
7,877.4483508291225,700.8774483508291
7,808.4219588929124,700.808421958893
8,875.1426157263918,800.8751426157264
8,931.2264465075564,800.9312264465076
8,894.7429928894089,800.8947429928894
8,917.9250279002481,800.9179250279002
8,870.87697652619,800.8708769765262
9,996.5539690148821,900.9965539690148
8,911.3589305939058,800.9113589305939
8,852.8384861066664,800.8528384861066
7,810.3134357576087,700.8103134357576
9,974.8850958805184,900.9748850958805
9,911.0291025908033,900.9110291025908
9,937.7586078227373,900.9377586078227
8,779.7403621529037,800.7797403621529
9,1021.293467118719,901.0212934671188
