num_vehicles,distance,fitness
6,840.3646523098904,600.8403646523099
7,884.8756606738249,700.8848756606739
7,797.6237553132374,700.7976237553132
6,783.1642088427296,600.7831642088428
6,697.473307833361,600.6974733078333
6,795.8439615285989,600.7958439615286
7,847.6206406623232,700.8476206406623
6,799.6919814017677,600.7996919814018
7,937.8398230396574,700.9378398230397
7,760.6700966161334,700.7606700966161
7,1008.3176147402421,701.0083176147402
7,965.1535602343934,700.9651535602344
7,813.5907840822266,700.8135907840822
6,798.5129598783672,600.7985129598784
6,865.3402507220575,600.865340250722
7,967.1143637745492,700.9671143637745
7,891.5228923324729,700.8915228923324
8,899.0412257647863,800.8990412257648
7,928.3125070707927,700.9283125070708
7,964.0911190405686,700.9640911190405
