num_vehicles,distance,fitness
4,1071.3637846072347,401.07136378460723
4,1001.5665448379624,401.00156654483794
4,922.4367772971411,400.92243677729715
5,973.625175541234,500.97362517554126
4,947.5198840699264,400.94751988406995
5,949.5326822990629,500.94953268229904
4,888.0247335166424,400.88802473351666
5,930.9577490010479,500.93095774900104
6,1000.44937012816,601.0004493701282
6,997.0918624605673,600.9970918624606
4,883.1758080771926,400.88317580807717
6,1026.1677165970636,601.0261677165971
5,821.0300486826909,500.8210300486827
6,1056.470544746791,601.0564705447468
6,1021.8433252604818,601.0218433252605
5,1016.5571856738308,501.01655718567383
5,960.5540536949297,500.9605540536949
5,1097.53288134321,501.0975328813432
5,997.1655490952331,500.99716554909526
6,942.3147194759324,600.9423147194759
