num_vehicles,distance,fitness
4,937.6570066368039,400.9376570066368
4,935.1089276036369,400.93510892760366
4,952.4367918010292,400.952436791801
4,943.5773960856026,400.94357739608563
5,995.6859153849678,500.99568591538497
4,897.3925051263047,400.8973925051263
4,904.3910257591898,400.9043910257592
5,977.2802718379577,500.97728027183797
5,964.0803330180169,500.964080333018
4,896.0151648457804,400.8960151648458
4,930.5034225176993,400.9305034225177
5,952.4039388034194,500.9524039388034
6,994.6319766853625,600.9946319766854
4,900.7006994804963,400.9007006994805
4,848.0759412594579,400.8480759412595
4,849.1442590462004,400.8491442590462
5,946.5804401913555,500.9465804401914
5,862.4497576437134,500.86244975764373
5,1048.2318783632911,501.0482318783633
4,953.9322522343258,400.9539322522343
