num_vehicles,distance,fitness
4,954.4951724086313,400.95449517240866
4,847.2554155746194,400.84725541557464
4,892.9045246622759,400.8929045246623
4,980.7218837399452,400.98072188373993
4,934.1836260067267,400.9341836260067
4,959.2330236345288,400.9592330236345
4,940.6164473914283,400.94061644739145
4,803.4646549267222,400.8034646549267
5,870.0703202583325,500.8700703202583
5,923.3387712074084,500.9233387712074
4,850.1633552290516,400.85016335522903
5,837.6005414752508,500.83760054147524
5,988.7060639514873,500.9887060639515
5,868.4217643211568,500.86842176432117
5,976.9432741398796,500.9769432741399
4,828.741644035453,400.82874164403546
4,980.2524939752205,400.98025249397523
5,963.7199846530831,500.9637199846531
5,925.2436364863389,500.92524363648636
4,933.7366391240325,400.93373663912405
