num_vehicles,distance,fitness
4,877.1580260263885,400.8771580260264
4,720.2998386864624,400.72029983868646
4,835.4771952589839,400.835477195259
4,884.2483589789147,400.88424835897894
4,926.1918024383134,400.9261918024383
4,872.5593397217643,400.87255933972176
5,835.6037857453758,500.8356037857454
5,867.9154602827076,500.8679154602827
4,941.1724159801244,400.94117241598013
5,900.6564828020607,500.90065648280205
4,838.1947793499837,400.83819477935
5,948.6150763696344,500.9486150763696
4,934.2323146785313,400.9342323146785
4,1001.7011931439022,401.0017011931439
4,971.9899841173794,400.9719899841174
4,911.6577841318772,400.9116577841319
5,912.051059347978,500.91205105934796
4,880.5005663203531,400.88050056632034
4,888.2029190057046,400.8882029190057
4,857.1766394728593,400.85717663947287
