num_vehicles,distance,fitness
8,1070.571296979287,801.0705712969793
8,959.6735487476052,800.9596735487476
7,959.3056019210709,700.9593056019211
7,850.1329265826636,700.8501329265827
7,844.4877978141058,700.844487797814
7,987.7257372508201,700.9877257372508
7,1074.1016603814276,701.0741016603814
9,1220.671003141482,901.2206710031414
8,1014.2619735540751,801.0142619735541
8,1100.0024823461326,801.1000024823461
8,1126.0494241888466,801.1260494241889
8,957.1748161529442,800.9571748161529
8,900.3319838883401,800.9003319838883
8,1110.9002442363496,801.1109002442364
8,978.5091920767076,800.9785091920767
8,1019.698688222051,801.0196986882221
8,1129.226503221713,801.1292265032217
8,1019.9886186238173,801.0199886186239
8,1140.9483734078626,801.1409483734078
8,917.6067112222102,800.9176067112222
