num_vehicles,distance,fitness
7,791.5872570391791,700.7915872570392
8,955.4850121511622,800.9554850121511
7,850.5329166141066,700.8505329166142
8,929.4848719117431,800.9294848719118
8,915.7865572661323,800.9157865572662
7,799.111470922318,700.7991114709223
7,886.0845755136162,700.8860845755136
7,783.0166713476806,700.7830166713477
7,737.4808817875929,700.7374808817876
8,986.9460197645877,800.9869460197646
9,1189.411677887895,901.1894116778878
9,1178.3596591670325,901.1783596591671
10,1202.0729360689882,1001.202072936069
9,1029.057268664137,901.0290572686641
8,1143.986631823505,801.1439866318235
9,1110.8423887881097,901.1108423887881
9,1203.1839921652238,901.2031839921652
8,931.27521212031,800.9312752121203
8,1097.3164011339509,801.097316401134
9,1154.6809395454854,901.1546809395455
