num_vehicles,distance,fitness
8,962.0780328369437,800.962078032837
8,860.5967002657997,800.8605967002658
8,828.5085366772862,800.8285085366773
8,893.7478454531778,800.8937478454532
8,834.4075560674194,800.8344075560674
8,823.5423917106543,800.8235423917107
8,848.0824517584385,800.8480824517584
10,925.1114013215359,1000.9251114013215
10,1098.6558729253757,1001.0986558729254
9,1152.7429763518567,901.1527429763519
10,1233.9574367794958,1001.2339574367795
9,1031.9906532625496,901.0319906532626
9,1077.667369112599,901.0776673691126
10,1173.6214499414507,1001.1736214499415
9,966.678849041226,900.9666788490413
8,1014.833421234024,801.014833421234
9,1035.8252475349434,901.035825247535
8,833.2002161645948,800.8332002161646
10,1195.2943461165,1001.1952943461165
9,994.3228883271279,900.9943228883271
