num_vehicles,distance,fitness
7,792.558481332472,700.7925584813324
8,1181.8467186361152,801.1818467186362
7,822.736250651709,700.8227362506517
7,1048.0625342142955,701.0480625342143
7,857.1357831366822,700.8571357831366
7,892.6197156938522,700.8926197156939
7,804.7385019000349,700.8047385019
9,1144.7650916626783,901.1447650916626
8,999.7353053467416,800.9997353053467
11,1234.7954648184864,1101.2347954648185
8,1000.5493762639679,801.000549376264
8,894.7797802119815,800.8947797802119
9,882.2871675938432,900.8822871675939
9,1155.1332116208364,901.1551332116209
9,1069.5167235492493,901.0695167235492
8,1011.3179169563541,801.0113179169564
8,965.8374408526433,800.9658374408526
9,1198.0133818647066,901.1980133818647
9,984.5576058343918,900.9845576058344
8,1079.3578632170288,801.0793578632171
