num_vehicles,distance,fitness
7,691.9245200332821,700.6919245200332
10,907.519596556303,1000.9075195965563
9,849.0635643664085,900.8490635643664
9,1011.6214866227681,901.0116214866227
11,998.6859884957089,1100.9986859884957
12,1186.2774601797864,1201.1862774601798
10,1054.1013790137115,1001.0541013790137
11,1149.6533538542437,1101.1496533538543
10,1214.8199568984103,1001.2148199568984
10,1047.7869076694933,1001.0477869076695
11,1021.5582629485688,1101.0215582629485
10,1106.2725901994017,1001.1062725901994
9,978.300837661947,900.9783008376619
10,1083.9142085593444,1001.0839142085593
10,1075.9608961492702,1001.0759608961492
11,1164.6571169425938,1101.1646571169426
10,1035.6086600454212,1001.0356086600455
12,1166.8039264296576,1201.1668039264296
10,1037.0025646424438,1001.0370025646424
11,1130.013402185842,1101.1300134021858
