num_vehicles,distance,fitness
8,759.1670203183024,800.7591670203183
7,846.7766575587636,700.8467766575587
8,849.3922320764069,800.8493922320764
7,923.711342494363,700.9237113424944
8,882.8534916125042,800.8828534916125
9,886.6479224680265,900.886647922468
11,1061.4807381321093,1101.061480738132
10,1162.592331371392,1001.1625923313713
10,1204.5511183516921,1001.2045511183517
11,1103.9485614388145,1101.1039485614388
11,1093.6746812205624,1101.0936746812206
9,1097.8291377073647,901.0978291377073
10,1005.7170943746122,1001.0057170943746
9,955.350721761451,900.9553507217614
10,1061.0330185147893,1001.0610330185148
8,982.7705355913606,800.9827705355914
10,1103.1196388511653,1001.1031196388511
10,1089.580849274005,1001.0895808492741
10,1058.2378727755213,1001.0582378727755
10,1078.2384431672522,1001.0782384431673
