num_vehicles,distance,fitness
7,979.4404534601562,700.9794404534601
7,941.3215397820929,700.941321539782
7,911.8299723874079,700.9118299723874
7,946.9281354562239,700.9469281354562
7,907.140735241805,700.9071407352418
7,1029.6504144760806,701.0296504144761
7,933.3103922784255,700.9333103922784
8,1217.456061769764,801.2174560617698
8,1187.3348888213427,801.1873348888214
8,1029.9689687061868,801.0299689687062
7,803.6822171029509,700.803682217103
8,1024.1454279582078,801.0241454279582
7,965.0900322829215,700.9650900322829
8,1181.0685684235825,801.1810685684236
8,1083.6000750932683,801.0836000750933
8,1047.9607502799602,801.0479607502799
7,1031.6153991245476,701.0316153991246
7,1054.6676314675376,701.0546676314675
7,984.9388061826444,700.9849388061826
8,1085.2306342054042,801.0852306342055
