num_vehicles,distance,fitness
4,1067.7019895573885,401.0677019895574
5,1227.8950363002136,501.2278950363002
5,1082.1894196812325,501.08218941968124
5,1026.576341439279,501.0265763414393
5,1080.5290727322488,501.08052907273225
5,1121.2280033658712,501.12122800336584
5,944.2026685358704,500.94420266853587
5,1106.2024538411931,501.1062024538412
5,1285.2875101501747,501.28528751015017
5,1036.9385466427727,501.0369385466428
5,1072.813199979527,501.0728131999795
5,1077.8548405198424,501.0778548405198
5,956.453085388215,500.9564530853882
5,1333.3521319402182,501.3333521319402
5,974.504051187056,500.97450405118707
5,1197.2878813663144,501.1972878813663
6,1298.9495070512362,601.2989495070512
4,1170.7870127343356,401.1707870127343
4,1134.375519361027,401.134375519361
5,1122.4607167026259,501.1224607167026
