num_vehicles,distance,fitness
4,1081.4010688547528,401.08140106885475
5,1124.496600651844,501.12449660065187
5,1240.1778964777334,501.24017789647775
5,1129.348858127735,501.12934885812774
5,959.2781956465888,500.95927819564656
5,1032.4748296421637,501.0324748296422
4,1170.7737743188172,401.17077377431883
5,1030.9734912546069,501.0309734912546
4,845.3969398195877,400.8453969398196
5,1217.0171946086068,501.2170171946086
6,1207.552771359585,601.2075527713596
8,1182.7242279247832,801.1827242279248
6,1254.159101319577,601.2541591013196
6,1112.7217611905871,601.1127217611906
7,1257.895647969836,701.2578956479698
6,1125.7593293713278,601.1257593293714
6,1026.0593554056334,601.0260593554057
6,1029.541292700414,601.0295412927004
6,1294.6580028699236,601.2946580028699
7,1285.3166844823393,701.2853166844824
