num_vehicles,distance,fitness
5,1156.9680017061987,501.1569680017062
4,1013.3215442334763,401.01332154423346
5,1070.4017182452687,501.07040171824525
5,1056.6688281565994,501.0566688281566
4,1224.986643441546,401.2249866434415
5,1134.8228856109627,501.13482288561096
5,1171.5344864511223,501.17153448645115
5,1078.7904616677167,501.0787904616677
5,1316.4114520302135,501.3164114520302
5,1394.0458861232166,501.3940458861232
6,1019.2252573594047,601.0192252573594
5,1033.320573438791,501.0333205734388
5,1156.8434665005416,501.15684346650056
6,1283.346259923759,601.2833462599237
5,1312.0969669248177,501.3120969669248
7,1279.430471489634,701.2794304714896
5,1225.0510603624164,501.22505106036243
5,1315.7821418316848,501.3157821418317
5,1025.1368397767421,501.02513683977674
5,999.1292574459981,500.999129257446
