num_vehicles,distance,fitness
5,1310.0844333327757,501.3100844333328
5,991.0613840123168,500.9910613840123
5,954.2314418218872,500.9542314418219
5,1126.1492352393302,501.1261492352393
5,1106.8467143353946,501.1068467143354
5,1104.3991031459868,501.10439910314597
6,1118.5690382658702,601.1185690382658
5,1178.4801082185515,501.17848010821854
6,1152.6968434863434,601.1526968434863
6,1160.5299146951784,601.1605299146952
6,1247.7617433495147,601.2477617433495
5,1222.875586166856,501.2228755861669
6,1072.6096176662782,601.0726096176663
5,1311.1603704494905,501.3111603704495
5,1062.849798776141,501.06284979877614
6,1073.2935772538046,601.0732935772538
5,1374.1640675296037,501.3741640675296
5,1152.4114911764605,501.15241149117645
7,1140.6107227217444,701.1406107227217
5,868.2478570874758,500.86824785708745
