num_vehicles,distance,fitness,time
1.0,229.83657924014747,100.22983657924014,391.9461245536804
1.0,229.83657924014747,100.22983657924014,391.82522916793823
1.0,229.83657924014747,100.22983657924014,387.46255898475647
1.0,229.83657924014747,100.22983657924014,391.96229124069214
