num_vehicles,distance,fitness,time
1.0,229.83657924014747,100.22983657924014,391.9461245536804
