num_vehicles,distance,fitness
7,512.2931205274929,700.5122931205275
7,536.1021914848583,700.5361021914848
7,605.8747089520987,700.6058747089521
6,586.8543720154915,600.5868543720155
6,532.931890221695,600.5329318902217
8,707.4849471648182,800.7074849471649
6,607.7533709731224,600.6077533709731
9,682.6485324690464,900.6826485324691
7,600.3952280223616,700.6003952280223
7,629.8818556196164,700.6298818556196
7,622.5071606909712,700.6225071606909
7,629.7645249011086,700.6297645249011
8,717.3249417010448,800.717324941701
7,694.0179373391453,700.6940179373391
8,725.2733615814959,800.7252733615815
8,742.8550008901387,800.7428550008901
8,708.9045858068569,800.7089045858069
7,669.2162444015053,700.6692162444015
7,617.2713824268327,700.6172713824268
7,696.195145309535,700.6961951453095
