num_vehicles,distance,fitness
8,516.3387731186642,800.5163387731187
9,681.370000816764,900.6813700008167
7,632.5743302158442,700.6325743302158
8,625.4548164889151,800.625454816489
8,610.1472608414292,800.6101472608415
8,611.956161986085,800.6119561619861
11,677.335832643022,1100.677335832643
9,677.636300123709,900.6776363001237
9,715.8534007334373,900.7158534007334
9,671.5918828869179,900.6715918828869
11,683.6170383654061,1100.6836170383654
12,734.0985520116828,1200.7340985520116
11,711.056263001913,1100.7110562630019
13,783.010767869201,1300.7830107678692
12,762.9915128124076,1200.7629915128125
10,634.3306249529701,1000.634330624953
10,679.5942636026905,1000.6795942636027
10,690.4712605421118,1000.6904712605422
10,694.0604867673379,1000.6940604867673
11,710.5385948785452,1100.7105385948785
