num_vehicles,distance,fitness
5,457.2023704760672,500.45720237047607
6,520.4758550976369,600.5204758550976
7,588.9052583382645,700.5889052583383
7,597.84760453916,700.5978476045392
5,466.23441758040985,500.46623441758044
8,547.4895856703605,800.5474895856704
10,729.6285870813322,1000.7296285870814
11,775.3461201791624,1100.7753461201792
7,594.2085153159238,700.5942085153159
9,728.3638652797506,900.7283638652798
10,816.3390697307209,1000.8163390697307
11,821.0886013280048,1100.821088601328
9,781.6288061010088,900.781628806101
8,795.7324476255305,800.7957324476255
7,628.2778033526438,700.6282778033526
10,769.771007751707,1000.7697710077517
11,789.2798974560649,1100.789279897456
7,633.7857223004024,700.6337857223004
9,681.9490422925784,900.6819490422926
8,695.354154365282,800.6953541543653
