num_vehicles,distance,fitness
5,555.9485643976219,500.5559485643976
5,614.267917905409,500.6142679179054
5,573.6484079943069,500.5736484079943
5,661.71491391213,500.66171491391214
5,601.9762218003802,500.6019762218004
5,579.576007512492,500.5795760075125
5,583.6453796943412,500.58364537969436
5,598.229875043106,500.5982298750431
5,567.5983584914329,500.5675983584914
5,634.5720902839669,500.63457209028394
5,549.3001433965741,500.5493001433966
5,736.2198725802477,500.73621987258025
6,781.4067547697315,600.7814067547697
7,766.0218317276858,700.7660218317277
6,737.363036144692,600.7373630361446
6,816.6958590069571,600.8166958590069
6,759.075751976819,600.7590757519769
6,737.1730505266935,600.7371730505267
6,695.2448212117797,600.6952448212118
5,737.4970952464383,500.73749709524645
