num_vehicles,distance,fitness
5,534.3361221591722,500.5343361221592
5,601.7329992856542,500.6017329992857
5,598.5242395903064,500.5985242395903
5,567.1425013720902,500.5671425013721
5,643.8537511018931,500.6438537511019
5,599.0793428787388,500.5990793428787
5,698.3047729106095,500.6983047729106
6,758.0174920123211,600.7580174920123
6,701.467063408878,600.7014670634089
6,722.7807103737083,600.7227807103737
6,764.6426277114311,600.7646426277114
6,733.4514986092539,600.7334514986093
6,735.4098168023193,600.7354098168023
5,703.0675366112906,500.7030675366113
6,817.1759505073566,600.8171759505074
6,687.9491400563119,600.6879491400563
6,766.8783151693644,600.7668783151694
7,826.567297700511,700.8265672977005
5,570.7803931745768,500.5707803931746
5,796.3566266186529,500.79635662661866
