num_vehicles,distance,fitness
5,466.50342106065915,500.4665034210607
7,514.1846072988394,700.5141846072988
5,451.5735383413688,500.4515735383414
5,477.81813309705495,500.47781813309706
5,470.17381325199705,500.470173813252
5,538.4258603540895,500.5384258603541
5,514.590589496273,500.51459058949627
5,653.9312358837934,500.6539312358838
6,636.0721078665867,600.6360721078665
7,696.6008898625781,700.6966008898626
7,562.8467385984699,700.5628467385985
6,698.2527980174813,600.6982527980175
7,625.8691260825559,700.6258691260825
6,693.542056500681,600.6935420565006
5,661.4541254127971,500.6614541254128
6,604.8562407587422,600.6048562407587
6,572.3233533009593,600.5723233533009
6,655.331513662206,600.6553315136622
7,633.7612808148994,700.633761280815
5,565.5898207240684,500.5655898207241
