num_vehicles,distance,fitness
8,801.6266998825827,800.8016266998826
9,798.8276337098508,900.7988276337098
9,791.3631270997213,900.7913631270998
9,824.0688044303187,900.8240688044303
10,887.9246810751532,1000.8879246810751
9,858.5231595579023,900.8585231595579
10,837.2662209373594,1000.8372662209374
9,813.534950684714,900.8135349506847
8,762.9921659843486,800.7629921659843
10,903.6461133702052,1000.9036461133702
11,973.3424707087647,1100.9733424707088
11,995.707461309258,1100.9957074613092
13,1030.8001042494066,1301.0308001042495
11,996.3012531194253,1100.9963012531193
13,1080.2704603356933,1301.0802704603357
11,898.4235594666328,1100.8984235594667
13,999.2367582351199,1300.9992367582352
11,960.446031120688,1100.9604460311207
12,946.1569844881437,1200.9461569844882
12,1035.3879145301316,1201.03538791453
