num_vehicles,distance,fitness
7,847.9959707224298,700.8479959707224
6,840.7654324802129,600.8407654324802
7,933.4115159306788,700.9334115159306
6,797.01943311548,600.7970194331155
10,979.0040478705366,1000.9790040478705
9,895.7448977222766,900.8957448977222
9,981.9232935766506,900.9819232935766
8,950.0354461760037,800.950035446176
9,936.3695285285892,900.9363695285286
8,908.6237611375531,800.9086237611375
8,936.9803415381705,800.9369803415382
8,957.25974371584,800.9572597437159
9,986.7534363520456,900.986753436352
9,1034.2877633059434,901.034287763306
9,940.121580656661,900.9401215806566
8,992.0979556124117,800.9920979556124
9,1012.1083067284446,901.0121083067285
9,963.5866359665824,900.9635866359666
9,926.0520305694997,900.9260520305695
8,950.6585332645238,800.9506585332646
