num_vehicles,distance,fitness
6,738.2850068179622,600.7382850068179
7,792.7791718706824,700.7927791718707
9,816.9291649958961,900.8169291649959
9,782.6448738824481,900.7826448738824
8,788.929641413766,800.7889296414138
11,852.9284574694196,1100.8529284574695
10,1021.5535895655303,1001.0215535895655
10,995.820461537536,1000.9958204615375
11,1045.5411407120503,1101.045541140712
10,1017.4306451619201,1001.0174306451619
10,1009.6867888700838,1001.0096867888701
11,952.9342970454447,1100.9529342970454
8,825.6312983541657,800.8256312983542
9,820.3961546027958,900.8203961546028
9,922.5629818773547,900.9225629818774
9,837.8020757084034,900.8378020757084
10,880.8395597664994,1000.8808395597665
10,936.3650951909231,1000.9363650951909
9,916.166482558965,900.916166482559
10,901.9144976021836,1000.9019144976022
