num_vehicles,distance,fitness
7,875.9048735512156,700.8759048735512
6,836.8139788053726,600.8368139788054
6,909.8908003388375,600.9098908003389
6,964.5047089168731,600.9645047089168
7,798.8100810792358,700.7988100810792
6,822.5281443995464,600.8225281443996
6,824.5271904270979,600.8245271904271
6,862.4441933221641,600.8624441933222
6,766.7215827835671,600.7667215827836
9,943.9047029244655,900.9439047029244
9,1033.3923561116992,901.0333923561117
7,853.5301198120953,700.8535301198121
7,936.8541139770016,700.936854113977
7,919.7071481932512,700.9197071481932
8,908.0915507603191,800.9080915507603
7,870.7068040282669,700.8707068040283
8,881.1533545134288,800.8811533545135
7,946.8663062739338,700.9468663062739
8,954.5406970611818,800.9545406970611
8,933.3307226966388,800.9333307226966
