num_vehicles,distance,fitness
6,849.5290070488132,600.8495290070488
9,809.341040113422,900.8093410401134
9,771.0455449993748,900.7710455449994
7,671.0350298146737,700.6710350298147
8,790.6864013324475,800.7906864013324
8,710.4113307768359,800.7104113307769
7,841.4601132210169,700.841460113221
8,990.719710079651,800.9907197100797
8,979.8906168717142,800.9798906168717
9,911.6844774579149,900.9116844774579
11,986.5317926400224,1100.98653179264
8,809.6732165205146,800.8096732165205
9,943.416226361282,900.9434162263613
11,1011.6620452852566,1101.0116620452852
9,845.0126836729446,900.845012683673
9,914.6519453172112,900.9146519453172
9,885.6950398298322,900.8856950398298
11,944.3597073301651,1100.9443597073302
9,843.6076173892094,900.8436076173892
11,931.3239803868703,1100.9313239803869
