num_vehicles,distance,fitness
6,762.3946846662257,600.7623946846662
6,756.2107589138853,600.7562107589139
7,735.5481335450893,700.7355481335451
7,824.7407839836916,700.8247407839837
7,837.6507534432468,700.8376507534432
8,928.6053947093651,800.9286053947094
9,920.8408967929827,900.920840896793
8,902.2424283330837,800.9022424283331
8,865.2637617148283,800.8652637617148
8,813.3454733934028,800.8133454733934
7,819.6865059192987,700.8196865059193
8,911.6917605196359,800.9116917605196
9,977.0526115543031,900.9770526115543
7,763.6479461778296,700.7636479461778
8,867.010249840616,800.8670102498406
9,881.5209449492957,900.8815209449493
8,811.9134911321586,800.8119134911321
9,957.4887768348952,900.9574887768349
8,905.3703025457534,800.9053703025457
8,753.2691519732435,800.7532691519732
