num_vehicles,distance,fitness
7,842.8913236348984,700.842891323635
7,753.960767393164,700.7539607673932
6,789.1457427411134,600.7891457427411
8,927.5307712577264,800.9275307712577
7,836.7635198794187,700.8367635198795
8,950.6205156010336,800.950620515601
8,804.5160268630009,800.804516026863
8,863.4952587515927,800.8634952587516
8,814.3666628328964,800.8143666628329
9,947.5645578286915,900.9475645578287
9,1021.9087688513639,901.0219087688514
7,778.0071412260097,700.778007141226
10,926.3687703103419,1000.9263687703103
9,970.5984875145881,900.9705984875146
8,899.0570695131915,800.8990570695132
8,786.5288393619604,800.786528839362
8,959.9754122815277,800.9599754122816
10,944.9950581252155,1000.9449950581252
8,955.1150276483602,800.9551150276484
10,925.2311796771678,1000.9252311796772
