num_vehicles,distance,fitness
4,918.1606608150763,400.9181606608151
7,922.2164340557429,700.9222164340557
6,899.143034750731,600.8991430347508
7,944.2576191481855,700.9442576191482
5,827.6095928306574,500.82760959283064
6,902.5365548439751,600.902536554844
5,790.0928336920234,500.79009283369203
6,866.9722854461825,600.8669722854462
5,973.0833745006378,500.9730833745006
7,872.6023833529131,700.872602383353
6,956.7854418853257,600.9567854418854
6,913.13388482285,600.9131338848229
8,805.0953316801666,800.8050953316801
8,947.4743971244523,800.9474743971244
6,861.6798800801353,600.8616798800801
7,988.436892843374,700.9884368928434
7,931.854796622541,700.9318547966226
6,880.6891078142228,600.8806891078142
9,970.3981453188477,900.9703981453189
6,894.0487094443846,600.8940487094444
