num_vehicles,distance,fitness
4,848.564939599413,400.84856493959944
4,940.9044491452541,400.94090444914525
4,924.8439121931181,400.9248439121931
4,883.1435171772099,400.8831435171772
4,958.7030960585167,400.9587030960585
8,1025.1061379531666,801.0251061379531
6,1017.0393566235438,601.0170393566235
6,906.7348632140373,600.9067348632141
7,900.3330504111876,700.9003330504112
6,979.2577016972592,600.9792577016973
6,975.9605223755404,600.9759605223755
6,1005.7617561578166,601.0057617561578
6,974.3231462815556,600.9743231462816
6,1032.960314479391,601.0329603144794
6,997.3217371223786,600.9973217371224
5,951.6609178835064,500.9516609178835
7,969.8036352119307,700.969803635212
6,967.2978122229545,600.9672978122229
7,983.2205657980271,700.983220565798
6,895.6455514465943,600.8956455514466
