num_vehicles,distance,fitness
4,1071.3637846072347,401.07136378460723
4,954.3956153717329,400.9543956153717
4,997.1650512282635,400.99716505122825
4,951.4851336438329,400.9514851336438
5,966.3825594980364,500.966382559498
6,975.9143370005287,600.9759143370005
6,837.1572829106144,600.8371572829107
7,1122.1505997585396,701.1221505997586
5,946.5828846917871,500.9465828846918
6,973.8400390282991,600.9738400390283
7,998.557896123091,700.9985578961231
5,920.667841731295,500.9206678417313
5,957.2109783647973,500.9572109783648
6,1049.6682132448586,601.0496682132449
6,993.6090761378998,600.9936090761379
5,1080.3876468722058,501.0803876468722
5,956.1392668114506,500.9561392668115
5,906.7582520680232,500.906758252068
6,907.3346085166728,600.9073346085166
6,1026.9491409200282,601.02694914092
