num_vehicles,distance,fitness
4,937.6570066368039,400.9376570066368
4,915.498309115495,400.9154983091155
4,882.052196995322,400.88205219699535
4,914.5168004786989,400.9145168004787
4,931.5909349163028,400.9315909349163
4,888.4283039609772,400.88842830396095
5,984.4137335220703,500.98441373352205
5,840.184927203843,500.84018492720384
5,1016.0568739144446,501.01605687391447
4,925.127232568193,400.9251272325682
5,995.8288647748959,500.9958288647749
5,953.583501006331,500.95358350100634
6,986.9305481467684,600.9869305481468
4,820.4416017141149,400.8204416017141
5,990.4330641302322,500.99043306413023
5,896.5327245291078,500.8965327245291
4,1011.7773546434122,401.0117773546434
5,1023.1939696443135,501.0231939696443
5,904.3233888606487,500.90432338886063
5,896.077773035639,500.89607777303564
