num_vehicles,distance,fitness
4,887.2260787198006,400.8872260787198
5,845.0487887018678,500.8450487887019
5,878.7904427917705,500.8787904427918
5,838.29125495234,500.83829125495237
5,930.0556282404452,500.93005562824044
5,859.5759474286265,500.85957594742865
4,866.4933016111678,400.8664933016112
5,878.2275869554951,500.8782275869555
4,880.9412862139436,400.88094128621395
5,906.9232514258923,500.9069232514259
4,927.4698475430021,400.927469847543
4,946.5963666266873,400.9465963666267
5,773.9589850992646,500.7739589850993
5,940.520777527122,500.9405207775271
5,998.2777607337889,500.9982777607338
5,763.4493268725929,500.7634493268726
5,887.7515860124747,500.8877515860125
5,888.154995735029,500.888154995735
5,909.1402652380984,500.9091402652381
5,907.6684532427649,500.90766845324276
