num_vehicles,distance,fitness
4,990.4776981132496,400.99047769811324
4,1038.5053764505856,401.0385053764506
4,966.6775177892617,400.96667751778926
4,999.2508023874227,400.99925080238745
4,1001.8020128638606,401.00180201286383
4,969.2491291721711,400.96924912917217
4,956.9929930947719,400.9569929930948
4,988.4361265639853,400.988436126564
5,873.7959517691097,500.8737959517691
4,855.3747214008736,400.8553747214009
5,937.3720695882075,500.9373720695882
4,929.216741886604,400.9292167418866
5,933.7010478061309,500.93370104780615
4,880.3479247388666,400.8803479247389
4,918.4878026448621,400.91848780264485
6,1031.314240954513,601.0313142409545
5,816.6213072428213,500.8166213072428
5,972.6683981683194,500.9726683981683
4,941.3470000634996,400.9413470000635
5,936.48442811539,500.93648442811536
