num_vehicles,distance,fitness
4,954.4951724086313,400.95449517240866
4,875.7937761079434,400.87579377610797
4,872.2238560673761,400.87222385606736
4,893.1652397137245,400.8931652397137
4,894.8116258583377,400.8948116258583
4,904.6256831211451,400.90462568312114
5,885.2287563974569,500.88522875639745
5,978.4631162625282,500.9784631162625
5,891.7061944306656,500.89170619443064
4,843.9073551779727,400.843907355178
5,808.8858542005734,500.8088858542006
4,844.8351184922499,400.84483511849226
5,901.1580598645112,500.9011580598645
4,866.0080090799139,400.8660080090799
5,946.1613121882928,500.9461613121883
5,886.2038253664278,500.8862038253664
5,966.0167644051664,500.96601676440514
5,971.5445671017726,500.9715445671018
4,844.2330912498696,400.84423309124986
5,899.7323722863807,500.8997323722864
