num_vehicles,distance,fitness
4,918.9340678700514,400.91893406787005
4,963.2680704309812,400.96326807043096
4,892.4877931443493,400.89248779314437
5,913.8529603531105,500.9138529603531
4,994.2670766544236,400.9942670766544
5,993.1932863979781,500.99319328639797
5,836.6529190391295,500.8366529190391
6,956.6361038458115,600.9566361038458
5,993.796533744263,500.9937965337443
5,967.9545855458582,500.96795458554584
5,924.8099779707693,500.92480997797077
6,775.7401961664442,600.7757401961665
5,920.0369428740189,500.920036942874
5,1009.9218090367524,501.00992180903677
6,920.3325659920047,600.920332565992
5,906.7699352337083,500.9067699352337
6,961.9194599617759,600.9619194599618
6,887.8904517012879,600.8878904517013
5,954.2040279359103,500.95420402793593
5,962.1460699068398,500.96214606990685
