num_vehicles,distance,fitness
8,759.1670203183024,800.7591670203183
8,837.2796801261119,800.8372796801261
9,842.5882560748064,900.8425882560748
8,856.8011185174472,800.8568011185174
8,769.1169841075853,800.7691169841075
8,819.4658504542329,800.8194658504542
7,838.5327705612114,700.8385327705612
9,962.9736705763585,900.9629736705764
9,1033.1393007137867,901.0331393007137
9,1080.0251335222547,901.0800251335222
9,989.0576969472658,900.9890576969473
11,1021.8074058549762,1101.021807405855
9,1152.0415666372023,901.1520415666372
11,1197.8728232302656,1101.1978728232302
10,1179.0779210917094,1001.1790779210917
9,1069.1194022847696,901.0691194022847
10,1099.3116397716553,1001.0993116397716
10,1022.6018109970106,1001.022601810997
11,1178.6369444755346,1101.1786369444756
10,1206.4713075285479,1001.2064713075285
