num_vehicles,distance,fitness
8,962.0780328369437,800.962078032837
8,987.6577720241968,800.9876577720242
8,812.1849229589918,800.812184922959
9,940.5600857847674,900.9405600857848
8,834.1514868807519,800.8341514868807
8,778.6160378957727,800.7786160378957
10,1051.0536177003676,1001.0510536177004
10,1239.8614994686372,1001.2398614994686
10,1133.744212753122,1001.1337442127531
10,1138.7381999912716,1001.1387381999913
10,1109.193140290705,1001.1091931402907
8,1010.6705114806895,801.0106705114807
9,1197.502029997934,901.197502029998
9,1136.8100464771164,901.1368100464771
10,1273.0260290877793,1001.2730260290878
10,970.9840043798206,1000.9709840043798
8,927.8759499983721,800.9278759499983
9,1054.7406971340417,901.0547406971341
10,1175.7068882806673,1001.1757068882806
9,1028.7050213864497,901.0287050213865
