num_vehicles,distance,fitness
7,791.5872570391791,700.7915872570392
8,867.0391907790117,800.867039190779
7,810.7040740156901,700.8107040740157
7,856.1848850071922,700.8561848850072
7,786.1500979424442,700.7861500979425
8,901.3757278413674,800.9013757278414
8,969.2956303660143,800.969295630366
9,913.6461591622956,900.9136461591623
8,914.7316151901889,800.9147316151901
8,1002.5566778705316,801.0025566778705
8,916.0562130453234,800.9160562130453
9,1108.0545475658766,901.1080545475659
8,982.923028659816,800.9829230286598
9,1079.3785820516237,901.0793785820516
9,1092.085306733597,901.0920853067336
8,966.9120380379462,800.9669120380379
8,1154.5085397110108,801.1545085397111
7,892.8851040748351,700.8928851040748
8,1079.7032624838491,801.0797032624838
9,1120.5571588629155,901.1205571588629
