num_vehicles,distance,fitness
8,894.5607712993112,800.8945607712993
9,824.3554848902824,900.8243554848902
8,873.4115900616122,800.8734115900617
10,996.5920527783521,1000.9965920527784
9,830.6249032939558,900.8306249032939
9,829.4405368742313,900.8294405368742
10,900.7686768567969,1000.9007686768568
10,886.5459570946476,1000.8865459570947
10,1142.093522433026,1001.142093522433
12,1056.7243888644155,1201.0567243888645
11,1129.415412317022,1101.129415412317
12,1164.529243937569,1201.1645292439375
11,1037.3147125839107,1101.037314712584
12,1189.5187776114758,1201.1895187776115
13,1240.5946542307793,1301.2405946542308
13,1213.9556747545184,1301.2139556747545
12,1182.5349269493067,1201.1825349269493
10,945.8220861546163,1000.9458220861546
11,1130.6660221615514,1101.1306660221614
11,1098.2375303406516,1101.0982375303406
