num_vehicles,distance,fitness
7,792.558481332472,700.7925584813324
7,896.5528342145004,700.8965528342145
8,896.0347722718396,800.8960347722718
7,1025.4786510862646,701.0254786510862
7,894.8693322258888,700.8948693322259
7,1047.09123313783,701.0470912331378
10,1245.8026597452156,1001.2458026597452
10,1151.9989827303227,1001.1519989827303
8,994.4433710677272,800.9944433710677
9,926.7714089941074,900.9267714089941
9,1053.8544497910743,901.0538544497911
9,1221.0773391024106,901.2210773391024
9,1030.4291207817357,901.0304291207817
9,1222.536593572416,901.2225365935724
10,1246.2085512926378,1001.2462085512926
9,1259.8174313233499,901.2598174313233
9,990.4117912059984,900.990411791206
8,1132.536800240197,801.1325368002402
10,1324.5596489555703,1001.3245596489555
10,1107.8560777912965,1001.1078560777913
