num_vehicles,distance,fitness
7,691.9245200332821,700.6919245200332
8,762.8742341710815,800.7628742341711
9,901.8259152174098,900.9018259152174
9,784.9569359566303,900.7849569359566
8,778.617337715136,800.7786173377151
8,773.3456752783574,800.7733456752784
9,876.1602660581034,900.8761602660582
11,1128.0012713664742,1101.1280012713664
12,1136.7370049739613,1201.136737004974
11,1097.711208583424,1101.0977112085834
11,1147.2657116800328,1101.1472657116801
11,1072.1059307740215,1101.0721059307741
11,1198.0268842353348,1101.1980268842353
10,1020.3198599996097,1001.0203198599996
11,1064.3938846405138,1101.0643938846406
10,1029.350871572861,1001.0293508715729
13,1282.4858641144501,1301.2824858641145
11,1090.135470077037,1101.090135470077
11,1187.343979990302,1101.1873439799904
10,1072.2757604143214,1001.0722757604143
