num_vehicles,distance,fitness
8,1070.571296979287,801.0705712969793
8,1038.339476584052,801.038339476584
7,1237.5983679579685,701.237598367958
7,1102.281830040906,701.1022818300409
7,818.294309632908,700.818294309633
7,1019.4616428611515,701.0194616428612
7,1059.6500931329665,701.059650093133
7,924.8781504599258,700.9248781504599
8,1032.7847848661806,801.0327847848662
9,1240.8009107229113,901.2408009107229
7,945.6979214762417,700.9456979214763
9,1187.6411563276888,901.1876411563277
9,1339.008709596251,901.3390087095962
8,1193.2047250297064,801.1932047250297
9,1126.981368885074,901.126981368885
8,1061.5619573458116,801.0615619573458
10,1177.2072613141156,1001.1772072613142
9,1170.6371878408977,901.170637187841
8,1022.5358394558876,801.0225358394559
8,1022.224145019821,801.0222241450198
