num_vehicles,distance,fitness
5,1156.9680017061987,501.1569680017062
5,1010.1403555835241,501.01014035558353
5,1180.7925226440511,501.180792522644
4,1102.5233685519959,401.102523368552
4,1062.495924853819,401.0624959248538
4,1012.9761983534597,401.01297619835344
4,1108.2110179598499,401.10821101795983
4,1018.9377588762088,401.01893775887623
5,1204.5675534964207,501.2045675534964
5,1149.7523135734295,501.1497523135734
5,1093.448335331638,501.09344833533163
4,1107.1474921080417,401.107147492108
5,1191.738364104813,501.1917383641048
5,1292.728980201973,501.29272898020196
5,1206.8540119070024,501.206854011907
5,1185.0860633038508,501.18508606330386
5,1133.7786303266266,501.1337786303266
6,1061.528513700883,601.0615285137009
5,1157.7039304977907,501.1577039304978
5,1104.124551678762,501.10412455167875
