num_vehicles,distance,fitness
4,1067.7019895573885,401.0677019895574
4,948.5469707347052,400.9485469707347
4,980.5047135733182,400.98050471357334
4,945.8986524004936,400.9458986524005
5,1053.820587927537,501.05382058792753
5,1082.725870802765,501.0827258708028
5,1180.0792060158137,501.1800792060158
4,1036.8508259311957,401.0368508259312
5,1014.458635975158,501.01445863597513
4,1063.9773216726294,401.0639773216726
5,1123.728225879955,501.12372822588
6,1260.491326910787,601.2604913269108
5,1132.653162054145,501.13265316205417
6,1338.4354593602104,601.3384354593602
4,1156.5507852539774,401.15655078525396
5,1149.649203236003,501.149649203236
5,1297.3952654671025,501.2973952654671
5,1186.152545159401,501.1861525451594
4,1162.4087558213573,401.16240875582133
6,1208.836669308912,601.2088366693089
