num_vehicles,distance,fitness
5,1310.0844333327757,501.3100844333328
4,1158.6120392094447,401.15861203920946
5,1011.2851074340831,501.0112851074341
5,1144.9176742237203,501.14491767422373
5,1250.2348860206064,501.2502348860206
5,1080.2608717329178,501.0802608717329
5,1083.2109311957954,501.0832109311958
5,1079.7349843745965,501.0797349843746
6,1088.5914577188973,601.0885914577188
5,1200.555032988475,501.20055503298846
5,1211.0990022523606,501.21109900225235
6,1210.5614404655394,601.2105614404655
5,1188.2336085958864,501.1882336085959
5,1173.3854897503077,501.17338548975033
5,1268.453116919832,501.26845311691983
5,1220.9018016653422,501.2209018016653
6,1206.265997211474,601.2062659972115
5,1242.5840136422003,501.2425840136422
5,1107.8636902558933,501.1078636902559
6,1188.8795177129152,601.188879517713
