num_vehicles,distance,fitness
5,1206.7227033268164,501.2067227033268
5,1205.8599760818263,501.20585997608185
6,1061.9841444747242,601.0619841444748
5,1151.857789855166,501.15185778985517
6,1199.1634913093105,601.1991634913093
8,1379.0602648999227,801.3790602649
9,1176.1903075731825,901.1761903075732
7,1288.2117416017181,701.2882117416017
7,1232.9459219815476,701.2329459219816
7,1311.5014806161205,701.3115014806161
7,1262.6999977513356,701.2626999977514
7,1228.4177949276236,701.2284177949276
6,1232.72054213576,601.2327205421358
8,1373.096800499323,801.3730968004993
7,1138.8683294169127,701.1388683294169
7,1236.714694437372,701.2367146944374
7,1283.6475370217258,701.2836475370217
8,1244.237521445697,801.2442375214457
7,1228.2403674858822,701.2282403674859
7,1095.4536883602118,701.0954536883602
