num_vehicles,distance,fitness,time
1.0,329.33350105481446,1.9980669509363396,316.9278564453125
