num_vehicles,distance,fitness,time
1.0,334.115706723964,100.33411570672396,376.7999610900879
1.0,334.115706723964,100.33411570672396,380.0038948059082
1.0,334.115706723964,100.33411570672396,372.51155614852905
1.0,334.115706723964,100.33411570672396,384.0791368484497
