num_vehicles,distance,fitness,time
1.0,334.115706723964,100.33411570672396,376.7999610900879
