num_vehicles,distance,fitness
7,537.3913739362137,700.5373913739362
9,604.0067428109267,900.604006742811
9,682.4783207289627,900.6824783207289
10,665.4123861147484,1000.6654123861148
8,521.0183971992747,800.5210183971993
7,527.3680188188671,700.5273680188188
11,682.7487680772357,1100.6827487680773
12,790.3584311649346,1200.790358431165
10,678.541563224071,1000.678541563224
11,760.8477765728757,1100.760847776573
11,700.1277166897563,1100.7001277166898
13,824.9128961151335,1300.8249128961152
10,615.49205099106,1000.6154920509911
10,659.3919285561508,1000.6593919285561
9,723.6923666602822,900.7236923666603
10,688.5072358639677,1000.688507235864
11,757.7247136456793,1100.7577247136458
10,549.7090673486722,1000.5497090673487
10,659.247796353371,1000.6592477963534
10,616.2591614213937,1000.6162591614213
