num_vehicles,distance,fitness
7,495.26436520284466,700.4952643652028
6,564.8078187554707,600.5648078187555
6,556.6335812956357,600.5566335812956
7,617.2547275016724,700.6172547275016
6,550.2080873697553,600.5502080873698
6,498.7128839811047,600.498712883981
7,634.343230576143,700.6343432305762
7,594.6595992359407,700.5946595992359
8,615.2432669449367,800.615243266945
7,586.9359624812215,700.5869359624812
8,646.8460826905267,800.6468460826906
8,665.7586602316492,800.6657586602316
8,633.0285516941508,800.6330285516941
7,738.3470536910695,700.7383470536911
7,687.6953936027932,700.6876953936028
8,686.3405173922847,800.6863405173923
7,664.1949738454595,700.6641949738455
7,653.2621034186658,700.6532621034187
8,668.6465882476555,800.6686465882476
8,613.8825547538045,800.6138825547538
