num_vehicles,distance,fitness
7,512.2931205274929,700.5122931205275
6,535.8524298591327,600.5358524298591
6,540.2985322672666,600.5402985322672
7,541.7497302059187,700.5417497302059
6,535.1571991510214,600.5351571991511
7,573.6198057409654,700.5736198057409
7,663.9722724841304,700.6639722724841
7,540.3521513304786,700.5403521513305
7,657.1558864953961,700.6571558864954
8,564.7145133149863,800.564714513315
7,620.8005434475301,700.6208005434476
8,687.3753090714478,800.6873753090714
7,553.0607769757938,700.5530607769758
8,652.245355971845,800.6522453559719
6,548.4870069575753,600.5484870069575
7,634.5374893035412,700.6345374893035
7,625.3686470447874,700.6253686470448
7,758.6375190749571,700.7586375190749
6,593.7511030987617,600.5937511030987
7,665.690110606688,700.6656901106066
