num_vehicles,distance,fitness
7,658.8124637298049,700.6588124637298
8,567.9870180207878,800.5679870180207
9,710.172294417594,900.7101722944176
10,794.008052631671,1000.7940080526316
7,576.8857975897695,700.5768857975897
7,618.8761675155262,700.6188761675155
10,670.9853826539986,1000.670985382654
9,626.9568818782021,900.6269568818782
10,721.0930750931957,1000.7210930750932
8,599.776785625334,800.5997767856253
8,637.3217001833918,800.6373217001834
9,687.7974779395884,900.6877974779396
9,605.6864075983477,900.6056864075983
10,679.123920178306,1000.6791239201783
9,693.3184313849692,900.693318431385
11,743.4283307988785,1100.743428330799
10,614.7473368216064,1000.6147473368216
10,682.5526362885553,1000.6825526362885
10,679.8423461586538,1000.6798423461587
10,704.8805013660632,1000.7048805013661
