num_vehicles,distance,fitness
8,516.3387731186642,800.5163387731187
9,560.2560901036273,900.5602560901036
10,662.2801627509672,1000.662280162751
10,564.9158793445307,1000.5649158793445
9,687.9100491976546,900.6879100491976
9,579.9593062580798,900.579959306258
11,718.4551323023803,1100.7184551323023
10,765.3836214341853,1000.7653836214342
10,720.732082354009,1000.7207320823541
10,680.1081765959293,1000.6801081765959
10,709.8863420120438,1000.709886342012
11,740.7966845145899,1100.7407966845146
9,718.6949731546661,900.7186949731547
11,703.570726534901,1100.703570726535
10,647.462886647964,1000.647462886648
8,644.154654551659,800.6441546545517
10,629.9550179592686,1000.6299550179592
9,691.1720275999978,900.6911720276
10,684.5803619339407,1000.684580361934
13,818.4853696647255,1300.8184853696648
