num_vehicles,distance,fitness
7,599.946623310844,700.5999466233109
7,728.9815340321657,700.7289815340322
7,628.9020841773053,700.6289020841773
8,651.8578530475108,800.6518578530475
7,629.3419222708582,700.6293419222709
7,680.2312116604996,700.6802312116605
7,697.1943579039928,700.697194357904
9,776.5121276262897,900.7765121276262
10,725.7757975093659,1000.7257757975094
8,596.0850706494682,800.5960850706495
8,681.7511597913013,800.6817511597912
8,685.6195894516918,800.6856195894517
8,652.9145395177135,800.6529145395177
9,668.6668417142703,900.6686668417143
9,714.5976118275555,900.7145976118276
8,644.2171508904215,800.6442171508904
8,679.2811064743432,800.6792811064744
9,726.2573540716186,900.7262573540717
9,777.1925391323615,900.7771925391323
9,690.5606376378471,900.6905606376379
