num_vehicles,distance,fitness
7,664.5333586844342,700.6645333586845
7,591.2530521023593,700.5912530521024
9,697.4884471183049,900.6974884471183
8,647.7878261429853,800.647787826143
7,703.0227411577059,700.7030227411577
8,642.2179992933128,800.6422179992933
7,602.7505124582029,700.6027505124582
8,683.559073676331,800.6835590736763
8,619.2881141996136,800.6192881141997
7,591.2177665484589,700.5912177665484
7,547.8507014281546,700.5478507014282
8,611.7767673081911,800.6117767673082
8,698.9368851462684,800.6989368851463
7,682.0767856435284,700.6820767856435
8,646.9830066271538,800.6469830066271
8,670.2052040481527,800.6702052040481
7,601.9028791306166,700.6019028791306
7,596.0671178384434,700.5960671178384
8,619.2927906296279,800.6192927906296
7,669.878090553692,700.6698780905537
