num_vehicles,distance,fitness
5,457.2023704760672,500.45720237047607
6,479.54084115735026,600.4795408411574
6,565.2362195082017,600.5652362195082
7,560.1035532913796,700.5601035532914
9,656.6354043924171,900.6566354043924
7,555.419672739459,700.5554196727395
11,731.7818109967554,1100.7317818109968
9,683.8481769707556,900.6838481769707
8,688.7661270586775,800.6887661270587
8,672.9543196653328,800.6729543196653
8,748.3148203630586,800.748314820363
8,740.2970445747438,800.7402970445747
10,801.7316619062094,1000.8017316619062
8,683.8430969362659,800.6838430969362
10,787.5309631863073,1000.7875309631863
11,821.9902549610465,1100.821990254961
8,677.3979303303677,800.6773979303304
8,691.3292507258701,800.6913292507259
10,701.827584142404,1000.7018275841424
8,729.8701021570209,800.7298701021571
