num_vehicles,distance,fitness
5,492.8496652239143,500.4928496652239
6,519.868637317067,600.519868637317
5,457.99524642713754,500.4579952464271
5,434.88234192207557,500.43488234192205
6,483.4536439456182,600.4834536439456
6,518.4942549712962,600.5184942549713
6,514.2505197629035,600.5142505197629
7,654.4745300834813,700.6544745300835
6,630.2216335916835,600.6302216335916
6,529.4681025615049,600.5294681025615
7,515.4745327723384,700.5154745327724
6,525.1170119470257,600.525117011947
8,669.0358859395573,800.6690358859396
8,653.7556741057989,800.6537556741058
6,527.8472488657384,600.5278472488658
7,654.2801676594631,700.6542801676594
7,629.2945043210532,700.629294504321
8,612.0057870466969,800.6120057870467
5,593.0570952445806,500.5930570952446
6,622.9158760814232,600.6229158760814
