num_vehicles,distance,fitness
5,518.2594252824524,500.51825942528245
5,440.4250438876172,500.4404250438876
5,472.89914103049176,500.4728991410305
5,498.1263483463947,500.4981263483464
5,533.7736000515807,500.5337736000516
5,479.3649912581657,500.4793649912582
5,487.31224280691373,500.4873122428069
6,636.7804300574354,600.6367804300575
7,510.20705314872396,700.5102070531487
6,672.1698289026283,600.6721698289026
6,567.9069620598526,600.5679069620599
6,537.4047517600249,600.53740475176
6,537.6291475418927,600.5376291475419
8,635.4066376517351,800.6354066376517
6,620.3011127425428,600.6203011127426
7,621.3716658880061,700.621371665888
6,630.6471978142916,600.6306471978143
5,541.8349538008389,500.54183495380084
6,600.3179515579709,600.6003179515579
7,671.8294207924855,700.6718294207925
