num_vehicles,distance,fitness
5,466.50342106065915,500.4665034210607
5,467.7795173217648,500.4677795173218
6,479.58638999107814,600.479586389991
5,467.44805828292317,500.4674480582829
5,537.5534413961835,500.5375534413962
5,452.13068154767393,500.45213068154766
6,554.8212364020932,600.5548212364021
5,690.1178902870214,500.690117890287
6,678.8486668526468,600.6788486668527
7,721.6718422712603,700.7216718422712
6,698.2388672189076,600.698238867219
5,602.6644404325395,500.60266444043253
6,609.2830034314934,600.6092830034315
5,570.5250058932423,500.5705250058932
6,700.6222467796321,600.7006222467796
5,620.535764217462,500.62053576421744
7,661.5730750762052,700.6615730750761
6,579.1223502129742,600.579122350213
5,620.3141650340315,500.620314165034
6,583.2537170453681,600.5832537170454
