num_vehicles,distance,fitness
5,492.8496652239143,500.4928496652239
6,533.3320865472103,600.5333320865473
6,595.8818519444196,600.5958818519445
6,555.0408381165466,600.5550408381165
5,590.0230593202881,500.5900230593203
5,481.83110176707083,500.48183110176706
5,463.52537035865885,500.46352537035864
6,555.6578971967472,600.5556578971967
5,503.4748043685073,500.5034748043685
6,678.7613686933685,600.6787613686934
5,600.3140765319239,500.6003140765319
5,619.7845873162646,500.61978458731625
5,539.8617266129918,500.53986172661297
6,579.5867952480862,600.5795867952481
6,603.0430661916405,600.6030430661916
5,623.4884286138519,500.6234884286138
6,656.0512106788389,600.6560512106788
5,602.3836086329945,500.602383608633
6,649.6817237027421,600.6496817237028
6,761.0498541610802,600.7610498541611
