num_vehicles,distance,fitness
8,801.6266998825827,800.8016266998826
9,821.9943503621768,900.8219943503622
9,861.898729590491,900.8618987295905
10,858.1481103479945,1000.858148110348
13,999.5732269712162,1300.9995732269713
12,990.5885043601388,1200.9905885043602
12,920.3136148392014,1200.9203136148392
11,945.2381573006717,1100.9452381573008
12,1004.1104549438871,1201.0041104549439
13,1027.738736904606,1301.0277387369047
14,1031.8168891465134,1401.0318168891465
13,1003.0196771762135,1301.0030196771763
12,1015.8649616614972,1201.0158649616615
10,933.5182194841062,1000.9335182194841
12,1074.557640910667,1201.0745576409106
12,969.2179317628553,1200.9692179317628
12,950.3553023433058,1200.9503553023433
11,888.7102223976367,1100.8887102223975
13,1062.948864964268,1301.0629488649643
11,1055.5326303627685,1101.0555326303627
