num_vehicles,distance,fitness
7,847.9959707224298,700.8479959707224
6,798.7160961795093,600.7987160961795
6,828.4558987647422,600.8284558987648
6,777.826318344399,600.7778263183444
8,893.3888434620037,800.893388843462
9,999.3596154742136,900.9993596154742
8,907.7147704219109,800.9077147704219
8,895.9204753491948,800.8959204753492
9,1004.5331133331724,901.0045331133332
8,936.3117099599622,800.9363117099599
9,947.2394128348026,900.9472394128348
9,950.9104268899853,900.95091042689
10,1003.181849984689,1001.0031818499847
10,1111.0175894499089,1001.11101758945
7,918.3943420176064,700.9183943420176
8,960.9703054460567,800.960970305446
9,926.0103935113319,900.9260103935113
8,933.4950736660152,800.933495073666
9,975.6556184783855,900.9756556184784
9,1033.7711756068188,901.0337711756068
