num_vehicles,distance,fitness
7,864.4833286468569,700.8644833286469
8,750.5048323907988,800.7505048323908
12,876.0866448543628,1200.8760866448545
7,764.5677216008573,700.7645677216009
10,846.2384609531109,1000.8462384609531
10,917.4977148769367,1000.917497714877
11,863.4182396055279,1100.8634182396056
12,873.7971212320971,1200.8737971212322
12,905.7701299352425,1200.9057701299353
11,871.0239950889205,1100.871023995089
13,989.1838321926647,1300.9891838321926
10,890.4506997941795,1000.8904506997942
12,1009.3751094614962,1201.0093751094614
11,892.4978789834701,1100.8924978789835
11,982.0955028096142,1100.9820955028097
15,926.1417576674758,1500.9261417576674
12,890.0257974908423,1200.8900257974908
14,988.3469468994565,1400.9883469468994
12,992.4128387265354,1200.9924128387265
11,935.0669627408198,1100.9350669627408
