num_vehicles,distance,fitness
7,875.9048735512156,700.8759048735512
6,859.7057769854114,600.8597057769854
7,836.8117779112587,700.8368117779113
6,812.5876515295188,600.8125876515295
6,800.5751044663368,600.8005751044664
8,941.2306280388008,800.9412306280389
8,989.473183160573,800.9894731831606
8,960.3906391335015,800.9603906391335
9,1049.195641227718,901.0491956412277
8,938.5060695750359,800.938506069575
8,883.5838584901084,800.88358385849
7,882.8356468739198,700.8828356468739
8,909.1401301981967,800.9091401301982
8,882.0802373972523,800.8820802373973
8,898.6379664042735,800.8986379664043
7,775.221391175181,700.7752213911751
8,951.2242608255889,800.9512242608256
9,986.6718483880771,900.986671848388
8,890.4827783969739,800.890482778397
8,977.6371402852858,800.9776371402853
