num_vehicles,distance,fitness
6,849.5290070488132,600.8495290070488
8,863.327055417654,800.8633270554177
8,651.2557474640936,800.6512557474641
7,707.5668830834795,700.7075668830835
9,862.4406604392007,900.8624406604392
8,705.008790994323,800.7050087909943
8,857.71942941361,800.8577194294136
8,719.4274172498866,800.7194274172499
10,762.1717556364387,1000.7621717556365
9,791.4401153826955,900.7914401153827
9,878.7526299427694,900.8787526299428
8,804.5387265918894,800.8045387265919
9,928.806814564547,900.9288068145645
10,987.185428067206,1000.9871854280672
8,838.2192512868343,800.8382192512869
10,950.9268112173152,1000.9509268112173
9,947.5317744981072,900.9475317744981
9,957.1913641365466,900.9571913641365
10,919.7513859122158,1000.9197513859123
8,871.3442938610292,800.8713442938611
