num_vehicles,distance,fitness
7,842.8913236348984,700.842891323635
7,854.2427001185938,700.8542427001186
6,738.9432504616319,600.7389432504616
7,773.0136698011063,700.7730136698011
7,823.4436553676788,700.8234436553677
10,934.0976665367646,1000.9340976665368
10,944.9139928586279,1000.9449139928586
9,835.1217419662191,900.8351217419662
8,882.0210946944633,800.8820210946944
9,942.699572152581,900.9426995721526
8,799.0473971011195,800.7990473971012
11,1056.7147914176278,1101.0567147914176
10,997.4380855800867,1000.9974380855801
9,855.2546266065692,900.8552546266066
8,912.7997852375445,800.9127997852376
10,983.2758694818817,1000.9832758694819
10,1058.0712591124015,1001.0580712591124
8,848.2936781310538,800.8482936781311
8,848.1644793966414,800.8481644793966
10,1039.1354478915514,1001.0391354478916
