num_vehicles,distance,fitness
6,840.3646523098904,600.8403646523099
6,800.9502788682194,600.8009502788682
6,810.6772287125144,600.8106772287125
7,852.8923009784319,700.8528923009784
7,829.4836894037273,700.8294836894037
6,814.1792797673394,600.8141792797674
6,805.9748365175972,600.8059748365176
7,874.8868662008915,700.8748868662009
8,936.3986058646157,800.9363986058646
7,986.5078370228712,700.9865078370228
7,809.4980710566913,700.8094980710567
7,881.5726170179936,700.881572617018
7,815.0719903732586,700.8150719903732
7,866.007573796596,700.8660075737967
8,951.4881267916134,800.9514881267916
7,1030.9183669267554,701.0309183669267
7,874.0779435139374,700.874077943514
6,786.8831530781044,600.7868831530781
8,984.3235279166096,800.9843235279166
7,872.7828120654908,700.8727828120655
