num_vehicles,distance,fitness
4,918.1606608150763,400.9181606608151
6,857.5265195715315,600.8575265195715
7,938.5540558851817,700.9385540558852
5,816.5028013702257,500.81650280137023
5,792.7741022159186,500.7927741022159
7,923.708428170097,700.9237084281701
6,852.1608389831786,600.8521608389832
7,941.3844738736904,700.9413844738737
7,819.8866087390733,700.8198866087391
8,982.4567284185244,800.9824567284185
6,1042.133691769887,601.0421336917699
7,980.723382594801,700.9807233825948
8,999.57486298089,800.9995748629809
6,973.0327110179348,600.9730327110179
7,982.976324564779,700.9829763245648
8,964.2772751193625,800.9642772751193
7,848.5486518572701,700.8485486518573
8,1000.7824172641866,801.0007824172642
8,957.5798277341685,800.9575798277342
9,1049.6298790392834,901.0496298790392
