num_vehicles,distance,fitness
4,937.6570066368039,400.9376570066368
4,934.4208988374726,400.93442089883746
5,949.3636809772443,500.9493636809772
6,1083.7266329593947,601.0837266329594
5,946.3236960530714,500.94632369605307
4,875.7433202265076,400.8757433202265
4,975.8285946176222,400.9758285946176
5,978.4167933397388,500.97841679333976
4,971.4435601911098,400.9714435601911
5,941.0348966138852,500.94103489661387
5,922.4171256862219,500.9224171256862
4,889.7892440912868,400.8897892440913
5,992.9574161982351,500.99295741619824
5,979.1079515627279,500.97910795156275
6,984.9620005415997,600.9849620005416
5,1067.448733426803,501.06744873342683
5,916.1097681437955,500.91610976814377
4,943.016287871022,400.94301628787105
5,947.0503811212359,500.94705038112124
4,893.1502560475512,400.89315025604753
