num_vehicles,distance,fitness
4,887.2260787198006,400.8872260787198
4,837.0503219258749,400.83705032192586
4,859.2968018447539,400.8592968018448
4,819.1618014392338,400.81916180143924
4,917.4233993388701,400.9174233993389
4,868.0638193241167,400.8680638193241
4,925.0693244019316,400.92506932440193
4,889.3244774401941,400.8893244774402
5,908.2152703594338,500.90821527035945
5,847.5664301636433,500.8475664301636
5,920.6972608797491,500.92069726087976
5,952.1122536947911,500.9521122536948
5,909.1182908553884,500.90911829085536
4,765.4205248556472,400.76542052485564
6,885.6624987664428,600.8856624987665
5,956.9802261581046,500.9569802261581
5,869.6145872318505,500.86961458723187
5,962.6712268887275,500.96267122688874
5,890.5544931381078,500.8905544931381
4,885.6051796435936,400.8856051796436
