num_vehicles,distance,fitness
4,1099.2379083158141,401.0992379083158
4,938.2238702329411,400.93822387023295
4,1035.537711893278,401.03553771189326
4,1096.4001140771682,401.09640011407714
4,900.2497221717362,400.90024972217174
4,1016.850604940729,401.0168506049407
4,828.4990231300594,400.82849902313006
5,903.2247133687226,500.90322471336873
4,958.9153358905781,400.9589153358906
4,910.1829127704194,400.91018291277044
5,1005.6276871036699,501.0056276871037
5,1014.8571593756391,501.01485715937565
5,927.6533606653497,500.9276533606654
5,883.7091332317607,500.8837091332318
5,900.9048929630511,500.90090489296307
5,1006.4381583103284,501.00643815831035
4,985.1635084809382,400.9851635084809
4,859.5507869256326,400.85955078692564
5,910.1832612608804,500.9101832612609
5,871.4024069376328,500.87140240693765
