num_vehicles,distance,fitness
4,990.4776981132496,400.99047769811324
4,1031.2458387253678,401.03124583872534
4,1007.7340568258513,401.0077340568258
4,915.0619377384226,400.9150619377384
4,935.9407083541539,400.93594070835417
4,932.7875375548915,400.9327875375549
4,896.0036840895453,400.8960036840895
4,990.3932595774475,400.99039325957744
5,908.0361374328131,500.9080361374328
5,974.765260458991,500.974765260459
4,995.3574830165653,400.99535748301656
5,876.1439254573972,500.87614392545737
4,849.7277689591551,400.84972776895916
4,904.4988700975691,400.90449887009754
4,860.1185938634812,400.8601185938635
4,928.4275716670909,400.9284275716671
4,970.065441224737,400.97006544122473
4,954.1326581692581,400.95413265816927
5,950.1858943312128,500.9501858943312
5,973.7985049636374,500.9737985049636
