num_vehicles,distance,fitness
4,954.4951724086313,400.95449517240866
4,920.6995034148059,400.9206995034148
4,854.1413644253319,400.85414136442535
4,886.9299040714279,400.88692990407145
4,844.9024439782183,400.84490244397824
4,943.7253820517512,400.94372538205175
4,962.9814741948053,400.9629814741948
4,856.6132317890514,400.856613231789
4,944.3273249664887,400.9443273249665
4,840.9363053757179,400.8409363053757
4,905.1674625806456,400.90516746258066
4,882.7485727985002,400.8827485727985
4,936.583885508003,400.936583885508
5,983.899213979799,500.9838992139798
5,791.9250113131218,500.79192501131314
5,886.0996253475191,500.8860996253475
5,1073.3804057668385,501.07338040576684
5,855.7633939153217,500.8557633939153
5,988.1873699785308,500.9881873699785
5,917.1517624258387,500.9171517624258
