num_vehicles,distance,fitness
8,894.5607712993112,800.8945607712993
9,837.8048810360197,900.837804881036
10,975.8006577734002,1000.9758006577734
9,857.3014397547547,900.8573014397548
8,886.8372075681597,800.8868372075682
11,975.1782700785969,1100.9751782700787
10,1036.8724514848293,1001.0368724514848
12,1224.4316786359668,1201.224431678636
11,1051.866921292275,1101.0518669212922
10,1039.0580327075857,1001.0390580327075
11,1014.7969046896073,1101.0147969046895
12,1230.0927883755692,1201.2300927883755
11,1028.5556325053947,1101.0285556325055
11,1129.5095787677149,1101.1295095787677
10,984.5264578759903,1000.984526457876
11,1110.0901735629293,1101.1100901735629
11,1089.2296130676623,1101.0892296130676
11,1180.5579554033266,1101.1805579554034
11,1036.6457088101804,1101.0366457088103
11,1196.2431833251787,1101.1962431833251
