num_vehicles,distance,fitness
7,691.9245200332821,700.6919245200332
9,826.2949514757596,900.8262949514758
8,754.5031716716321,800.7545031716717
10,856.2089339734225,1000.8562089339734
10,941.0496127998076,1000.9410496127998
9,885.0947787541602,900.8850947787541
9,903.2155943562115,900.9032155943562
8,762.303613253846,800.7623036132538
11,1004.8864653814181,1101.0048864653813
10,1034.327569443458,1001.0343275694435
12,1244.3418269985182,1201.2443418269986
10,1114.1365780890055,1001.114136578089
11,1019.5347662095513,1101.0195347662095
10,1119.305159764902,1001.1193051597648
10,1207.9215622245536,1001.2079215622246
10,931.950371459467,1000.9319503714595
11,1197.1645969291687,1101.1971645969293
9,958.2474565586615,900.9582474565586
9,902.0822486153684,900.9020822486153
11,1176.3753825462345,1101.1763753825462
