num_vehicles,distance,fitness
7,792.558481332472,700.7925584813324
8,1112.0802444612066,801.1120802444613
7,838.7584464617345,700.8387584464617
7,885.2899334527051,700.8852899334527
8,930.1349438213733,800.9301349438214
9,1112.961965340656,901.1129619653407
9,1254.3330473095602,901.2543330473096
8,937.4789993003188,800.9374789993003
9,1020.2600736947513,901.0202600736948
9,1015.9480729566393,901.0159480729567
9,991.7419087351481,900.9917419087351
10,1285.573272272383,1001.2855732722724
10,1122.2343820615783,1001.1222343820616
10,1208.3766650431942,1001.2083766650431
9,1059.4473837980631,901.0594473837981
8,990.7826469513827,800.9907826469514
10,1257.6990198195545,1001.2576990198196
10,1124.493276600811,1001.1244932766008
10,1300.9256796085654,1001.3009256796086
10,1291.8551505549906,1001.291855150555
