num_vehicles,distance,fitness
7,791.5872570391791,700.7915872570392
8,817.6773487374372,800.8176773487374
8,1015.2307190495335,801.0152307190496
8,938.3452222624865,800.9383452222625
9,980.818510684466,900.9808185106845
7,779.360419868486,700.7793604198685
8,811.2206322697472,800.8112206322697
7,898.8475637510683,700.898847563751
7,968.2925836882889,700.9682925836883
7,935.0531718711966,700.9350531718712
8,923.5412287876276,800.9235412287876
8,1124.5490248462727,801.1245490248463
8,968.5209798486696,800.9685209798487
9,1238.3706053543308,901.2383706053544
9,1113.2526118543963,901.1132526118544
8,1028.8166189104738,801.0288166189105
9,998.3254296798107,900.9983254296798
7,844.3721769092973,700.8443721769092
10,1377.474310790221,1001.3774743107903
10,1151.5844213214045,1001.1515844213214
