num_vehicles,distance,fitness
4,1081.4010688547528,401.08140106885475
5,931.7098359655429,500.93170983596553
5,1115.1284209818893,501.1151284209819
4,1185.9557618338924,401.1859557618339
5,1030.5647412526566,501.03056474125265
5,991.1008975455466,500.99110089754555
4,977.854238524482,400.97785423852446
6,1245.0658233582494,601.2450658233582
6,1259.32928198382,601.2593292819838
7,1272.6921566665183,701.2726921566665
7,1230.6835597235868,701.2306835597236
7,927.1267786275498,700.9271267786276
7,1301.9084445310386,701.301908444531
8,1272.6656610281138,801.2726656610281
6,1045.3049156500804,601.04530491565
6,1159.7711100134197,601.1597711100134
7,1280.9002158760618,701.280900215876
6,1373.3099008475788,601.3733099008476
7,1146.4222282995538,701.1464222282996
6,1187.907946645536,601.1879079466455
