num_vehicles,distance,fitness
5,1088.2573579320474,501.08825735793204
4,1098.547872275475,401.0985478722755
5,1087.890324570267,501.08789032457025
5,1037.934910159019,501.03793491015904
5,1167.3644489658952,501.1673644489659
5,961.6683878878707,500.96166838788787
5,1268.9483338556597,501.26894833385563
5,984.0487592565764,500.98404875925655
5,965.9981932067619,500.96599819320676
7,1301.5271722100595,701.3015271722101
5,1117.7423743048591,501.11774237430484
5,1207.2321927830508,501.20723219278307
6,1192.3300192975762,601.1923300192976
6,1329.4100082434195,601.3294100082434
6,1153.6398242886862,601.1536398242887
6,1243.3465531015213,601.2433465531016
5,1088.5872401101062,501.0885872401101
6,1231.5044911033888,601.2315044911034
6,1182.278597577891,601.1822785975779
6,1218.1269458740994,601.2181269458741
