num_vehicles,distance,fitness,time
4.0,402.9238044204733,4.998420002843527,181.62645554542542
4.0,399.8944840639373,4.9984080339420744,184.76697039604187
4.0,399.89448406393734,4.9984080339420744,190.30244159698486
