num_vehicles,distance,fitness
6,447.6452532027363,600.4476452532027
7,571.4988208581634,700.5714988208582
9,559.4710952137734,900.5594710952138
7,494.71271082529285,700.4947127108253
8,664.7540205237649,800.6647540205238
7,551.83075773996,700.5518307577399
9,738.7959778898978,900.7387959778899
8,634.8020376804634,800.6348020376805
11,798.7863790939114,1100.7987863790938
9,657.821313693657,900.6578213136936
9,639.7754898911187,900.6397754898911
7,679.8660163335927,700.6798660163336
9,615.2199591177621,900.6152199591178
9,649.3796613230187,900.649379661323
8,673.5111179850111,800.673511117985
8,584.7075338386439,800.5847075338387
9,609.079617297387,900.6090796172974
8,642.4524482821812,800.6424524482821
9,736.7371813336379,900.7367371813336
9,662.1214293879204,900.6621214293879
