num_vehicles,distance,fitness
7,495.26436520284466,700.4952643652028
7,530.7722930647501,700.5307722930647
7,597.6458740584278,700.5976458740585
7,592.39785044793,700.5923978504479
8,665.9289927471573,800.6659289927471
6,598.2713370164737,600.5982713370165
7,729.9780796449766,700.729978079645
8,626.7187372924087,800.6267187372924
8,733.1173015663773,800.7331173015664
8,616.9456957020121,800.616945695702
7,658.9524414767243,700.6589524414767
8,710.2293292905549,800.7102293292905
8,681.3445747023774,800.6813445747024
7,704.1515025921327,700.7041515025921
7,704.4070144952204,700.7044070144952
7,639.2850336202189,700.6392850336202
9,741.0552783299215,900.7410552783299
8,726.7331222350633,800.726733122235
8,790.2979996551815,800.7902979996552
8,616.31354024702,800.616313540247
