num_vehicles,distance,fitness
7,512.2931205274929,700.5122931205275
7,614.5831431035783,700.6145831431036
7,506.04648602033257,700.5060464860203
7,524.1363142193688,700.5241363142194
6,539.375138298116,600.5393751382982
7,736.0497232265595,700.7360497232265
7,611.0911746157271,700.6110911746157
7,590.7068734613086,700.5907068734613
7,569.8907998192227,700.5698907998192
8,679.6180594441845,800.6796180594442
7,634.2162712290666,700.6342162712291
7,698.768511137286,700.6987685111372
7,655.9715011019758,700.6559715011019
7,615.1723450110227,700.615172345011
8,783.5977554028645,800.7835977554029
7,660.5328342678206,700.6605328342678
8,686.574823540036,800.68657482354
8,641.3056976913981,800.6413056976915
8,753.0848136845337,800.7530848136845
7,608.4181398229873,700.608418139823
