num_vehicles,distance,fitness
7,658.8124637298049,700.6588124637298
8,528.7355199747075,800.5287355199747
8,607.1643959301682,800.6071643959301
8,666.2264270022257,800.6662264270022
8,586.3592880455533,800.5863592880455
8,617.5104826551183,800.6175104826551
10,644.0543018486608,1000.6440543018487
8,647.4490611508813,800.6474490611508
10,691.1164999776861,1000.6911164999777
10,713.7314820856448,1000.7137314820857
10,720.4525246634446,1000.7204525246634
10,675.4738889406708,1000.6754738889407
11,735.6320887640953,1100.735632088764
11,765.7430210285145,1100.7657430210286
8,688.159440371041,800.688159440371
9,669.9022642451426,900.6699022642451
11,664.8810862064424,1100.6648810862064
9,575.911868547472,900.5759118685475
11,760.5689144166428,1100.7605689144166
11,695.7015466024301,1100.6957015466023
