num_vehicles,distance,fitness
5,492.8496652239143,500.4928496652239
5,528.8589724106691,500.52885897241066
5,488.36639255094246,500.4883663925509
6,519.265929679937,600.5192659296799
5,471.39177175632494,500.4713917717563
6,507.5612185002972,600.5075612185003
7,502.7340566706947,700.5027340566706
6,498.1982957501094,600.4981982957501
7,589.8052885310381,700.589805288531
8,602.4559262691153,800.6024559262692
7,663.1502616501568,700.6631502616501
7,653.4751914796406,700.6534751914796
6,630.131939233994,600.630131939234
7,614.4874567870127,700.6144874567871
8,628.7603997069242,800.628760399707
7,669.8242789364499,700.6698242789364
7,635.2488289055314,700.6352488289056
6,653.2978252825443,600.6532978252825
8,665.0405585025726,800.6650405585026
7,559.20479405049,700.5592047940505
