num_vehicles,distance,fitness
5,466.50342106065915,500.4665034210607
5,523.7589909871363,500.5237589909871
5,457.75132740561025,500.4577513274056
6,432.5235386254467,600.4325235386254
6,477.9109197080156,600.477910919708
5,465.87054274616935,500.4658705427462
5,672.4601472615323,500.6724601472615
7,603.5908913949004,700.6035908913949
6,630.7110259812814,600.6307110259813
6,612.9312527321939,600.6129312527322
6,566.2653396657123,600.5662653396657
5,686.4154833259386,500.68641548332596
5,661.8098159043188,500.6618098159043
5,560.2052101462501,500.56020521014625
7,633.3155149636254,700.6333155149637
6,691.5780594987878,600.6915780594987
6,626.9125452246135,600.6269125452246
5,528.6027899084406,500.52860278990846
5,563.3465204677839,500.5633465204678
6,669.8994260139292,600.6698994260139
