num_vehicles,distance,fitness
5,492.8496652239143,500.4928496652239
6,532.9879692127448,600.5329879692127
6,509.4519637341456,600.5094519637341
5,493.24552430197554,500.493245524302
6,476.0742885763726,600.4760742885763
6,470.2411237772849,600.4702411237773
6,562.5297337139715,600.562529733714
5,588.5769282286892,500.5885769282287
6,661.4256229455729,600.6614256229456
6,641.5729711474413,600.6415729711474
6,586.3588133879075,600.586358813388
5,615.0812273607035,500.6150812273607
5,547.2399480233075,500.54723994802333
6,674.8394948567338,600.6748394948568
5,623.7871841580301,500.623787184158
6,781.2146499416046,600.7812146499416
6,629.5752474190358,600.629575247419
5,528.8696047087508,500.52886960470875
6,588.5999849655742,600.5885999849655
6,565.406325629248,600.5654063256293
