num_vehicles,distance,fitness
8,800.9792222618502,800.8009792222618
10,858.1158710282543,1000.8581158710283
12,828.5309637671771,1200.8285309637672
15,949.4872761740469,1500.949487276174
14,989.3254160183253,1400.9893254160183
14,1010.5717726234524,1401.0105717726235
14,1093.9719829850635,1401.093971982985
15,1081.3744588366326,1501.0813744588365
14,1034.4579525214717,1401.0344579525215
13,912.9936601602644,1300.9129936601603
15,984.3844208376357,1500.9843844208376
16,1085.3234022877202,1601.0853234022877
14,953.7269200699391,1400.95372692007
14,1007.1818531663488,1401.0071818531665
15,1011.1948413659613,1501.011194841366
16,1061.6048015106298,1601.0616048015106
13,921.4476745471595,1300.9214476745472
13,1029.7341002067842,1301.0297341002067
15,1008.7238506699927,1501.00872385067
12,886.474841963458,1200.8864748419635
