num_vehicles,distance,fitness
8,801.6266998825827,800.8016266998826
8,825.2706479756904,800.8252706479757
10,864.5592245432738,1000.8645592245433
9,807.7532176939131,900.8077532176939
8,769.1388768421149,800.7691388768421
8,751.2845337566714,800.7512845337567
13,920.4153840224768,1300.9204153840226
9,853.4158763663838,900.8534158763664
10,746.0756948659706,1000.746075694866
11,929.4985113444308,1100.9294985113445
13,981.0938067983901,1300.9810938067983
14,1019.0023688141293,1401.0190023688142
11,999.4408121048632,1100.999440812105
13,1053.8464227741,1301.053846422774
11,937.3162652846205,1100.9373162652846
10,943.2024712933971,1000.9432024712934
12,977.3216993812101,1200.9773216993813
12,1031.228499509358,1201.0312284995093
12,1004.5218974513451,1201.0045218974512
10,929.2303936538569,1000.9292303936538
