num_vehicles,distance,fitness
7,864.4833286468569,700.8644833286469
9,772.2353527141829,900.7722353527142
10,795.6381420577109,1000.7956381420577
9,895.841674047118,900.8958416740471
6,655.4238101376228,600.6554238101377
11,886.1701645970985,1100.8861701645972
11,861.5830632229085,1100.861583063223
10,892.9875003263045,1000.8929875003263
9,903.7088636622465,900.9037088636622
10,911.3271290292683,1000.9113271290292
12,1015.5845279747905,1201.0155845279749
12,1003.8681856094098,1201.0038681856095
11,890.8456938383227,1100.8908456938384
13,864.376336064808,1300.8643763360649
13,948.3898702951085,1300.9483898702952
12,926.9191257738455,1200.9269191257738
11,919.2275128815501,1100.9192275128817
12,943.3320466971206,1200.9433320466972
12,989.9795492881518,1200.9899795492881
14,1038.9552822587088,1401.0389552822587
