num_vehicles,distance,fitness
6,738.2850068179622,600.7382850068179
7,767.6442849301966,700.7676442849302
6,714.4772354313008,600.7144772354313
7,768.1196084604103,700.7681196084604
8,723.7338381502883,800.7237338381503
11,1011.5505598808676,1101.0115505598808
13,1097.21409214992,1301.09721409215
10,879.857417352674,1000.8798574173527
9,924.767688962837,900.9247676889628
12,1045.2058401713016,1201.0452058401713
10,878.6868754774581,1000.8786868754775
9,853.3264418791581,900.8533264418792
11,905.3612771448595,1100.905361277145
10,917.9501586531717,1000.9179501586532
12,928.5020398150112,1200.928502039815
11,1012.5652600472612,1101.0125652600473
11,934.8283338745387,1100.9348283338745
9,957.9432121833365,900.9579432121833
12,984.5319919920189,1200.984531991992
10,959.3640249035359,1000.9593640249035
