num_vehicles,distance,fitness
6,849.5290070488132,600.8495290070488
8,718.6820051494528,800.7186820051495
9,846.3131475604141,900.8463131475604
11,915.3809664915357,1100.9153809664915
8,770.905989515549,800.7709059895155
9,887.5784592590138,900.887578459259
10,868.947613352564,1000.8689476133526
8,821.2076357892234,800.8212076357893
9,950.6105447914415,900.9506105447914
9,971.7837327401754,900.9717837327402
10,996.8090246442473,1000.9968090246442
8,828.0261967058532,800.8280261967059
10,868.2431463530307,1000.868243146353
10,1053.9182886738379,1001.0539182886738
10,846.9701546950164,1000.846970154695
10,937.5820246999392,1000.9375820247
9,975.5551192927227,900.9755551192927
9,911.1323363869622,900.9111323363869
9,942.0117482490786,900.9420117482491
8,982.9322214114455,800.9829322214115
