num_vehicles,distance,fitness
6,762.3946846662257,600.7623946846662
6,763.7991229080319,600.763799122908
6,793.508494798864,600.7935084947989
7,785.5385587884851,700.7855385587885
7,787.390932062467,700.7873909320625
7,771.7765966134772,700.7717765966134
9,942.1628605171619,900.9421628605172
8,935.2546985019568,800.9352546985019
8,968.1182263402175,800.9681182263403
9,905.826415108505,900.9058264151085
9,989.3764557311493,900.9893764557312
8,848.7145440296471,800.8487145440297
9,943.8258431199766,900.94382584312
8,857.0709370787636,800.8570709370788
9,903.1149537349155,900.9031149537349
8,836.3161450682571,800.8363161450683
9,951.3904852915969,900.9513904852915
8,852.5313916115122,800.8525313916115
9,981.4233712888198,900.9814233712888
8,894.5928075433849,800.8945928075434
