num_vehicles,distance,fitness
6,840.3646523098904,600.8403646523099
6,755.9374589881008,600.7559374589881
7,972.2485031982354,700.9722485031982
6,729.0427740776194,600.7290427740776
7,861.3915818767424,700.8613915818768
6,745.034931013352,600.7450349310134
6,787.2512865236924,600.7872512865237
7,861.9220780817235,700.8619220780818
7,852.2393480055998,700.8522393480056
7,871.1068787112724,700.8711068787113
7,837.1586734807803,700.8371586734808
7,925.6454382021396,700.9256454382022
7,837.4896077642636,700.8374896077643
7,952.8363457511733,700.9528363457512
7,862.9317895721388,700.8629317895721
7,858.8042483195769,700.8588042483195
7,774.0276486632226,700.7740276486633
7,957.2038408206987,700.9572038408207
8,990.3573883427669,800.9903573883428
7,903.8463474634357,700.9038463474634
