num_vehicles,distance,fitness
4,918.1606608150763,400.9181606608151
7,909.6212240338033,700.9096212240338
5,776.5807282626073,500.7765807282626
6,812.6081476488764,600.8126081476489
5,897.0923818756966,500.8970923818757
7,871.2547779358683,700.8712547779359
5,823.9516646883621,500.82395166468837
6,853.202527254981,600.853202527255
7,856.9558585210391,700.856955858521
7,918.8228237563351,700.9188228237564
6,739.5333134082528,600.7395333134083
7,909.9704541369871,700.909970454137
7,920.2429145163336,700.9202429145163
8,1022.5528249866603,801.0225528249866
6,966.9763581052421,600.9669763581053
6,874.3039543713066,600.8743039543713
6,960.4724852623331,600.9604724852624
7,866.3774997338572,700.8663774997339
8,910.855994610628,800.9108559946106
7,919.6056813990541,700.919605681399
