num_vehicles,distance,fitness
4,848.564939599413,400.84856493959944
4,843.0088256090293,400.84300882560905
4,939.600421285648,400.93960042128566
4,928.1509656540882,400.9281509656541
4,814.2543122476732,400.81425431224767
4,885.8598454171789,400.8858598454172
4,825.6740946788866,400.8256740946789
4,868.0156262625405,400.86801562626255
6,914.2152620830116,600.914215262083
6,1020.4778970063711,601.0204778970063
5,1006.4353209144209,501.0064353209144
7,955.8982437575853,700.9558982437576
7,1008.1147732621398,701.0081147732622
7,987.7702011465773,700.9877702011465
5,855.3212493658054,500.85532124936583
7,965.5752837688045,700.9655752837688
6,969.0169032703061,600.9690169032704
7,955.5899795344619,700.9555899795345
6,987.7203972359803,600.987720397236
6,846.0998438787801,600.8460998438787
