num_vehicles,distance,fitness
4,1071.3637846072347,401.07136378460723
5,979.8891751932927,500.9798891751933
4,976.0081201155715,400.9760081201156
4,976.5590097861966,400.9765590097862
4,1125.7235041571382,401.1257235041571
4,966.5732929199194,400.9665732929199
4,1013.3411258240658,401.01334112582407
4,1041.7239281676743,401.0417239281677
7,1030.5845729464838,701.0305845729465
6,996.3616873658706,600.9963616873658
7,966.0760499114427,700.9660760499114
5,1036.7240270834009,501.0367240270834
4,857.1990215992848,400.8571990215993
8,1033.095733297617,801.0330957332976
6,932.235972038271,600.9322359720383
4,915.913479768822,400.91591347976885
6,920.9503562838935,600.9209503562839
6,963.5876992056604,600.9635876992056
4,866.7721012520653,400.8667721012521
5,952.082019549534,500.95208201954955
