num_vehicles,distance,fitness
4,937.6570066368039,400.9376570066368
4,1048.2444540826143,401.04824445408264
4,976.3295232608588,400.97632952326086
4,895.0049489944195,400.8950049489944
4,853.9780558208533,400.85397805582085
4,984.6552746220391,400.984655274622
4,934.6667259821404,400.93466672598214
4,816.2770897875446,400.81627708978755
5,896.5219189455418,500.89652191894555
4,849.0473834997656,400.84904738349974
4,880.6198422920646,400.88061984229205
4,987.1840565684075,400.9871840565684
4,868.6219773804587,400.8686219773805
4,894.3088212571452,400.89430882125714
5,916.8064995080254,500.916806499508
5,995.8752348909126,500.9958752348909
6,876.2513416334003,600.8762513416334
5,934.0527055935659,500.93405270559356
4,901.9709844331437,400.90197098443315
5,934.4601472454851,500.9344601472455
