num_vehicles,distance,fitness
4,887.2260787198006,400.8872260787198
5,869.7033400047802,500.8697033400048
4,875.4772991879979,400.875477299188
4,791.9351858257305,400.7919351858257
5,889.4259318910488,500.889425931891
5,942.4847644934304,500.94248476449343
5,997.4016845686267,500.9974016845686
6,965.788819740632,600.9657888197406
4,917.0826705678269,400.9170826705678
4,810.3328733809742,400.81033287338096
4,966.2980669735873,400.9662980669736
5,907.2294994282087,500.9072294994282
5,761.2313079840148,500.761231307984
4,925.3737772617815,400.92537377726177
4,857.1849024462083,400.8571849024462
4,868.23752658165,400.86823752658165
4,792.8469209792177,400.79284692097923
5,947.7470787161247,500.94774707871613
5,900.7698840098523,500.90076988400983
5,901.7524699059808,500.901752469906
