num_vehicles,distance,fitness
4,954.4951724086313,400.95449517240866
4,888.4038230298028,400.8884038230298
4,954.8342074195375,400.95483420741954
4,764.9659615167884,400.7649659615168
4,946.5091378747428,400.9465091378747
5,801.1395627624147,500.8011395627624
4,842.2690789678718,400.8422690789679
4,942.4054426325606,400.94240544263255
5,885.2636009789627,500.885263600979
5,1014.6263467874392,501.01462634678745
6,942.3610402596357,600.9423610402596
6,873.7304056062804,600.8737304056062
5,876.8794542606992,500.8768794542607
5,900.9441109181821,500.9009441109182
5,835.8346098181535,500.83583460981816
5,965.1793136389432,500.96517931363894
5,889.3429036596805,500.88934290365967
5,944.4764124158653,500.94447641241584
5,1018.4662992750519,501.0184662992751
4,806.0264164202836,400.8060264164203
