num_vehicles,distance,fitness
4,918.9340678700514,400.91893406787005
5,901.4866724308149,500.9014866724308
4,906.3570763956584,400.90635707639564
4,869.8978498949679,400.869897849895
4,838.7860440144966,400.8387860440145
5,958.6042604798595,500.9586042604799
5,955.7017417145559,500.95570174171456
6,1024.6031753942289,601.0246031753942
5,795.8776240527858,500.79587762405276
5,930.9195497655019,500.9309195497655
5,965.8432674390845,500.9658432674391
5,950.9123160332077,500.9509123160332
5,1007.0596602797175,501.0070596602797
5,880.0693475173588,500.88006934751735
6,891.7968412863406,600.8917968412864
4,1014.7701681017425,401.01477016810173
6,1013.0602380929197,601.013060238093
5,908.9231953364281,500.90892319533646
5,960.4600977213299,500.96046009772135
6,987.3637498943665,600.9873637498944
