num_vehicles,distance,fitness
4,877.1580260263885,400.8771580260264
4,804.8755463178443,400.8048755463178
4,849.2495734582185,400.8492495734582
4,957.2184557189943,400.957218455719
4,902.1127849823683,400.90211278498236
4,844.7092061889879,400.844709206189
5,994.6301285984475,500.99463012859843
4,928.4705965579323,400.92847059655793
5,937.9879537924812,500.93798795379246
4,990.4475247030365,400.99044752470303
5,999.6289946350103,500.99962899463503
4,880.4374671970942,400.8804374671971
5,1022.5056779620128,501.022505677962
4,926.8775789714246,400.9268775789714
4,978.2348970453475,400.97823489704535
4,986.2724383907691,400.98627243839076
5,883.9090687007725,500.88390906870075
5,836.677731434819,500.8366777314348
4,881.36213597362,400.88136213597363
4,909.0480196878452,400.9090480196879
