num_vehicles,distance,fitness
8,894.5607712993112,800.8945607712993
8,830.089140861533,800.8300891408616
10,947.5864369450679,1000.947586436945
10,954.8826358586609,1000.9548826358587
12,1088.0673997306867,1201.0880673997308
9,939.4515834669833,900.939451583467
11,1189.742923322999,1101.189742923323
11,1150.079228262097,1101.150079228262
11,1129.9438730403056,1101.1299438730402
11,1087.3959239347723,1101.0873959239348
11,1060.9986379078641,1101.060998637908
11,1100.1191740243444,1101.1001191740243
12,1109.4886630671645,1201.1094886630672
13,1111.7257867317642,1301.1117257867318
10,1019.6174707784821,1001.0196174707785
10,1001.2015641986363,1001.0012015641986
12,1154.3732089934913,1201.1543732089935
11,1177.7675784370256,1101.177767578437
11,1106.7857994665117,1101.1067857994665
11,1017.3639350096573,1101.0173639350096
