num_vehicles,distance,fitness
8,1070.571296979287,801.0705712969793
7,925.5313106236677,700.9255313106237
7,1082.268502533403,701.0822685025335
7,989.4757868445228,700.9894757868445
7,926.4649186371919,700.9264649186372
7,965.5768139524256,700.9655768139525
7,1009.0370793370824,701.0090370793371
7,951.8069136194799,700.9518069136195
7,946.3293157961953,700.9463293157962
7,913.5745833059656,700.913574583306
7,989.785204604827,700.9897852046048
8,995.3383493753047,800.9953383493753
8,1247.9199032262534,801.2479199032263
8,1148.7027518313735,801.1487027518314
9,1117.8254149189033,901.1178254149189
9,1146.7796843352157,901.1467796843352
8,1003.3261252314413,801.0033261252314
10,1346.2127153496112,1001.3462127153496
9,1109.4102771305809,901.1094102771306
8,1048.4679331170612,801.0484679331171
