num_vehicles,distance,fitness
7,979.4404534601562,700.9794404534601
7,982.859742336803,700.9828597423368
7,1017.3852457019132,701.0173852457019
7,959.5750617186094,700.9595750617186
7,923.324788594064,700.9233247885941
7,963.4463701260464,700.963446370126
7,847.0451207203273,700.8470451207203
8,1057.2164148001027,801.0572164148001
8,1015.1367986032253,801.0151367986032
8,1195.325843063421,801.1953258430634
7,832.5402277017761,700.8325402277018
8,1028.2889001037354,801.0282889001037
8,1148.0093713348963,801.1480093713349
9,1167.5482862994838,901.1675482862995
7,1063.8898696190818,701.0638898696191
7,1084.1768864416415,701.0841768864417
7,1064.367056962516,701.0643670569625
8,1095.281265500591,801.0952812655006
8,1020.3334114286057,801.0203334114286
8,1112.7752422045585,801.1127752422045
