num_vehicles,distance,fitness
7,691.9245200332821,700.6919245200332
9,836.7188741325484,900.8367188741325
8,798.6969121961147,800.7986969121961
10,986.2360972250506,1000.9862360972251
9,866.4080012409313,900.866408001241
10,1031.521880925687,1001.0315218809257
10,1055.6352920740733,1001.055635292074
11,1079.131896260224,1101.0791318962602
10,954.2934085841397,1000.9542934085841
11,1169.4061404247968,1101.1694061404248
12,1219.8305042166764,1201.2198305042166
10,976.5613687048711,1000.9765613687049
9,962.2348472906873,900.9622348472907
9,948.5784920461938,900.9485784920462
11,1111.3441200636992,1101.1113441200637
9,1052.7526397114013,901.0527526397115
10,1088.0102358407623,1001.0880102358408
11,1139.555893862559,1101.1395558938625
9,938.246725719345,900.9382467257193
10,1000.7260013784312,1001.0007260013784
