num_vehicles,distance,fitness
5,1206.7227033268164,501.2067227033268
6,1135.7132523209714,601.135713252321
6,1138.4577063185084,601.1384577063185
5,1094.5298696763937,501.0945298696764
6,1393.4724262441441,601.3934724262441
7,1000.1127257799005,701.0001127257799
8,1335.6310679455937,801.3356310679455
8,1095.094148714955,801.0950941487149
6,1264.975787331677,601.2649757873317
9,1362.1741727585238,901.3621741727585
9,1215.4913569130476,901.215491356913
6,1214.8083449087417,601.2148083449088
8,1124.2333264584292,801.1242333264585
7,1290.3521024266563,701.2903521024267
7,1075.0840747534244,701.0750840747535
7,1299.2147646732665,701.2992147646733
7,1278.7179136620803,701.278717913662
7,1189.0461146138782,701.1890461146139
7,1298.1271834955382,701.2981271834956
6,1256.6315912538062,601.2566315912538
