num_vehicles,distance,fitness
5,1098.2107185369055,501.0982107185369
5,986.4213627398774,500.98642136273986
5,1107.8529913256461,501.1078529913257
5,1007.3106440846744,501.00731064408467
5,958.8391163455047,500.95883911634553
6,1070.134270855373,601.0701342708554
6,980.2675285276099,600.9802675285276
6,1267.8697657387245,601.2678697657387
9,1222.1982615093634,901.2221982615093
6,1104.2953084415547,601.1042953084416
6,1108.4534681171258,601.1084534681171
6,1198.9606829707216,601.1989606829708
6,1140.9284585942694,601.1409284585943
6,1442.4937972355874,601.4424937972356
5,1341.0202448615612,501.34102024486157
6,1116.303211170019,601.11630321117
6,1249.5661278403454,601.2495661278404
7,1353.7597320888378,701.3537597320889
7,1103.867014513967,701.103867014514
5,901.1181097027204,500.90111810970274
