num_vehicles,distance,fitness
4,1067.7019895573885,401.0677019895574
4,911.7456003002376,400.91174560030026
5,1018.7926925287569,501.01879269252873
5,1102.3155506511855,501.1023155506512
5,1060.5716954572142,501.0605716954572
5,992.6214224599787,500.99262142246
4,1201.123251724758,401.20112325172477
4,959.0315241927495,400.95903152419277
5,1131.2080038558277,501.1312080038558
5,993.6240271078909,500.9936240271079
5,1085.0526814288523,501.08505268142886
5,1143.0729908405913,501.1430729908406
5,1088.8491807908192,501.0888491807908
5,1205.9470160207109,501.20594701602073
5,1079.5646365073344,501.0795646365073
6,1314.0135688000912,601.3140135688001
5,1113.108170753146,501.11310817075315
5,1029.3037779531219,501.02930377795315
6,1304.2689074622745,601.3042689074623
5,1110.6850981634857,501.11068509816346
