num_vehicles,distance,fitness
5,1088.2573579320474,501.08825735793204
5,1116.6967813326646,501.1166967813327
5,1076.8415257932086,501.0768415257932
5,1121.692598071158,501.12169259807115
5,1047.8747027546758,501.04787470275465
5,1292.8571311696069,501.2928571311696
6,1212.2031227447205,601.2122031227448
7,1185.9484119711437,701.1859484119711
6,1189.8132704396605,601.1898132704397
5,1130.9429712997899,501.1309429712998
5,1145.1281206260558,501.14512812062605
5,1078.3176448300503,501.07831764483007
6,1130.698950679588,601.1306989506796
6,1244.211106712992,601.244211106713
5,1061.944308025161,501.06194430802515
5,1235.2705755952497,501.2352705755952
5,1256.0957571089896,501.256095757109
6,1254.636732763221,601.2546367327632
5,1044.4906733850332,501.04449067338504
6,1313.8724586742949,601.3138724586743
