num_vehicles,distance,fitness
5,1306.6275740598305,501.3066275740598
4,938.5848301064143,400.93858483010644
5,1309.9346074961836,501.3099346074962
5,1186.2715733380528,501.18627157333805
5,857.3634068986315,500.8573634068986
5,1323.3751693107838,501.3233751693108
5,1315.5860029614569,501.3155860029615
5,1131.6928684027753,501.13169286840275
5,1146.111856363889,501.1461118563639
5,1064.9713550136744,501.06497135501365
4,1066.73878576997,401.06673878577
5,1250.8814233219205,501.2508814233219
5,1078.4706089774184,501.0784706089774
5,1136.952106112687,501.1369521061127
5,1091.4325089120161,501.091432508912
5,1186.3502644251898,501.1863502644252
5,1055.3725176382784,501.05537251763826
5,1140.0119893700096,501.14001198937
5,1102.3058288466586,501.1023058288467
5,950.687510865226,500.95068751086524
