num_vehicles,distance,fitness
6,447.6452532027363,600.4476452532027
7,498.1135840711437,700.4981135840711
8,551.8710699481835,800.5518710699482
7,538.0225601295425,700.5380225601295
8,559.8589593258288,800.5598589593259
9,634.7785771757543,900.6347785771758
9,632.6257800517541,900.6326257800517
10,725.212936625697,1000.7252129366257
9,751.8284136180135,900.751828413618
8,638.7890483152197,800.6387890483152
8,569.2172349779762,800.5692172349779
8,638.2230082418318,800.6382230082419
8,663.2267329573991,800.6632267329574
8,698.433278304472,800.6984332783045
9,652.9363600604063,900.6529363600604
7,527.5303096020625,700.5275303096021
10,708.5712249305914,1000.7085712249306
10,669.3030370399955,1000.66930303704
8,725.778984613985,800.725778984614
7,600.7342371299453,700.6007342371299
