num_vehicles,distance,fitness
7,658.8124637298049,700.6588124637298
8,605.0661797709192,800.6050661797709
6,552.6312726165608,600.5526312726165
9,704.9666942081612,900.7049666942081
10,718.5977243060497,1000.718597724306
9,644.1166982082395,900.6441166982082
9,645.8086365647365,900.6458086365648
10,691.3958451987205,1000.6913958451987
10,712.1312456807226,1000.7121312456807
9,718.7014869154356,900.7187014869154
9,658.200565499413,900.6582005654994
11,647.9041546373204,1100.6479041546372
9,689.5390578286341,900.6895390578286
9,668.8759426509757,900.668875942651
9,684.794773651274,900.6847947736512
10,698.2658547472141,1000.6982658547472
8,689.5473472429753,800.689547347243
9,667.3301824029314,900.6673301824029
8,628.8370167100817,800.6288370167101
10,701.2404639819985,1000.701240463982
