num_vehicles,distance,fitness
7,664.5333586844342,700.6645333586845
7,566.1520433406927,700.5661520433407
7,632.6460521724025,700.6326460521724
7,649.3006969361693,700.6493006969362
8,682.7915714021258,800.6827915714022
8,644.8630811051789,800.6448630811052
7,649.7219528022092,700.6497219528022
7,525.2398777439548,700.525239877744
8,705.3569517001099,800.7053569517001
7,659.4597264102326,700.6594597264102
7,681.3996215659802,700.681399621566
7,598.3074704522825,700.5983074704523
9,617.115943593869,900.6171159435938
7,679.9810022588733,700.6799810022588
7,614.6203269695255,700.6146203269695
7,584.9628107560503,700.584962810756
7,645.8211970058903,700.645821197006
8,698.4626288548022,800.6984626288548
8,591.9957925454302,800.5919957925454
7,546.0111827770453,700.5460111827771
