num_vehicles,distance,fitness
5,457.2023704760672,500.45720237047607
6,535.1453197036378,600.5351453197036
6,484.81201802752395,600.4848120180275
7,558.9156657588344,700.5589156657588
5,542.7979744458752,500.5427979744459
9,689.8770518172931,900.6898770518173
9,822.2649157189513,900.822264915719
10,735.8695067770759,1000.735869506777
9,708.7960232812834,900.7087960232813
9,703.1971262013881,900.7031971262014
10,745.4284145960254,1000.7454284145961
7,716.8435112611413,700.7168435112611
7,653.8292533769794,700.653829253377
6,731.0673331624364,600.7310673331624
8,766.8641986965674,800.7668641986966
10,843.160345055595,1000.8431603450556
8,735.597279459495,800.7355972794595
10,697.1693118727705,1000.6971693118728
10,801.8454298490716,1000.8018454298491
9,687.178106420821,900.6871781064208
