num_vehicles,distance,fitness
5,555.9485643976219,500.5559485643976
5,567.2285965933426,500.56722859659334
5,618.8904002605312,500.6188904002605
5,574.0417309930341,500.57404173099303
5,650.4164787372222,500.6504164787372
5,632.1499818943928,500.6321499818944
5,588.6504075462732,500.58865040754625
5,586.609209637247,500.58660920963723
5,583.3799437381365,500.5833799437381
8,721.5743381843631,800.7215743381844
6,717.94224810588,600.7179422481058
6,726.9954598956208,600.7269954598956
7,736.7604400965793,700.7367604400965
7,760.4866352631819,700.7604866352632
6,798.3574260818979,600.7983574260819
6,715.290913523233,600.7152909135232
6,770.6711133058953,600.7706711133059
6,704.2654446172426,600.7042654446172
6,660.0014425859794,600.660001442586
5,746.4451241000168,500.74644512410003
