num_vehicles,distance,fitness
5,534.3361221591722,500.5343361221592
5,653.7647819054757,500.65376478190547
5,595.2992209354269,500.59529922093543
5,638.0822816706539,500.6380822816707
5,596.8371370887875,500.5968371370888
5,527.5074973562294,500.5275074973562
5,652.2854359940357,500.65228543599403
5,630.6454071020154,500.630645407102
5,512.3122889542656,500.51231228895426
5,616.3705296056387,500.61637052960566
6,709.9215296368205,600.7099215296369
6,724.4209835334531,600.7244209835335
6,725.2750549536177,600.7252750549536
5,778.6863769070553,500.77868637690705
5,784.9014394909326,500.7849014394909
7,705.7605139388041,700.7057605139388
5,679.0477852863268,500.67904778528634
5,654.6843444240986,500.6546843444241
7,878.058351080572,700.8780583510805
5,738.6085341967706,500.73860853419677
