num_vehicles,distance,fitness
5,492.8496652239143,500.4928496652239
6,567.2512744479942,600.567251274448
5,518.7906563775689,500.5187906563776
5,484.06059342772636,500.4840605934277
5,589.1951463260582,500.58919514632606
5,499.5163123199776,500.49951631232
6,526.7417452751821,600.5267417452752
5,425.8218853594845,500.4258218853595
5,487.5141092108845,500.4875141092109
6,567.7159366178572,600.5677159366179
5,496.18520837434966,500.49618520837436
6,660.4743231936826,600.6604743231937
5,467.157194233396,500.4671571942334
5,556.0330144765535,500.55603301447655
6,617.1506657617383,600.6171506657618
5,665.291991418112,500.6652919914181
7,698.9046551325882,700.6989046551325
6,588.6248584589019,600.588624858459
5,621.5293214022486,500.62152932140225
6,640.291786181061,600.640291786181
