num_vehicles,distance,fitness
8,800.9792222618502,800.8009792222618
16,966.818310285002,1600.966818310285
11,810.9376926334287,1100.8109376926334
13,873.1533037710542,1300.873153303771
15,979.2824343582754,1500.9792824343583
14,999.5459707242264,1400.9995459707243
12,1021.0904682580925,1201.021090468258
16,1074.173180678616,1601.0741731806786
15,1045.191955314241,1501.0451919553143
14,1069.4598220265377,1401.0694598220266
15,935.5148728151536,1500.9355148728152
11,867.4407980708705,1100.867440798071
14,991.726462478805,1400.9917264624787
14,979.2286875399152,1400.97922868754
15,1034.1340721284755,1501.0341340721284
13,954.0800681214715,1300.9540800681216
16,1013.7878958623364,1601.0137878958624
14,947.0413680191248,1400.9470413680192
15,986.7944900663401,1500.9867944900664
13,948.9319769566447,1300.9489319769566
