num_vehicles,distance,fitness
7,743.2970155147732,700.7432970155148
6,761.1809036312196,600.7611809036313
7,715.036273375726,700.7150362733757
6,720.8935184086287,600.7208935184086
7,859.1721930576972,700.8591721930577
6,761.3892150772976,600.7613892150773
6,741.7251029199476,600.74172510292
6,746.2474837578985,600.7462474837579
11,973.4111395579525,1100.973411139558
10,967.9646820657399,1000.9679646820657
11,997.9184340535692,1100.9979184340536
9,848.7752109928894,900.8487752109929
10,923.2946088370586,1000.9232946088371
9,881.1490972269845,900.881149097227
10,945.7425932515049,1000.9457425932515
9,908.7066768575125,900.9087066768575
9,908.3272859015011,900.9083272859015
10,891.7638548878143,1000.8917638548878
10,945.9714666154521,1000.9459714666154
12,916.1189548898603,1200.91611895489
