num_vehicles,distance,fitness
7,864.4833286468569,700.8644833286469
10,794.337983133443,1000.7943379831335
10,782.3769252886545,1000.7823769252886
12,840.0110359220472,1200.840011035922
10,817.3764526615869,1000.8173764526616
12,973.9363591001722,1200.9739363591002
8,716.7988008253836,800.7167988008254
10,838.2173310005751,1000.8382173310006
10,840.253840977834,1000.8402538409779
12,1005.0963792466085,1201.0050963792467
11,873.2736160616224,1100.8732736160616
11,938.5080185674663,1100.9385080185675
13,913.2090837894102,1300.9132090837893
14,992.8627314106401,1400.9928627314107
12,1020.9887819054042,1201.0209887819053
11,854.8218856224526,1100.8548218856224
10,913.9611864576186,1000.9139611864576
10,878.7498504060978,1000.878749850406
13,1030.2250309564786,1301.0302250309564
11,917.4641018541166,1100.9174641018542
