num_vehicles,distance,fitness
6,738.2850068179622,600.7382850068179
7,787.4226735569805,700.787422673557
7,781.0414220495898,700.7810414220496
8,742.8875108469964,800.742887510847
9,826.0917171472018,900.8260917171472
9,837.9543570968028,900.8379543570968
9,837.8206009583145,900.8378206009584
12,1008.2216336298839,1201.0082216336298
11,968.3200892064949,1100.9683200892066
10,928.3975761621482,1000.9283975761622
11,1009.6651454522162,1101.0096651454521
11,1016.4343022723561,1101.0164343022723
10,905.0146442366929,1000.9050146442366
10,984.9990920172578,1000.9849990920172
9,846.2564516290989,900.8462564516291
10,932.3774633707209,1000.9323774633707
11,1065.4915767333034,1101.0654915767334
10,960.4585395410885,1000.960458539541
10,985.6436507588276,1000.9856436507588
9,896.8734716116101,900.8968734716116
