num_vehicles,distance,fitness
6,849.5290070488132,600.8495290070488
8,786.5953908459353,800.786595390846
8,762.8384329971583,800.7628384329971
9,846.9926479055484,900.8469926479055
10,869.7318162335556,1000.8697318162335
9,850.625457566484,900.8506254575665
9,840.2011871521726,900.8402011871522
10,941.057539778107,1000.9410575397781
11,979.1852619849923,1100.979185261985
9,805.4358344839382,900.8054358344839
9,974.2178611338452,900.9742178611339
8,902.9924342061387,800.9029924342061
9,957.1086226253578,900.9571086226254
11,1037.3808510334477,1101.0373808510335
9,870.8628250343324,900.8708628250344
10,970.2888561751074,1000.9702888561751
9,914.8766393953281,900.9148766393953
8,801.5109331833529,800.8015109331834
9,905.6022979262946,900.9056022979263
11,1035.4379129710587,1101.035437912971
