num_vehicles,distance,fitness
7,842.8913236348984,700.842891323635
7,738.2820183383582,700.7382820183384
7,818.0672435224611,700.8180672435225
8,858.0856646373984,800.8580856646374
6,836.8327250971415,600.8368327250971
8,783.1384405666779,800.7831384405666
7,832.7886943430159,700.832788694343
10,1007.1020358606028,1001.0071020358606
8,941.6606682155126,800.9416606682155
9,939.5807836975326,900.9395807836976
9,900.1566455209176,900.900156645521
8,907.1545069061183,800.9071545069061
9,867.0918204217918,900.8670918204218
10,1007.1570760699524,1001.0071570760699
10,906.5409699178439,1000.9065409699178
9,859.6943690878097,900.8596943690878
9,890.3744636929877,900.890374463693
8,775.1846950939296,800.7751846950939
9,946.8985656040647,900.9468985656041
9,951.38318008572,900.9513831800857
