num_vehicles,distance,fitness
4,918.1606608150763,400.9181606608151
5,885.7169048780338,500.88571690487805
4,880.7325149501507,400.8807325149501
6,855.0764405786507,600.8550764405786
4,859.0782534062238,400.8590782534062
7,891.38992663435,700.8913899266344
5,862.29596818893,500.8622959681889
7,924.8916274539511,700.9248916274539
7,1002.5278059798287,701.0025278059799
6,777.4397425288142,600.7774397425288
6,878.8889700839608,600.878888970084
7,1023.1362309455424,701.0231362309455
8,864.4868287856208,800.8644868287856
7,944.6516738181152,700.9446516738182
6,987.106638997836,600.9871066389978
7,889.8509035682697,700.8898509035682
7,831.1658613178876,700.8311658613179
8,944.9295551924176,800.9449295551924
7,931.9916311523638,700.9319916311524
6,998.4905612169661,600.998490561217
