num_vehicles,distance,fitness
4,848.564939599413,400.84856493959944
4,862.2560099076518,400.86225600990764
4,801.4001460263248,400.8014001460263
4,911.665456087353,400.91166545608735
4,874.0709418247102,400.8740709418247
4,901.177489214107,400.9011774892141
5,829.7919829550381,500.82979198295504
4,922.7536482435663,400.92275364824354
4,949.8975573107948,400.9498975573108
6,921.7841306136546,600.9217841306137
6,950.3554461939387,600.950355446194
6,972.5747893981481,600.9725747893981
6,869.0145741130211,600.8690145741131
6,896.6952177976189,600.8966952177976
7,1007.1836372395388,701.0071836372396
7,921.2035472553,700.9212035472553
5,845.5331497977514,500.84553314979775
7,954.9121835926213,700.9549121835926
6,859.6821118100377,600.85968211181
6,983.4374337377341,600.9834374337378
