num_vehicles,distance,fitness
4,937.6570066368039,400.9376570066368
4,881.8556420725874,400.8818556420726
4,951.9825427803642,400.95198254278034
4,896.6669527283518,400.89666695272837
4,926.6228146134224,400.92662281461344
4,927.2665073382311,400.92726650733823
4,959.8770640360575,400.95987706403605
4,990.971692259946,400.99097169225996
4,868.3262686647893,400.8683262686648
4,916.3268520064846,400.9163268520065
4,892.9880887321121,400.8929880887321
4,843.4612065351731,400.84346120653515
5,939.6252434191043,500.93962524341913
4,1018.3127613452223,401.0183127613452
5,962.0737568369643,500.96207375683696
5,998.9187079570199,500.99891870795705
5,858.393851514462,500.85839385151445
5,844.7491796892906,500.8447491796893
4,882.6775501860628,400.8826775501861
5,886.2088486728497,500.8862088486728
