num_vehicles,distance,fitness
4,887.2260787198006,400.8872260787198
4,904.8210573792127,400.9048210573792
4,799.0165540494901,400.7990165540495
4,865.3061231997154,400.86530612319973
5,822.3434419156386,500.8223434419156
4,877.7354084336191,400.87773540843364
5,854.8517518357008,500.8548517518357
4,881.0964950099064,400.8810964950099
4,867.2509867744398,400.8672509867744
5,892.5619262529691,500.892561926253
5,977.8281123737473,500.97782811237374
5,814.4924652631214,500.81449246526313
5,839.991984948912,500.83999198494894
5,880.126697280786,500.8801266972808
4,847.9619532324905,400.84796195323247
5,878.4536522161142,500.87845365221614
5,853.6319687961851,500.8536319687962
5,880.3715616335423,500.8803715616335
5,772.099915897727,500.77209991589774
4,978.7934429590989,400.9787934429591
