num_vehicles,distance,fitness
4,954.4951724086313,400.95449517240866
4,962.8301274320735,400.9628301274321
4,893.039568462983,400.893039568463
5,828.6261968066299,500.8286261968066
4,897.6144499590243,400.897614449959
5,841.1186965467698,500.84111869654674
4,864.5485788728113,400.8645485788728
4,987.6645905732445,400.9876645905732
5,903.7920107325448,500.90379201073256
5,907.1497794279608,500.907149779428
6,946.070266491214,600.9460702664912
4,897.1390785380884,400.8971390785381
5,868.9562227188002,500.8689562227188
5,906.730617075547,500.90673061707554
5,970.8799116781458,500.97087991167814
6,1035.3922863976675,601.0353922863977
5,902.9860105264962,500.9029860105265
4,914.973505258051,400.91497350525805
5,926.5399857866641,500.9265399857867
5,778.0445265758491,500.77804452657585
