num_vehicles,distance,fitness
4,918.9340678700514,400.91893406787005
5,911.6406107891883,500.91164061078916
4,768.379814015981,400.768379814016
4,885.1382709702384,400.88513827097023
5,922.8010891366456,500.92280108913667
5,820.4320633972598,500.8204320633973
5,1010.7677015081126,501.0107677015081
5,973.8885689313396,500.97388856893133
4,878.4184836657045,400.8784184836657
5,883.7182659299433,500.88371826592993
5,928.1133481126944,500.9281133481127
6,1056.5125926977173,601.0565125926977
5,1032.749064995893,501.03274906499587
5,974.0510136206483,500.9740510136206
6,971.8264418286225,600.9718264418286
5,1123.3532962762333,501.1233532962762
5,959.2363878642732,500.9592363878643
5,824.1930427021591,500.8241930427022
6,973.7755741346418,600.9737755741346
6,1058.928737926999,601.058928737927
