num_vehicles,distance,fitness
7,979.4404534601562,700.9794404534601
7,806.4925259799072,700.8064925259799
7,863.9297758735054,700.8639297758735
7,817.0766823048893,700.8170766823049
7,791.3953035342955,700.7913953035343
8,1159.0300034679387,801.1590300034679
7,888.123222999748,700.8881232229998
9,1279.2367209483523,901.2792367209483
7,957.7278417247178,700.9577278417247
7,1037.6878340139779,701.0376878340139
7,940.1880239367724,700.9401880239368
8,1076.3841073884405,801.0763841073884
8,1114.6066389071068,801.1146066389072
8,1053.0215654567985,801.0530215654568
8,1220.2554685582459,801.2202554685582
8,1117.4018855978975,801.1174018855979
8,967.835586065171,800.9678355860651
7,962.8590116186327,700.9628590116187
8,1169.5890390958218,801.1695890390959
8,1095.1510297449995,801.095151029745
