num_vehicles,distance,fitness
7,791.5872570391791,700.7915872570392
8,898.2395143313473,800.8982395143313
7,793.0477813136363,700.7930477813136
7,871.5472033218969,700.8715472033219
8,952.2001160245736,800.9522001160245
7,873.4324635105049,700.8734324635105
7,765.6387048401601,700.7656387048402
8,814.2975482394355,800.8142975482394
7,830.5699108055132,700.8305699108055
8,1103.4679229544147,801.1034679229545
8,991.2644922051188,800.9912644922051
9,1227.3498931517547,901.2273498931518
7,891.7419031798792,700.8917419031799
8,1082.8584608176463,801.0828584608176
9,1042.9791755636395,901.0429791755637
10,1111.6117043746865,1001.1116117043747
9,1162.2419174526656,901.1622419174527
9,1169.8655491345896,901.1698655491346
9,1073.7714071607256,901.0737714071607
10,1116.4421809605162,1001.1164421809605
