num_vehicles,distance,fitness
8,759.1670203183024,800.7591670203183
8,913.8581565598458,800.9138581565599
7,708.4974953991173,700.7084974953991
7,748.1012845822493,700.7481012845823
8,901.6571338221735,800.9016571338221
8,927.4072455771286,800.9274072455771
9,1134.527075308754,901.1345270753087
9,1110.979245116102,901.1109792451161
8,972.1650968862631,800.9721650968862
7,941.2361124731401,700.9412361124731
11,1209.7543596751873,1101.2097543596751
10,1218.853964231079,1001.2188539642311
10,1101.6703713978836,1001.1016703713979
12,1282.4002913456284,1201.2824002913455
9,1135.4833535155824,901.1354833535156
9,1069.2204910888322,901.0692204910888
12,1396.3605371792316,1201.3963605371791
11,1040.2814914482126,1101.0402814914482
10,1061.810675636731,1001.0618106756367
11,1231.476850625501,1101.2314768506255
