num_vehicles,distance,fitness
8,962.0780328369437,800.962078032837
7,753.7531464432295,700.7537531464433
9,882.6339880655892,900.8826339880655
9,869.82097755802,900.869820977558
11,1337.3535184443783,1101.3373535184444
9,1088.0048315376127,901.0880048315377
9,1105.5164019414178,901.1055164019414
10,1044.8898264578895,1001.0448898264578
9,1002.6486308981591,901.0026486308982
9,985.6169212764285,900.9856169212765
8,1055.1829356506541,801.0551829356507
9,970.6687366715407,900.9706687366715
10,1079.9716069398828,1001.0799716069399
11,1286.0312197955095,1101.2860312197954
8,1061.1318111466583,801.0611318111467
8,942.0078598955612,800.9420078598955
8,999.6682096714669,800.9996682096714
9,986.6472856806045,900.9866472856806
10,1244.6073863653535,1001.2446073863654
9,960.2850901966632,900.9602850901966
