num_vehicles,distance,fitness
7,691.9245200332821,700.6919245200332
10,877.1708331117883,1000.8771708331118
9,848.3427524854825,900.8483427524855
9,827.9618291545469,900.8279618291546
13,1275.6110624715573,1301.2756110624716
11,1059.8166398414057,1101.0598166398413
9,955.9911928910657,900.955991192891
10,1105.8933234302235,1001.1058933234302
9,921.8172089199367,900.92181720892
12,1236.5842299476567,1201.2365842299478
11,1135.5886151585735,1101.1355886151587
11,1159.5233725407422,1101.1595233725407
11,1113.1440467898599,1101.1131440467898
11,1283.0925150291814,1101.2830925150292
10,1185.4689191015923,1001.1854689191016
12,1156.8081396299854,1201.15680813963
10,1059.274069355306,1001.0592740693553
9,1152.7002368002281,901.1527002368002
11,1217.3298209877007,1101.2173298209877
10,1193.4061233535338,1001.1934061233535
