num_vehicles,distance,fitness
7,792.558481332472,700.7925584813324
8,1037.0357325830046,801.037035732583
7,747.7233392059712,700.747723339206
7,1152.8392635391008,701.1528392635391
8,1038.5851310476558,801.0385851310476
8,1041.058761998564,801.0410587619986
8,899.1758445034034,800.8991758445034
7,910.6946557618301,700.9106946557619
7,901.6171517442281,700.9016171517442
9,1043.8224608810633,901.0438224608811
7,871.323396697191,700.8713233966972
9,1120.9451830650412,901.120945183065
9,1034.7466726081793,901.0347466726082
9,1073.397310215196,901.0733973102152
9,1099.8285969633034,901.0998285969633
8,1084.1400716655799,801.0841400716656
9,1012.9690878396024,901.0129690878396
9,1022.374339545665,901.0223743395456
10,1014.915183360035,1001.01491518336
9,1051.5852877011737,901.0515852877012
