num_vehicles,distance,fitness
8,1070.571296979287,801.0705712969793
7,975.4869504966088,700.9754869504966
7,955.3913246043178,700.9553913246043
7,883.2754234730252,700.883275423473
7,901.4220904736246,700.9014220904736
7,814.1386841295018,700.8141386841295
7,980.2923588184739,700.9802923588185
7,991.4128560754467,700.9914128560755
7,878.1362735176901,700.8781362735177
9,1043.6548685872392,901.0436548685873
8,1124.3826532939001,801.1243826532939
8,1124.1404837480513,801.1241404837481
8,1126.483239651963,801.126483239652
9,1196.902168419877,901.1969021684199
8,1080.525095522424,801.0805250955224
8,1135.8020521164465,801.1358020521164
8,1016.4028977714535,801.0164028977714
9,1099.2717271479285,901.0992717271479
9,1116.7762889393896,901.1167762889394
8,1161.2732949111344,801.1612732949111
