num_vehicles,distance,fitness
5,1098.2107185369055,501.0982107185369
6,1042.2220918454832,601.0422220918455
5,869.4395757853038,500.8694395757853
6,1124.9950380031564,601.1249950380031
5,1177.3807711677227,501.17738077116775
6,1148.2455212193972,601.1482455212195
7,1020.9402495452796,701.0209402495453
7,1153.5354750923025,701.1535354750923
6,1018.4665853151758,601.0184665853152
6,1178.737467837792,601.1787374678378
6,1201.72640288119,601.2017264028811
6,1117.935272809074,601.1179352728091
7,999.8157957244682,700.9998157957244
7,1087.7321074544711,701.0877321074545
6,1343.5960561329791,601.3435960561329
6,982.3881251216352,600.9823881251216
6,1282.4995770351188,601.2824995770351
7,1086.3258748356334,701.0863258748357
6,1234.9300371169245,601.2349300371169
8,1164.5591705598135,801.1645591705599
