num_vehicles,distance,fitness
5,1206.7227033268164,501.2067227033268
6,1179.3320378702879,601.1793320378703
5,1251.7314458079036,501.2517314458079
5,1094.224556468275,501.09422455646825
6,1227.2025985399623,601.22720259854
6,1149.1936228327993,601.1491936228329
8,1134.3307078339226,801.1343307078339
7,1298.6093888435876,701.2986093888436
6,1310.3532378986283,601.3103532378987
7,1419.8709115693334,701.4198709115693
7,1267.088628203575,701.2670886282036
8,1367.8409309569079,801.367840930957
6,1264.5570810314289,601.2645570810314
6,1244.9587724773564,601.2449587724774
7,1120.3311460572318,701.1203311460572
7,1314.246999252799,701.3142469992528
7,1252.113254947,701.252113254947
8,1287.563286854728,801.2875632868547
8,1156.3128266320596,801.1563128266321
7,1019.925217620823,701.0199252176208
