num_vehicles,distance,fitness
5,1310.0844333327757,501.3100844333328
5,1140.143124405245,501.14014312440526
6,1173.666739716851,601.1736667397169
5,1122.912657800823,501.12291265780084
5,1021.6712581412979,501.0216712581413
5,1173.919343089462,501.17391934308944
6,1000.3807184282753,601.0003807184282
5,1213.5277858314043,501.2135277858314
5,1144.239771913301,501.1442397719133
5,1264.3770213492294,501.2643770213492
6,1300.1836219358452,601.3001836219358
5,1086.8989520188945,501.0868989520189
6,1196.542799970899,601.1965427999709
5,1116.6394460811646,501.11663944608114
6,1222.5204772956763,601.2225204772957
6,1071.186372869683,601.0711863728696
6,1285.1540498568336,601.2851540498568
5,1129.099748401022,501.129099748401
6,1269.8551905924373,601.2698551905925
6,1076.8075148418457,601.0768075148418
