num_vehicles,distance,fitness
5,1088.2573579320474,501.08825735793204
5,926.8796760726246,500.92687967607264
4,1131.082105944958,401.131082105945
5,1081.6993099535973,501.0816993099536
5,1035.322970261432,501.0353229702614
7,1344.2859102513994,701.3442859102514
6,1210.557508975745,601.2105575089757
7,1135.046267299336,701.1350462672993
6,1228.4634889724698,601.2284634889725
5,1060.8850605674397,501.06088506056744
6,1161.7729013557323,601.1617729013558
5,990.9947919089634,500.990994791909
6,1136.2556581673648,601.1362556581673
5,1181.966119219557,501.18196611921957
6,1151.864213142649,601.1518642131426
5,1186.385104368758,501.18638510436875
6,1136.1746799079529,601.136174679908
5,1127.2618868796746,501.1272618868797
5,1233.154682876482,501.2331546828765
5,1001.4859500786508,501.00148595007863
