num_vehicles,distance,fitness
5,1306.6275740598305,501.3066275740598
5,893.811928499781,500.89381192849976
4,859.0096907428351,400.8590096907428
5,1265.408614221925,501.26540861422194
4,857.945813204562,400.85794581320454
5,1352.6495599674236,501.3526495599674
5,1168.8602770390207,501.168860277039
5,1179.2140214510737,501.17921402145106
5,1191.387493504282,501.1913874935043
5,1191.9968382151437,501.1919968382151
5,1137.633214061785,501.1376332140618
5,1042.0019842589406,501.04200198425895
5,1154.7132300079973,501.154713230008
5,1065.0820635695013,501.0650820635695
5,846.9282816421278,500.84692828164214
5,1354.7175785470026,501.354717578547
5,868.8990879603848,500.86889908796036
5,1206.126482369245,501.20612648236926
5,1136.2556180192864,501.1362556180193
5,1215.7441525642776,501.2157441525643
