num_vehicles,distance,fitness
4,1067.7019895573885,401.0677019895574
5,1026.298872002099,501.0262988720021
5,1073.4072635282496,501.0734072635282
5,1062.9354958472934,501.0629354958473
4,1118.9010076903055,401.1189010076903
4,1112.3671772523771,401.1123671772524
5,1069.3132546484308,501.0693132546484
4,1047.0825688732934,401.0470825688733
5,1061.7419869265195,501.0617419869265
5,1191.0628281115012,501.1910628281115
5,1091.7052969407941,501.0917052969408
5,978.7026956602687,500.9787026956603
5,1117.191336377039,501.11719133637706
5,1054.4132589689843,501.05441325896896
5,1214.6547517860697,501.21465475178604
5,1100.0961356457892,501.1000961356458
5,1055.1381554283728,501.0551381554284
5,1022.0731492858406,501.02207314928586
5,1074.7174119277431,501.07471741192774
4,1195.204215012184,401.1952042150122
