num_vehicles,distance,fitness
7,495.26436520284466,700.4952643652028
6,522.4346699333423,600.5224346699333
6,541.6033536827413,600.5416033536827
7,570.9004078218177,700.5709004078218
7,556.5138994123572,700.5565138994124
7,652.774060421123,700.6527740604212
7,561.716698246025,700.5617166982461
7,621.1842528850768,700.6211842528851
7,694.1084518822406,700.6941084518822
7,620.5917404379029,700.6205917404379
9,702.6329418457295,900.7026329418458
7,668.2489982523468,700.6682489982524
7,677.8354942194042,700.6778354942194
8,623.1844641982628,800.6231844641983
7,631.7878150521553,700.6317878150521
9,801.2152603681482,900.8012152603682
7,744.7129559877419,700.7447129559878
7,706.3708128113607,700.7063708128113
7,594.0595496692787,700.5940595496693
8,775.3920318450062,800.7753920318451
