num_vehicles,distance,fitness
7,512.2931205274929,700.5122931205275
7,643.0983768163841,700.6430983768164
7,671.7631228770722,700.6717631228771
7,551.992646456182,700.5519926464561
6,532.8881778730349,600.532888177873
7,572.2033279350993,700.5722033279351
7,564.8937543588635,700.5648937543589
7,515.5450635987278,700.5155450635988
7,560.7585301012872,700.5607585301013
7,620.2938170811057,700.6202938170811
7,625.3725794505274,700.6253725794505
6,643.7338425353506,600.6437338425353
8,670.5406939925055,800.6705406939925
7,621.6812025278047,700.6216812025278
8,698.8793810901457,800.6988793810901
7,704.4421244317984,700.7044421244318
7,610.4923121610517,700.610492312161
8,682.8739030156794,800.6828739030157
8,706.4220357544474,800.7064220357545
7,604.8617861892513,700.6048617861893
