num_vehicles,distance,fitness
7,658.8124637298049,700.6588124637298
10,656.4790305452113,1000.6564790305453
7,515.8853602805316,700.5158853602805
7,615.3983829287433,700.6153983829288
10,681.9349738751407,1000.6819349738752
10,719.5855604150925,1000.7195855604151
8,596.6814496925568,800.5966814496926
7,608.4249084383406,700.6084249084383
11,744.8183039615781,1100.7448183039617
9,548.0038397446284,900.5480038397446
10,803.2985603804998,1000.8032985603805
8,634.2773526158544,800.6342773526159
9,723.3146863441602,900.7233146863441
11,691.1630663465558,1100.6911630663465
9,647.2172501059548,900.647217250106
10,649.1331936436839,1000.6491331936437
10,688.5196905534347,1000.6885196905534
8,553.2054882177177,800.5532054882177
11,758.7415158026357,1100.7587415158027
9,633.8049496692656,900.6338049496693
