num_vehicles,distance,fitness
7,636.8199997144283,700.6368199997145
6,560.6097672247097,600.5606097672247
7,663.7503352927453,700.6637503352928
7,723.4753484500919,700.72347534845
7,650.6406480326698,700.6506406480327
8,728.3725270599871,800.72837252706
7,627.0725703721666,700.6270725703722
7,618.549519854029,700.618549519854
7,743.5274998804656,700.7435274998804
7,663.3108823103878,700.6633108823104
7,736.4304375337313,700.7364304375337
7,574.4793690452832,700.5744793690453
7,591.1700758117879,700.5911700758118
8,689.7524135931812,800.6897524135932
7,598.9369008246898,700.5989369008247
7,595.0837027508915,700.5950837027509
7,644.5488104184315,700.6445488104184
7,685.6255714733803,700.6856255714733
7,632.9334226156802,700.6329334226157
7,617.1832225521356,700.6171832225522
