num_vehicles,distance,fitness
5,457.2023704760672,500.45720237047607
5,516.4642984865696,500.5164642984866
6,537.8308196454143,600.5378308196454
7,551.993244334634,700.5519932443347
5,567.5943826314193,500.5675943826314
7,580.8063928653319,700.5808063928654
6,504.0820518422204,600.5040820518423
8,501.0149770356652,800.5010149770357
6,536.0167551138837,600.5360167551139
5,478.0926527606791,500.47809265276067
10,810.9932044587061,1000.8109932044587
8,719.0210143610345,800.719021014361
11,747.2073709623587,1100.7472073709623
10,801.3027897974323,1000.8013027897974
9,725.992644249347,900.7259926442493
7,720.8295056692036,700.7208295056693
8,767.2822184876376,800.7672822184876
10,779.0957439265266,1000.7790957439265
8,679.0510344136608,800.6790510344136
8,692.613205228295,800.6926132052283
