num_vehicles,distance,fitness
5,534.3361221591722,500.5343361221592
5,532.345975517665,500.53234597551767
5,597.7961076381374,500.59779610763815
5,615.2869927984036,500.6152869927984
5,628.3493261192043,500.6283493261192
5,563.7868619671192,500.5637868619671
5,674.9003084201379,500.67490030842015
5,689.8352890409805,500.68983528904096
7,806.5620403056971,700.8065620403057
7,768.2508780523044,700.7682508780523
6,749.0674622277921,600.7490674622278
6,718.9790544651142,600.7189790544651
5,759.5673740320372,500.75956737403203
6,877.5039715375078,600.8775039715375
5,733.8980699066535,500.7338980699067
6,821.181521108444,600.8211815211084
6,770.3539886695951,600.7703539886696
6,838.5568562192205,600.8385568562193
5,784.303441172245,500.78430344117226
5,734.6899714817464,500.73468997148177
