num_vehicles,distance,fitness
5,492.8496652239143,500.4928496652239
5,512.6358630333076,500.5126358630333
5,472.9845016591761,500.4729845016592
5,496.8126705413147,500.4968126705413
6,623.9377192105251,600.6239377192105
7,547.0247506636056,700.5470247506636
8,706.0505049836635,800.7060505049836
7,620.1105967143043,700.6201105967143
6,565.9013490667644,600.5659013490667
7,644.9588027385247,700.6449588027385
8,690.3029123144738,800.6903029123145
6,668.0921849756307,600.6680921849756
6,646.4932561079125,600.6464932561079
6,598.3771046071241,600.5983771046072
6,574.506929225806,600.5745069292258
7,626.4451741292038,700.6264451741292
8,670.0783250674671,800.6700783250675
7,613.1126393580752,700.6131126393581
7,569.404007885956,700.569404007886
8,635.8158091095141,800.6358158091095
