num_vehicles,distance,fitness
5,518.2594252824524,500.51825942528245
6,591.8946016382057,600.5918946016382
5,476.4588340885573,500.47645883408853
5,480.64218440328847,500.4806421844033
5,460.3615258969725,500.460361525897
6,500.0130976309273,600.5000130976309
6,727.713647415838,600.7277136474158
6,616.2219465361088,600.6162219465361
6,624.664564866328,600.6246645648663
5,512.4082961564118,500.5124082961564
7,649.8099392880464,700.649809939288
6,566.6063121316885,600.5666063121317
7,665.6781010584899,700.6656781010585
6,638.8794326302509,600.6388794326302
8,677.6282368533912,800.6776282368534
7,649.1766010307737,700.6491766010307
6,601.5598821753972,600.6015598821754
6,656.1953613575274,600.6561953613575
7,700.6730909780484,700.7006730909781
7,613.168820090739,700.6131688200908
