num_vehicles,distance,fitness
8,800.9792222618502,800.8009792222618
10,877.5006465686288,1000.8775006465686
11,842.4519651236811,1100.8424519651237
11,859.7221778099886,1100.85972217781
10,769.5950432832597,1000.7695950432833
13,974.1200007740954,1300.974120000774
15,1042.5369124925483,1501.0425369124926
14,984.6278504663004,1400.9846278504663
15,1006.1434732342542,1501.0061434732343
13,1031.2862559346966,1301.0312862559347
13,953.7837725602922,1300.9537837725602
14,948.611936599935,1400.9486119366
14,941.6745708006811,1400.9416745708006
14,996.2933312609676,1400.9962933312609
14,1016.5194415287002,1401.0165194415288
14,1080.526962931023,1401.0805269629311
16,1039.2688134919977,1601.039268813492
14,1022.2565091223113,1401.0222565091224
17,1012.3938320190825,1701.0123938320191
15,1035.5144405280453,1501.035514440528
