num_vehicles,distance,fitness
7,743.2970155147732,700.7432970155148
8,755.0384748286241,800.7550384748287
8,810.2092851043863,800.8102092851044
6,733.9603062504267,600.7339603062504
7,720.1479573056209,700.7201479573056
6,750.2652610099735,600.75026526101
7,804.7891199512474,700.8047891199512
6,784.0880785120219,600.784088078512
10,1024.6403299450699,1001.0246403299451
10,929.9143425314126,1000.9299143425314
9,1027.91465646994,901.02791465647
9,885.0965254044904,900.8850965254045
10,929.999535304326,1000.9299995353043
10,924.2603631835686,1000.9242603631835
8,857.0246279621877,800.8570246279622
8,823.6061944614247,800.8236061944614
9,901.0945259292821,900.9010945259292
12,928.2141205162003,1200.9282141205163
10,929.5816267959095,1000.9295816267959
10,956.6112001385795,1000.9566112001386
