num_vehicles,distance,fitness
7,847.9959707224298,700.8479959707224
6,878.7682375535119,600.8787682375535
6,786.2660358844751,600.7862660358845
6,816.219996332021,600.816219996332
7,832.8731397858655,700.8328731397859
6,819.9030285050769,600.8199030285051
6,795.3285870657345,600.7953285870657
6,825.769452434991,600.825769452435
9,942.8429625974676,900.9428429625975
8,958.0087372341333,800.9580087372341
7,845.3005006958921,700.8453005006959
7,816.489834844065,700.8164898348441
7,800.2028053507004,700.8002028053508
8,896.8339717458416,800.8968339717459
8,886.6840429267631,800.8866840429267
9,867.2296864717022,900.8672296864717
8,877.2719273675033,800.8772719273675
8,956.4728376799194,800.9564728376799
10,1004.548968979848,1001.0045489689799
8,872.228808365212,800.8722288083652
