num_vehicles,distance,fitness
6,738.2850068179622,600.7382850068179
8,848.2241787214031,800.8482241787214
8,745.0765665152298,800.7450765665152
9,841.2296847936483,900.8412296847937
9,805.3021744631558,900.8053021744631
8,764.0760096665491,800.7640760096665
11,1053.6491581473113,1101.0536491581472
9,861.1239786542278,900.8611239786542
10,947.8402912106483,1000.9478402912107
12,978.778706181961,1200.9787787061819
11,1026.944643871722,1101.0269446438717
9,1021.3197789187615,901.0213197789187
12,1071.9742241292906,1201.0719742241292
10,906.1514199063507,1000.9061514199063
10,883.0439093650375,1000.883043909365
11,979.0539233617095,1100.9790539233618
11,992.4123726279706,1100.992412372628
9,903.1365173370496,900.9031365173371
11,933.9836429837582,1100.9339836429838
11,968.8441396155567,1100.9688441396156
