num_vehicles,distance,fitness
7,818.2437983267619,700.8182437983268
6,783.9128867748409,600.7839128867748
7,925.4587021711549,700.9254587021711
8,912.5493335618821,800.9125493335619
7,901.2931746184491,700.9012931746184
8,902.2199436076583,800.9022199436076
8,1020.6368410846808,801.0206368410846
8,885.0581945352317,800.8850581945352
11,994.8278717263895,1100.9948278717263
9,1029.7067464069075,901.0297067464069
8,895.5544024117243,800.8955544024117
9,914.5112861035107,900.9145112861036
7,886.4981624832571,700.8864981624832
9,986.6675435659524,900.986667543566
7,848.1532939636611,700.8481532939636
9,967.8516442549601,900.967851644255
11,852.1479476890936,1100.852147947689
9,841.1830713111162,900.8411830713111
9,914.0146282254397,900.9140146282255
10,958.1475879752138,1000.9581475879752
