num_vehicles,distance,fitness
7,875.9048735512156,700.8759048735512
6,736.1131792884817,600.7361131792885
6,846.1342476914707,600.8461342476915
6,771.5658145062657,600.7715658145063
6,820.6565796909423,600.820656579691
6,777.4321557813993,600.7774321557814
7,855.4483756348361,700.8554483756349
6,909.036367444618,600.9090363674446
6,892.9657566305428,600.8929657566306
8,939.0893338647218,800.9390893338647
8,968.6028791324865,800.9686028791325
8,1041.7263588175013,801.0417263588175
8,953.1677274594933,800.9531677274595
7,910.9402214858044,700.9109402214858
8,997.6036466929788,800.9976036466929
8,981.8203946725941,800.9818203946726
8,968.2495340963048,800.9682495340963
8,960.4552163879971,800.960455216388
8,991.9241265455266,800.9919241265455
8,903.5292247145219,800.9035292247145
