num_vehicles,distance,fitness
6,849.5290070488132,600.8495290070488
9,869.9754898505282,900.8699754898505
7,787.4246116105261,700.7874246116105
9,871.8637828799156,900.8718637828799
9,800.1875241170372,900.8001875241171
8,850.3798482617282,800.8503798482617
10,870.9491227640317,1000.870949122764
8,844.2831526818477,800.8442831526819
8,878.6579740688832,800.8786579740689
11,922.8638331126429,1100.9228638331126
9,986.4508439483238,900.9864508439483
10,1001.4408199177873,1001.0014408199178
10,963.5279393844771,1000.9635279393844
9,922.6440640128974,900.9226440640128
9,846.9196469872322,900.8469196469872
8,912.1310854466901,800.9121310854467
9,911.7054339699147,900.9117054339699
9,968.2758660771974,900.9682758660772
9,822.4585797249036,900.8224585797249
8,809.9495461692894,800.8099495461693
