num_vehicles,distance,fitness
4,918.1606608150763,400.9181606608151
5,825.3922203861883,500.82539222038616
4,842.080028464764,400.84208002846475
5,820.9445760463578,500.8209445760464
6,813.2537543735507,600.8132537543736
5,908.309999350913,500.90830999935093
4,868.1468802655443,400.86814688026556
4,894.8757959941469,400.89487579599415
6,887.2986078020613,600.8872986078021
8,966.1083029693515,800.9661083029694
8,976.192064349825,800.9761920643498
6,1012.0797034598373,601.0120797034598
7,962.6142623569465,700.962614262357
7,863.9279578396997,700.8639279578397
6,859.8355007332697,600.8598355007333
7,861.6562783549693,700.861656278355
8,942.669414229588,800.9426694142296
7,1015.6638635352008,701.0156638635352
6,880.8379564012422,600.8808379564013
5,966.7823901133106,500.96678239011334
