num_vehicles,distance,fitness
4,848.564939599413,400.84856493959944
4,853.1817973594364,400.8531817973594
4,938.4221684956397,400.93842216849566
4,941.1274640990036,400.941127464099
6,948.1645654943186,600.9481645654943
7,911.7790476486701,700.9117790476487
5,858.4276174945378,500.85842761749456
5,974.161427815354,500.9741614278154
7,1026.0822190707686,701.0260822190708
6,849.496052646639,600.8494960526466
8,888.950849723453,800.8889508497234
6,861.3044088986037,600.8613044088986
5,1027.1134976670428,501.027113497667
7,867.9664533518221,700.8679664533519
7,944.1898784812779,700.9441898784813
6,911.0692162752268,600.9110692162752
5,875.8455177296444,500.87584551772966
7,914.4352180964663,700.9144352180965
7,989.8598704964472,700.9898598704965
6,942.2309932410787,600.9422309932411
