num_vehicles,distance,fitness
4,1071.3637846072347,401.07136378460723
4,1028.4244344483823,401.02842443444837
4,885.4508013626499,400.88545080136265
5,1008.7534685062816,501.00875346850626
4,1001.5175968036672,401.0015175968037
4,962.9561638265068,400.9629561638265
4,968.5424121417701,400.96854241214174
4,934.0184145630565,400.93401841456307
6,963.2823933137881,600.9632823933138
6,972.7327303051586,600.9727327303052
5,991.019628228417,500.9910196282284
6,1041.503400364631,601.0415034003646
5,950.2656253922344,500.95026562539226
7,964.1872336284194,700.9641872336284
5,767.9608046396426,500.76796080463964
4,909.612771817792,400.9096127718178
6,930.3264824823156,600.9303264824823
5,1030.2182777931437,501.03021827779315
6,992.0599671521136,600.9920599671522
6,881.6617998841741,600.8816617998842
