num_vehicles,distance,fitness
4,937.6570066368039,400.9376570066368
4,1044.7139115672667,401.04471391156727
4,961.8499556318316,400.9618499556318
4,906.4956895908884,400.9064956895909
4,927.2243624959608,400.92722436249596
4,952.4487371154322,400.95244873711545
5,806.5298040810737,500.8065298040811
5,939.1235652569724,500.939123565257
5,942.1306746112426,500.94213067461124
5,910.2806899079021,500.9102806899079
5,869.0844250003279,500.8690844250003
4,957.8486108776998,400.9578486108777
5,898.4880740266403,500.89848807402666
6,907.079309220628,600.9070793092206
5,861.0389323875035,500.8610389323875
5,965.3726815243774,500.9653726815244
4,928.8569074993147,400.9288569074993
4,959.5922903084592,400.9595922903085
5,896.4069128374765,500.89640691283745
4,910.0620785021213,400.9100620785021
