num_vehicles,distance,fitness
4,934.6666440653541,400.9346666440654
4,927.6511665400303,400.92765116654004
4,901.3788525917869,400.9013788525918
4,991.9561075387647,400.9919561075388
4,1009.8969802462485,401.00989698024625
4,908.0987528364479,400.90809875283645
4,902.9472634748513,400.90294726347486
4,942.0305777019438,400.9420305777019
5,912.5474475378958,500.9125474475379
5,886.7694132081616,500.8867694132082
6,949.5590259595675,600.9495590259596
5,928.7169901136751,500.9287169901137
6,922.5382748798099,600.9225382748798
6,992.3525457679151,600.992352545768
5,911.5596648936831,500.9115596648937
4,932.3229262045982,400.9323229262046
5,924.3512760023967,500.92435127600237
5,886.6334253036498,500.88663342530367
6,962.6425747465207,600.9626425747465
5,909.8433233053102,500.9098433233053
