num_vehicles,distance,fitness
4,1099.2379083158141,401.0992379083158
4,1046.1638037710554,401.04616380377104
4,977.0709552762123,400.9770709552762
4,1042.8685131025716,401.0428685131026
4,1066.3357804787368,401.0663357804787
4,1012.9890984918627,401.01298909849186
5,927.2589572406958,500.9272589572407
6,844.3392615300153,600.84433926153
5,1007.4560461094727,501.0074560461095
4,906.8619012292588,400.90686190122926
5,1016.4699492271615,501.01646994922714
4,906.2452745692526,400.90624527456924
5,977.4178751225577,500.97741787512257
4,901.0552965370036,400.901055296537
5,873.3707424610413,500.873370742461
4,913.3589307667302,400.9133589307667
5,998.7441105474236,500.9987441105474
5,986.7184832580023,500.986718483258
4,964.2368473454688,400.9642368473455
4,1002.3557372955072,401.0023557372955
