num_vehicles,distance,fitness
4,990.4776981132496,400.99047769811324
4,950.6437130418119,400.9506437130418
4,985.2236610227931,400.9852236610228
4,894.0308647306254,400.8940308647306
4,972.1364877468573,400.97213648774687
4,1041.2699863135335,401.0412699863135
4,1006.4673412727278,401.00646734127275
4,809.5896644986422,400.8095896644986
4,948.6740868963673,400.94867408689635
4,994.6725835433678,400.9946725835434
6,945.9259681010597,600.945925968101
4,919.3212684387622,400.91932126843875
5,1035.1372370440658,501.03513723704407
5,1034.5994400803825,501.0345994400804
4,1041.8822117327677,401.04188221173274
4,938.0445796690818,400.93804457966905
4,1001.26665727733,401.0012666572773
4,758.5163336119866,400.75851633361196
4,891.5256853041676,400.89152568530415
5,841.7316846561391,500.8417316846561
