num_vehicles,distance,fitness
4,954.4951724086313,400.95449517240866
4,949.2897775509919,400.949289777551
4,846.0055225785062,400.8460055225785
4,922.8657089979702,400.92286570899796
5,879.017153865158,500.87901715386516
4,815.3830604069067,400.81538306040693
5,921.4840669090021,500.921484066909
5,946.6552972082354,500.9466552972082
5,941.5992300447091,500.9415992300447
5,832.836491340337,500.83283649134034
5,923.6463635296741,500.92364636352966
4,849.1713253821472,400.84917132538214
5,989.4114251404503,500.9894114251405
5,1075.5094319456275,501.07550943194565
5,869.466461884764,500.86946646188477
5,809.447284322291,500.8094472843223
5,931.1286304808674,500.9311286304809
4,918.6529554476225,400.9186529554476
5,981.6993459392918,500.9816993459393
4,875.7693421891213,400.87576934218913
