num_vehicles,distance,fitness
7,791.5872570391791,700.7915872570392
8,950.5261013663443,800.9505261013663
7,788.4727842224611,700.7884727842224
8,979.0414745234938,800.9790414745235
8,876.4929903115964,800.8764929903116
7,813.6947853647619,700.8136947853648
8,872.8365093169509,800.8728365093169
8,829.4943791442307,800.8294943791442
9,1108.457669291511,901.1084576692915
9,1212.3032482808521,901.2123032482808
9,1054.1869783973925,901.0541869783974
9,1120.1329777620267,901.1201329777621
9,1171.386508419736,901.1713865084197
8,1109.3919794676835,801.1093919794677
8,1021.8938144454434,801.0218938144454
9,1100.2994210826796,901.1002994210827
9,971.2787148980518,900.9712787148981
9,1310.6675323895997,901.3106675323896
9,1142.8621634942936,901.1428621634943
8,1051.6834214975102,801.0516834214975
