num_vehicles,distance,fitness
8,759.1670203183024,800.7591670203183
8,911.7581582531207,800.9117581582531
8,863.2628948072661,800.8632628948072
8,847.3399483588407,800.8473399483588
8,958.4979703964763,800.9584979703965
11,1155.3937187881847,1101.1553937187882
9,1048.5531819604598,901.0485531819604
9,1088.029253112108,901.0880292531122
9,1027.5061183884734,901.0275061183885
12,1393.2010112373698,1201.3932010112374
9,1106.511108491694,901.1065111084916
11,1360.4110300958532,1101.3604110300957
12,1175.3483023835959,1201.1753483023836
10,1079.2096076332957,1001.0792096076333
11,1217.2254559509006,1101.217225455951
9,1004.6873883244366,901.0046873883244
9,1065.988594429397,901.0659885944294
10,1302.5182445713695,1001.3025182445714
9,964.0058959005587,900.9640058959005
11,1137.6844125244916,1101.1376844125245
