num_vehicles,distance,fitness
7,979.4404534601562,700.9794404534601
7,912.7850248846432,700.9127850248847
7,1052.1356812526233,701.0521356812526
7,945.9834998348813,700.9459834998349
8,1162.3237495128487,801.1623237495129
8,1021.836327566489,801.0218363275665
7,1072.164333062748,701.0721643330628
8,1080.1262593668396,801.0801262593668
7,1019.507599122717,701.0195075991227
7,928.1468158241305,700.9281468158241
8,1112.6146689076904,801.1126146689077
7,912.8414924264705,700.9128414924264
7,881.6386822365146,700.8816386822365
8,994.1298557510565,800.9941298557511
8,1073.8415585547423,801.0738415585547
8,1036.245329900362,801.0362453299003
9,1165.1502951953717,901.1651502951954
8,1218.8126089922032,801.2188126089922
7,1007.5159983134165,701.0075159983135
8,1013.3154251185591,801.0133154251185
