num_vehicles,distance,fitness
5,1098.2107185369055,501.0982107185369
5,1261.8786985606732,501.2618786985607
6,1054.885375698057,601.0548853756981
5,950.5474129502024,500.9505474129502
6,1113.3670578924539,601.1133670578924
5,972.3483219601928,500.97234832196017
8,1272.234267510532,801.2722342675105
7,1254.5745471681305,701.2545745471681
7,1144.8856849443296,701.1448856849444
5,1164.268216048705,501.1642682160487
5,1081.807582693425,501.08180758269344
6,989.5080276816211,600.9895080276816
6,1229.7457849382893,601.2297457849382
6,1142.770885949667,601.1427708859496
6,1092.6767703649593,601.092676770365
6,1213.0833633271045,601.2130833633271
6,1096.5406262257352,601.0965406262258
7,1091.671943986365,701.0916719439864
6,1096.7091710928673,601.0967091710928
7,1002.3167764798651,701.0023167764799
