num_vehicles,distance,fitness
5,1310.0844333327757,501.3100844333328
5,1172.2627493242223,501.1722627493242
5,1166.2299793531315,501.16622997935315
5,1114.1859310873954,501.1141859310874
6,1233.5333785465364,601.2335333785466
5,1025.5588818114159,501.02555888181143
5,1063.1683539190963,501.0631683539191
6,1228.3842947275796,601.2283842947276
6,1044.1865264188864,601.0441865264189
6,1221.0126846148846,601.2210126846148
5,1307.7960482193735,501.30779604821936
5,1202.0847379805034,501.2020847379805
6,1311.8992854658104,601.3118992854658
5,1146.574699379813,501.1465746993798
5,1085.528111747128,501.0855281117471
5,1072.3906203663362,501.0723906203663
6,1377.9082779606786,601.3779082779607
5,1233.668480605268,501.2336684806053
6,1204.128172633075,601.2041281726331
5,1195.6206008844053,501.1956206008844
