num_vehicles,distance,fitness
7,537.3913739362137,700.5373913739362
8,625.401467150875,800.6254014671508
10,600.3594875756218,1000.6003594875756
9,525.4148494078403,900.5254148494079
8,591.4284071581061,800.5914284071581
9,696.4150007409967,900.696415000741
9,636.9511406899994,900.63695114069
12,685.9628906183144,1200.6859628906184
9,649.1464194847201,900.6491464194847
10,671.1067375948342,1000.6711067375949
10,674.7606780938424,1000.6747606780939
11,728.4380859181563,1100.7284380859182
11,721.0689537144044,1100.7210689537144
10,703.7552410734443,1000.7037552410734
11,746.4793428257788,1100.7464793428258
11,722.8228915271119,1100.7228228915271
12,761.7458467762928,1200.7617458467762
10,656.9267970681236,1000.6569267970681
10,672.1598339323167,1000.6721598339324
11,659.1736533684258,1100.6591736533685
