num_vehicles,distance,fitness
6,447.6452532027363,600.4476452532027
7,519.3925719818076,700.5193925719818
7,599.0358625292333,700.5990358625293
8,606.8659468733592,800.6068659468733
8,634.6292371388453,800.6346292371388
7,585.6597974290601,700.5856597974291
8,580.5885997713704,800.5805885997713
8,597.0192796958023,800.5970192796958
9,591.2814748799899,900.59128147488
8,627.9718219053277,800.6279718219054
8,574.1489224460505,800.574148922446
9,662.9494034714814,900.6629494034714
9,671.7493756443473,900.6717493756444
8,687.6261224065589,800.6876261224065
8,642.5335373763146,800.6425335373763
10,708.5717997511517,1000.7085717997511
9,693.8046561248035,900.6938046561248
9,665.1120584892801,900.6651120584893
10,653.5028369692345,1000.6535028369692
9,653.3627089391754,900.6533627089392
