num_vehicles,distance,fitness
7,495.26436520284466,700.4952643652028
7,551.7723098716053,700.5517723098716
7,592.652384438446,700.5926523844385
7,567.4689317448615,700.5674689317449
7,637.7560877174495,700.6377560877174
7,578.8170262815255,700.5788170262815
7,593.6486482569112,700.5936486482569
7,593.5960418741895,700.5935960418742
9,709.0334052292426,900.7090334052292
8,643.9422613693583,800.6439422613694
7,608.8079394978304,700.6088079394979
9,685.5316808743908,900.6855316808744
8,729.7454440030318,800.729745444003
7,694.9882476192095,700.6949882476192
8,642.2512353775542,800.6422512353776
7,692.8368580935294,700.6928368580935
9,700.462432878301,900.7004624328783
8,677.428282454405,800.6774282824545
8,715.7304903508601,800.7157304903509
7,676.2045995557673,700.6762045995557
