num_vehicles,distance,fitness
7,512.2931205274929,700.5122931205275
7,546.2558120665105,700.5462558120665
7,545.4775957030882,700.5454775957031
7,531.8992142093393,700.5318992142094
7,524.8056483697646,700.5248056483698
7,624.2660876760881,700.6242660876761
7,583.9960877218853,700.5839960877219
7,628.668853641789,700.6286688536418
7,644.821512947885,700.6448215129478
8,689.5543759169138,800.6895543759169
7,620.74175872161,700.6207417587216
9,752.961319209241,900.7529613192092
7,668.8303611359735,700.668830361136
7,604.1554447984656,700.6041554447985
7,541.7770973704836,700.5417770973705
7,655.7255803302578,700.6557255803302
8,734.5719805477733,800.7345719805478
7,668.3597268094845,700.6683597268095
7,692.0916149785544,700.6920916149786
6,616.7090931332993,600.6167090931333
