num_vehicles,distance,fitness
7,658.8124637298049,700.6588124637298
9,546.0158113874691,900.5460158113875
9,658.6410055177752,900.6586410055178
8,612.4747767650898,800.6124747767651
9,523.5905970875915,900.5235905970876
9,722.2854364006573,900.7222854364006
10,707.6202499945058,1000.7076202499945
9,666.0981300913846,900.6660981300914
10,680.3006522823313,1000.6803006522823
11,760.6581728670488,1100.7606581728671
9,667.8786581677668,900.6678786581678
8,612.3785727531916,800.6123785727532
9,671.7162112903159,900.6717162112903
8,633.5986429885104,800.6335986429885
11,706.3091701038925,1100.7063091701039
8,628.2063734144408,800.6282063734144
8,623.0125183139271,800.6230125183139
8,654.0339627475123,800.6540339627475
9,555.7869463968352,900.5557869463968
9,711.1892402568421,900.7111892402569
