num_vehicles,distance,fitness
8,516.3387731186642,800.5163387731187
7,534.5726779303111,700.5345726779303
9,550.9624127604517,900.5509624127604
9,577.1435292192889,900.5771435292193
9,629.2963896032139,900.6292963896033
8,587.9325700819683,800.587932570082
11,768.0099519898238,1100.7680099519898
10,724.0380027691956,1000.7240380027692
10,731.6755583105704,1000.7316755583106
10,735.1830519975576,1000.7351830519975
11,670.7403163388688,1100.6707403163389
10,672.0671504755377,1000.6720671504755
12,730.2635542352626,1200.7302635542353
10,787.3101167106757,1000.7873101167107
11,680.3742609429697,1100.680374260943
11,773.8623465240594,1100.773862346524
12,744.4087897073114,1200.7444087897072
10,708.7746804581162,1000.7087746804581
10,712.1537024493418,1000.7121537024493
13,802.1709760933398,1300.8021709760933
