num_vehicles,distance,fitness
7,664.5333586844342,700.6645333586845
9,652.002978271072,900.6520029782711
7,584.988462353626,700.5849884623536
7,597.6656079672688,700.5976656079673
7,635.5280503394961,700.6355280503395
8,583.4974268238218,800.5834974268238
8,693.139419116669,800.6931394191166
7,664.5880658316383,700.6645880658316
10,778.245331234721,1000.7782453312348
8,659.7561678193442,800.6597561678193
9,676.4040649910171,900.6764040649911
7,566.7501520636255,700.5667501520636
8,619.7675017610484,800.6197675017611
9,714.3222612478924,900.7143222612478
7,616.3921317442465,700.6163921317442
7,627.0117232638349,700.6270117232639
8,638.4584944784256,800.6384584944784
9,676.41579809288,900.6764157980929
8,625.3838033925864,800.6253838033925
7,523.0645353285652,700.5230645353286
