num_vehicles,distance,fitness
5,518.2594252824524,500.51825942528245
6,462.476687056586,600.4624766870566
5,542.6322183424091,500.5426322183424
5,564.5231523169687,500.56452315231695
5,582.1619308189211,500.5821619308189
5,469.35999340979845,500.4693599934098
6,636.0932948632,600.6360932948631
6,513.6341673435459,600.5136341673435
6,693.488759390318,600.6934887593903
6,600.0695610256926,600.6000695610257
6,651.7743639794235,600.6517743639794
6,582.3431731242548,600.5823431731243
6,543.1367894584342,600.5431367894585
6,634.8064035018563,600.6348064035019
6,620.0031457330178,600.620003145733
6,609.338369153579,600.6093383691535
6,641.943226198091,600.6419432261981
6,595.3151918584147,600.5953151918584
7,636.2018200086978,700.6362018200088
6,630.6200479613105,600.6306200479613
