num_vehicles,distance,fitness
5,466.50342106065915,500.4665034210607
5,431.46996543473534,500.43146996543476
5,474.7811034964515,500.47478110349647
5,473.36403692897017,500.47336403692896
5,485.57189480790066,500.4855718948079
7,807.2486013387092,700.8072486013388
6,590.3916440593581,600.5903916440593
6,628.0745863203107,600.6280745863203
6,623.0173835923385,600.6230173835924
6,636.6783113733094,600.6366783113733
6,564.0411462189076,600.5640411462189
6,655.7254750641072,600.6557254750641
6,662.564093533728,600.6625640935338
7,615.9055673887267,700.6159055673887
6,560.935424965879,600.5609354249659
7,607.4289162519847,700.6074289162519
7,665.0827284585414,700.6650827284585
7,663.3481366494732,700.6633481366495
5,678.9458513161882,500.6789458513162
6,690.3515954136847,600.6903515954136
