num_vehicles,distance,fitness
8,800.9792222618502,800.8009792222618
12,820.6281689523714,1200.8206281689525
15,999.8529442231097,1500.9998529442232
15,880.6597108511842,1500.8806597108512
13,910.2837793163865,1300.9102837793164
11,878.9801860166906,1100.8789801860166
11,908.5494140158128,1100.9085494140159
14,890.7243559569931,1400.890724355957
13,989.5912204984393,1300.9895912204984
15,982.4838614515355,1500.9824838614516
16,1042.5164443866474,1601.0425164443866
15,1131.9560787967189,1501.1319560787967
14,1000.2206898241362,1401.0002206898241
13,989.6840793275445,1300.9896840793276
16,1069.3462591376158,1601.0693462591375
17,1040.103443138626,1701.0401034431386
15,1016.0673197562941,1501.0160673197563
13,950.0882652161486,1300.9500882652162
15,1091.545575349139,1501.091545575349
16,1055.0855595548599,1601.0550855595548
