num_vehicles,distance,fitness
7,743.2970155147732,700.7432970155148
7,715.1946749578909,700.7151946749578
6,716.8393969345689,600.7168393969346
6,764.4917567768751,600.7644917567769
8,845.1609032810746,800.8451609032811
6,624.8903798163748,600.6248903798164
7,779.7022338782821,700.7797022338783
7,817.365486630313,700.8173654866304
12,985.5433441717433,1200.9855433441717
7,779.3426708629943,700.779342670863
9,995.2814948156191,900.9952814948156
10,920.2652692010964,1000.9202652692011
10,878.8900346766032,1000.8788900346766
11,1027.2225795394404,1101.0272225795395
9,955.1610049546856,900.9551610049547
10,911.2813767746171,1000.9112813767746
9,903.0495282623452,900.9030495282624
10,942.1543474693428,1000.9421543474693
10,867.3498791127943,1000.8673498791128
10,1031.5222144456961,1001.0315222144457
