num_vehicles,distance,fitness
7,847.9959707224298,700.8479959707224
6,825.3325219247229,600.8253325219247
6,851.0787633846167,600.8510787633846
6,790.2534615021739,600.7902534615022
6,818.3410743087138,600.8183410743087
6,862.3790871485842,600.8623790871486
6,859.3715489272811,600.8593715489272
6,735.0733091224108,600.7350733091224
6,835.0612383469465,600.835061238347
9,880.6821538605201,900.8806821538606
8,925.7773234711881,800.9257773234712
7,849.766228706971,700.8497662287069
7,977.5038027387307,700.9775038027387
9,966.8242321644401,900.9668242321644
10,1050.5267577265117,1001.0505267577265
9,1003.0646702117549,901.0030646702118
9,952.470224347363,900.9524702243474
9,936.0587457921038,900.9360587457921
9,929.7520087225986,900.9297520087226
8,854.0099973352171,800.8540099973352
