num_vehicles,distance,fitness
7,864.4833286468569,700.8644833286469
9,899.4991326896003,900.8994991326896
13,1043.9053062010644,1301.0439053062012
12,891.513838043959,1200.891513838044
11,907.4092023867697,1100.9074092023868
12,908.6703615559062,1200.908670361556
13,975.2756983178838,1300.9752756983178
11,933.7361904103811,1100.9337361904104
10,948.0993363346646,1000.9480993363346
11,886.845763750184,1100.8868457637502
11,970.9783759303168,1100.9709783759304
10,850.4584041490074,1000.850458404149
12,880.34424596354,1200.8803442459634
12,991.693645946717,1200.9916936459467
11,1011.6938680672597,1101.0116938680674
10,853.1696611911926,1000.8531696611911
12,942.8114495025574,1200.9428114495026
13,941.6298365293882,1300.9416298365295
10,1096.971839719545,1001.0969718397196
13,943.2322287981434,1300.9432322287983
