num_vehicles,distance,fitness
6,738.2850068179622,600.7382850068179
8,758.5695006432471,800.7585695006433
9,886.2801960616844,900.8862801960616
6,731.2481762245853,600.7312481762245
10,829.7732741362793,1000.8297732741363
7,755.6209564989928,700.755620956499
9,824.4847516224826,900.8244847516224
7,764.4680313892143,700.7644680313892
11,895.765966808803,1100.8957659668088
11,883.540171495136,1100.883540171495
12,973.694317080394,1200.9736943170803
9,938.846399501065,900.938846399501
10,911.1155368638206,1000.9111155368638
9,859.9174215475163,900.8599174215475
12,1059.1191068787389,1201.0591191068788
9,868.9667004583017,900.8689667004583
12,974.0072239853166,1200.9740072239854
9,930.455115079232,900.9304551150792
11,914.622245044234,1100.9146222450443
11,934.2144483522698,1100.9342144483523
