num_vehicles,distance,fitness
7,875.9048735512156,700.8759048735512
6,782.1293891810224,600.782129389181
6,783.2946478566472,600.7832946478567
6,792.1486131569494,600.792148613157
7,869.9357539871563,700.8699357539872
7,898.5671900601501,700.8985671900601
7,878.7329881894337,700.8787329881894
8,916.5018973877718,800.9165018973878
8,1023.9141296087028,801.0239141296087
7,855.3478345143969,700.8553478345144
8,867.4928675003298,800.8674928675003
7,849.7490161718881,700.8497490161719
8,909.7535027665347,800.9097535027665
7,931.3221591238471,700.9313221591239
8,935.8990813277308,800.9358990813278
9,941.8984213283416,900.9418984213283
9,1010.7958014371998,901.0107958014372
7,929.7990633157847,700.9297990633158
7,865.6545065815712,700.8656545065816
7,861.1099641404122,700.8611099641404
