num_vehicles,distance,fitness
6,849.5290070488132,600.8495290070488
9,891.0018237308025,900.8910018237308
8,732.3031703510358,800.7323031703511
8,819.4218702703031,800.8194218702703
8,846.4878106088981,800.8464878106089
9,846.3163625833602,900.8463163625834
8,818.8528460485796,800.8188528460486
9,967.6400725843985,900.9676400725843
10,1003.7477934831384,1001.0037477934832
9,1008.9855250131678,901.0089855250131
8,766.0610284660186,800.766061028466
10,941.4017997222018,1000.9414017997223
10,953.5577754688574,1000.9535577754689
11,916.8449354660077,1100.916844935466
9,899.348121166959,900.899348121167
9,928.7835151079055,900.9287835151079
9,852.2242047764706,900.8522242047765
9,813.2034063998415,900.8132034063998
10,1106.2156140010406,1001.106215614001
9,906.4874271148947,900.9064874271149
