num_vehicles,distance,fitness
6,762.3946846662257,600.7623946846662
7,856.3877462804514,700.8563877462805
6,731.2818051652816,600.7312818051653
7,777.2497722607914,700.7772497722608
7,853.5865198830934,700.853586519883
7,741.1453386278752,700.7411453386279
7,718.3911991231414,700.7183911991232
7,740.1192429927482,700.7401192429927
7,809.963092003233,700.8099630920033
9,999.4412492549548,900.9994412492549
9,832.1598655806546,900.8321598655807
8,918.7306209292436,800.9187306209293
8,971.9474953082324,800.9719474953082
9,980.5749251476639,900.9805749251476
8,787.3011261829749,800.787301126183
8,909.0634586321025,800.9090634586321
8,924.5622680870113,800.924562268087
9,983.9587215603532,900.9839587215604
7,894.413986812772,700.8944139868128
8,962.0590822129492,800.9620590822129
