num_vehicles,distance,fitness
6,840.3646523098904,600.8403646523099
7,835.2107200948067,700.8352107200948
6,758.8933378523498,600.7588933378523
6,849.6192647419085,600.8496192647419
6,751.3598229843351,600.7513598229843
6,860.7472861161486,600.8607472861162
6,845.7460075455128,600.8457460075455
6,745.4996181406643,600.7454996181407
7,896.661204605232,700.8966612046053
7,880.8249662816602,700.8808249662817
6,940.6078760139659,600.9406078760139
7,937.9432369669782,700.9379432369669
7,939.6685676695811,700.9396685676696
6,851.9230375292551,600.8519230375292
7,859.618349143866,700.8596183491438
7,819.4270720026475,700.8194270720027
7,851.7227049326675,700.8517227049326
7,997.3746657179375,700.997374665718
7,898.0660918338754,700.8980660918339
7,877.9827131557272,700.8779827131557
