num_vehicles,distance,fitness
4,918.1606608150763,400.9181606608151
5,786.504547379841,500.7865045473798
6,897.9380533404077,600.8979380533405
4,945.477753660074,400.9454777536601
5,898.5504918508097,500.8985504918508
5,833.2766329484471,500.83327663294847
5,726.7925573782185,500.72679255737825
5,890.4220638993285,500.89042206389934
8,1022.2125895070218,801.022212589507
7,967.9935395130001,700.967993539513
7,970.5887070580251,700.970588707058
8,1000.6569092835215,801.0006569092835
8,862.438964452823,800.8624389644528
7,939.7151848258069,700.9397151848258
7,903.4281310460551,700.9034281310461
5,913.4835433711542,500.91348354337117
7,859.6644302272014,700.8596644302272
8,957.0577107579455,800.9570577107579
7,957.2029416248083,700.9572029416248
8,990.9057981398116,800.9909057981398
