num_vehicles,distance,fitness
4,848.564939599413,400.84856493959944
4,875.4792994607162,400.8754792994607
4,900.9925738237542,400.90099257382377
4,869.6140162049031,400.8696140162049
4,991.3360890771057,400.9913360890771
4,919.3026042784303,400.9193026042784
4,1003.9779215681908,401.0039779215682
6,827.1793678682956,600.8271793678683
7,988.3830807713583,700.9883830807713
6,1013.5854267324078,601.0135854267324
8,974.4074497419628,800.974407449742
6,933.4158689713036,600.9334158689713
6,935.7233850677628,600.9357233850677
7,994.3728684504883,700.9943728684505
5,906.9920338841023,500.9069920338841
7,926.6159909315123,700.9266159909315
6,975.0550626848616,600.9750550626849
5,1049.0861366362474,501.0490861366362
7,974.3796373032658,700.9743796373033
7,841.0081207855228,700.8410081207855
