num_vehicles,distance,fitness
4,1071.3637846072347,401.07136378460723
4,910.6199900497744,400.9106199900498
4,1040.7985671823465,401.0407985671823
4,1026.0316383507025,401.02603163835073
5,997.2456045443139,500.99724560454433
5,936.6934821637061,500.9366934821637
4,1006.2922158703564,401.00629221587036
6,1011.8989119308106,601.0118989119308
6,882.6203635191472,600.8826203635191
5,976.049414978475,500.9760494149785
4,880.4096644520678,400.8804096644521
6,852.5738370067261,600.8525738370067
5,995.5081886572862,500.9955081886573
5,988.0474093195703,500.98804740931956
5,999.0639012817501,500.9990639012818
5,901.6787685664476,500.90167876856646
4,981.9406335563938,400.9819406335564
5,915.4741301182286,500.91547413011824
6,980.8957921239721,600.980895792124
5,930.500945098433,500.93050094509846
