num_vehicles,distance,fitness
4,937.6570066368039,400.9376570066368
4,824.3683579800621,400.82436835798006
4,989.8833609003966,400.9898833609004
4,946.3897208377949,400.9463897208378
4,852.1835879836134,400.85218358798363
4,947.3326582492434,400.94733265824925
4,980.4833960171856,400.9804833960172
4,962.1000207532827,400.96210002075327
6,875.226375935629,600.8752263759357
4,929.0480007310407,400.92904800073103
5,923.4165483071287,500.9234165483071
4,982.5808601186675,400.9825808601187
4,982.4101180050355,400.982410118005
4,1039.980677763176,401.0399806777632
6,972.7859162695083,600.9727859162695
5,1015.7987557088718,501.0157987557089
4,899.5686179883587,400.89956861798834
4,1059.7686313504573,401.05976863135044
6,995.9192840665811,600.9959192840665
5,948.0734879392298,500.9480734879392
