num_vehicles,distance,fitness
4,934.6666440653541,400.9346666440654
4,943.8203275007568,400.94382032750076
4,897.2945981593139,400.8972945981593
4,762.8855276983646,400.76288552769836
4,914.1998283373013,400.9141998283373
4,906.0393778121819,400.9060393778122
4,877.5876469280258,400.877587646928
4,898.0281660315959,400.8980281660316
4,894.9265750847521,400.89492657508475
5,958.6778546421094,500.95867785464213
5,847.3439502962394,500.84734395029625
5,982.2892904168517,500.9822892904169
5,963.8692350472109,500.9638692350472
5,909.9277225288032,500.9099277225288
5,981.8816198776794,500.9818816198777
5,1000.6432706454448,501.00064327064547
5,813.6618093516181,500.81366180935163
5,963.7506641456744,500.96375066414566
4,853.6380393195311,400.85363803931955
6,925.5822087456695,600.9255822087457
