num_vehicles,distance,fitness
4,990.4776981132496,400.99047769811324
4,1068.9999999026377,401.06899999990264
4,1007.573790790769,401.0075737907908
4,989.9087380608444,400.9899087380608
4,990.3120647567736,400.9903120647568
4,962.7830006946488,400.9627830006946
5,939.810869136818,500.9398108691368
4,1061.18837137712,401.0611883713771
4,988.5806942966195,400.9885806942966
5,808.460278518537,500.8084602785185
4,869.2926725433954,400.8692926725434
4,995.4291132860033,400.995429113286
4,911.4310036286133,400.9114310036286
5,876.6860967649901,500.876686096765
4,935.9076340386677,400.93590763403864
4,791.7507352998434,400.79175073529984
4,917.1854607555466,400.91718546075555
4,941.6692400708241,400.94166924007084
5,937.1798785020272,500.93717987850204
4,983.2158790386068,400.9832158790386
