num_vehicles,distance,fitness
4,877.1580260263885,400.8771580260264
4,886.8012644875479,400.88680126448753
4,885.9969297529956,400.885996929753
4,926.4444866384116,400.9264444866384
4,909.8663933179433,400.90986639331794
4,876.3889451381621,400.87638894513816
4,989.9938493496273,400.9899938493496
4,910.8028322926931,400.9108028322927
4,936.682582726393,400.9366825827264
5,963.4865605734037,500.9634865605734
4,959.0120603158633,400.95901206031584
4,903.0491858906568,400.90304918589067
4,982.0982611905047,400.9820982611905
5,948.9159221414736,500.94891592214145
4,1029.9093489114964,401.0299093489115
4,959.8862091465348,400.95988620914653
4,854.7100611845715,400.85471006118456
5,941.5664406055937,500.9415664406056
4,945.157255429754,400.94515725542976
5,974.7541342542619,500.9747541342543
