num_vehicles,distance,fitness
7,792.558481332472,700.7925584813324
8,896.2657700766915,800.8962657700766
7,853.0063722678549,700.8530063722678
7,995.5747282118389,700.9955747282119
7,891.6370585864198,700.8916370585864
8,917.0103552826519,800.9170103552826
8,931.9129624803301,800.9319129624803
9,1162.0542513684406,901.1620542513684
9,1203.780962522733,901.2037809625227
9,931.4137870377472,900.9314137870377
10,1231.615220706115,1001.2316152207061
10,1097.0938915921108,1001.0970938915921
8,959.8295444725061,800.9598295444725
9,1055.6853767471207,901.0556853767471
9,982.7064926484779,900.9827064926485
9,1049.0004178240754,901.0490004178241
9,1099.5002415332333,901.0995002415332
8,1092.381357963367,801.0923813579634
8,1019.66431225875,801.0196643122588
11,1338.730883320123,1101.33873088332
