num_vehicles,distance,fitness
8,894.5607712993112,800.8945607712993
9,912.7702803604818,900.9127702803605
9,855.0167435448201,900.8550167435449
9,943.9126196030282,900.943912619603
8,844.6948129507927,800.8446948129508
10,915.4815250131762,1000.9154815250132
12,1012.9134780391961,1201.0129134780393
10,937.3085494732718,1000.9373085494733
13,1274.025350924098,1301.2740253509241
11,1238.7325847261686,1101.2387325847262
12,1053.7034370236577,1201.0537034370236
12,1044.8538224965316,1201.0448538224966
9,996.7436768978565,900.9967436768978
11,1076.5284460897685,1101.0765284460897
10,1020.6263666422915,1001.0206263666423
10,1008.3337897048955,1001.0083337897049
11,1178.4714416416589,1101.1784714416417
13,1275.6251384440843,1301.2756251384442
11,1087.8354247868092,1101.0878354247868
11,1117.9638053597173,1101.1179638053598
