num_vehicles,distance,fitness
8,759.1670203183024,800.7591670203183
9,934.2101148062333,900.9342101148062
9,914.6974761366926,900.9146974761367
8,882.5590901232761,800.8825590901233
10,1146.903986775894,1001.1469039867759
10,1148.6675864458364,1001.1486675864459
9,1060.2432759970604,901.0602432759971
8,873.3091614836517,800.8733091614837
9,1008.2328268822824,901.0082328268822
11,1282.6032900500977,1101.28260329005
10,1086.489554717811,1001.0864895547178
10,1119.2976792995846,1001.1192976792996
10,1222.1622283865681,1001.2221622283865
12,1126.703527710368,1201.1267035277103
8,1022.799481499334,801.0227994814993
9,951.3807738936562,900.9513807738937
11,1113.333973554361,1101.1133339735543
11,1212.5003880197164,1101.2125003880196
14,1434.6995188085118,1401.4346995188084
9,1014.9531724864686,901.0149531724865
