num_vehicles,distance,fitness
7,691.9245200332821,700.6919245200332
9,906.5171829781534,900.9065171829782
10,1001.5125996106705,1001.0015125996107
10,980.8449388132656,1000.9808449388132
9,822.048317410585,900.8220483174106
7,709.8784698166091,700.7098784698167
10,952.1253412862347,1000.9521253412862
8,787.2651725214528,800.7872651725214
10,960.2635683527656,1000.9602635683527
7,705.7141578166398,700.7057141578166
11,1101.810349401089,1101.1018103494011
12,1248.5565727957987,1201.248556572796
9,965.5013234951249,900.9655013234951
8,918.1954700674218,800.9181954700674
10,1058.096568492277,1001.0580965684923
11,1222.1390481726844,1101.2221390481727
11,1095.48014254241,1101.0954801425423
10,1084.8685165452475,1001.0848685165453
9,1028.3046371753605,901.0283046371753
10,996.3513626018832,1000.9963513626019
