num_vehicles,distance,fitness
7,979.4404534601562,700.9794404534601
7,846.5573601467574,700.8465573601468
7,863.8809668014981,700.8638809668015
9,1358.378568083996,901.358378568084
8,1071.7890779143156,801.0717890779143
9,1235.5125763060103,901.2355125763061
9,1241.8350308287195,901.2418350308287
8,1124.3862961231512,801.1243862961231
8,1165.982055448266,801.1659820554482
8,1175.5852968586262,801.1755852968586
8,1181.167029409475,801.1811670294095
8,1071.8601841054995,801.0718601841055
9,1056.600593070108,901.0566005930701
8,1176.3759265167257,801.1763759265167
8,1206.9492673526745,801.2069492673527
8,1105.1052229088366,801.1051052229088
7,961.7886034308784,700.9617886034309
8,1179.9492079418023,801.1799492079418
8,924.721393918035,800.924721393918
8,1121.2477831081117,801.1212477831081
