num_vehicles,distance,fitness
8,1070.571296979287,801.0705712969793
8,1204.8855732972904,801.2048855732972
7,951.8222842808261,700.9518222842809
7,985.6021044861143,700.9856021044861
7,1151.5060250960016,701.151506025096
7,1019.8461245038328,701.0198461245038
7,1049.0560002431796,701.0490560002431
7,1028.9493585371697,701.0289493585371
9,1022.4548426053175,901.0224548426053
8,1123.6474534590595,801.1236474534591
8,1212.6565024802285,801.2126565024802
8,1008.9945298991328,801.0089945298992
8,1014.9513548795427,801.0149513548796
9,1212.570771029521,901.2125707710295
9,1090.0353048879297,901.0900353048879
8,1097.376075147555,801.0973760751475
8,1096.197275490789,801.0961972754908
9,1089.7485522608151,901.0897485522609
9,1146.3446699907179,901.1463446699908
8,1000.2938923439383,801.000293892344
