num_vehicles,distance,fitness
5,1310.0844333327757,501.3100844333328
5,1186.7563001107346,501.18675630011074
5,1188.5629790601931,501.1885629790602
5,1109.7423809869063,501.1097423809869
5,1192.7183993946321,501.1927183993946
5,1076.211790011588,501.0762117900116
5,1111.2269823391134,501.11122698233913
5,1051.8504997514021,501.0518504997514
5,1138.1069148319461,501.13810691483195
5,891.5255777317269,500.8915255777317
5,1281.9839522802995,501.2819839522803
6,1248.8636411306484,601.2488636411307
6,1351.5481610015386,601.3515481610016
6,1460.871142859027,601.460871142859
5,1160.2895406225086,501.1602895406225
5,1277.1089054096983,501.2771089054097
5,1243.9065720288331,501.24390657202883
5,1200.4964817578616,501.20049648175785
6,1240.1945129506958,601.2401945129507
5,1080.4976442003785,501.08049764420036
