num_vehicles,distance,fitness
5,1088.2573579320474,501.08825735793204
5,1121.277468396193,501.1212774683962
5,1173.9417350061951,501.17394173500617
5,933.3403280272138,500.9333403280272
5,1142.363667992467,501.14236366799247
5,1091.7264533920943,501.0917264533921
4,1106.89389027154,401.1068938902715
5,1080.9084169294101,501.0809084169294
7,1309.2847955381965,701.3092847955382
5,1187.1140488718495,501.1871140488719
6,1185.1783849224423,601.1851783849224
6,1166.485211982062,601.166485211982
5,1092.816274543395,501.0928162745434
5,1139.978867249346,501.13997886724934
5,1113.42461355037,501.11342461355036
5,1146.9735990304569,501.14697359903045
6,1238.5624615018428,601.2385624615018
5,876.5448401507093,500.8765448401507
5,1205.9629593856114,501.2059629593856
5,1094.5605297304025,501.0945605297304
