num_vehicles,distance,fitness
4,1067.7019895573885,401.0677019895574
4,1047.4143316110985,401.0474143316111
5,1046.672817715033,501.04667281771503
5,1312.501715459096,501.3125017154591
4,1015.9565647328955,401.0159565647329
5,1189.8108015568523,501.18981080155686
4,1107.4374234226148,401.1074374234226
5,1237.5793886071456,501.2375793886072
5,1223.5390768816635,501.22353907688165
5,1073.068032559007,501.073068032559
5,1230.724960441014,501.230724960441
5,1014.8852950151118,501.0148852950151
5,1297.1081630442786,501.2971081630443
5,1197.5751027259462,501.1975751027259
6,1425.0876803314975,601.4250876803314
5,1189.1457505004491,501.1891457505005
6,1138.0270366811365,601.1380270366811
5,981.7072228903087,500.9817072228903
5,1115.0985937033392,501.11509859370335
5,1048.8973947658067,501.0488973947658
