num_vehicles,distance,fitness
4,1081.4010688547528,401.08140106885475
5,989.6843950881171,500.9896843950881
5,988.8642603655951,500.9888642603656
5,897.7990261982762,500.8977990261983
4,1066.941312561297,401.0669413125613
4,1097.3899898923746,401.09738998989235
7,1284.5591040838794,701.2845591040839
7,1095.6242094605363,701.0956242094605
7,1054.710255950616,701.0547102559506
7,1170.5224696744588,701.1705224696744
8,1188.1493041258343,801.1881493041259
7,1166.5437756111623,701.1665437756112
6,1106.5153529859524,601.106515352986
6,1188.779800690685,601.1887798006907
7,1294.4137079082168,701.2944137079082
8,1079.466940246437,801.0794669402464
6,1295.9185303651577,601.2959185303652
6,1117.8360221942128,601.1178360221942
7,1168.4512252792192,701.1684512252792
5,1362.7124581587527,501.36271245815874
