num_vehicles,distance,fitness
5,1156.9680017061987,501.1569680017062
5,1203.5585759411276,501.20355857594114
5,1035.157814973139,501.03515781497316
5,1040.3142814749187,501.04031428147493
5,1038.3097936624517,501.03830979366245
5,942.0783379393642,500.9420783379394
4,990.4650191144162,400.9904650191144
5,1123.7182280177342,501.1237182280177
5,1141.6479839936933,501.1416479839937
5,1249.648288515003,501.249648288515
4,1005.5441883939191,401.0055441883939
5,990.8201762920564,500.99082017629206
6,1218.077969503288,601.2180779695033
6,1222.0310464308043,601.2220310464309
6,1331.7409538027382,601.3317409538028
5,1132.5118114247427,501.13251181142476
6,1248.3589741036178,601.2483589741037
5,1228.3563372459048,501.2283563372459
5,1107.615822179386,501.1076158221794
6,1163.697851970406,601.1636978519704
