num_vehicles,distance,fitness,time
3.0,191.8136197786562,3.9966810802823503,198.78376364707947
