num_vehicles,distance,fitness,time
1.0,223.3100725415374,1.9971491858394241,271.6290831565857
1.0,223.3100725415374,1.9971491858394241,274.56241965293884
1.0,223.3100725415374,1.9971491858394241,273.5806818008423
