num_vehicles,distance,fitness,time
5.0,446.57009558384607,5.998574426020522,196.86072874069214
