num_vehicles,distance,fitness,time
5.0,461.85970754697854,5.998621618714166,195.0075511932373
5.0,459.1215630220496,5.998613398243655,200.43963074684143
5.0,446.57009558384607,5.998574426020522,196.86072874069214
