num_vehicles,distance,fitness
7,537.3913739362137,700.5373913739362
11,668.8847894706256,1100.6688847894707
7,530.9824657827681,700.5309824657828
7,551.6986110981395,700.5516986110981
7,582.3712713254434,700.5823712713254
7,624.6833906280069,700.624683390628
9,635.5238602554377,900.6355238602555
10,677.7013519030802,1000.6777013519031
11,743.5073089835762,1100.7435073089837
10,638.0563219973279,1000.6380563219973
10,663.8152462970827,1000.6638152462971
11,714.3454398824045,1100.7143454398824
12,676.4666260424237,1200.6764666260424
11,755.1805573025679,1100.7551805573025
10,786.9055257597835,1000.7869055257598
9,637.9440687981007,900.6379440687981
9,585.3693230815704,900.5853693230815
10,643.3457980508751,1000.6433457980509
10,658.1954356579832,1000.658195435658
10,669.5970905327893,1000.6695970905328
