num_vehicles,distance,fitness
7,512.2931205274929,700.5122931205275
7,508.89583253993817,700.5088958325399
6,582.688021325259,600.5826880213252
6,454.37307176433654,600.4543730717643
6,568.511600282153,600.5685116002821
7,539.957044913417,700.5399570449134
7,628.6107674166857,700.6286107674167
7,551.3504699307019,700.5513504699308
7,636.7777940485934,700.6367777940486
7,697.1295148264757,700.6971295148264
8,715.5292119329725,800.715529211933
7,607.9945380485188,700.6079945380485
8,674.4793116250107,800.674479311625
7,600.3675046740553,700.6003675046741
7,649.4601055238016,700.6494601055238
7,689.802963956214,700.6898029639563
8,670.6131339832527,800.6706131339832
7,633.7896907218769,700.6337896907219
7,681.6394073192345,700.6816394073193
7,683.2302348264909,700.6832302348265
