num_vehicles,distance,fitness
8,516.3387731186642,800.5163387731187
10,651.9878480466426,1000.6519878480466
9,630.2746384530558,900.6302746384531
9,564.0501441801979,900.5640501441802
8,572.9008710212078,800.5729008710213
10,690.2150466105277,1000.6902150466105
8,604.6625693955241,800.6046625693955
8,578.3080574373035,800.5783080574373
13,777.1083794477219,1300.7771083794478
11,749.6377248892317,1100.7496377248892
11,708.3951724351399,1100.708395172435
11,649.2524883254825,1100.6492524883254
8,622.1958840823532,800.6221958840823
12,693.0082479777091,1200.6930082479778
12,726.0453325842419,1200.7260453325841
8,684.0436227054436,800.6840436227054
8,585.5522586443182,800.5855522586443
10,676.068034435348,1000.6760680344354
10,690.9398551941248,1000.6909398551941
10,716.986104199055,1000.716986104199
