num_vehicles,distance,fitness
7,599.946623310844,700.5999466233109
7,605.6018284285205,700.6056018284286
7,569.1806879417497,700.5691806879418
8,638.7815058183899,800.6387815058184
7,631.4829006759173,700.6314829006759
7,621.2084483227926,700.6212084483228
7,653.6833952692302,700.6536833952692
8,579.5573548893267,800.5795573548893
9,673.6691526151169,900.6736691526152
8,617.8216761348743,800.6178216761349
9,759.7424657351911,900.7597424657351
9,699.724121359975,900.69972412136
8,645.9025315424516,800.6459025315424
8,670.207082371358,800.6702070823713
10,643.3103229597017,1000.6433103229597
10,752.9807536451724,1000.7529807536451
9,698.8864805828313,900.6988864805828
9,693.5988771021614,900.6935988771022
9,661.0363391885847,900.6610363391886
9,745.887006343361,900.7458870063433
