num_vehicles,distance,fitness
7,664.5333586844342,700.6645333586845
7,697.2994221971067,700.6972994221971
7,597.5931868116235,700.5975931868117
7,645.7237219279141,700.6457237219279
7,568.7814544543057,700.5687814544543
8,630.8482713847486,800.6308482713847
7,542.3678402691587,700.5423678402692
7,600.5734801618556,700.6005734801619
7,596.5441255948656,700.5965441255948
8,625.5332820995894,800.6255332820996
7,621.81131051827,700.6218113105183
8,640.7933507390472,800.640793350739
9,635.1731262356541,900.6351731262356
8,775.1554534052436,800.7751554534052
7,626.0779500873042,700.6260779500873
9,659.8826295331708,900.6598826295332
8,589.3709199748564,800.5893709199748
8,650.6347243239392,800.6506347243239
9,708.6592160743256,900.7086592160744
7,614.7200720125104,700.6147200720125
