num_vehicles,distance,fitness
5,457.2023704760672,500.45720237047607
6,529.4936285636381,600.5294936285636
7,596.392110687629,700.5963921106876
6,534.2365343742911,600.5342365343743
8,602.9508865432787,800.6029508865432
6,523.8942682030147,600.523894268203
7,535.8639276543311,700.5358639276543
6,487.20836710535815,600.4872083671054
8,589.4506933180206,800.589450693318
9,727.4271110296567,900.7274271110297
9,682.9249232503677,900.6829249232503
8,697.1200362049079,800.6971200362049
11,813.7282368925262,1100.8137282368925
7,620.4279604360702,700.620427960436
9,733.4796961871068,900.7334796961871
11,810.5637290291851,1100.8105637290291
8,693.4366603452117,800.6934366603452
10,745.8232172502355,1000.7458232172503
7,687.9580810325562,700.6879580810325
7,741.6364685273801,700.7416364685274
