num_vehicles,distance,fitness
5,512.8102709016586,500.51281027090164
5,593.7538740343808,500.5937538740344
5,543.1605580596188,500.54316055805964
5,602.1762344513877,500.6021762344514
5,573.739403103435,500.57373940310345
5,540.4892621195285,500.54048926211954
5,530.5938586466672,500.5305938586467
7,599.3553057471804,700.5993553057472
7,740.606789614913,700.740606789615
7,726.0920758581001,700.7260920758581
8,691.0165560807346,800.6910165560807
7,743.8767251930351,700.743876725193
6,631.8607611689908,600.631860761169
8,695.8382028624643,800.6958382028624
8,788.6868030980257,800.788686803098
8,780.595628817179,800.7805956288172
8,789.4415427460913,800.7894415427461
8,793.7124468330377,800.7937124468331
8,649.9135411087532,800.6499135411087
7,710.1460120503637,700.7101460120504
