num_vehicles,distance,fitness
5,555.9485643976219,500.5559485643976
5,594.6342645831381,500.59463426458314
5,617.9417049766889,500.6179417049767
5,597.2603195800825,500.5972603195801
5,605.1799156609585,500.605179915661
5,668.7480145977061,500.6687480145977
5,597.4979277080593,500.59749792770805
5,578.3312921608999,500.5783312921609
8,812.8582005643165,800.8128582005643
7,829.8537869827245,700.8298537869828
6,746.527020470386,600.7465270204704
7,782.7560659296759,700.7827560659297
6,707.0129476709596,600.7070129476709
7,693.0607035768883,700.6930607035769
6,727.1493489400749,600.7271493489401
7,754.5193690583329,700.7545193690584
5,775.0660789877112,500.7750660789877
6,720.9378453688413,600.7209378453689
6,817.4019585257695,600.8174019585258
5,610.8636435659001,500.6108636435659
