num_vehicles,distance,fitness
5,466.50342106065915,500.4665034210607
5,453.5144011838795,500.4535144011839
6,442.95246107463186,600.4429524610746
6,489.78920124914737,600.4897892012491
6,626.2043882208038,600.6262043882208
6,570.7503656709204,600.570750365671
6,678.7181190228937,600.6787181190228
7,636.2554970297803,700.6362554970298
5,567.4759098639186,500.5674759098639
5,697.3089052598739,500.6973089052599
6,652.4450365515224,600.6524450365515
5,622.5163047924092,500.6225163047924
7,722.6046395234678,700.7226046395235
6,558.1685267885564,600.5581685267886
7,587.5914368619425,700.587591436862
5,734.1896630977495,500.73418966309777
6,616.5993632218981,600.6165993632219
6,725.8996746288955,600.7258996746289
6,599.7005599157291,600.5997005599157
7,609.6062494740019,700.609606249474
