num_vehicles,distance,fitness
5,492.8496652239143,500.4928496652239
6,540.9803388005099,600.5409803388005
6,546.5079815045017,600.5465079815045
6,543.6800304264527,600.5436800304265
7,545.4320536346263,700.5454320536346
5,577.07716635758,500.5770771663576
6,600.5478853339278,600.600547885334
6,655.6458505704193,600.6556458505704
5,517.5513509882101,500.5175513509882
6,563.455281252604,600.5634552812526
5,498.7190873583577,500.4987190873584
5,627.8089921951778,500.6278089921952
6,583.2036061052801,600.5832036061053
6,684.5513939815521,600.6845513939816
7,600.9729766144471,700.6009729766145
5,564.9077607383326,500.5649077607383
5,569.2296578853664,500.5692296578854
6,547.8522081374331,600.5478522081374
6,559.0148679913721,600.5590148679913
6,605.1242107979293,600.605124210798
