num_vehicles,distance,fitness
8,800.9792222618502,800.8009792222618
15,908.7750167668621,1500.9087750167669
12,847.9738714895291,1200.8479738714896
15,1029.1171101227546,1501.0291171101228
10,787.6776480688093,1000.7876776480688
11,794.1162037458402,1100.794116203746
12,881.2784592678231,1200.8812784592678
13,933.7044049072891,1300.9337044049073
15,1005.055256412796,1501.0050552564128
16,1154.6599982063128,1601.1546599982064
14,940.9917232993282,1400.9409917232992
16,1064.532478261562,1601.0645324782615
15,1048.4906062353034,1501.0484906062352
13,1002.9068015080522,1301.002906801508
14,984.7549356740831,1400.9847549356741
14,1015.8393608486289,1401.0158393608485
13,944.6276265497577,1300.9446276265498
14,923.0862483813626,1400.9230862483814
14,1020.268396721455,1401.0202683967213
15,1053.2110284697258,1501.0532110284698
