num_vehicles,distance,fitness
8,801.6266998825827,800.8016266998826
8,742.6025816429049,800.7426025816429
9,798.1728080891357,900.7981728080891
9,806.0593363229419,900.806059336323
12,899.307477509715,1200.8993074775096
12,889.5076882706031,1200.8895076882707
11,890.992189897597,1100.8909921898976
13,1000.8420422855017,1301.0008420422855
11,920.9601232621293,1100.9209601232621
12,1041.92496392788,1201.0419249639278
13,1020.7190453308584,1301.020719045331
11,935.8102051173001,1100.9358102051174
10,847.7285244742271,1000.8477285244742
12,976.0326879258646,1200.976032687926
10,928.4403184724589,1000.9284403184724
12,911.9572360032349,1200.9119572360032
12,976.8717630963546,1200.9768717630964
13,1040.4172061673967,1301.0404172061674
11,956.292440918903,1100.956292440919
11,969.7760858661195,1100.9697760858662
