num_vehicles,distance,fitness
7,864.4833286468569,700.8644833286469
9,876.6954336129197,900.8766954336129
8,818.4773720688198,800.8184773720689
10,839.3492220944453,1000.8393492220945
10,882.8281603247291,1000.8828281603247
7,791.5060957704505,700.7915060957705
11,930.8455561396352,1100.9308455561397
12,889.9024270910161,1200.889902427091
12,992.3201458500284,1200.99232014585
12,997.0255449393047,1200.9970255449393
12,927.2673184159721,1200.927267318416
14,994.2599996110215,1400.9942599996111
14,1040.1568407959553,1401.040156840796
13,1072.9496429894791,1301.0729496429894
11,927.7167940685794,1100.9277167940686
12,1052.5424432829645,1201.052542443283
12,926.155738017149,1200.926155738017
13,1030.9364457233148,1301.0309364457232
11,939.9876531669186,1100.939987653167
11,929.7098994223468,1100.9297098994223
