num_vehicles,distance,fitness
6,738.2850068179622,600.7382850068179
7,732.2492448411062,700.7322492448411
7,790.707093814278,700.7907070938143
7,752.1554961917628,700.7521554961918
7,801.2258847481258,700.8012258847481
6,736.521149570649,600.7365211495706
9,905.7072784572972,900.9057072784573
8,899.4996813647292,800.8994996813648
7,792.5298881234453,700.7925298881235
10,923.5715489136262,1000.9235715489136
9,875.9573467062162,900.8759573467062
8,905.9026232762953,800.9059026232763
10,1009.2590678521124,1001.0092590678521
12,976.5621453070733,1200.976562145307
11,943.1730870659678,1100.943173087066
10,993.3153155668991,1000.9933153155669
13,1032.9727441413318,1301.0329727441413
8,870.096998269533,800.8700969982696
8,834.004453999891,800.8340044539999
12,1037.535667545806,1201.0375356675459
