num_vehicles,distance,fitness
7,875.9048735512156,700.8759048735512
6,864.7069405562928,600.8647069405563
6,863.8793185804415,600.8638793185804
6,793.5514258115797,600.7935514258115
6,805.2747646065163,600.8052747646066
6,882.528727717882,600.8825287277178
6,779.4232166310642,600.779423216631
6,876.5162459135543,600.8765162459135
6,889.6802892686009,600.8896802892687
6,795.8219298226355,600.7958219298226
6,755.0216639931936,600.7550216639931
6,902.2570498480825,600.9022570498481
9,963.8126838852852,900.9638126838853
7,914.2292302801671,700.9142292302802
8,902.7383135059692,800.902738313506
8,964.6068433933435,800.9646068433933
7,829.5485427487968,700.8295485427489
8,855.9765742504128,800.8559765742505
8,911.5972782332881,800.9115972782333
8,968.2260235785733,800.9682260235786
