num_vehicles,distance,fitness
6,762.3946846662257,600.7623946846662
7,834.193258662152,700.8341932586621
7,793.4784298729617,700.793478429873
7,864.5067174709218,700.8645067174709
7,756.0424838239843,700.756042483824
7,800.4768121341377,700.8004768121341
10,993.2510869468558,1000.9932510869469
8,794.6982211943729,800.7946982211944
8,906.3819327489351,800.9063819327489
7,831.8134619430476,700.831813461943
8,905.4422237563354,800.9054422237564
9,929.8046409529547,900.929804640953
9,976.7761584430945,900.976776158443
8,867.8143317187225,800.8678143317187
8,896.2964424158255,800.8962964424159
9,869.5421486301449,900.8695421486301
9,949.5022217930922,900.9495022217931
7,857.9905414477175,700.8579905414477
8,873.7813761872892,800.8737813761873
7,863.3233954965558,700.8633233954965
