num_vehicles,distance,fitness
4,848.564939599413,400.84856493959944
4,943.6616293882739,400.94366162938826
5,857.9105363660985,500.8579105363661
4,910.2323721032145,400.9102323721032
4,918.1457147433912,400.9181457147434
4,894.7228489446575,400.89472284894464
4,976.289466597226,400.9762894665972
4,789.5120201973219,400.7895120201973
6,857.7548937191738,600.8577548937192
5,946.1982617854667,500.94619826178547
6,933.5954491288254,600.9335954491288
6,971.2541178147948,600.9712541178149
6,921.0817053797618,600.9210817053797
7,926.415047128307,700.9264150471283
6,913.0989786511268,600.9130989786511
7,993.8201663782661,700.9938201663782
6,956.307013319268,600.9563070133192
7,1023.94764195238,701.0239476419524
7,962.2000147268725,700.9622000147268
7,1014.5492936629594,701.014549293663
