num_vehicles,distance,fitness
4,1071.3637846072347,401.07136378460723
5,989.3499974029004,500.9893499974029
4,990.8072948067878,400.9908072948068
5,973.625175541234,500.97362517554126
4,1049.7929662581373,401.0497929662581
5,973.7484900628409,500.97374849006286
5,931.2110424898232,500.93121104248985
4,1006.8335673056105,401.0068335673056
4,1006.4322216772192,401.00643222167724
5,990.2405204433288,500.9902405204433
5,899.7227489742869,500.8997227489743
5,925.1721035186508,500.92517210351866
4,977.8575656706271,400.9778575656706
6,931.4190463651505,600.9314190463651
6,1056.2094486664894,601.0562094486664
5,969.4103277596396,500.96941032775965
5,915.0258245738073,500.91502582457383
6,953.2171428062182,600.9532171428062
5,998.3343178279323,500.9983343178279
5,924.0835610234017,500.9240835610234
