num_vehicles,distance,fitness
4,887.2260787198006,400.8872260787198
4,869.6845199226675,400.86968451992266
4,893.5006885186607,400.89350068851866
5,900.4167611025116,500.9004167611025
4,784.1178967702228,400.7841178967702
5,949.6562860138692,500.94965628601386
6,899.4488165878531,600.8994488165879
5,975.744679033654,500.97574467903365
6,929.6159978860608,600.9296159978861
5,923.7238417546503,500.9237238417546
4,840.4111882127072,400.8404111882127
4,977.6491331697039,400.9776491331697
5,945.107500314709,500.9451075003147
6,997.5594965555048,600.9975594965555
5,903.6247510622845,500.9036247510623
5,930.5538327506795,500.93055383275066
5,920.2591786417494,500.92025917864174
5,865.7231680606379,500.86572316806064
6,930.8293809976349,600.9308293809976
5,816.3909039659479,500.81639090396595
