num_vehicles,distance,fitness
4,934.6666440653541,400.9346666440654
4,927.7462356567802,400.9277462356568
4,909.3191472850197,400.90931914728503
4,944.6480901138855,400.9446480901139
4,949.6422535349222,400.94964225353493
4,916.0039598894547,400.91600395988945
4,935.2487324106517,400.9352487324106
4,868.0590285411611,400.86805902854115
5,905.6180854810026,500.905618085481
6,911.2185387177582,600.9112185387178
5,886.3402284376305,500.88634022843763
5,912.5584146347364,500.91255841463476
4,808.7697680997984,400.8087697680998
4,818.6306680144006,400.8186306680144
5,903.8699999522636,500.9038699999523
5,936.0288752003768,500.93602887520035
6,1016.8290848105509,601.0168290848105
4,922.095647492283,400.92209564749226
5,940.4041448828557,500.94040414488285
6,884.7754265345656,600.8847754265346
