num_vehicles,distance,fitness
4,1099.2379083158141,401.0992379083158
4,939.3893628711535,400.93938936287117
4,889.872850495989,400.889872850496
4,988.8206457417821,400.9888206457418
4,1057.330945787135,401.05733094578716
5,965.9153475451973,500.9659153475452
5,956.7947938203781,500.9567947938204
5,867.270000496683,500.86727000049666
5,881.4149075972498,500.8814149075973
4,895.5455340297497,400.89554553402974
5,853.2042900103252,500.85320429001035
4,944.0664401576581,400.94406644015766
5,1031.7992748647273,501.03179927486474
5,803.2655123776805,500.80326551237766
5,970.1200092083966,500.9701200092084
5,941.3822513669356,500.9413822513669
4,935.9797922829732,400.935979792283
5,982.9373882280852,500.9829373882281
5,900.5624556154758,500.9005624556155
5,927.1627888302683,500.9271627888303
