num_vehicles,distance,fitness
4,990.4776981132496,400.99047769811324
4,1033.1301606225684,401.0331301606226
4,965.7077683666358,400.96570776836666
4,1025.5604141938836,401.0255604141939
4,990.2734789090213,400.99027347890905
4,981.6745173196232,400.9816745173196
4,970.4522914151487,400.97045229141514
4,936.6031212097869,400.93660312120977
4,914.9863391334092,400.9149863391334
6,1023.2364248780437,601.0232364248781
4,877.6208853792546,400.87762088537926
4,991.3462589627662,400.9913462589628
4,910.4840517339815,400.910484051734
4,840.6071601055655,400.84060716010555
4,936.3255358091357,400.93632553580915
5,935.6886560947017,500.9356886560947
5,995.6510834524195,500.9956510834524
5,823.6641043188406,500.8236641043188
5,943.2598075263061,500.9432598075263
5,955.2253805816533,500.9552253805817
