num_vehicles,distance,fitness
4,954.4951724086313,400.95449517240866
4,900.248707331652,400.9002487073316
4,835.9037310806123,400.83590373108063
4,933.8675807217776,400.93386758072177
4,964.3308167889668,400.96433081678896
4,859.311410263172,400.85931141026316
4,843.2863321480561,400.84328633214807
5,826.1448451402053,500.8261448451402
6,1020.4260063920414,601.0204260063921
5,935.2802734849273,500.9352802734849
5,837.4306387300915,500.8374306387301
4,902.0578073088479,400.90205780730884
5,991.7043927176361,500.9917043927176
5,873.9022867678036,500.8739022867678
5,813.434838496043,500.81343483849605
5,857.2231822214316,500.85722318222145
5,874.2116890544703,500.87421168905445
5,872.7862270818031,500.8727862270818
5,1018.0290303151321,501.0180290303151
5,905.6570306061142,500.9056570306061
