num_vehicles,distance,fitness
4,877.1580260263885,400.8771580260264
4,959.0206924738175,400.9590206924738
4,943.4694797001281,400.9434694797001
4,862.4728415359075,400.8624728415359
4,867.4815284913304,400.86748152849134
4,814.5657899801514,400.8145657899802
4,721.1799419955009,400.7211799419955
4,935.3696736218329,400.93536967362184
4,921.5027514438178,400.9215027514438
4,887.7404063973858,400.88774040639737
4,984.4022582478906,400.9844022582479
5,795.7521436858633,500.7957521436859
4,901.5708560733893,400.90157085607336
5,977.3610713561396,500.97736107135614
4,868.1116630105195,400.8681116630105
4,947.30177066781,400.9473017706678
4,987.4121711376133,400.98741217113763
5,857.3022698111868,500.8573022698112
5,803.4632094763667,500.8034632094764
4,1012.8170336742373,401.01281703367425
