num_vehicles,distance,fitness
7,792.558481332472,700.7925584813324
7,1042.9015488884095,701.0429015488884
7,741.1240303964917,700.7411240303965
8,893.2232368893788,800.8932232368894
7,955.9562991440641,700.9559562991441
7,853.1174039612632,700.8531174039613
7,775.2494853998411,700.7752494853999
7,960.2656206449835,700.960265620645
10,1109.0163991194556,1001.1090163991195
9,967.0398375739991,900.967039837574
9,1076.7274002743145,901.0767274002743
8,972.0194114897132,800.9720194114897
9,1026.4750592779624,901.0264750592779
8,1022.4594354885497,801.0224594354886
9,1151.4648064020935,901.1514648064021
8,954.4181191279844,800.954418119128
8,970.8400689453101,800.9708400689453
8,926.4305033563378,800.9264305033563
9,1195.7716944387578,901.1957716944388
9,1045.621064747677,901.0456210647477
