num_vehicles,distance,fitness
8,759.1670203183024,800.7591670203183
8,774.7023101899022,800.7747023101899
9,1132.936216661259,901.1329362166613
9,917.8188853010626,900.917818885301
7,924.0485019087649,700.9240485019087
8,804.8080635920956,800.8048080635921
10,961.5501081174667,1000.9615501081174
10,1068.202738770175,1001.0682027387702
11,1189.3657874993899,1101.1893657874994
9,1078.6461066954716,901.0786461066955
10,994.4129868036084,1000.9944129868036
10,972.4667392290638,1000.972466739229
10,1056.4760826930212,1001.056476082693
9,1017.2939410687657,901.0172939410687
9,1049.3429215091687,901.0493429215092
11,1053.8817968430253,1101.053881796843
9,911.7407466947311,900.9117407466947
10,974.7635125670832,1000.974763512567
10,1041.7537763854818,1001.0417537763855
11,1130.8185020864328,1101.1308185020864
