num_vehicles,distance,fitness
7,979.4404534601562,700.9794404534601
7,885.7978189394264,700.8857978189394
7,959.0455988118532,700.9590455988118
7,962.4404521002577,700.9624404521003
9,1281.7726245351057,901.281772624535
8,1122.2263845076725,801.1222263845077
8,1053.177806665544,801.0531778066655
8,1171.52937283816,801.1715293728381
8,1171.928735975516,801.1719287359755
8,1042.5934286520073,801.042593428652
8,1053.5758346240527,801.0535758346241
7,1097.8612659500711,701.0978612659501
9,1269.2590800761777,901.2692590800762
7,909.2430905734434,700.9092430905735
8,1136.5695061305698,801.1365695061305
8,1010.8463851002614,801.0108463851003
9,1227.4771825952791,901.2274771825953
7,1043.1137872030592,701.0431137872031
7,943.1046732532863,700.9431046732533
8,1115.8523964005933,801.1158523964006
