num_vehicles,distance,fitness
7,791.5872570391791,700.7915872570392
7,768.59993447532,700.7685999344753
7,854.4573819854289,700.8544573819854
8,856.1219208372598,800.8561219208373
7,934.1405766708301,700.9341405766709
8,884.9541303408444,800.8849541303408
7,811.7406893438591,700.8117406893439
8,922.5538703243926,800.9225538703244
7,847.4797779002363,700.8474797779003
7,884.883073001218,700.8848830730012
8,1079.3752168987478,801.0793752168987
9,1157.1402382521057,901.157140238252
9,1332.9720228796891,901.3329720228797
9,1105.3525139590347,901.105352513959
9,1021.5803770465689,901.0215803770466
10,1222.4179900662286,1001.2224179900662
8,973.1538369209295,800.9731538369209
9,1164.685349432338,901.1646853494324
9,1121.4696890162509,901.1214696890163
8,945.2439214127776,800.9452439214127
