num_vehicles,distance,fitness
8,1070.571296979287,801.0705712969793
7,1106.6729301402615,701.1066729301402
7,1025.713084988408,701.0257130849884
8,1091.2559153429142,801.0912559153429
8,912.2212176328867,800.9122212176329
8,1008.5092956045806,801.0085092956045
7,995.8774609506993,700.9958774609507
8,1129.683898069904,801.1296838980699
8,1128.2211923178127,801.1282211923178
8,1018.9035375604446,801.0189035375604
9,1166.5558115926644,901.1665558115926
9,1238.2142597442314,901.2382142597443
9,921.9799247001396,900.9219799247002
9,1015.0900369236623,901.0150900369237
7,990.4786330573055,700.9904786330573
7,934.3124114343734,700.9343124114343
8,1209.8019969332397,801.2098019969333
8,933.3540443298122,800.9333540443298
9,1307.2619443147598,901.3072619443147
7,973.5116417140243,700.973511641714
