num_vehicles,distance,fitness
7,691.9245200332821,700.6919245200332
8,860.4857662637812,800.8604857662638
9,960.2890072636876,900.9602890072637
9,863.6306118097978,900.8636306118098
9,905.6318383914448,900.9056318383914
7,670.5576760641379,700.6705576760642
8,820.7303496146119,800.8207303496146
9,1068.6939228192705,901.0686939228193
9,976.1559942150272,900.976155994215
11,1195.2502679804413,1101.1952502679806
12,1172.4137440705051,1201.1724137440706
10,1002.5575292848721,1001.0025575292849
10,1060.5365049084667,1001.0605365049084
8,876.0323286895951,800.8760323286896
10,1019.5047920702734,1001.0195047920703
12,1259.0128063045684,1201.2590128063046
9,1004.0648280690034,901.004064828069
9,906.1268692916296,900.9061268692916
11,1267.6643887362557,1101.2676643887362
9,948.5080311123885,900.9485080311124
