num_vehicles,distance,fitness
8,894.5607712993112,800.8945607712993
10,998.1063692261441,1000.9981063692261
11,904.7765638468712,1100.9047765638468
10,866.9462426029447,1000.8669462426029
8,784.0571660639862,800.784057166064
10,972.8238842435819,1000.9728238842436
9,974.8456079998787,900.9748456079999
11,960.2833456609726,1100.960283345661
9,927.0208855428286,900.9270208855428
9,948.7785239637548,900.9487785239637
13,1322.0360383499062,1301.32203603835
11,1016.6465825712667,1101.0166465825712
9,954.9879515429707,900.954987951543
12,1170.2578895203583,1201.1702578895204
10,1104.2023670109884,1001.104202367011
12,1108.789423744069,1201.1087894237442
13,1177.044189756612,1301.1770441897565
10,1053.8900206361873,1001.0538900206362
11,1043.2865300485562,1101.0432865300486
11,1029.2866610748283,1101.0292866610748
