num_vehicles,distance,fitness
5,1206.7227033268164,501.2067227033268
6,1124.0624116087192,601.1240624116087
5,1206.280299148718,501.2062802991487
6,1151.091166458694,601.1510911664587
5,1066.2592934318961,501.06625929343187
7,1043.479565043594,701.0434795650436
6,1267.5029813589724,601.2675029813589
7,1318.0162609081858,701.3180162609082
7,1091.955058083605,701.0919550580836
7,1196.9437040332148,701.1969437040332
7,1165.5496343663524,701.1655496343664
9,1147.0541512021312,901.1470541512022
7,1342.9486739918368,701.3429486739918
7,1159.3290838029234,701.159329083803
9,1297.8615605895636,901.2978615605896
8,1223.533428697375,801.2235334286974
6,1182.3042638097497,601.1823042638098
7,1230.370412137599,701.2303704121376
7,990.0547878575154,700.9900547878575
7,1145.359551638292,701.1453595516383
