num_vehicles,distance,fitness
5,1306.6275740598305,501.3066275740598
5,1018.8203827574891,501.0188203827575
5,1269.416578657802,501.2694165786578
4,872.1583401107357,400.87215834011073
5,1310.7938409941403,501.31079384099417
5,877.1648196241059,500.8771648196241
4,1178.8008500533588,401.17880085005334
5,1111.0865548771035,501.1110865548771
4,984.7096549011605,400.98470965490117
5,989.3587382990991,500.9893587382991
5,1159.5583487916133,501.1595583487916
5,1328.7874415357398,501.3287874415357
5,1194.4040187783344,501.19440401877836
5,1170.3985202769504,501.17039852027693
5,1304.07053904261,501.3040705390426
5,1288.0435970417202,501.28804359704174
5,1059.8319458312903,501.05983194583126
5,994.7985371218786,500.9947985371219
4,1059.2107208480834,401.05921072084806
5,1177.9224671920288,501.17792246719205
