num_vehicles,distance,fitness
5,1310.0844333327757,501.3100844333328
4,1191.6959528655273,401.19169595286553
5,1111.8932363750293,501.111893236375
5,1172.6475665829619,501.17264756658295
5,1277.5190964501865,501.2775190964502
5,1138.232636583812,501.13823263658384
5,1220.995096066493,501.2209950960665
6,1184.081782060176,601.1840817820602
6,1158.2744096200104,601.15827440962
6,1204.3713767933004,601.2043713767933
5,1252.752013659117,501.2527520136591
6,1236.0816659875973,601.2360816659876
5,1249.870200029305,501.2498702000293
6,1035.7953402196763,601.0357953402197
5,1205.2291502191754,501.20522915021917
6,1179.862862941856,601.1798628629418
6,1264.172205977088,601.264172205977
5,901.8159917510285,500.90181599175105
5,1237.4365529565548,501.2374365529566
5,1200.0132984118027,501.2000132984118
