num_vehicles,distance,fitness
4,1081.4010688547528,401.08140106885475
5,1110.8766056541092,501.1108766056541
4,1016.526243098157,401.01652624309816
7,1174.1975786671258,701.1741975786671
5,1092.9941321236292,501.09299413212364
6,1084.9532869609097,601.0849532869609
7,1171.7676861208763,701.1717676861209
6,1020.2904805869077,601.0202904805869
5,1203.3932248298972,501.2033932248299
6,1154.1379225277806,601.1541379225278
5,1120.5171940649973,501.120517194065
6,1026.393246511851,601.0263932465118
6,1080.0386344870537,601.0800386344871
5,1202.9762466435316,501.2029762466435
5,1024.9946498600023,501.02499464986
6,1311.0545538019878,601.311054553802
7,923.0117489168392,700.9230117489168
6,1214.2276286061415,601.2142276286062
6,1092.3115155675132,601.0923115155675
6,1233.4355521812913,601.2334355521813
