num_vehicles,distance,fitness
5,1156.9680017061987,501.1569680017062
4,1134.310873023742,401.13431087302376
5,885.9456478791631,500.88594564787917
4,1079.1556378310654,401.0791556378311
5,1185.7285077515357,501.18572850775155
4,1073.7814452801376,401.07378144528013
4,944.5608372588647,400.94456083725885
4,1260.5884684932028,401.2605884684932
5,1212.3275413500303,501.21232754135
5,959.5283360293158,500.95952833602934
6,1241.0834008528675,601.2410834008529
5,1370.6184653230055,501.370618465323
5,1189.46737407443,501.1894673740744
5,1087.5541415068776,501.08755414150687
5,1079.1116669645053,501.0791116669645
5,1005.6246074720011,501.005624607472
5,1188.4407165946982,501.1884407165947
6,1160.1138030385014,601.1601138030385
6,1270.779316265423,601.2707793162655
5,1358.7690620021147,501.3587690620021
