num_vehicles,distance,fitness
4,1067.7019895573885,401.0677019895574
5,1049.8570627800386,501.04985706278006
5,1120.5355044971168,501.1205355044971
4,1071.0529304116544,401.07105293041167
4,1068.461969185657,401.06846196918565
4,1024.6245772602601,401.0246245772603
5,1265.990121141874,501.2659901211419
5,1052.878691581639,501.0528786915816
5,1208.5208935790313,501.208520893579
5,1217.2251533921205,501.2172251533921
5,1036.7770900406458,501.03677709004063
5,1291.8317024055748,501.2918317024056
5,1351.4476047282662,501.35144760472826
6,1167.1556460904728,601.1671556460905
5,1009.6802949313437,501.00968029493134
5,1094.7488793990904,501.0947488793991
6,1128.9338399035819,601.1289338399035
5,1267.5212724213193,501.26752127242133
5,1170.3549581335064,501.1703549581335
5,1155.393682507856,501.15539368250785
