num_vehicles,distance,fitness
5,1098.2107185369055,501.0982107185369
5,986.4213627398774,500.98642136273986
6,967.4040401176885,600.9674040401177
5,1065.91060539784,501.06591060539785
5,948.4229102418437,500.94842291024185
6,941.9006431846726,600.9419006431847
5,1034.809925805194,501.0348099258052
5,1107.7851257406737,501.1077851257407
6,1054.214398601024,601.0542143986011
6,963.8408548411817,600.9638408548412
6,1105.3008787855886,601.1053008787856
6,1030.9922358705746,601.0309922358706
6,937.5215508094906,600.9375215508095
6,1282.7810104325774,601.2827810104326
8,1270.3763511084273,801.2703763511084
6,1001.1552554744552,601.0011552554745
5,957.5817232927554,500.9575817232928
8,1425.554136433822,801.4255541364338
6,1440.1489716293715,601.4401489716294
7,1082.2161619103406,701.0822161619103
