num_vehicles,distance,fitness,time
1.0,480.74125536889653,100.4807412553689,269.95374870300293
