num_vehicles,distance,fitness,time
1.0,482.8723388963656,100.48287233889637,273.47379875183105
1.0,482.5533730028111,100.48255337300282,288.6621799468994
1.0,482.8723388963656,100.48287233889637,273.5595419406891
1.0,480.74125536889653,100.4807412553689,269.95374870300293
