num_vehicles,distance,fitness,time
1.0,361.6865532705099,100.36168655327052,273.2866222858429
