num_vehicles,distance,fitness,time
1.0,361.6865532705099,100.36168655327052,273.2866222858429
1.0,363.92763786321643,100.36392763786321,271.6348853111267
1.0,363.92763786321643,100.36392763786321,274.7115921974182
1.0,363.92763786321643,100.36392763786321,275.9690124988556
