num_vehicles,distance,fitness,time
1.0,548.4157361380688,100.54841573613807,249.83637022972107
