num_vehicles,distance,fitness,time
1.0,548.4157361380688,100.54841573613807,249.83637022972107
1.0,548.4157361380688,100.54841573613807,251.14829683303833
1.0,548.4157361380688,100.54841573613807,254.22040104866028
1.0,548.4157361380688,100.54841573613807,251.44770336151123
