num_vehicles,distance,fitness
7,658.8124637298049,700.6588124637298
9,643.0801288473361,900.6430801288474
9,665.4015375640041,900.665401537564
10,657.8500836348219,1000.6578500836348
6,572.351777116581,600.5723517771166
7,559.2082760748273,700.5592082760749
9,632.1726796061417,900.6321726796061
9,649.0115296516908,900.6490115296517
9,599.56553945451,900.5995655394545
9,648.0317333505589,900.6480317333505
9,630.6138809597333,900.6306138809597
9,658.1678063091858,900.6581678063092
9,702.4265761966884,900.7024265761967
9,731.8473314162459,900.7318473314162
8,565.7529976412958,800.5657529976413
9,648.2757170670922,900.6482757170671
9,670.4141878700128,900.67041418787
10,747.9307589206527,1000.7479307589207
8,667.381168858453,800.6673811688585
10,780.2466416155953,1000.7802466416156
