num_vehicles,distance,fitness
7,599.946623310844,700.5999466233109
8,722.8432274259795,800.722843227426
7,657.0404814815716,700.6570404814815
8,571.5780945039378,800.5715780945039
8,703.7872081087501,800.7037872081088
9,690.8672898683757,900.6908672898684
8,719.5184501528671,800.7195184501529
8,637.5534459424986,800.6375534459424
8,646.6918306921243,800.6466918306921
7,687.5842508808751,700.6875842508808
9,726.6572768782428,900.7266572768782
9,754.4180752201319,900.7544180752201
10,709.3105279000811,1000.7093105279001
7,589.4433061711167,700.5894433061711
9,689.4721864616339,900.6894721864617
9,680.7946069197915,900.6807946069198
8,662.4984744746741,800.6624984744747
9,709.2893706240629,900.7092893706241
6,579.5133847448775,600.5795133847449
9,723.8742072101254,900.7238742072101
