num_vehicles,distance,fitness
7,664.5333586844342,700.6645333586845
8,639.4844289211105,800.6394844289212
8,597.4847890905696,800.5974847890906
7,574.9101884480134,700.574910188448
7,699.146193793744,700.6991461937937
6,602.7232967891978,600.6027232967892
8,646.7034760857119,800.6467034760857
8,656.0529833401727,800.6560529833401
8,650.3775406942283,800.6503775406942
7,639.7325559336487,700.6397325559336
8,732.7411100597034,800.7327411100597
8,642.0586475591906,800.6420586475592
9,677.3242466861427,900.6773242466861
8,637.9911165693259,800.6379911165693
7,689.7345768009588,700.689734576801
9,684.8000644213322,900.6848000644213
8,697.429002584061,800.697429002584
9,712.0164981293119,900.7120164981293
8,624.991336153039,800.624991336153
7,566.5063672831892,700.5665063672832
