num_vehicles,distance,fitness
7,636.8199997144283,700.6368199997145
7,645.8563089623397,700.6458563089624
7,682.3204424832834,700.6823204424833
7,571.7793606056116,700.5717793606057
7,660.7964348153948,700.6607964348154
8,692.2040161954544,800.6922040161954
7,593.598464276104,700.593598464276
7,597.2157699864479,700.5972157699864
7,638.2296775721635,700.6382296775722
8,646.4897303163098,800.6464897303163
8,694.8519705161841,800.6948519705162
8,688.8039609488301,800.6888039609488
7,645.4659518555729,700.6454659518556
7,695.8141026060723,700.695814102606
7,639.7290743492417,700.6397290743492
7,604.08877014606,700.6040887701461
7,581.3413033096083,700.5813413033096
6,556.6865396099258,600.5566865396099
7,641.154200886054,700.641154200886
7,652.8321920917994,700.6528321920918
