num_vehicles,distance,fitness
5,457.2023704760672,500.45720237047607
5,491.2197495013351,500.49121974950134
6,584.7207358922242,600.5847207358922
5,527.6117362054727,500.5276117362055
8,590.1529132987653,800.5901529132988
6,452.3384218135123,600.4523384218135
7,590.6655729314539,700.5906655729315
7,462.6861777620086,700.462686177762
7,499.87643421054827,700.4998764342106
9,722.5370764532935,900.7225370764532
8,699.7990784244469,800.6997990784245
8,713.5099459275378,800.7135099459275
8,680.7575234358892,800.6807575234359
6,694.0968642706678,600.6940968642707
7,683.7072628527075,700.6837072628527
10,755.9782602572276,1000.7559782602573
10,768.9826538416287,1000.7689826538416
9,718.5364639594052,900.7185364639594
7,627.1267725920317,700.6271267725921
9,739.4479559453323,900.7394479559454
