num_vehicles,distance,fitness
5,512.8102709016586,500.51281027090164
5,519.2224645954199,500.51922246459543
5,590.3911586871859,500.59039115868717
5,569.6161793151766,500.5696161793152
5,569.9057807003779,500.56990578070037
5,488.8132448803262,500.4888132448803
5,581.1488950806425,500.5811488950806
5,629.0135633736915,500.6290135633737
5,551.3522575034823,500.5513522575035
6,625.7444468028071,600.6257444468029
8,750.7998602360165,800.750799860236
7,678.5955160522317,700.6785955160523
8,821.2750473570127,800.8212750473571
6,662.3590704108065,600.6623590704108
9,746.8686585815854,900.7468686585815
8,699.6850874129296,800.699685087413
8,695.7815643378451,800.6957815643378
6,699.5927347535354,600.6995927347535
8,687.5737322174833,800.6875737322175
7,629.1087863144766,700.6291087863145
