num_vehicles,distance,fitness
5,555.9485643976219,500.5559485643976
5,516.4222184894145,500.5164222184894
6,651.867539752234,600.6518675397523
5,621.1357580119989,500.621135758012
5,592.2711118312468,500.5922711118312
5,548.0359528183358,500.54803595281834
5,609.2123400854929,500.6092123400855
8,783.9886945721627,800.7839886945721
5,650.7917393406851,500.65079173934066
7,785.4166427729049,700.7854166427729
7,734.7432866558329,700.7347432866559
8,713.8928978073162,800.7138928978073
6,747.4987133402574,600.7474987133403
6,679.3595382879198,600.6793595382879
6,723.6272638948435,600.7236272638949
7,760.2692986462564,700.7602692986462
6,741.5552311030597,600.741555231103
5,706.8927769724179,500.70689277697244
5,774.9250408614351,500.77492504086143
7,817.3068307870334,700.8173068307871
