num_vehicles,distance,fitness
5,534.3361221591722,500.5343361221592
5,602.4360377548592,500.60243603775484
5,544.7041319269888,500.544704131927
5,578.1831947402301,500.57818319474023
5,532.1787706850673,500.53217877068505
5,514.9612806837349,500.51496128068374
5,579.6942995718161,500.5796942995718
5,550.1717508376354,500.55017175083765
7,785.9830214902909,700.7859830214903
5,697.7594947462383,500.69775949474626
6,762.5905679308626,600.7625905679308
6,763.147602090658,600.7631476020906
6,810.2923188625275,600.8102923188625
5,747.0539359284315,500.7470539359284
6,769.6838707655616,600.7696838707656
6,653.6716871647486,600.6536716871648
5,717.6280820840088,500.717628082084
5,754.9618575079335,500.7549618575079
7,800.567629278695,700.8005676292787
6,766.5265699450426,600.7665265699451
