num_vehicles,distance,fitness
5,518.2594252824524,500.51825942528245
5,523.5005320586567,500.5235005320587
5,489.3930743217101,500.4893930743217
5,553.7796297397921,500.5537796297398
5,486.04732631077525,500.48604732631077
5,453.292416129658,500.45329241612967
7,523.6742445224929,700.5236742445225
5,533.5101963309392,500.53351019633095
7,611.5821658647212,700.6115821658648
6,613.2636773580526,600.6132636773581
7,669.015384783079,700.669015384783
5,612.4605031731921,500.61246050317317
6,599.189980806999,600.599189980807
5,586.3763198245115,500.5863763198245
7,646.8419403070235,700.646841940307
7,661.2721020601133,700.6612721020601
7,605.6461703813878,700.6056461703814
6,621.6221998711565,600.6216221998711
6,589.5232576769704,600.589523257677
7,595.6913632890177,700.595691363289
