num_vehicles,distance,fitness
5,466.50342106065915,500.4665034210607
6,453.12589840014965,600.4531258984001
5,451.5735383413688,500.4515735383414
6,535.4715824290239,600.5354715824291
6,677.3323060485807,600.6773323060486
6,656.6712891511551,600.6566712891512
6,627.6692401120303,600.627669240112
6,630.3011383044135,600.6303011383044
6,610.8214937299246,600.6108214937299
6,656.3104152266808,600.6563104152267
7,753.904426072914,700.753904426073
6,663.032514291715,600.6630325142917
5,618.8665672288219,500.61886656722885
7,658.2390955196648,700.6582390955197
7,674.005382879713,700.6740053828797
6,596.9102177795479,600.5969102177795
5,566.3343044974682,500.56633430449745
6,715.349339463191,600.7153493394632
6,595.8203745219662,600.595820374522
5,529.3809853857741,500.5293809853858
