num_vehicles,distance,fitness
5,492.8496652239143,500.4928496652239
5,444.08968118285696,500.44408968118285
6,529.8090588770056,600.529809058877
5,573.4857962023141,500.5734857962023
5,601.8216348186335,500.60182163481863
6,532.6546625050162,600.532654662505
6,576.175472394979,600.576175472395
5,553.5561552802544,500.55355615528026
6,645.1024893973706,600.6451024893973
6,699.4534252969034,600.699453425297
6,711.4933925042769,600.7114933925043
6,584.4582503668214,600.5844582503668
6,673.3969279461784,600.6733969279462
6,748.1425190759469,600.7481425190759
5,583.9698764510593,500.5839698764511
6,726.237109048131,600.7262371090482
5,567.1741835011978,500.5671741835012
6,633.3963753710701,600.633396375371
6,604.0606083101932,600.6040606083102
5,600.2154089933586,500.60021540899334
