num_vehicles,distance,fitness
8,800.9792222618502,800.8009792222618
10,742.5152989960482,1000.7425152989961
12,881.3086627268892,1200.881308662727
11,786.2205004656917,1100.7862205004658
14,898.6825451116928,1400.8986825451118
12,873.1843896856659,1200.8731843896858
11,876.2571005021455,1100.8762571005022
12,833.722601877229,1200.8337226018773
13,813.9013162207657,1300.8139013162208
13,1007.2000880116766,1301.0072000880116
14,1004.4452704488981,1401.004445270449
16,1093.6578716653994,1601.0936578716653
12,904.6162302104891,1200.9046162302104
13,1006.6089511862175,1301.0066089511863
16,987.300906142576,1600.9873009061425
13,912.0859561228611,1300.9120859561228
14,966.1594084824176,1400.9661594084823
13,928.0465142018827,1300.928046514202
13,915.5556301213693,1300.9155556301214
11,925.359353308046,1100.925359353308
