num_vehicles,distance,fitness
7,864.4833286468569,700.8644833286469
11,813.4979569648417,1100.8134979569647
13,962.7177292106194,1300.9627177292107
10,859.5870132342759,1000.8595870132343
10,945.2605635092792,1000.9452605635092
10,822.7330365916606,1000.8227330365917
11,951.256027950186,1100.9512560279502
14,1010.4385725090392,1401.010438572509
13,978.5396548472069,1300.9785396548473
10,991.318793045785,1000.9913187930458
11,885.9855600467287,1100.8859855600467
12,954.1236149356971,1200.9541236149357
13,1020.174238415717,1301.0201742384156
12,983.3972056319056,1200.983397205632
12,886.5560233689117,1200.886556023369
12,980.8593748334424,1200.9808593748335
13,1064.550875451,1301.064550875451
12,971.8574441967369,1200.9718574441968
11,931.2005732942341,1100.9312005732943
13,1056.8770063785255,1301.0568770063785
