num_vehicles,distance,fitness
6,738.2850068179622,600.7382850068179
7,800.1922290381743,700.8001922290382
7,690.5527140602305,700.6905527140602
7,816.1710946438296,700.8161710946438
7,731.4143515695175,700.7314143515695
6,790.7121669286239,600.7907121669286
8,814.7104307252281,800.8147104307252
10,918.6627955878195,1000.9186627955878
9,865.2340688067777,900.8652340688068
9,877.1178640582624,900.8771178640583
10,922.5721628076468,1000.9225721628077
10,1004.823532193216,1001.0048235321932
11,1043.1887331424446,1101.0431887331424
9,941.9592854907443,900.9419592854907
8,855.5345545223291,800.8555345545224
11,995.2209361358719,1100.9952209361359
9,1040.0137504035558,901.0400137504035
12,944.2276523152829,1200.9442276523152
11,930.0606977081367,1100.930060697708
11,1037.9977658362918,1101.0379977658363
