num_vehicles,distance,fitness
6,762.3946846662257,600.7623946846662
8,918.1873783252393,800.9181873783252
7,754.7500983110565,700.7547500983111
6,817.9429021638409,600.8179429021638
9,794.7811570040332,900.7947811570041
9,935.3826856761552,900.9353826856761
9,1004.2674040655019,901.0042674040656
9,1021.240028487078,901.0212400284871
9,924.073511172892,900.9240735111729
8,914.7215816203013,800.9147215816203
9,996.4033157113419,900.9964033157113
10,1004.2108504575402,1001.0042108504575
9,893.7086305148526,900.8937086305149
8,871.111414840298,800.8711114148402
7,939.2721014433216,700.9392721014433
8,1020.5818910621307,801.0205818910621
9,918.8336518633296,900.9188336518633
9,838.9481706253833,900.8389481706254
9,943.3582204433878,900.9433582204434
8,979.629563293329,800.9796295632933
