num_vehicles,distance,fitness
7,842.8913236348984,700.842891323635
9,822.5630283176363,900.8225630283176
7,838.9225907746318,700.8389225907746
7,787.0222719932556,700.7870222719932
7,835.5574575271438,700.8355574575271
7,822.5058941502347,700.8225058941503
6,820.0662949778325,600.8200662949778
10,1098.3520210710406,1001.098352021071
8,954.44132670136,800.9544413267014
8,979.3304262976117,800.9793304262976
7,827.6229362194737,700.8276229362194
11,993.7558609952414,1100.9937558609952
9,938.3992992990748,900.938399299299
10,921.3665886422611,1000.9213665886423
9,964.7887814566973,900.9647887814567
9,997.0506826548523,900.9970506826548
8,973.9839925823564,800.9739839925824
9,984.3059770633761,900.9843059770634
8,983.5939768484114,800.9835939768484
9,995.9800239117669,900.9959800239118
