num_vehicles,distance,fitness
4,918.1606608150763,400.9181606608151
6,805.1766271872481,600.8051766271873
5,907.3889749584404,500.90738897495845
4,868.8752839868265,400.8688752839868
5,797.5068887455295,500.79750688874554
5,894.5569587538113,500.8945569587538
4,867.6077157128166,400.86760771571284
8,916.9275626014653,800.9169275626015
7,1049.227991620299,701.0492279916203
7,955.0545265192975,700.9550545265193
6,891.6012127089176,600.8916012127089
7,877.2187240137296,700.8772187240137
7,866.8059182648458,700.8668059182648
6,965.9215640906983,600.9659215640906
6,926.517143613263,600.9265171436133
7,1008.2822341906673,701.0082822341907
7,1005.8596403212804,701.0058596403213
6,1015.3754920867225,601.0153754920867
8,991.1071348518669,800.9911071348519
5,883.2116012772713,500.88321160127725
