num_vehicles,distance,fitness
4,1071.3637846072347,401.07136378460723
4,1033.6322286735317,401.0336322286735
4,1004.5943869536396,401.0045943869536
4,1001.7414120397945,401.0017414120398
5,960.5020838648517,500.96050208386487
5,996.1882083120604,500.99618820831205
5,1027.8124405291496,501.02781244052915
5,998.485278026059,500.99848527802607
6,973.2448800191695,600.9732448800191
6,1015.9953433019909,601.0159953433019
4,966.0361914768911,400.9660361914769
5,943.65644761661,500.9436564476166
6,993.9999443256686,600.9939999443257
4,850.6720099351201,400.8506720099351
5,931.2272908345125,500.9312272908345
6,1004.3638278905873,601.0043638278906
6,1005.1445676549022,601.005144567655
7,916.428126865084,700.9164281268651
5,922.7902541160094,500.922790254116
4,991.5347530628258,400.9915347530628
