num_vehicles,distance,fitness
4,937.6570066368039,400.9376570066368
4,956.2634688904088,400.9562634688904
4,938.4193499563527,400.93841934995635
4,921.6076943278264,400.9216076943278
4,925.1287525133082,400.92512875251333
5,927.5491819932863,500.9275491819933
4,928.0828737751547,400.92808287377517
4,1004.20002876512,401.0042000287651
6,1039.254394092112,601.0392543940922
5,893.1708809394322,500.8931708809394
5,995.1565916867926,500.9951565916868
4,943.1489323409315,400.94314893234093
5,970.3084156834991,500.9703084156835
4,870.5940481749157,400.8705940481749
5,1006.7606457702827,501.00676064577027
4,961.3663876317494,400.96136638763176
4,934.7808514152126,400.9347808514152
5,889.9218185298116,500.8899218185298
4,923.1835123639144,400.9231835123639
5,1000.8075688456821,501.0008075688457
