num_vehicles,distance,fitness
4,887.2260787198006,400.8872260787198
5,894.0411716063422,500.8940411716063
5,847.754888690587,500.8477548886906
5,906.9525936304,500.9069525936304
5,887.8730418919454,500.88787304189196
5,920.6374734222024,500.9206374734222
5,907.6887466839435,500.90768874668396
5,927.3795975098249,500.9273795975098
5,828.1100363078568,500.82811003630786
4,839.05706065928,400.8390570606593
6,978.0228847937364,600.9780228847937
5,877.6336394828284,500.87763363948284
5,894.6787875011726,500.89467878750116
5,921.0778717841405,500.9210778717841
5,760.1669906333823,500.76016699063337
5,880.0345322231884,500.8800345322232
6,917.5093768322749,600.9175093768323
5,901.1384894389863,500.901138489439
5,843.9547468335651,500.84395474683356
5,804.9349244323839,500.80493492443236
