num_vehicles,distance,fitness
4,1099.2379083158141,401.0992379083158
4,1067.071671676741,401.06707167167673
4,951.2701365397744,400.9512701365398
4,1062.407172224453,401.0624071722244
4,999.1114419751805,400.9991114419752
4,1019.6212394170411,401.01962123941706
4,903.1608595745662,400.90316085957454
4,859.0490602100239,400.85904906021
4,881.6100146501349,400.8816100146501
4,944.4179332224027,400.9444179332224
5,927.3047455540203,500.927304745554
5,937.0717607485877,500.9370717607486
5,965.8489789746086,500.96584897897463
5,950.8290509677283,500.95082905096774
4,1057.4152757069503,401.05741527570694
5,909.6958496327034,500.9096958496327
4,986.2701310615312,400.98627013106153
5,1075.5498992284415,501.07554989922846
5,967.345629509977,500.96734562950996
5,1059.603065957819,501.05960306595784
