num_vehicles,distance,fitness
4,954.4951724086313,400.95449517240866
4,919.5839472935879,400.9195839472936
4,938.6561962109934,400.938656196211
4,882.0042954582048,400.8820042954582
4,840.970375470557,400.84097037547053
4,871.2277117146838,400.8712277117147
4,912.4604664837409,400.91246046648376
5,863.6795135194827,500.86367951351946
5,946.607808021289,500.94660780802127
4,833.4842044483937,400.8334842044484
6,960.8147369976514,600.9608147369977
5,841.8656783555773,500.8418656783556
4,801.3468815232097,400.8013468815232
5,898.9251951723792,500.89892519517235
5,792.643645086652,500.7926436450866
5,881.4475058929686,500.881447505893
5,930.466000504167,500.93046600050417
5,828.5230301088721,500.8285230301089
5,995.0946047414645,500.99509460474144
5,912.6645727065861,500.9126645727066
