num_vehicles,distance,fitness
4,918.9340678700514,400.91893406787005
5,940.367910920156,500.94036791092014
5,887.9835897209986,500.887983589721
5,920.0305968863098,500.9200305968863
5,913.0781321713993,500.9130781321714
5,951.4154071295234,500.9514154071295
4,924.5279067816209,400.92452790678163
5,884.0231219956454,500.88402312199565
5,966.5417097223547,500.9665417097224
5,977.1308227959528,500.97713082279597
5,923.4807884460424,500.92348078844606
5,918.5500617941063,500.9185500617941
6,1020.0619078340167,601.020061907834
6,872.4033807242596,600.8724033807242
5,899.984005400898,500.8999840054009
5,925.634576286617,500.9256345762866
6,866.44536687024,600.8664453668703
5,1015.6202268750112,501.015620226875
5,843.3672674969832,500.843367267497
5,1044.9442394314383,501.04494423943146
