num_vehicles,distance,fitness
4,877.1580260263885,400.8771580260264
4,907.1374282317456,400.90713742823175
4,923.5685941361321,400.92356859413616
4,893.0975751020867,400.8930975751021
4,862.0261497421507,400.8620261497422
4,986.4346054641551,400.9864346054642
4,915.9865056462165,400.91598650564623
5,845.8248964942954,500.8458248964943
5,928.8909645735953,500.9288909645736
4,902.187495077522,400.9021874950775
4,898.3418919566946,400.8983418919567
4,818.5817909666126,400.8185817909666
5,884.0453359324445,500.88404533593246
5,977.9759963202683,500.97797599632025
4,940.7878898799786,400.94078788987997
4,864.2424642351065,400.86424246423513
4,835.9355030993474,400.83593550309934
4,874.9192151269589,400.87491921512697
4,1027.9942019086993,401.0279942019087
4,950.8555860465883,400.9508555860466
