num_vehicles,distance,fitness
8,894.5607712993112,800.8945607712993
9,875.4531215327386,900.8754531215327
12,1116.0195205105006,1201.1160195205105
8,781.2387587480414,800.781238758748
9,943.5257062865408,900.9435257062866
8,709.3258741533668,800.7093258741534
10,968.4428232926022,1000.9684428232925
8,996.971264404172,800.9969712644041
9,837.5109643649337,900.8375109643649
8,737.9272711043658,800.7379272711044
11,1005.200370745074,1101.0052003707451
12,1229.9924268258123,1201.229992426826
11,1079.6496997862919,1101.0796496997864
11,1122.3568931843424,1101.1223568931844
12,1256.153057541219,1201.2561530575413
11,1090.887484854203,1101.0908874848542
10,1027.8029189548774,1001.0278029189549
9,1031.9618742684615,901.0319618742685
11,1054.427256263943,1101.054427256264
11,1046.9903116208184,1101.046990311621
