num_vehicles,distance,fitness
7,792.558481332472,700.7925584813324
7,793.14367578036,700.7931436757804
7,950.0729390528186,700.9500729390528
7,867.5604726158598,700.8675604726159
7,840.8212055152208,700.8408212055152
7,892.7136972343212,700.8927136972343
7,1020.9081467849276,701.0209081467849
7,804.0583883217729,700.8040583883218
10,1229.6500799907901,1001.2296500799907
9,1105.5048576204786,901.1055048576205
8,1043.0306307749884,801.043030630775
8,1082.4220354199538,801.08242203542
8,985.6362457228431,800.9856362457228
9,1157.8469026651542,901.1578469026651
9,1300.3604338655225,901.3003604338655
8,1009.2793140809765,801.009279314081
9,1252.20381570563,901.2522038157057
8,877.788801143419,800.8777888011434
10,1139.923087113513,1001.1399230871135
9,1171.856127717161,901.1718561277172
