num_vehicles,distance,fitness
7,791.5872570391791,700.7915872570392
7,759.7156516798691,700.7597156516799
9,960.1139494450894,900.9601139494451
7,834.4037806169998,700.834403780617
8,916.3939558898215,800.9163939558898
9,1075.392856419421,901.0753928564194
9,1070.644191141635,901.0706441911416
9,1135.3193215998754,901.1353193215999
8,1022.119806470885,801.0221198064709
8,1050.0520715692667,801.0500520715692
8,1076.883284601003,801.076883284601
9,1055.349202344407,901.0553492023444
9,1276.5735414935566,901.2765735414936
8,1000.6191927220304,801.0006191927221
8,1062.129724671022,801.062129724671
8,1008.2443211702911,801.0082443211703
8,1095.6155365116974,801.0956155365117
9,1087.371120673777,901.0873711206738
9,1159.6436880152273,901.1596436880152
8,1038.181219594765,801.0381812195948
