num_vehicles,distance,fitness
8,1070.571296979287,801.0705712969793
7,832.0875960685422,700.8320875960685
7,869.7583517324905,700.8697583517325
7,1048.4242445492469,701.0484242445492
7,1008.4978194451498,701.0084978194451
8,888.8348765016773,800.8888348765017
9,1100.1261733992699,901.1001261733993
8,1015.8019008877255,801.0158019008877
9,1208.9878407618746,901.2089878407619
7,880.6036997483284,700.8806036997483
9,1238.7009068415673,901.2387009068416
7,974.8284662316123,700.9748284662317
9,1090.4023362571436,901.0904023362572
8,1174.9227362574923,801.1749227362575
10,1234.571567285884,1001.2345715672859
8,1217.5280756987163,801.2175280756987
7,930.755548466335,700.9307555484663
9,1226.156684247614,901.2261566842476
10,1252.3788621581632,1001.2523788621581
9,1092.7974867519022,901.0927974867519
