num_vehicles,distance,fitness
7,979.4404534601562,700.9794404534601
7,967.5477549892532,700.9675477549893
7,919.485921037463,700.9194859210374
7,944.0854636444384,700.9440854636445
7,939.7172021657258,700.9397172021658
7,899.3259838985737,700.8993259838986
7,1044.8887133293958,701.0448887133294
7,940.1573492970665,700.940157349297
7,957.5367281069682,700.957536728107
8,1065.643343197013,801.065643343197
8,1050.4499561699465,801.0504499561699
8,1054.234285895535,801.0542342858955
8,1131.9144147434197,801.1319144147434
8,1177.806544483346,801.1778065444834
8,1100.7586070956763,801.1007586070957
8,1180.237764862796,801.1802377648628
9,1093.0420342675402,901.0930420342676
8,1139.4229076064978,801.1394229076064
8,972.8570615739186,800.9728570615739
7,1146.7357090901578,701.1467357090902
