num_vehicles,distance,fitness
8,962.0780328369437,800.962078032837
8,804.7291802881766,800.8047291802882
8,769.2776909716198,800.7692776909716
9,950.9679181702147,900.9509679181702
7,717.2764476547097,700.7172764476547
10,991.2015739884148,1000.9912015739884
9,848.7918968830579,900.8487918968831
8,851.5890587718668,800.8515890587719
9,1111.0202360113158,901.1110202360113
8,1065.247234970948,801.0652472349709
10,1027.7860508589304,1001.0277860508589
10,1251.19211464805,1001.251192114648
9,997.1613032844828,900.9971613032844
8,1111.3125352117213,801.1113125352117
10,1228.8494673733508,1001.2288494673734
9,1153.9671594162041,901.1539671594162
8,972.4618608487009,800.9724618608487
8,896.579635933209,800.8965796359332
10,1190.2593685051172,1001.1902593685052
9,1155.329540509782,901.1553295405098
