num_vehicles,distance,fitness
5,1098.2107185369055,501.0982107185369
5,992.602150579,500.992602150579
5,1083.874776646492,501.0838747766465
6,1092.4340033270787,601.0924340033271
5,833.6970525144948,500.8336970525145
6,1050.8039775676489,601.0508039775676
5,1007.0021052797451,501.00700210527975
6,1179.1005575484828,601.1791005575485
7,1199.3418588850577,701.1993418588851
6,1049.8525673162983,601.0498525673163
7,1158.423233708718,701.1584232337087
7,1107.8765235177918,701.1078765235178
7,1049.8322051534374,701.0498322051534
6,1064.8467307604376,601.0648467307605
6,1173.917049363075,601.1739170493631
6,1135.5369350846738,601.1355369350847
6,1195.2289880164449,601.1952289880164
7,1257.325301714876,701.2573253017149
7,1148.6529715729014,701.1486529715729
7,1121.4976029537802,701.1214976029538
