num_vehicles,distance,fitness
5,1088.2573579320474,501.08825735793204
5,931.2188065720053,500.931218806572
5,959.2357205512393,500.95923572055125
5,1294.313058783305,501.2943130587833
4,990.7206358763422,400.99072063587636
6,997.1360090711993,600.9971360090713
6,1124.2330437467047,601.1242330437467
6,956.991590438348,600.9569915904383
5,1094.0871294634085,501.0940871294634
6,1260.6546702779458,601.260654670278
6,1355.0000220033244,601.3550000220033
5,1131.5353355179027,501.1315353355179
6,1382.5858067809074,601.3825858067809
6,980.7217701525755,600.9807217701526
7,1380.004574985368,701.3800045749854
5,1151.666501154316,501.1516665011543
6,1081.4740521235658,601.0814740521236
7,1152.803208149978,701.15280320815
6,1142.7760316065974,601.1427760316066
5,1196.327611897709,501.1963276118977
