num_vehicles,distance,fitness
5,1156.9680017061987,501.1569680017062
5,1022.3564395810514,501.0223564395811
5,915.4403641240048,500.915440364124
4,1108.5911081420466,401.10859110814204
6,1370.7663513175153,601.3707663513176
6,1110.2682775837475,601.1102682775837
5,1127.1125606369358,501.12711256063693
5,895.5408897658917,500.89554088976587
6,1152.4041313281439,601.1524041313281
5,1093.1454190758461,501.0931454190758
5,1067.3682588388551,501.0673682588389
6,1222.5384286500987,601.2225384286501
5,1257.0531691412382,501.2570531691412
5,1069.067091245315,501.0690670912453
5,1209.0181380445636,501.20901813804454
5,1080.671627919772,501.0806716279198
5,1287.6594718239269,501.28765947182393
5,1271.9148744376957,501.2719148744377
5,1079.25716050384,501.07925716050386
5,1171.8304331891288,501.17183043318914
