num_vehicles,distance,fitness,time
4.0,425.26852495439266,4.998503019711895,188.23027515411377
