num_vehicles,distance,fitness
6,447.6452532027363,600.4476452532027
8,504.76127540007496,800.5047612754
8,628.7178957960941,800.6287178957961
8,664.6428610904492,800.6646428610904
8,665.539421186415,800.6655394211864
7,592.2988912180319,700.592298891218
8,668.6158061978288,800.6686158061979
9,654.6521509671808,900.6546521509672
10,752.7540573987272,1000.7527540573988
8,621.0312784871749,800.6210312784872
9,672.3671894756028,900.6723671894756
9,700.1574650875368,900.7001574650875
10,729.6629005895498,1000.7296629005896
11,700.4081331530235,1100.7004081331531
10,766.9502771954336,1000.7669502771954
9,628.6867912097553,900.6286867912097
9,666.2184847935353,900.6662184847935
10,722.4825901011973,1000.7224825901012
8,546.6849871288027,800.5466849871289
8,618.5338310888625,800.6185338310888
