num_vehicles,distance,fitness
7,495.26436520284466,700.4952643652028
6,477.7462858897667,600.4777462858898
7,546.0757687060168,700.546075768706
6,531.9323873177474,600.5319323873177
7,552.9966603218675,700.5529966603219
7,564.2840940995792,700.5642840940995
7,558.2071034656896,700.5582071034656
7,529.5452959280227,700.5295452959281
7,664.4641115443027,700.6644641115442
7,696.7681796887413,700.6967681796888
7,606.422145193447,700.6064221451934
8,767.0773738414143,800.7670773738414
7,639.8505872483881,700.6398505872484
8,609.9399631364599,800.6099399631364
8,652.6510338424968,800.6526510338425
8,681.1336571643176,800.6811336571643
8,721.2724025134772,800.7212724025135
9,724.0606315021525,900.7240606315022
7,561.9050939943875,700.5619050939944
8,745.1484375373007,800.7451484375373
