num_vehicles,distance,fitness
7,512.2931205274929,700.5122931205275
6,509.59607498404466,600.5095960749841
7,569.7198897077549,700.5697198897077
7,595.5994264703089,700.5955994264704
7,629.8856157962588,700.6298856157963
7,546.7545367889745,700.546754536789
8,708.6313130623104,800.7086313130623
7,572.3107247080322,700.572310724708
7,704.3791482309591,700.7043791482309
7,614.2021462475515,700.6142021462475
7,715.7525228144,700.7157525228145
7,687.5790339931785,700.6875790339932
7,753.8019612475581,700.7538019612475
8,677.654025081307,800.6776540250813
7,611.970673709824,700.6119706737098
7,682.9224033487922,700.6829224033488
7,646.3012463079143,700.6463012463079
7,636.1391554982662,700.6361391554983
7,636.4130017313109,700.6364130017313
7,668.1079960169319,700.6681079960169
