num_vehicles,distance,fitness
7,658.8124637298049,700.6588124637298
9,604.2905555004658,900.6042905555005
8,716.0943252710967,800.7160943252711
8,616.6257266237307,800.6166257266237
9,634.0465816149299,900.6340465816149
9,650.723034768748,900.6507230347687
9,665.160409528365,900.6651604095283
10,628.9820913829907,1000.628982091383
9,626.8641720353785,900.6268641720354
9,657.1502003369828,900.657150200337
10,707.9434430378883,1000.7079434430378
10,690.5718846611555,1000.6905718846612
11,748.1252925197343,1100.7481252925197
10,730.9200136579932,1000.730920013658
9,719.9009265725393,900.7199009265726
10,752.741324535233,1000.7527413245352
8,724.2919993799356,800.72429199938
8,642.4925526564735,800.6424925526564
9,637.1396946134405,900.6371396946134
10,745.1197285065248,1000.7451197285066
