num_vehicles,distance,fitness
8,516.3387731186642,800.5163387731187
8,509.1060057154109,800.5091060057155
9,674.5658203743085,900.6745658203743
9,600.5868092247263,900.6005868092248
9,501.08382973708615,900.5010838297371
9,586.1687708397734,900.5861687708398
11,727.5282691654293,1100.7275282691655
11,716.6126298382455,1100.7166126298382
11,659.4078655149772,1100.659407865515
11,662.162650185951,1100.662162650186
10,639.6461716509197,1000.639646171651
10,688.1587444221383,1000.6881587444221
11,734.2754654938324,1100.7342754654937
13,736.725567887772,1300.7367255678878
11,784.374722166358,1100.7843747221664
10,665.862278680111,1000.6658622786802
11,795.4269263996748,1100.7954269263996
10,686.1561162075607,1000.6861561162076
11,691.6399897390894,1100.691639989739
11,684.4472042945778,1100.6844472042947
