num_vehicles,distance,fitness
7,664.5333586844342,700.6645333586845
8,623.3681428720099,800.623368142872
7,522.6304030786422,700.5226304030787
8,652.4869164446108,800.6524869164446
7,557.7785799218524,700.5577785799219
8,573.7190798955903,800.5737190798956
8,646.4489120551439,800.6464489120551
8,696.6895609995427,800.6966895609995
8,727.9616796925654,800.7279616796926
8,602.1230019092224,800.6021230019093
8,693.9053014047084,800.6939053014047
8,571.5182054775577,800.5715182054776
8,639.1982502041523,800.6391982502041
9,662.0001484808834,900.6620001484808
8,646.0828937107312,800.6460828937107
8,622.2215934467719,800.6222215934467
8,716.8474004447438,800.7168474004447
8,641.5422047917367,800.6415422047918
7,659.9995566747457,700.6599995566747
7,645.130650425689,700.6451306504257
