num_vehicles,distance,fitness
5,512.8102709016586,500.51281027090164
4,576.380553531417,400.5763805535314
5,500.63207729826127,500.50063207729823
5,619.8567962603987,500.6198567962604
6,711.5589925148995,600.7115589925149
5,564.7586195491083,500.5647586195491
6,596.9862071690651,600.596986207169
8,735.267688472979,800.735267688473
8,754.6811295281769,800.7546811295282
6,682.73258585127,600.6827325858512
7,602.031350485219,700.6020313504852
7,739.2021680432509,700.7392021680432
7,646.8394015259429,700.646839401526
8,715.6791101814296,800.7156791101814
9,785.0320511631336,900.7850320511632
6,671.0125875101127,600.6710125875101
7,670.3812761500482,700.67038127615
10,764.9736203242322,1000.7649736203242
8,785.5646032115117,800.7855646032115
8,839.2771597110909,800.8392771597111
