num_vehicles,distance,fitness
5,555.9485643976219,500.5559485643976
5,552.1951455038673,500.55219514550384
5,597.1732152473854,500.5971732152474
5,606.4398472999172,500.6064398472999
5,512.0145285124922,500.5120145285125
6,783.4008310023871,600.7834008310024
6,764.8582584114255,600.7648582584114
7,852.6470490100654,700.8526470490101
7,756.7156052146452,700.7567156052146
7,873.3097608238581,700.8733097608239
6,675.5041218393524,600.6755041218394
7,791.7864796575428,700.7917864796575
6,706.3865609961325,600.7063865609962
5,771.1385477279964,500.771138547728
8,766.298501389569,800.7662985013895
6,760.4855111370443,600.7604855111371
8,768.5495829526626,800.7685495829527
6,778.7560567573207,600.7787560567573
8,804.5757116456521,800.8045757116456
6,656.3946613698033,600.6563946613699
