num_vehicles,distance,fitness
5,534.3361221591722,500.5343361221592
5,635.7311590346288,500.6357311590346
5,570.0168514438706,500.5700168514439
5,636.9082969955688,500.63690829699556
5,563.5566597538502,500.56355665975383
5,789.0442245892903,500.7890442245893
5,685.7081158813062,500.6857081158813
6,805.6739506284293,600.8056739506284
6,745.2255394818808,600.7452255394819
5,794.8362685560486,500.794836268556
6,689.446184005935,600.689446184006
6,789.5128303462169,600.7895128303462
5,696.9522168561662,500.6969522168562
5,715.3942499228274,500.71539424992284
6,737.0381962836419,600.7370381962836
5,764.2172301294164,500.7642172301294
6,770.007351486039,600.770007351486
6,722.2299503505999,600.7222299503507
6,777.7134149241858,600.7777134149242
5,644.9767612007709,500.6449767612008
