num_vehicles,distance,fitness
5,492.8496652239143,500.4928496652239
5,506.6227947610209,500.50662279476103
6,509.0208303964721,600.5090208303965
6,591.6091672673828,600.5916091672674
6,584.5472429334403,600.5845472429335
6,607.5925167798398,600.6075925167798
6,539.6160390059348,600.539616039006
7,653.7337620902426,700.6537337620903
8,693.2729850751206,800.6932729850752
7,709.130995717819,700.7091309957178
6,561.1341731522831,600.5611341731523
5,539.9670245365302,500.5399670245365
8,690.0087714922322,800.6900087714922
6,704.0493367050796,600.7040493367051
7,638.4232027027467,700.6384232027027
7,639.4071530378067,700.6394071530378
8,640.7225779329332,800.6407225779329
6,623.9496546651316,600.6239496546651
6,600.293183588072,600.6002931835881
7,620.085583408141,700.6200855834081
