num_vehicles,distance,fitness
5,466.50342106065915,500.4665034210607
5,562.5794303714656,500.56257943037144
5,475.46921234564365,500.4754692123456
6,453.78915115999007,600.45378915116
5,443.5343628053231,500.44353436280534
6,563.0876424419232,600.5630876424419
6,645.1691210516894,600.6451691210517
6,645.2949556619093,600.6452949556619
6,592.1971967598784,600.5921971967599
6,597.142485211729,600.5971424852117
6,618.1343167017474,600.6181343167018
6,573.6370124646971,600.5736370124647
6,721.1882535263294,600.7211882535263
5,600.7371210842241,500.60073712108425
6,639.1415869739913,600.639141586974
6,669.9222128716597,600.6699222128717
5,549.3547540997488,500.54935475409974
6,675.1544079299956,600.67515440793
7,741.1156926883589,700.7411156926884
7,643.5302210450764,700.6435302210451
