num_vehicles,distance,fitness
5,492.8496652239143,500.4928496652239
6,526.8504654615465,600.5268504654615
6,497.7063905734941,600.4977063905735
6,504.37431746572554,600.5043743174657
6,605.4985015551009,600.6054985015551
6,501.64988480594513,600.5016498848059
5,479.27644349442545,500.4792764434944
5,436.88357634228913,500.43688357634227
5,596.7644498806234,500.5967644498806
6,525.7917784505601,600.5257917784505
5,485.1047366052477,500.48510473660525
6,589.1116009512131,600.5891116009512
6,600.3995575078943,600.6003995575079
6,658.9223475844567,600.6589223475845
5,624.5946535755286,500.6245946535755
6,565.8201930197376,600.5658201930197
7,643.0108610455402,700.6430108610456
6,652.1329397873801,600.6521329397874
7,631.7106703398559,700.6317106703399
6,662.6601505147273,600.6626601505147
