num_vehicles,distance,fitness
8,800.9792222618502,800.8009792222618
12,874.109937840648,1200.8741099378406
11,824.2980357945403,1100.8242980357945
15,973.8290832885926,1500.9738290832886
10,753.6166024656366,1000.7536166024656
12,838.6337733130206,1200.838633773313
13,882.1486055785789,1300.8821486055785
12,839.7902950291286,1200.8397902950292
14,979.8523138746467,1400.9798523138747
15,1023.1410853382275,1501.0231410853382
13,1049.826399683735,1301.0498263996838
17,1012.7388454635174,1701.0127388454634
14,1017.5982129059774,1401.017598212906
15,1092.9483786715746,1501.0929483786715
15,1012.5309090563239,1501.0125309090563
15,974.6334548988845,1500.9746334548988
15,1058.3165702451513,1501.058316570245
16,1014.9310437253841,1601.0149310437255
15,946.7586510189344,1500.9467586510189
15,970.5385067467888,1500.9705385067468
