num_vehicles,distance,fitness
7,743.2970155147732,700.7432970155148
7,685.6804372813697,700.6856804372813
7,768.2467686793818,700.7682467686794
7,790.8928446102769,700.7908928446103
7,858.4866093072045,700.8584866093072
10,921.9738650294894,1000.9219738650295
9,938.0004889788797,900.9380004889789
11,1055.8201502393085,1101.0558201502392
8,858.4155894653538,800.8584155894654
9,970.0637567303736,900.9700637567304
11,965.9101662121079,1100.965910166212
11,878.8947094311209,1100.878894709431
8,868.5659787778968,800.868565978778
11,965.9505445087043,1100.9659505445088
9,914.8491803582068,900.9148491803583
9,852.273273635976,900.852273273636
8,881.7454651624529,800.8817454651625
9,997.3535576957512,900.9973535576958
11,995.9704965959652,1100.9959704965959
9,902.0762573643678,900.9020762573643
