num_vehicles,distance,fitness
7,847.9959707224298,700.8479959707224
6,826.723092565685,600.8267230925657
6,812.7904018143398,600.8127904018144
6,810.4210000461769,600.8104210000462
7,882.9837741359956,700.882983774136
7,870.6704383238269,700.8706704383238
8,982.2522584508769,800.9822522584509
9,943.3587401079402,900.9433587401079
8,940.6333887644353,800.9406333887645
9,1002.1110014286605,901.0021110014287
9,856.3367895406298,900.8563367895406
7,915.6072594764556,700.9156072594765
8,868.906712465332,800.8689067124653
7,848.1276952980354,700.848127695298
8,913.4380915744455,800.9134380915744
10,977.9318608506136,1000.9779318608506
9,966.9971541655,900.9669971541655
8,989.356994527523,800.9893569945275
9,1000.849395966777,901.0008493959667
8,967.0955897373987,800.9670955897374
