num_vehicles,distance,fitness
7,864.4833286468569,700.8644833286469
13,956.8095420650656,1300.956809542065
8,733.0446641745682,800.7330446641746
7,878.9579974915266,700.8789579974915
9,788.9758894141975,900.7889758894142
12,905.7024237269435,1200.905702423727
10,812.9136363647881,1000.8129136363648
10,865.6675145919147,1000.8656675145919
10,793.7315441518739,1000.7937315441519
11,869.2930897396625,1100.8692930897396
10,838.1035064581206,1000.8381035064581
10,861.9362365899188,1000.8619362365899
12,1047.1262857191257,1201.047126285719
12,905.9022427232318,1200.9059022427232
12,963.3373355310099,1200.963337335531
11,945.6185048935894,1100.9456185048937
12,974.1403829822768,1200.9741403829823
13,1066.0334806413,1301.0660334806414
14,1021.7774535890617,1401.021777453589
11,945.5776076746795,1100.9455776076747
