num_vehicles,distance,fitness
7,818.2437983267619,700.8182437983268
6,856.2384791206701,600.8562384791206
7,785.7645224677714,700.7857645224677
6,819.4804571504253,600.8194804571505
6,788.2223941892851,600.7882223941892
9,921.1558309612863,900.9211558309613
11,1018.4947738609134,1101.018494773861
10,1015.9554367024951,1001.0159554367025
8,842.9487251414238,800.8429487251415
9,934.6639423050968,900.9346639423051
9,914.5083801866018,900.9145083801866
9,963.664710265903,900.9636647102659
9,1023.0440822860866,901.0230440822861
8,906.6882709558121,800.9066882709558
10,946.8705834940166,1000.946870583494
9,995.0316123162131,900.9950316123162
9,933.8651410194027,900.9338651410194
8,894.9646891608824,800.8949646891609
10,984.8493381563868,1000.9848493381564
9,970.7901121079103,900.9707901121079
