num_vehicles,distance,fitness
7,875.9048735512156,700.8759048735512
7,823.0162925649937,700.823016292565
6,911.9513589553433,600.9119513589553
7,826.3467865428632,700.8263467865429
7,806.8475899189998,700.806847589919
6,846.6643337808097,600.8466643337808
7,889.7178527855945,700.8897178527856
7,984.8593776400453,700.9848593776401
8,867.8673001474455,800.8678673001474
8,883.8557285879592,800.883855728588
9,968.2038404543745,900.9682038404544
7,913.4649927991844,700.9134649927992
8,888.8005397411317,800.8888005397412
9,1007.2228181450512,901.007222818145
8,981.2641398103767,800.9812641398104
8,961.9400361034382,800.9619400361034
9,1024.7713771751762,901.0247713771752
8,994.7693878772272,800.9947693878772
9,977.409290448486,900.9774092904485
7,843.1202099074286,700.8431202099074
