num_vehicles,distance,fitness
6,840.3646523098904,600.8403646523099
6,750.3452092173202,600.7503452092174
6,712.8171533723605,600.7128171533724
6,781.000487069743,600.7810004870697
7,873.8574250656488,700.8738574250657
6,798.8699867499661,600.79886998675
7,845.5245866867261,700.8455245866867
6,752.7848581146633,600.7527848581146
7,866.4728141225454,700.8664728141225
7,926.6435263826643,700.9266435263827
7,831.7551025622954,700.8317551025623
7,975.005111313664,700.9750051113136
7,878.5484520763922,700.8785484520764
7,938.3897326159502,700.938389732616
7,864.1027730127676,700.8641027730127
7,900.9979736387911,700.9009979736388
6,825.5797812239541,600.825579781224
7,964.7186326295415,700.9647186326296
6,771.7652441414871,600.7717652441415
7,909.6107631156556,700.9096107631157
