num_vehicles,distance,fitness
4,848.564939599413,400.84856493959944
4,858.4644619490955,400.8584644619491
6,833.8553609076359,600.8338553609076
4,951.8953277206225,400.95189532772065
4,879.9045192462742,400.8799045192463
5,961.4606716190754,500.9614606716191
5,868.0168582195882,500.86801685821956
6,955.0774245981288,600.9550774245981
5,950.2588926977419,500.9502588926977
8,869.6631480745212,800.8696631480746
6,912.8754525155994,600.9128754525156
6,1019.7349605992758,601.0197349605993
5,1052.2963946629873,501.05229639466296
7,984.9948072082526,700.9849948072083
7,971.3417775418849,700.9713417775419
7,1071.5784028548728,701.0715784028549
7,955.0190305427863,700.9550190305428
6,974.5630890489433,600.974563089049
7,1029.0090699803072,701.0290090699804
6,995.0097305799669,600.99500973058
