num_vehicles,distance,fitness
4,1071.3637846072347,401.07136378460723
4,965.1580668744964,400.9651580668745
4,973.387881891184,400.9733878818912
4,998.9204966612083,400.9989204966612
5,963.2146198295841,500.96321461982956
4,999.3115243830082,400.999311524383
4,988.1299282120846,400.98812992821206
5,873.171161952519,500.87317116195254
5,989.9304833794376,500.98993048337945
6,997.9896997006844,600.9979896997007
5,957.1242395791918,500.9571242395792
5,873.5727605887014,500.87357276058873
5,908.9569340438665,500.9089569340439
5,885.9892410627216,500.8859892410627
6,962.0318353705412,600.9620318353706
5,964.305441469901,500.9643054414699
5,1065.4113322695293,501.06541133226955
5,924.2675953077041,500.9242675953077
5,928.001946091217,500.92800194609123
7,942.5686161353569,700.9425686161353
