num_vehicles,distance,fitness
4,887.2260787198006,400.8872260787198
4,766.5123892200652,400.76651238922005
5,911.517504934872,500.91151750493486
5,874.2818820529146,500.8742818820529
5,910.7084482937655,500.91070844829375
5,974.7677182595289,500.97476771825956
4,922.377943021643,400.9223779430216
4,919.2294790905836,400.9192294790906
5,795.1098740119614,500.795109874012
5,856.3242240868251,500.85632422408685
5,1020.9082592047324,501.02090825920476
5,871.5019977321728,500.8715019977322
5,846.7347291725315,500.8467347291725
5,963.2112455298746,500.96321124552986
5,945.4087452517592,500.94540874525177
4,932.8959171299969,400.93289591713
5,959.2390073173397,500.95923900731736
5,968.4070944480325,500.968407094448
5,883.8368329785151,500.8838368329785
5,778.9882831818097,500.77898828318183
