num_vehicles,distance,fitness
4,1099.2379083158141,401.0992379083158
4,951.4087122614029,400.9514087122614
4,911.2778379828953,400.9112778379829
4,1025.700336889018,401.02570033688903
4,952.5899993998139,400.95258999939983
4,923.7603964342791,400.92376039643426
4,1040.6878510441738,401.0406878510442
4,994.8491936402689,400.9948491936403
4,863.8519966932838,400.86385199669326
4,869.8251841347187,400.8698251841347
4,972.4618245907941,400.97246182459077
5,887.386578767894,500.8873865787679
5,907.0059698226955,500.9070059698227
5,905.2018164973571,500.90520181649737
5,966.1300734725188,500.9661300734725
4,869.4299373137488,400.8694299373137
5,891.6523337814298,500.89165233378145
5,856.2409350433816,500.8562409350434
4,901.9017898213233,400.9019017898213
5,999.5188432882943,500.9995188432883
