num_vehicles,distance,fitness
4,990.4776981132496,400.99047769811324
4,861.1562491006754,400.8611562491007
4,929.335221234284,400.9293352212343
4,1091.648218883464,401.09164821888345
4,1029.3459857388586,401.02934598573887
4,1007.1146164333348,401.00711461643334
4,990.6983976645722,400.9906983976646
4,891.5030116967873,400.8915030116968
5,914.7599868659318,500.91475998686593
4,851.6383536883884,400.8516383536884
5,962.2543176655688,500.96225431766555
4,954.6782029561599,400.9546782029562
5,1000.462381199197,501.0004623811992
4,950.5287402568199,400.9505287402568
4,986.1854919592744,400.98618549195925
4,944.6056654112009,400.9446056654112
5,989.7929303568482,500.9897929303568
5,900.1888526014221,500.90018885260145
4,827.0404596530495,400.82704045965306
4,961.0947058471966,400.9610947058472
