num_vehicles,distance,fitness
4,954.4951724086313,400.95449517240866
4,846.99072207281,400.8469907220728
4,789.6598737209778,400.78965987372095
4,911.6450033505114,400.9116450033505
4,910.7594303124553,400.91075943031245
4,926.0757073146438,400.9260757073146
4,908.8960043044152,400.90889600430444
4,917.9720183290093,400.917972018329
4,814.4897106671327,400.81448971066715
4,921.2620838514982,400.9212620838515
5,928.215656491572,500.92821565649155
5,878.3822556453091,500.8783822556453
5,915.2453040479168,500.9152453040479
5,861.0722173671187,500.8610722173671
5,896.0767746802911,500.8960767746803
4,892.6253907011562,400.89262539070114
5,900.9699101560079,500.900969910156
5,1006.7488336532517,501.00674883365326
5,1005.3525419508022,501.0053525419508
5,973.0365305001703,500.97303653050017
