num_vehicles,distance,fitness
4,918.9340678700514,400.91893406787005
5,878.5673834252286,500.8785673834252
6,940.0145223025586,600.9400145223026
4,852.2347241929577,400.85223472419295
4,908.4288558491512,400.90842885584914
4,930.8038541431736,400.93080385414316
5,1027.166186290265,501.0271661862903
6,967.8382065181831,600.9678382065182
5,892.5860110327194,500.89258601103273
5,988.783867068235,500.9887838670682
5,954.5006769108686,500.95450067691087
7,974.1336748249108,700.9741336748249
6,999.3005063513583,600.9993005063513
4,883.8664962726101,400.8838664962726
6,1004.3270936243757,601.0043270936244
5,961.446287082292,500.9614462870823
6,918.7787574292893,600.9187787574293
5,1023.816013558804,501.0238160135588
5,890.6694547783969,500.8906694547784
6,896.3905779540332,600.896390577954
