num_vehicles,distance,fitness
4,877.1580260263885,400.8771580260264
4,955.5695405026152,400.9555695405026
4,914.2198116270905,400.9142198116271
4,889.9622396855304,400.88996223968553
4,861.5292312228963,400.8615292312229
5,975.0131876662119,500.9750131876662
5,948.3458769913792,500.94834587699137
4,867.7758702662543,400.86777587026626
4,916.4707635484643,400.9164707635485
4,915.4958169723757,400.9154958169724
4,972.4113496979221,400.97241134969795
4,993.782409515299,400.9937824095153
5,989.1517159098387,500.9891517159098
4,942.6513083662906,400.9426513083663
4,963.1604439297694,400.9631604439298
4,954.7712163827473,400.95477121638277
4,974.7037811890475,400.974703781189
5,922.7080362404095,500.9227080362404
5,885.5033219948571,500.88550332199486
4,839.1057026475077,400.8391057026475
