num_vehicles,distance,fitness
8,962.0780328369437,800.962078032837
8,862.4845586523975,800.8624845586523
8,767.2737029584466,800.7672737029584
9,923.3486367514131,900.9233486367514
9,1255.7165162189654,901.255716516219
8,984.7302080441224,800.9847302080441
9,1080.4789319443855,901.0804789319444
9,1164.6291376332747,901.1646291376333
9,1128.5122892912832,901.1285122892913
8,1021.1713173928449,801.0211713173928
10,1142.7417612873562,1001.1427417612873
9,1062.3999199168704,901.0623999199169
9,994.1386148031709,900.9941386148032
8,1030.7393074496988,801.0307393074497
9,1073.732849275332,901.0737328492753
9,1043.3184893686077,901.0433184893686
10,1133.2620294807778,1001.1332620294808
8,895.6054041569232,800.8956054041569
8,887.2029636092439,800.8872029636093
9,1048.6799491245729,901.0486799491246
