num_vehicles,distance,fitness
7,792.558481332472,700.7925584813324
8,1031.7343750466566,801.0317343750467
7,915.1981720646859,700.9151981720647
7,823.7679841104258,700.8237679841104
7,938.1459872152751,700.9381459872153
12,1136.7366998195673,1201.1367366998195
9,1168.100280381901,901.1681002803819
10,1171.1817391675745,1001.1711817391675
10,1288.15654824838,1001.2881565482484
8,1045.679730922111,801.0456797309221
11,1197.5983747601495,1101.1975983747602
9,1084.0796798690428,901.0840796798691
10,1431.9689104457036,1001.4319689104457
8,1038.4330265888075,801.0384330265888
9,1053.1013261064916,901.0531013261065
8,1141.7726385210995,801.141772638521
7,1069.070496236393,701.0690704962363
8,1008.5432125151626,801.0085432125152
10,1263.9133632261478,1001.2639133632262
8,1038.6030774548794,801.0386030774549
