num_vehicles,distance,fitness
8,894.5607712993112,800.8945607712993
9,887.2069415021019,900.8872069415021
8,780.1239741913923,800.7801239741914
9,930.1536765927672,900.9301536765928
9,859.3936203961995,900.8593936203962
9,856.8141548676365,900.8568141548676
10,981.6938007784549,1000.9816938007784
12,1088.7970471951194,1201.0887970471952
12,1118.6242209621155,1201.1186242209621
10,890.0361824696728,1000.8900361824697
10,937.2263842071801,1000.9372263842072
9,889.9149703893097,900.8899149703893
10,1044.6565215093415,1001.0446565215093
11,1138.311768904366,1101.1383117689043
11,1099.1379723238636,1101.099137972324
10,1150.7681557753476,1001.1507681557754
11,1073.2661639849357,1101.073266163985
12,1132.4363656881394,1201.1324363656881
13,1230.4144982676132,1301.2304144982677
12,1101.1867324114828,1201.1011867324114
