num_vehicles,distance,fitness
5,1206.7227033268164,501.2067227033268
7,1251.5947927783075,701.2515947927783
6,1253.4627691988642,601.2534627691989
6,1227.854601588643,601.2278546015887
7,1301.2770294894863,701.3012770294895
7,1200.5782001203033,701.2005782001203
6,1194.4060968662027,601.1944060968661
9,1261.516273466235,901.2615162734662
7,1222.055974119128,701.2220559741191
7,1139.2019969024454,701.1392019969024
7,1122.6636063390968,701.1226636063391
7,1193.7555331281935,701.1937555331282
7,1322.9275434266804,701.3229275434267
7,1211.8139651627862,701.2118139651628
7,1162.3885316975945,701.1623885316976
8,1458.8024216407082,801.4588024216407
7,1346.7448000596837,701.3467448000597
8,1154.0727935613152,801.1540727935613
6,1289.4034800199274,601.2894034800199
8,1188.9142470012266,801.1889142470012
