num_vehicles,distance,fitness
5,1310.0844333327757,501.3100844333328
5,1145.4383661846387,501.14543836618464
5,1235.0319298818165,501.2350319298818
5,1061.07874882667,501.0610787488267
4,1121.284552600287,401.1212845526003
6,1166.0187653228063,601.1660187653229
6,992.7517890347121,600.9927517890347
5,1079.1841942523238,501.0791841942523
5,1219.7448110194678,501.2197448110195
6,1204.9309015928443,601.2049309015929
5,1097.7069386855333,501.0977069386855
5,1091.1744845536118,501.0911744845536
5,1248.9473321396265,501.2489473321396
5,1070.507196014141,501.07050719601415
5,987.5429994420031,500.987542999442
5,1277.7920321154415,501.2777920321154
5,1075.5888682379205,501.0755888682379
6,1227.5348595653832,601.2275348595654
5,1232.1581493325732,501.2321581493326
6,1115.009497282972,601.1150094972829
