num_vehicles,distance,fitness,time
1.0,329.33350105481446,100.32933350105482,371.13624262809753
