num_vehicles,distance,fitness,time
1.0,329.33350105481446,100.32933350105482,371.13624262809753
1.0,329.33350105481446,100.32933350105482,356.12504267692566
1.0,330.4608312604075,100.33046083126041,362.22528862953186
1.0,329.33350105481446,100.32933350105482,371.357008934021
