num_vehicles,distance,fitness,time
4.0,482.573615242341,400.48257361524236,283.1001899242401
