num_vehicles,distance,fitness,time
4.0,483.4928419691548,400.48349284196917,279.86345076560974
4.0,482.573615242341,400.48257361524236,283.1001899242401
5.0,446.5700955838461,500.44657009558387,285.00673818588257
4.0,482.5736152423411,400.48257361524236,283.6714961528778
