num_vehicles,distance,fitness
6,447.6452532027363,600.4476452532027
8,608.0615559437258,800.6080615559438
7,546.9181500580987,700.5469181500581
6,529.600586226982,600.5296005862269
8,663.2914797923963,800.6632914797924
8,590.4841186288006,800.5904841186288
6,426.3143661417028,600.4263143661417
7,563.370216408997,700.563370216409
7,560.2703108934529,700.5602703108934
7,529.4720354090684,700.5294720354091
9,660.5318226854979,900.6605318226855
9,742.0524145287347,900.7420524145288
8,675.7336234719301,800.675733623472
7,636.5325565985114,700.6365325565985
11,757.9594984036771,1100.7579594984036
8,655.3305045509634,800.655330504551
8,601.1165015659935,800.601116501566
7,699.1670795743687,700.6991670795744
7,662.3640396101507,700.6623640396101
10,702.1713601737815,1000.7021713601738
