num_vehicles,distance,fitness
7,495.26436520284466,700.4952643652028
7,550.2966731868473,700.5502966731868
6,508.47215228480724,600.5084721522848
8,650.9210360876818,800.6509210360877
7,615.3101416270142,700.615310141627
6,560.9782622197165,600.5609782622197
7,653.5816387403067,700.6535816387403
7,523.0417373608221,700.5230417373608
6,508.10040115379144,600.5081004011538
8,731.2621521579147,800.7312621521579
8,691.8287179264321,800.6918287179265
8,669.4006426613704,800.6694006426613
7,663.6842046611798,700.6636842046612
7,700.5626670125775,700.7005626670126
7,562.7672246191405,700.5627672246192
8,618.3707973171284,800.6183707973171
9,655.8783593736454,900.6558783593737
7,718.5336944992383,700.7185336944992
7,613.7833046585198,700.6137833046586
7,580.3313463867371,700.5803313463867
