num_vehicles,distance,fitness
8,516.3387731186642,800.5163387731187
7,531.5255228015774,700.5315255228015
9,600.8426449689986,900.600842644969
8,572.8280275442035,800.5728280275442
9,664.1422187208466,900.6641422187208
8,552.4939322745912,800.5524939322746
11,631.3029204335714,1100.6313029204337
8,631.5267223610383,800.6315267223611
9,567.32290967651,900.5673229096765
8,680.0109950021732,800.6800109950021
9,671.1237301731626,900.6711237301731
9,645.1722817334776,900.6451722817335
12,748.2309534596507,1200.7482309534596
9,683.7014548489639,900.6837014548489
11,614.5566422511287,1100.614556642251
11,810.5088080751367,1100.8105088080752
13,794.2715353280842,1300.794271535328
11,782.0038464319384,1100.782003846432
10,716.0287207959992,1000.716028720796
10,689.0499634926218,1000.6890499634926
