num_vehicles,distance,fitness
7,664.5333586844342,700.6645333586845
7,560.1046017411585,700.5601046017412
9,679.9957250360477,900.6799957250361
7,628.519969194376,700.6285199691944
8,652.3428261714267,800.6523428261714
7,547.4694888989136,700.547469488899
8,556.3826795050504,800.5563826795051
8,599.0654551379547,800.599065455138
8,650.2514056265405,800.6502514056266
9,741.4602673214638,900.7414602673215
8,676.3133055468551,800.6763133055468
8,704.9824757915275,800.7049824757916
9,694.8130141026205,900.6948130141026
8,693.4709150856496,800.6934709150856
7,595.6029435187307,700.5956029435188
8,644.4979705230654,800.644497970523
7,642.0684908016481,700.6420684908016
8,645.0280476011073,800.6450280476012
8,526.0318477959739,800.5260318477959
9,734.8855655584402,900.7348855655584
