num_vehicles,distance,fitness
7,636.8199997144283,700.6368199997145
7,603.8453483208141,700.6038453483208
7,636.4497954164865,700.6364497954165
7,585.0838159412806,700.5850838159413
7,703.1934272105084,700.7031934272105
7,686.470074712989,700.686470074713
7,558.651215640324,700.5586512156403
7,718.9522727948901,700.7189522727949
8,631.2504613403107,800.6312504613403
7,648.1124950441846,700.6481124950442
7,605.515501529575,700.6055155015296
8,583.0174417448292,800.5830174417448
7,680.8062229035982,700.6808062229036
7,669.8216019792991,700.6698216019793
7,569.8591021880238,700.569859102188
7,710.0355491976852,700.7100355491976
7,703.6070989121367,700.7036070989121
7,714.7667740122461,700.7147667740122
7,637.2217563173867,700.6372217563173
7,659.164272921981,700.659164272922
