num_vehicles,distance,fitness
5,512.8102709016586,500.51281027090164
5,534.2751687528032,500.5342751687528
5,553.8368110644687,500.55383681106446
5,564.9270844417531,500.56492708444176
5,565.0851330888642,500.56508513308887
5,547.4022991963608,500.54740229919634
5,577.4913696529,500.5774913696529
5,543.336291766438,500.5433362917664
8,740.2707471488777,800.7402707471489
7,692.8789951834134,700.6928789951834
7,683.9250563810127,700.683925056381
7,777.2892451593872,700.7772892451594
7,691.0455802603769,700.6910455802604
7,711.2185234257038,700.7112185234257
9,746.598769799677,900.7465987697997
7,665.85959343706,700.6658595934371
7,682.1902821064284,700.6821902821064
7,677.6818476244199,700.6776818476244
8,751.0356868035045,800.7510356868034
8,661.9036550646725,800.6619036550646
