num_vehicles,distance,fitness
5,534.3361221591722,500.5343361221592
5,544.6526083282531,500.54465260832825
5,586.827366362483,500.58682736636246
5,605.7698130360259,500.60576981303603
5,627.3839559406963,500.6273839559407
5,617.5478801294678,500.61754788012945
6,760.1010626905639,600.7601010626905
6,767.9422821033036,600.7679422821033
4,719.2601316109055,400.7192601316109
6,737.5316964110641,600.7375316964111
5,663.5121792855741,500.6635121792856
5,769.1823308905657,500.76918233089054
7,836.4838767022666,700.8364838767022
5,711.4475070115034,500.7114475070115
5,650.7157932044086,500.6507157932044
5,651.3681048898769,500.65136810488985
6,752.3099706211829,600.7523099706211
6,870.7346495351964,600.8707346495352
5,716.7675800184193,500.7167675800184
6,745.94718223821,600.7459471822382
