num_vehicles,distance,fitness
5,492.8496652239143,500.4928496652239
5,556.1124006416676,500.55611240064167
5,510.8301086182122,500.5108301086182
6,479.45819869253364,600.4794581986926
5,458.6073417800898,500.45860734178007
5,498.51955851727604,500.4985195585173
6,591.0854136099293,600.5910854136099
6,602.1557585764319,600.6021557585765
6,638.0028923564377,600.6380028923564
7,577.6470875108542,700.5776470875109
6,661.4684690581214,600.6614684690581
8,671.0312992789769,800.671031299279
6,694.889655304047,600.694889655304
6,597.2384401644673,600.5972384401645
6,652.4060756524495,600.6524060756525
7,611.2390779970377,700.6112390779971
9,708.5852870099836,900.70858528701
6,602.4542000497107,600.6024542000497
7,620.4699094470888,700.6204699094471
7,643.6412867464488,700.6436412867464
