num_vehicles,distance,fitness
8,800.9792222618502,800.8009792222618
12,895.0733192495165,1200.8950733192496
12,870.368206475465,1200.8703682064754
12,882.0079859849677,1200.882007985985
15,961.1248973548373,1500.961124897355
11,882.672997091433,1100.8826729970915
13,898.8447889825328,1300.8988447889826
12,847.8369737287355,1200.8478369737288
16,977.9414459612775,1600.9779414459613
16,1006.4330109882524,1601.0064330109883
14,956.5788961395517,1400.9565788961395
13,1072.172191298639,1301.0721721912987
14,986.718194571271,1400.9867181945713
15,1002.84699109544,1501.0028469910953
13,918.7745442488803,1300.918774544249
14,943.2932546702334,1400.9432932546702
14,928.9736972915932,1400.9289736972917
13,989.6662647122636,1300.9896662647122
16,1060.3848959049349,1601.060384895905
13,915.4523512259273,1300.915452351226
