num_vehicles,distance,fitness
7,864.4833286468569,700.8644833286469
7,709.9976622061732,700.7099976622062
8,799.4429045854893,800.7994429045855
10,813.4913599865957,1000.8134913599866
9,786.8455184792329,900.7868455184793
10,817.4153590954265,1000.8174153590954
11,887.0181703975056,1100.8870181703976
10,808.7854846581034,1000.8087854846581
12,872.0339015700313,1200.87203390157
11,868.12910940091,1100.8681291094008
12,1002.2096274604513,1201.0022096274604
12,928.5413708132066,1200.9285413708133
11,897.5424080406052,1100.8975424080406
12,1022.4921155273986,1201.0224921155275
11,932.1490600484422,1100.9321490600485
11,919.9568791949201,1100.9199568791948
12,997.7051200370148,1200.997705120037
11,935.2048483586369,1100.9352048483586
12,1000.7476987199814,1201.00074769872
12,965.1800109161233,1200.9651800109161
