num_vehicles,distance,fitness
6,738.2850068179622,600.7382850068179
8,826.3864871697574,800.8263864871698
8,775.983176224644,800.7759831762246
7,692.4325341502354,700.6924325341503
10,775.3587059373393,1000.7753587059374
12,1057.499242858975,1201.057499242859
10,994.5018318718463,1000.9945018318718
10,940.3147889117953,1000.9403147889118
10,933.8539090961912,1000.9338539090962
10,991.2206991104837,1000.9912206991105
11,981.4297356944832,1100.9814297356945
10,867.8848012468952,1000.8678848012469
11,990.4726702695741,1100.9904726702696
10,912.0388424663834,1000.9120388424664
12,938.8734131973525,1200.9388734131974
12,947.7935268502407,1200.9477935268503
11,1014.1233404524512,1101.0141233404524
9,922.1841604880974,900.9221841604881
9,859.2992618977341,900.8592992618977
10,888.8970032514735,1000.8888970032515
