num_vehicles,distance,fitness
7,818.2437983267619,700.8182437983268
7,841.3912023617258,700.8413912023617
6,849.0849972568419,600.8490849972568
6,767.052941545193,600.7670529415452
6,848.2612837322235,600.8482612837322
6,815.3969287998881,600.8153969287999
7,692.4158541009384,700.6924158541009
6,786.3994957413646,600.7863994957414
7,914.5401207451632,700.9145401207452
6,785.4442945381584,600.7854442945381
11,1051.9377751267593,1101.0519377751268
8,906.9635945414302,800.9069635945415
8,814.3610817857955,800.8143610817858
8,940.9550973948191,800.9409550973949
8,870.0640787513271,800.8700640787513
8,959.9895060519322,800.9599895060519
9,938.4633376967271,900.9384633376967
9,861.7797492375491,900.8617797492376
9,959.4054495814822,900.9594054495815
8,873.3425003366181,800.8733425003367
