num_vehicles,distance,fitness
6,849.5290070488132,600.8495290070488
9,766.6798694063166,900.7666798694063
9,932.5992782092571,900.9325992782093
7,729.0136279535336,700.7290136279536
8,710.970158428923,800.710970158429
7,677.2919996422719,700.6772919996423
11,1019.3111960686936,1101.0193111960687
10,955.6822136093887,1000.9556822136094
8,875.321846596804,800.8753218465968
9,823.1369152680884,900.823136915268
11,916.0487001246771,1100.9160487001247
8,849.3501541550065,800.849350154155
9,872.5870216169658,900.8725870216169
8,957.5900767088189,800.9575900767088
9,884.8027852044216,900.8848027852044
8,894.119215077304,800.8941192150774
8,787.9735771053233,800.7879735771053
9,904.9589619302158,900.9049589619302
9,973.6436865233898,900.9736436865234
10,956.5346490867872,1000.9565346490867
