num_vehicles,distance,fitness
6,762.3946846662257,600.7623946846662
7,733.4071023676299,700.7334071023677
8,760.7552392019993,800.760755239202
7,774.1549904954027,700.7741549904954
7,735.0205192971655,700.7350205192971
7,827.8217462004449,700.8278217462005
9,936.8784290816196,900.9368784290816
9,863.4061980113704,900.8634061980114
8,885.0238134938596,800.8850238134938
9,895.346177173662,900.8953461771737
8,925.5591547555634,800.9255591547555
9,923.6779397642872,900.9236779397643
9,902.9991028255129,900.9029991028256
8,933.4906657285816,800.9334906657285
9,932.481120638009,900.932481120638
8,929.5515019431873,800.9295515019431
10,880.7269290002472,1000.8807269290003
8,808.953162494511,800.8089531624945
9,882.8214015871081,900.8828214015871
8,850.9435165639993,800.850943516564
