num_vehicles,distance,fitness
7,842.8913236348984,700.842891323635
7,839.3052696338008,700.8393052696338
7,873.5325789521157,700.8735325789521
6,713.4542245898526,600.7134542245899
9,952.511085070988,900.952511085071
11,1015.2877415166857,1101.0152877415167
9,890.8543062582969,900.8908543062583
9,967.7855033350285,900.967785503335
8,1007.4614943418383,801.0074614943418
9,938.1588127974121,900.9381588127974
9,873.7765030440191,900.873776503044
10,951.5967851637532,1000.9515967851637
7,907.3177037384594,700.9073177037385
9,960.1122893771936,900.9601122893772
9,1045.7919396098819,901.0457919396099
8,976.4965860042475,800.9764965860043
10,1009.8598931474462,1001.0098598931474
9,986.7807789980293,900.9867807789981
9,871.2330725820722,900.8712330725821
9,937.8761059469747,900.937876105947
