num_vehicles,distance,fitness
4,918.1606608150763,400.9181606608151
5,829.7597260517075,500.8297597260517
6,804.0607468026562,600.8040607468026
7,915.2306432504835,700.9152306432505
5,968.7823830791807,500.9687823830792
7,864.7073331501166,700.8647073331501
5,819.6344632472183,500.8196344632472
5,853.2266841357173,500.85322668413573
5,891.7093739092721,500.8917093739093
4,784.5777770908281,400.7845777770908
7,882.9162467616223,700.8829162467616
4,791.6844914689472,400.79168449146897
8,807.5856916156066,800.8075856916156
7,960.1442033079666,700.960144203308
8,877.243287125986,800.877243287126
6,932.616503423295,600.9326165034233
7,987.7494599564778,700.9877494599565
7,939.629468385746,700.9396294683858
8,953.7868554665455,800.9537868554665
5,963.8250875680656,500.96382508756807
