num_vehicles,distance,fitness
4,848.564939599413,400.84856493959944
4,938.0735621448493,400.93807356214484
4,787.3133201662456,400.7873133201662
4,940.0280906123348,400.9400280906123
4,784.3011268790261,400.78430112687903
4,959.9394046101022,400.9599394046101
5,921.8568187236953,500.9218568187237
4,958.921249258904,400.9589212492589
6,912.7129926546367,600.9127129926546
6,952.3002561994688,600.9523002561995
6,881.9300374843082,600.8819300374843
6,924.0276969867908,600.9240276969867
5,865.2922373626427,500.86529223736267
6,1051.9229645129308,601.051922964513
6,869.9904203006491,600.8699904203006
7,974.8800889030977,700.9748800889031
7,935.7601244333523,700.9357601244334
6,975.2832307680943,600.9752832307681
7,1013.8264890032576,701.0138264890032
6,918.86022552342,600.9188602255234
