num_vehicles,distance,fitness
4,1071.3637846072347,401.07136378460723
4,993.8881737242147,400.9938881737242
4,1043.7870772121703,401.0437870772122
5,1030.4587312135657,501.03045873121357
4,913.9550754615933,400.9139550754616
5,1061.1387129450397,501.061138712945
4,901.1203503608733,400.9011203503609
6,921.1298620823023,600.9211298620824
5,976.0985742767407,500.97609857427676
5,1033.9364277093018,501.0339364277093
6,940.8583459035019,600.9408583459035
5,1031.8669497685028,501.0318669497685
4,987.3542264984344,400.98735422649844
7,1003.9767890832204,701.0039767890833
6,990.4794932585604,600.9904794932586
5,892.6960028505403,500.8926960028505
5,898.7566953465025,500.8987566953465
6,916.987926800759,600.9169879268007
7,1001.4524994459401,701.0014524994459
6,1022.8459430216338,601.0228459430216
