num_vehicles,distance,fitness
4,887.2260787198006,400.8872260787198
4,895.984751951015,400.895984751951
5,864.8887755811897,500.86488877558116
5,807.2478180088306,500.8072478180088
4,860.1914422770202,400.860191442277
5,959.8025634979607,500.959802563498
5,863.5899051968282,500.8635899051968
5,876.14063528749,500.87614063528747
5,989.1138735088697,500.98911387350887
5,1002.4760709868896,501.0024760709869
5,1013.9610442341846,501.0139610442342
5,874.1498021680195,500.874149802168
5,914.1113695825877,500.9141113695826
5,886.5239081953185,500.88652390819533
4,929.204309729085,400.9292043097291
5,910.6322043826171,500.91063220438264
6,989.5909819821728,600.9895909819821
5,728.3539212647942,500.7283539212648
5,1005.5864753753737,501.00558647537537
5,964.7492387269759,500.964749238727
