num_vehicles,distance,fitness
4,934.6666440653541,400.9346666440654
4,977.6924212124845,400.9776924212125
4,965.4468380237836,400.9654468380238
4,943.5694311252647,400.94356943112524
4,990.9188830179974,400.990918883018
4,856.5130342895743,400.85651303428955
4,969.1360487513127,400.9691360487513
4,974.7344450196932,400.9747344450197
5,924.7632512922678,500.9247632512923
5,969.4668036848791,500.9694668036849
5,929.868273255594,500.9298682732556
5,956.2780013927563,500.9562780013928
5,969.9184994840609,500.96991849948404
5,960.6695869506304,500.96066958695064
5,930.511542714012,500.930511542714
5,896.4468878955837,500.8964468878956
5,918.3503191618677,500.91835031916185
4,836.768239248316,400.83676823924833
5,900.1447347042265,500.9001447347042
5,819.8911568112258,500.81989115681125
