num_vehicles,distance,fitness
4,1099.2379083158141,401.0992379083158
4,1073.8267482695658,401.07382674826954
4,1087.82373485462,401.0878237348546
4,1110.6385354134636,401.11063853541344
4,936.7006875730382,400.936700687573
4,1112.1478133690273,401.112147813369
5,855.8419464084161,500.8558419464084
4,949.3637707932874,400.9493637707933
6,1004.160147661942,601.004160147662
6,926.01950663035,600.9260195066304
5,954.871394663414,500.9548713946634
6,823.2384047481924,600.8232384047482
6,862.3835979280827,600.8623835979281
5,1027.8176887832396,501.0278176887832
5,1016.1548554066251,501.0161548554066
5,908.7197347110272,500.90871973471104
4,1049.619356392815,401.04961935639284
5,968.7336140491244,500.96873361404914
5,984.3480461114518,500.98434804611145
5,891.4979732602725,500.8914979732603
