num_vehicles,distance,fitness
4,954.4951724086313,400.95449517240866
4,834.421203954113,400.8344212039541
5,918.2229042627466,500.91822290426273
4,921.7949062803186,400.9217949062803
4,828.0477312811876,400.8280477312812
5,813.9497226650703,500.8139497226651
4,923.277824107052,400.92327782410706
5,968.2160533532557,500.9682160533533
5,842.819067995522,500.84281906799555
5,952.3988434768387,500.95239884347683
5,948.4875607131145,500.9484875607131
5,909.8527933203321,500.90985279332034
5,1015.8264643422098,501.0158264643422
5,962.8695845986085,500.9628695845986
5,934.0908198210608,500.93409081982105
5,916.6560043859936,500.91665600438597
5,897.0598385043171,500.89705983850433
5,889.2174566043295,500.88921745660434
5,935.5653859663222,500.9355653859663
4,896.7587264132367,400.8967587264132
