num_vehicles,distance,fitness
4,918.9340678700514,400.91893406787005
5,952.0766087337814,500.95207660873376
5,944.8750827025387,500.94487508270254
6,920.719183856185,600.9207191838561
5,951.3287052816289,500.95132870528164
4,960.030299260624,400.9600302992606
4,893.6859797934023,400.8936859797934
5,993.1932863979781,500.99319328639797
5,936.2558057324961,500.9362558057325
6,935.6549692863659,600.9356549692864
5,997.7398611131342,500.99773986111313
5,976.9415926846696,500.9769415926847
5,876.2084186813513,500.87620841868136
5,978.0153060315466,500.9780153060315
5,973.8667830517013,500.9738667830517
5,1000.5384469825636,501.00053844698255
5,956.0824460774749,500.95608244607746
6,921.9392443453061,600.9219392443453
5,912.3813486508182,500.9123813486508
6,893.061859012367,600.8930618590124
