num_vehicles,distance,fitness
4,877.1580260263885,400.8771580260264
4,968.1045977852756,400.96810459778527
4,916.982188841199,400.9169821888412
4,816.1631646000324,400.8161631646
4,833.2500450542327,400.8332500450542
4,837.1334512392945,400.8371334512393
4,852.8176809681349,400.85281768096814
4,913.2294614391719,400.9132294614392
4,850.4232797483721,400.8504232797484
4,888.9896360234998,400.8889896360235
4,907.9121653036443,400.9079121653036
4,869.9003531007309,400.8699003531007
5,916.0857436192418,500.91608574361925
5,1014.9724039487572,501.0149724039488
4,1035.9817975682959,401.0359817975683
4,929.0746637211173,400.9290746637211
4,887.8737821634602,400.88787378216347
4,946.4384309948111,400.9464384309948
4,907.6821522132398,400.9076821522132
4,877.5405958590193,400.87754059585905
