num_vehicles,distance,fitness
8,1070.571296979287,801.0705712969793
7,944.9809704945833,700.9449809704946
7,909.7579158555407,700.9097579158555
7,846.6406591446862,700.8466406591447
7,856.8575920493223,700.8568575920493
7,1063.2931853285322,701.0632931853286
7,862.4608185760507,700.8624608185761
9,1051.2591406492259,901.0512591406492
8,1107.1761591629433,801.1071761591629
7,886.8163637027079,700.8868163637027
10,1241.340554058277,1001.2413405540583
8,1115.878858868775,801.1158788588688
8,1092.4153142659945,801.092415314266
9,1236.2015774206827,901.2362015774207
9,1253.6705334163555,901.2536705334163
9,1258.1799073641164,901.2581799073641
8,1091.5110760716325,801.0915110760716
8,1140.4875163460208,801.1404875163461
10,1398.4973733189631,1001.398497373319
9,962.1377662453491,900.9621377662454
