num_vehicles,distance,fitness
7,792.558481332472,700.7925584813324
7,935.9424116045583,700.9359424116045
7,858.8876938709104,700.8588876938709
7,935.0204064048468,700.9350204064049
7,833.001557487388,700.8330015574874
10,1115.1754722086505,1001.1151754722086
9,975.8129425272544,900.9758129425272
9,1142.40370786916,901.1424037078691
9,1292.5504720570093,901.292550472057
10,1312.1867539985094,1001.3121867539985
9,1161.8386420466004,901.1618386420466
8,934.3442518138589,800.9343442518139
8,1094.7037556149671,801.094703755615
10,1180.9072422287604,1001.1809072422287
10,1190.3048626199657,1001.19030486262
9,1298.5212316196616,901.2985212316197
10,1303.977168695917,1001.303977168696
9,1042.103346682065,901.0421033466821
11,1300.3172823739244,1101.300317282374
9,1084.2786206631004,901.0842786206631
