num_vehicles,distance,fitness
7,979.4404534601562,700.9794404534601
7,982.9974310469495,700.9829974310469
7,921.2613727141209,700.9212613727141
7,945.1264468885913,700.9451264468886
7,941.0632614561861,700.9410632614562
7,946.3028931465519,700.9463028931466
7,826.9365157415405,700.8269365157415
8,1112.6316977070746,801.1126316977071
7,989.9896100412653,700.9899896100412
8,1164.6966702658626,801.1646966702658
8,931.6039914221237,800.9316039914221
8,1117.932519676375,801.1179325196764
8,1008.768239706662,801.0087682397067
8,1056.3914569816975,801.0563914569817
8,1145.3202890925447,801.1453202890925
9,1298.4013428951982,901.2984013428952
8,997.960756659511,800.9979607566595
8,1031.3781951952817,801.0313781951953
8,953.0005927400957,800.9530005927401
8,1046.340656644458,801.0463406566445
