num_vehicles,distance,fitness
8,759.1670203183024,800.7591670203183
9,964.1428688759783,900.964142868876
8,863.3100859932127,800.8633100859932
8,906.3335670742263,800.9063335670742
11,1235.9896315230965,1101.2359896315231
10,1162.8062199412966,1001.1628062199413
9,1115.5970269624536,901.1155970269624
12,1161.5683351732569,1201.1615683351733
10,1236.0711789693905,1001.2360711789694
9,813.9800339614313,900.8139800339615
11,1149.298030263761,1101.1492980302637
9,992.9616567381162,900.9929616567381
11,1049.6158446508525,1101.0496158446508
11,1226.308394351359,1101.2263083943515
10,1217.6434413889694,1001.217643441389
11,1135.0505784850507,1101.135050578485
9,1018.0997795053662,901.0180997795054
8,936.0784233257284,800.9360784233257
10,1170.4894577128582,1001.1704894577128
10,1230.4223675326118,1001.2304223675326
