num_vehicles,distance,fitness
8,962.0780328369437,800.962078032837
8,770.3391183399897,800.77033911834
9,884.4944021845627,900.8844944021846
8,862.1593501981072,800.8621593501981
8,750.5478313231276,800.7505478313232
8,781.8511999613784,800.7818511999614
9,1022.0845936052266,901.0220845936052
9,1062.6961908366504,901.0626961908366
10,1135.6843785516485,1001.1356843785517
10,1269.4634553402702,1001.2694634553403
9,914.4350316748645,900.9144350316749
9,951.6470913155496,900.9516470913155
9,1040.388824810127,901.0403888248102
9,986.9990111685794,900.9869990111686
8,910.3745011696786,800.9103745011697
9,1012.5143125165939,901.0125143125166
9,1257.4894711829295,901.2574894711829
9,1074.9671123895675,901.0749671123896
8,857.876741866399,800.8578767418664
10,1260.3866402372264,1001.2603866402372
