num_vehicles,distance,fitness
5,1088.2573579320474,501.08825735793204
4,1060.3127795940763,401.0603127795941
4,989.447101073373,400.9894471010734
6,1054.1830524809764,601.054183052481
6,1136.503797944544,601.1365037979446
5,1027.6536647271523,501.02765366472715
6,1316.0246991140725,601.3160246991141
6,1317.3380494292737,601.3173380494293
5,1170.422001673538,501.17042200167356
6,986.6192465814328,600.9866192465814
5,1138.5799606296225,501.1385799606296
6,1224.0680526346912,601.2240680526347
5,1280.305796263009,501.280305796263
5,1266.402372353029,501.266402372353
6,971.0431544737213,600.9710431544737
5,1064.8256837631525,501.06482568376316
5,1205.9292158437129,501.2059292158437
6,1110.2018312654309,601.1102018312654
6,1277.4473961524945,601.2774473961525
6,1187.0055315313432,601.1870055315313
