num_vehicles,distance,fitness
5,1310.0844333327757,501.3100844333328
6,1050.7898591864764,601.0507898591865
5,1233.4526004996467,501.2334526004997
4,999.6203995756496,400.99962039957563
5,988.8383370158333,500.9888383370158
5,994.7059961134584,500.99470599611345
5,1067.568283036768,501.0675682830368
5,1100.4740462499337,501.10047404624993
6,1041.4593868063512,601.0414593868063
6,1220.0563356967025,601.2200563356967
5,1078.9538383321606,501.07895383833215
5,1222.7495070599202,501.2227495070599
6,1152.6044492921233,601.1526044492921
5,1210.2478052575873,501.2102478052576
6,1208.1520425218846,601.2081520425219
5,1120.9156622902915,501.1209156622903
5,997.0537017243588,500.9970537017244
6,1182.0312892973964,601.1820312892974
5,987.3754887398695,500.9873754887399
5,1292.6865942660324,501.29268659426606
