num_vehicles,distance,fitness,time
1.0,223.3100725415374,100.22331007254154,321.34942078590393
