num_vehicles,distance,fitness,time
2.0,436.5630766253353,2.998541748734554,209.51236987113953
