num_vehicles,distance,fitness,time
1.0,422.7352461546778,100.42273524615467,269.0693576335907
1.0,413.1804685948457,100.41318046859485,275.8428466320038
1.0,413.1804685948457,100.41318046859485,269.5110032558441
1.0,413.1804685948457,100.41318046859485,270.73293471336365
