num_vehicles,distance,fitness,time
4.0,425.26852495439266,400.4252685249544,262.12156224250793
