num_vehicles,distance,fitness,time
4.0,425.26852495439266,400.4252685249544,262.12156224250793
4.0,425.26852495439266,400.4252685249544,260.593923330307
4.0,425.26852495439266,400.4252685249544,261.77216124534607
4.0,425.26852495439266,400.4252685249544,264.02015566825867
