num_vehicles,distance,fitness,time
3.0,191.8136197786562,300.19181361977866,267.6294696331024
3.0,191.8136197786562,300.19181361977866,268.1240339279175
3.0,191.8136197786562,300.19181361977866,270.1537170410156
3.0,191.8136197786562,300.19181361977866,268.1957597732544
