num_vehicles,distance,fitness,time
4.0,459.6748479812921,4.998615067213531,187.83469223976135
