num_vehicles,distance,fitness,time
3.0,191.8136197786562,300.19181361977866,267.15123867988586
3.0,191.8136197786562,300.19181361977866,260.7491407394409
3.0,191.8136197786562,300.19181361977866,262.3364872932434
3.0,191.8136197786562,300.19181361977866,265.09761142730713
