num_vehicles,distance,fitness
7,537.3913739362137,700.5373913739362
8,593.2339282752176,800.5932339282753
8,579.4366652196591,800.5794366652196
8,593.9641553689736,800.593964155369
9,525.464532238306,900.5254645322383
8,568.5260188575138,800.5685260188575
8,568.8694625339479,800.5688694625339
8,589.6416811780953,800.5896416811781
10,687.9865195590469,1000.687986519559
11,669.3402153608912,1100.669340215361
9,659.4415977453231,900.6594415977453
10,627.0820955687195,1000.6270820955688
9,678.5811691507504,900.6785811691508
8,680.5628196583691,800.6805628196583
11,729.2785260627628,1100.7292785260627
9,659.0351090518078,900.6590351090518
11,769.5162681073707,1100.7695162681073
9,664.6315836173628,900.6646315836174
10,643.6608421274591,1000.6436608421275
12,819.3802071070319,1200.819380207107
