num_vehicles,distance,fitness
6,447.6452532027363,600.4476452532027
7,530.5111606729554,700.530511160673
6,575.5856559069751,600.5755856559069
8,633.6595725356822,800.6336595725356
10,749.6968534315465,1000.7496968534316
9,659.1258107014439,900.6591258107014
8,699.0110171736021,800.6990110171736
9,652.176830494458,900.6521768304945
10,764.3480718581004,1000.7643480718581
9,634.3994401825756,900.6343994401826
8,665.0940240937776,800.6650940240938
12,837.4303837281595,1200.8374303837281
8,634.9056483608085,800.6349056483608
9,676.3359405567649,900.6763359405568
10,690.6100789764939,1000.6906100789765
8,602.3735328402573,800.6023735328403
8,585.6767073326763,800.5856767073327
9,675.5891084708849,900.6755891084708
9,689.4474298831574,900.6894474298831
10,699.4060377212949,1000.6994060377212
