num_vehicles,distance,fitness
7,512.2931205274929,700.5122931205275
7,493.3694024437422,700.4933694024437
7,531.882176199353,700.5318821761994
6,546.6224816041067,600.5466224816041
7,583.955040149941,700.5839550401499
6,486.8664744974013,600.4868664744974
7,554.0016217281601,700.5540016217282
8,670.7717035947259,800.6707717035947
8,656.307995057838,800.6563079950579
7,674.1760733554063,700.6741760733554
7,647.2016693030761,700.6472016693031
7,682.3023939624054,700.6823023939625
7,641.2884546316518,700.6412884546316
7,600.7694037294028,700.6007694037294
7,657.2561515038531,700.6572561515038
7,679.11576040392,700.6791157604039
7,690.3586121493782,700.6903586121493
7,637.9092336777538,700.6379092336778
7,645.7751005956087,700.6457751005956
7,673.1935673330574,700.6731935673331
