num_vehicles,distance,fitness
7,664.5333586844342,700.6645333586845
7,675.4668729186413,700.6754668729186
7,567.6913163584516,700.5676913163585
8,659.2435634228407,800.6592435634228
6,612.2863089147371,600.6122863089147
9,628.7833779855702,900.6287833779855
9,666.9610410366417,900.6669610410366
8,677.9065200510793,800.6779065200511
9,708.6615263386261,900.7086615263386
9,757.5274170354155,900.7575274170354
7,595.5188133950654,700.5955188133951
8,605.395492876938,800.6053954928769
8,685.2229041549142,800.6852229041549
7,642.9975029196265,700.6429975029196
8,649.0400712047456,800.6490400712047
8,648.3163337042363,800.6483163337042
7,605.9590674832973,700.6059590674832
7,635.5879120683579,700.6355879120683
7,601.6793521357818,700.6016793521358
9,617.9028967499751,900.61790289675
