num_vehicles,distance,fitness
5,457.2023704760672,500.45720237047607
7,501.1594384100034,700.50115943841
7,566.6343008882642,700.5666343008883
5,453.93312882587776,500.4539331288259
7,628.4206212320032,700.628420621232
6,544.6908056522112,600.5446908056522
7,624.7233957501682,700.6247233957502
10,752.4128181618597,1000.7524128181618
8,790.223691996302,800.7902236919963
8,699.0914334928734,800.6990914334929
11,862.9976563576022,1100.8629976563575
8,717.071750623414,800.7170717506234
8,723.7090480807511,800.7237090480808
10,867.808787726182,1000.8678087877262
7,652.2263493870305,700.652226349387
9,820.4539865415197,900.8204539865416
7,668.4800413860584,700.668480041386
7,621.1695641819588,700.621169564182
8,757.4628422704042,800.7574628422705
8,613.0938144523984,800.6130938144524
