num_vehicles,distance,fitness
5,555.9485643976219,500.5559485643976
5,465.2139609999838,500.46521396099996
5,619.6975321672178,500.6196975321672
5,504.1611963132573,500.50416119631325
5,620.4029340904032,500.6204029340904
5,530.6438704602205,500.5306438704602
5,549.269572838519,500.5492695728385
8,805.4281616277791,800.8054281616278
8,774.5304091521399,800.7745304091521
7,796.3473037663616,700.7963473037663
7,661.2236523472175,700.6612236523472
7,735.8299390925458,700.7358299390926
7,720.589459419846,700.7205894594199
6,711.2167603109227,600.7112167603109
7,790.685875008611,700.7906858750086
5,635.1804830386448,500.63518048303865
7,778.2487785217667,700.7782487785217
6,700.5870347475936,600.7005870347476
7,742.6682742134957,700.7426682742135
5,716.2516817200725,500.71625168172005
