num_vehicles,distance,fitness
5,518.2594252824524,500.51825942528245
5,497.7935076210896,500.4977935076211
6,500.9092059834114,600.5009092059834
5,562.216242644082,500.56221624264407
5,458.51781139989043,500.4585178113999
6,542.4710371071316,600.5424710371071
6,506.4361676754211,600.5064361676755
6,560.0912878841712,600.5600912878841
7,555.1786917284699,700.5551786917284
5,499.5397156723835,500.49953971567237
5,450.13587794045264,500.45013587794045
7,645.595489276284,700.6455954892763
7,607.5767481868271,700.6075767481868
6,558.8982747345199,600.5588982747345
6,627.8875191125235,600.6278875191125
7,618.8955045193742,700.6188955045194
6,642.5897817159698,600.642589781716
7,663.443823437188,700.6634438234372
6,577.1246830884636,600.5771246830884
7,666.4827055727553,700.6664827055728
