num_vehicles,distance,fitness
5,466.50342106065915,500.4665034210607
5,454.23399266059386,500.4542339926606
5,492.33271159054294,500.49233271159056
5,440.0120286045515,500.44001202860454
5,436.39931318736194,500.43639931318734
5,447.680136304559,500.44768013630454
5,433.3610062318896,500.4333610062319
5,600.1202593707008,500.6001202593707
6,564.1328084167513,600.5641328084167
7,743.8237509795451,700.7438237509796
5,588.63711277371,500.5886371127737
6,608.5881603125828,600.6085881603126
7,648.2649300407988,700.6482649300408
6,690.5041200164856,600.6905041200165
6,662.2277301590048,600.662227730159
6,619.3107375278472,600.6193107375278
5,548.0707760913521,500.5480707760914
6,591.387286852932,600.591387286853
7,687.7911350435538,700.6877911350435
5,614.6314986800651,500.61463149868007
