num_vehicles,distance,fitness
5,492.8496652239143,500.4928496652239
5,500.7695718087674,500.50076957180875
6,518.6824304957862,600.5186824304958
6,542.6805771131353,600.5426805771132
5,579.2760967914589,500.57927609679143
5,446.35866640499864,500.446358666405
6,545.4439609633114,600.5454439609633
5,692.9533118522462,500.69295331185225
6,620.1636075720553,600.6201636075721
6,549.9325104083475,600.5499325104083
6,674.7085523241198,600.6747085523241
6,593.8806739908318,600.5938806739908
6,681.5762661842942,600.6815762661843
6,698.8381831143786,600.6988381831144
5,530.607733304986,500.530607733305
6,641.0582111730553,600.641058211173
5,497.64435470043003,500.4976443547004
6,608.9610858235267,600.6089610858236
6,578.9438538138324,600.5789438538138
7,588.9354613217057,700.5889354613217
