num_vehicles,distance,fitness
8,800.9792222618502,800.8009792222618
12,916.2778685328559,1200.916277868533
11,765.5460490427894,1100.7655460490428
16,936.0227022006937,1600.9360227022007
12,946.7014560125305,1200.9467014560125
11,842.2498976244259,1100.8422498976245
11,802.6267371201034,1100.8026267371201
11,863.183363471824,1100.8631833634718
10,870.558328693163,1000.8705583286932
12,909.3378612253266,1200.9093378612254
16,1150.8891234663581,1601.1508891234664
15,1111.8696087905168,1501.1118696087906
15,983.9890670806765,1500.9839890670808
16,1001.9087829314208,1601.0019087829314
14,973.1113830600393,1400.97311138306
15,1027.464177083526,1501.0274641770836
15,972.0215047310123,1500.972021504731
16,985.7737802892863,1600.9857737802893
12,1006.7073174517409,1201.0067073174516
13,1059.234817655084,1301.0592348176551
