num_vehicles,distance,fitness
7,864.4833286468569,700.8644833286469
10,880.7121865481266,1000.8807121865482
9,761.3845483591631,900.7613845483592
8,822.2305458953231,800.8222305458953
9,816.4349079478515,900.8164349079478
12,975.2549825811104,1200.9752549825812
13,906.5581642484256,1300.9065581642485
14,1028.5084700696516,1401.0285084700697
11,954.1949019919423,1100.954194901992
11,924.1947419674813,1100.9241947419675
10,998.3071010803774,1000.9983071010804
11,916.8638188843262,1100.9168638188844
10,966.5304066913995,1000.9665304066914
13,995.3781684459605,1300.995378168446
13,982.6299165812237,1300.9826299165811
15,1040.8205253416031,1501.0408205253416
12,936.3630465180032,1200.936363046518
13,910.8213286537057,1300.9108213286538
13,944.573828150898,1300.9445738281509
11,839.2695568819645,1100.839269556882
