num_vehicles,distance,fitness
6,738.2850068179622,600.7382850068179
8,823.3700670396853,800.8233700670397
10,862.4623168037366,1000.8624623168038
7,769.3576300763365,700.7693576300763
8,801.1978706883986,800.8011978706884
9,714.3120675434975,900.7143120675435
10,918.3753151578991,1000.9183753151578
9,977.9909779120139,900.977990977912
9,970.0033551902037,900.9700033551902
10,909.4759042796583,1000.9094759042797
11,1033.927526404369,1101.0339275264043
10,1029.447111867351,1001.0294471118674
10,888.3853868987123,1000.8883853868987
10,963.3069522744074,1000.9633069522744
11,991.2119053005551,1100.9912119053006
13,1124.237568480159,1301.12423756848
11,1000.748469624311,1101.0007484696243
11,961.2194272399339,1100.96121942724
12,1091.2933228531033,1201.091293322853
11,943.7867627047956,1100.9437867627048
