num_vehicles,distance,fitness
6,849.5290070488132,600.8495290070488
10,816.9829418612658,1000.8169829418613
8,757.0067644612191,800.7570067644613
9,794.6327487420928,900.7946327487421
7,740.7069912545421,700.7407069912546
7,655.3477313279656,700.655347731328
10,959.6126359304055,1000.9596126359304
9,954.1961179684374,900.9541961179684
11,951.8101626758059,1100.9518101626759
10,987.852399995138,1000.9878523999952
9,889.7358370091217,900.8897358370091
10,806.8900413143534,1000.8068900413143
10,866.8280105077769,1000.8668280105078
10,1077.0550497268548,1001.0770550497268
9,858.0380054820984,900.8580380054821
8,903.4188740222621,800.9034188740222
9,864.3225922495798,900.8643225922496
9,876.074338447593,900.8760743384476
9,872.534249677784,900.8725342496778
9,904.4945874624837,900.9044945874625
