num_vehicles,distance,fitness
6,762.3946846662257,600.7623946846662
7,784.127500457761,700.7841275004578
8,866.6752591777768,800.8666752591778
6,768.6612738428228,600.7686612738428
8,818.6438355533905,800.8186438355534
7,807.0621007083628,700.8070621007083
7,852.3429984227178,700.8523429984227
7,769.2621665391904,700.7692621665392
8,853.5508188006485,800.8535508188006
9,889.877354854775,900.8898773548548
8,861.1273096078414,800.8611273096078
8,846.363855926379,800.8463638559264
8,951.1626469326915,800.9511626469327
8,938.3322306416698,800.9383322306417
8,890.2090580237304,800.8902090580237
8,838.3130476142671,800.8383130476143
8,897.2037547348917,800.8972037547348
9,938.2312748430812,900.9382312748431
10,1027.8798974104743,1001.0278798974105
8,852.8026666919262,800.8528026666919
