num_vehicles,distance,fitness
6,840.3646523098904,600.8403646523099
6,776.9811997578496,600.7769811997579
7,843.6977938442858,700.8436977938443
6,840.0165729623105,600.8400165729623
6,791.5324800850494,600.791532480085
7,865.5892806900695,700.8655892806901
7,854.4764463578788,700.8544764463579
7,847.3800288450409,700.847380028845
8,963.6342375985961,800.9636342375986
7,1021.2627102868873,701.0212627102869
6,899.0664406605654,600.8990664406606
7,957.5619421098471,700.9575619421098
7,921.2230583450224,700.921223058345
6,827.8545406646954,600.8278545406647
7,914.9512768116576,700.9149512768116
7,829.2683524599612,700.82926835246
7,853.1574197557935,700.8531574197558
7,1009.1929885498657,701.0091929885499
7,912.2560966832181,700.9122560966832
7,1038.3176684371967,701.0383176684372
