num_vehicles,distance,fitness
4,918.1606608150763,400.9181606608151
5,890.4842970114704,500.8904842970115
4,843.7291721566821,400.84372917215666
5,770.2493774992705,500.7702493774993
6,858.2489111827525,600.8582489111827
6,996.9262204057032,600.9969262204057
7,898.3561282173181,700.8983561282173
6,736.0599405063507,600.7360599405064
7,927.0258211239195,700.927025821124
8,952.5576111088633,800.9525576111089
9,972.9132845950337,900.972913284595
6,873.4483704591123,600.8734483704591
8,975.0140097162592,800.9750140097162
7,823.6284509999973,700.823628451
6,948.1342110601822,600.9481342110602
6,900.9312755982672,600.9009312755983
7,1001.0352539404196,701.0010352539405
7,865.4711947570983,700.8654711947571
8,887.5450530605079,800.8875450530605
7,880.5418020567254,700.8805418020568
