num_vehicles,distance,fitness
4,937.6570066368039,400.9376570066368
4,927.3033158251502,400.92730331582516
4,939.5701167729985,400.939570116773
4,983.7905793741854,400.98379057937416
4,993.4796880782192,400.9934796880782
4,1010.0861663490446,401.010086166349
4,930.3948033192071,400.9303948033192
4,934.1036496311327,400.93410364963114
5,982.1247673899173,500.9821247673899
4,924.3181445278242,400.92431814452783
4,957.104962475696,400.9571049624757
4,954.4421828145039,400.9544421828145
4,828.7709935421564,400.82877099354215
5,913.2576547838445,500.9132576547838
5,960.3815389960866,500.9603815389961
4,939.4111231486734,400.93941112314866
5,993.238517877978,500.99323851787796
5,941.2568546126103,500.9412568546126
6,1066.598436474057,601.066598436474
5,980.8816055713171,500.9808816055713
