num_vehicles,distance,fitness
4,1099.2379083158141,401.0992379083158
4,986.626880605039,400.98662688060506
4,1094.338166060362,401.09433816606037
4,1075.490127747689,401.0754901277477
4,983.945782856773,400.9839457828568
4,1078.7899349770692,401.07878993497707
4,927.6743771731453,400.92767437717316
4,1037.6598139647906,401.0376598139648
4,984.1892877627482,400.9841892877628
5,966.8948388566168,500.9668948388566
5,837.3256005025185,500.83732560050254
5,917.4257300308592,500.91742573003086
4,931.3727334038628,400.93137273340386
5,1030.5050895201643,501.03050508952015
5,1008.1171603512213,501.0081171603512
4,913.3358419697331,400.91333584196974
5,871.5926901201111,500.8715926901201
4,948.0067910665807,400.9480067910666
5,970.8462371015246,500.9708462371015
5,876.1204577111448,500.8761204577111
