num_vehicles,distance,fitness
4,918.9340678700514,400.91893406787005
5,861.567303520078,500.8615673035201
5,888.5476599956036,500.8885476599956
4,899.030150537004,400.899030150537
5,921.9465436467566,500.92194654364675
5,928.386697313152,500.92838669731316
6,1026.86307468855,601.0268630746885
5,913.1846888053667,500.91318468880536
6,879.396225700188,600.8793962257001
5,958.185163912284,500.9581851639123
5,905.3309238380032,500.905330923838
6,875.7663454516969,600.8757663454517
5,970.1091803647003,500.9701091803647
5,907.5239132448401,500.90752391324486
5,1017.5893634122177,501.01758936341224
6,1013.9483412315859,601.0139483412316
6,944.4659688185395,600.9444659688186
5,865.1219260819686,500.86512192608194
6,955.2564509793351,600.9552564509794
5,969.9384929372188,500.9699384929372
