num_vehicles,distance,fitness
4,877.1580260263885,400.8771580260264
4,840.1501101279375,400.8401501101279
4,923.5816260824787,400.92358162608247
4,769.5224261213232,400.76952242612134
4,860.1666309626793,400.8601666309627
4,851.5847212972004,400.8515847212972
4,826.1684835182608,400.82616848351825
4,831.930447828836,400.8319304478288
4,902.7425792457875,400.9027425792458
4,881.483572998199,400.8814835729982
4,897.064801046699,400.8970648010467
5,836.0852037427342,500.83608520374275
4,840.1822615323197,400.84018226153233
5,981.976963054852,500.9819769630549
4,964.534306230427,400.9645343062304
4,858.649013939028,400.85864901393904
4,897.343896331765,400.8973438963318
5,944.1923675726581,500.94419236757267
4,999.7904069216574,400.99979040692165
4,896.7838256405429,400.89678382564057
