num_vehicles,distance,fitness
7,691.9245200332821,700.6919245200332
8,711.307412983949,800.711307412984
9,936.1334920471277,900.9361334920471
10,901.5026387420897,1000.901502638742
8,946.8306876017252,800.9468306876017
10,1056.370940167372,1001.0563709401674
12,1132.9909341965242,1201.1329909341964
12,1215.2444154927266,1201.2152444154926
10,962.9374106738287,1000.9629374106738
9,926.2462865250393,900.926246286525
11,1127.9968667561502,1101.1279968667561
10,1155.8163344435602,1001.1558163344436
10,1043.7228793151576,1001.0437228793152
9,912.2220360945153,900.9122220360945
11,1124.6566480064255,1101.1246566480065
8,916.9502328293885,800.9169502328294
9,1107.0335093737676,901.1070335093738
10,1052.107712770318,1001.0521077127703
10,1001.5226673056482,1001.0015226673056
10,1113.1835129690169,1001.113183512969
