num_vehicles,distance,fitness
8,1070.571296979287,801.0705712969793
7,873.7501317326927,700.8737501317327
7,1093.262461276016,701.093262461276
7,919.6443946607492,700.9196443946607
7,960.901829130732,700.9609018291308
7,972.6621623431714,700.9726621623432
7,1077.9152705302529,701.0779152705303
9,1229.8170447793893,901.2298170447793
8,1257.4455200149605,801.2574455200149
9,959.8115905398537,900.9598115905399
8,1061.8658785070318,801.061865878507
8,1150.38259206412,801.1503825920641
8,1129.037172685667,801.1290371726857
9,1167.449538500416,901.1674495385004
9,1209.2281050475774,901.2092281050476
9,1265.2224138558374,901.2652224138558
8,1064.5343181230846,801.064534318123
8,1035.180492638222,801.0351804926382
7,855.452462180404,700.8554524621804
9,1155.6739880910297,901.155673988091
