num_vehicles,distance,fitness
4,1067.7019895573885,401.0677019895574
5,1254.106508339599,501.2541065083396
5,1032.852404410356,501.03285240441033
5,1108.3034528088413,501.10830345280885
5,1134.4305131131587,501.13443051311316
4,1045.8806882256401,401.0458806882256
4,980.5047135733182,400.98050471357334
6,1157.6287791771267,601.1576287791771
5,1228.399246697977,501.22839924669796
6,1074.4592987129568,601.074459298713
5,1311.9175088009965,501.311917508801
5,1151.2434999306602,501.1512434999307
5,1140.0934825354252,501.1400934825354
5,1056.3583203348312,501.0563583203348
5,1156.8423888069951,501.156842388807
5,1064.4709687654963,501.0644709687655
4,993.0942591873028,400.99309425918733
5,1119.1054166236797,501.11910541662365
5,1163.469885581651,501.16346988558166
5,1214.861222387888,501.21486122238787
