num_vehicles,distance,fitness
5,1156.9680017061987,501.1569680017062
5,911.9963262894996,500.9119963262895
5,1244.8217535363635,501.24482175353637
5,1330.8257281497586,501.33082572814976
6,1350.6639079091356,601.3506639079092
5,1218.0230843612587,501.2180230843613
5,1022.4846145220234,501.022484614522
7,1112.5301464336667,701.1125301464336
5,1140.7948968500348,501.14079489685
5,1081.954901721755,501.08195490172176
5,1208.414023091777,501.2084140230918
5,1115.6443688866807,501.1156443688867
5,1187.8412138260082,501.187841213826
5,1244.3313384990192,501.244331338499
5,1198.817974131507,501.1988179741315
5,1129.1499450612394,501.1291499450612
5,1351.3620199826305,501.3513620199826
4,1128.0734434147944,401.1280734434148
5,1193.7108931573732,501.19371089315734
5,936.2171075105131,500.9362171075105
