num_vehicles,distance,fitness
5,1306.6275740598305,501.3066275740598
5,1296.5393968797716,501.2965393968798
4,878.9451047577058,400.8789451047577
4,972.5496332408957,400.9725496332409
5,1103.3262746269131,501.1033262746269
5,1123.241515761813,501.12324151576183
5,1054.0066399225886,501.0540066399226
5,1259.8192976371272,501.25981929763714
5,1169.520645789492,501.1695206457895
5,1102.5561930384576,501.1025561930385
4,1102.493387786846,401.10249338778686
5,1262.318063518079,501.2623180635181
5,1162.7748815264886,501.1627748815265
5,1185.8376982154311,501.18583769821544
5,1306.509305168513,501.3065093051685
5,1101.3750897824098,501.10137508978244
5,1355.4812097746558,501.35548120977467
4,1289.749009317648,401.28974900931763
5,1031.4513254114213,501.0314513254114
5,1192.8760430796826,501.1928760430797
