num_vehicles,distance,fitness
6,447.6452532027363,600.4476452532027
6,457.5497633209583,600.4575497633209
6,609.2745072707086,600.6092745072707
7,597.62859497165,700.5976285949716
11,703.71533345119,1100.703715333451
7,518.332819089897,700.5183328190899
8,650.8584702524031,800.6508584702524
11,785.7303805941181,1100.785730380594
9,651.3318476934455,900.6513318476934
9,657.9357355258952,900.6579357355259
7,635.0869317627853,700.6350869317628
10,730.6183233613957,1000.7306183233613
9,681.4801261908051,900.6814801261908
10,749.2938261305947,1000.7492938261306
8,648.569285126608,800.6485692851267
9,708.6496764056142,900.7086496764056
8,632.4093788389474,800.6324093788389
10,708.8519031933628,1000.7088519031934
8,641.3380157786696,800.6413380157786
8,577.9342022650108,800.577934202265
