num_vehicles,distance,fitness
7,495.26436520284466,700.4952643652028
8,561.481848670328,800.5614818486704
7,610.6947866147269,700.6106947866148
7,652.6225061742591,700.6526225061742
8,683.2552272303566,800.6832552272303
8,729.1175133602285,800.7291175133603
7,677.6311446696442,700.6776311446696
8,611.829098454336,800.6118290984543
7,598.50883087764,700.5985088308777
7,689.0389546896752,700.6890389546896
8,644.7817744253774,800.6447817744254
8,721.4524287927932,800.7214524287928
7,643.5217664249268,700.6435217664249
7,715.2405030924722,700.7152405030924
8,695.6446787778337,800.6956446787779
7,675.1215100537718,700.6751215100538
9,627.913057083073,900.6279130570831
8,763.5510008104775,800.7635510008105
7,603.5052949336331,700.6035052949336
7,723.1631657847134,700.7231631657847
