num_vehicles,distance,fitness
7,512.2931205274929,700.5122931205275
6,509.06288971286807,600.5090628897128
7,573.0345240014892,700.5730345240015
6,501.3267847134049,600.5013267847135
8,618.6766392215455,800.6186766392216
7,675.1640182121266,700.6751640182122
7,639.0602901205677,700.6390602901206
6,578.5722227388754,600.5785722227389
7,661.3405461874352,700.6613405461875
8,675.7153815207924,800.6757153815208
7,658.4537655982256,700.6584537655982
7,609.0861246895105,700.6090861246895
8,718.8013760025353,800.7188013760025
8,723.6924004761753,800.7236924004761
7,637.956425764591,700.6379564257646
8,772.5303874814301,800.7725303874814
7,669.1634676104073,700.6691634676104
7,657.7372113805894,700.6577372113805
8,596.1866037444489,800.5961866037444
7,716.6177531216864,700.7166177531217
