num_vehicles,distance,fitness
7,599.946623310844,700.5999466233109
7,700.1339613411681,700.7001339613412
7,642.5063761177462,700.6425063761177
8,660.2005854746922,800.6602005854747
7,602.7558744335547,700.6027558744336
8,657.2383659209771,800.657238365921
7,722.754019974071,700.7227540199741
8,727.6704684065696,800.7276704684066
9,627.4735230025847,900.6274735230025
9,690.8043903078541,900.6908043903079
11,787.469467218392,1100.7874694672184
8,745.8489573058066,800.7458489573058
10,722.5522414483297,1000.7225522414483
8,649.5648958566155,800.6495648958567
10,789.2149832158453,1000.7892149832159
8,729.714813227584,800.7297148132276
9,608.7867515023503,900.6087867515023
9,762.6677624217458,900.7626677624218
9,720.8041286790892,900.7208041286791
8,663.6825466221437,800.6636825466221
