num_vehicles,distance,fitness
7,664.5333586844342,700.6645333586845
8,602.1699354520428,800.602169935452
7,578.0337243826348,700.5780337243826
7,557.7101344635013,700.5577101344635
7,646.8049534529927,700.6468049534529
8,733.866540051531,800.7338665400515
7,587.9600237707392,700.5879600237707
8,688.3552874730066,800.688355287473
9,674.9580365556543,900.6749580365556
8,623.6268711706955,800.6236268711707
7,560.7374616562911,700.5607374616563
8,643.6150506242525,800.6436150506242
8,642.745216195613,800.6427452161956
8,696.2748295042315,800.6962748295042
8,689.3134484848079,800.6893134484848
8,609.5640696859645,800.6095640696859
9,699.3664625918611,900.6993664625919
8,588.3173266283048,800.5883173266283
8,649.2067641283725,800.6492067641284
8,705.0816003053313,800.7050816003053
