num_vehicles,distance,fitness
7,636.8199997144283,700.6368199997145
7,671.6253081497721,700.6716253081498
7,686.6746609556187,700.6866746609556
7,605.8512139613404,700.6058512139614
7,637.635655577339,700.6376356555774
7,605.338056303777,700.6053380563038
7,660.0984991272697,700.6600984991272
7,590.6873668413924,700.5906873668414
7,682.4510389721787,700.6824510389722
8,694.3180947789692,800.694318094779
6,604.1304107481013,600.6041304107481
7,547.1699773362614,700.5471699773362
7,666.5630199269466,700.6665630199269
7,634.6590786718825,700.6346590786719
7,642.8853588600974,700.6428853588601
8,629.7207612822091,800.6297207612822
7,600.4902469386259,700.6004902469386
7,701.3446017834315,700.7013446017834
7,660.6239962420019,700.660623996242
7,623.437330838162,700.6234373308382
