num_vehicles,distance,fitness
5,555.9485643976219,500.5559485643976
5,589.2561570664205,500.5892561570664
5,583.33786891059,500.5833378689106
5,627.6551071267971,500.62765510712677
7,765.1972045329984,700.765197204533
6,748.3058305953859,600.7483058305954
5,705.1587185703111,500.7051587185703
7,775.7260168748259,700.7757260168748
6,783.6137391302237,600.7836137391303
8,783.2557550196766,800.7832557550197
5,750.0448951549189,500.75004489515493
7,861.5844301888602,700.8615844301888
7,742.1096657314719,700.7421096657315
5,690.1221630812056,500.6901221630812
6,798.0338246333831,600.7980338246334
5,696.9543064472208,500.6969543064472
6,724.5216136980467,600.724521613698
5,680.6778600649044,500.6806778600649
5,803.4487795201379,500.8034487795201
6,736.6130148116656,600.7366130148116
