num_vehicles,distance,fitness
5,534.3361221591722,500.5343361221592
5,557.9520467601219,500.55795204676014
5,587.5733437449901,500.58757334374496
5,556.2363341655036,500.5562363341655
5,580.8900988981367,500.5808900988981
6,780.1864161110364,600.7801864161111
5,695.2090549649993,500.695209054965
5,691.2484624772362,500.69124846247723
6,687.2512201328026,600.6872512201328
7,691.2249663944141,700.6912249663944
5,680.5568059199866,500.68055680592
5,706.6494513762584,500.7066494513763
6,747.7646303286831,600.7477646303287
5,721.5761729357087,500.7215761729357
5,744.7670375132154,500.7447670375132
5,690.2924857287003,500.6902924857287
5,582.2629410389787,500.582262941039
6,692.9423851390242,600.6929423851391
6,724.2104189554127,600.7242104189554
6,740.1552433486339,600.7401552433487
