num_vehicles,distance,fitness
5,466.50342106065915,500.4665034210607
6,488.9795108415832,600.4889795108415
7,504.30083293476184,700.5043008329347
6,511.4397156396234,600.5114397156397
7,529.8612675145736,700.5298612675145
5,437.65919586510006,500.4376591958651
6,457.4117100146718,600.4574117100146
6,630.6092625167348,600.6306092625167
6,621.5047811770563,600.621504781177
6,707.4356996242497,600.7074356996243
6,618.3558989837278,600.6183558989837
5,644.8004196061896,500.6448004196062
6,696.2870810621341,600.6962870810621
6,623.0465961830944,600.6230465961831
6,698.1952329422634,600.6981952329422
6,631.4574490166118,600.6314574490166
6,673.6962388686096,600.6736962388686
5,631.1139347342923,500.6311139347343
7,652.4354815950918,700.6524354815951
7,658.5577197827035,700.6585577197827
