num_vehicles,distance,fitness
8,801.6266998825827,800.8016266998826
10,856.3208405749649,1000.856320840575
9,747.5668123236401,900.7475668123236
12,890.7270665127098,1200.8907270665127
8,801.57065583931,800.8015706558393
10,880.6471470247211,1000.8806471470248
9,793.6726241651061,900.7936726241651
11,962.4464837277683,1100.9624464837277
12,942.8874970685737,1200.9428874970686
11,1003.3697515555153,1101.0033697515555
11,947.380783702594,1100.9473807837026
11,947.411261682022,1100.947411261682
11,948.9391108683635,1100.9489391108684
11,839.9914641803994,1100.8399914641805
13,940.4964219454771,1300.9404964219455
13,961.7569013351294,1300.961756901335
14,1135.944243343684,1401.1359442433436
11,1009.8902408869938,1101.009890240887
10,949.7061849393172,1000.9497061849394
12,913.2663020880611,1200.913266302088
