num_vehicles,distance,fitness
7,743.2970155147732,700.7432970155148
6,722.1768098256653,600.7221768098257
7,689.6178125877586,700.6896178125878
8,694.1365500719459,800.6941365500719
6,738.3620625079716,600.7383620625079
7,811.0628298833893,700.8110628298834
10,991.3478144469084,1000.991347814447
9,965.239530880594,900.9652395308806
11,989.7117183302549,1100.9897117183302
10,947.7332557106569,1000.9477332557107
9,907.7415572438405,900.9077415572439
10,930.6394196276806,1000.9306394196277
10,975.3206420063224,1000.9753206420063
12,1007.7644452866115,1201.0077644452865
7,890.8883870894272,700.8908883870894
10,947.2986472937873,1000.9472986472938
8,879.0572990886142,800.8790572990886
10,944.1546256171064,1000.9441546256171
9,795.358238800396,900.7953582388004
10,1020.7924989288553,1001.0207924989288
