num_vehicles,distance,fitness
7,847.9959707224298,700.8479959707224
7,906.6720195685511,700.9066720195685
6,828.0807333234354,600.8280807333234
6,738.3201403344466,600.7383201403344
7,807.6665991209634,700.8076665991209
6,795.4153111402679,600.7954153111402
6,799.350424922372,600.7993504249224
6,749.2321763444794,600.7492321763444
6,740.9575717566427,600.7409575717567
9,846.9777881922128,900.8469777881922
8,930.901259709852,800.9309012597098
8,922.2571905445301,800.9222571905445
8,946.8233962504661,800.9468233962505
10,1016.2096228317085,1001.0162096228318
9,988.1404585105398,900.9881404585105
8,949.6503857643328,800.9496503857644
9,1036.6532972984894,901.0366532972985
6,805.7382691593905,600.8057382691594
9,931.172357546326,900.9311723575463
9,969.8933332425978,900.9698933332426
