num_vehicles,distance,fitness
7,818.2437983267619,700.8182437983268
6,803.9011136792963,600.8039011136793
9,917.8635284373026,900.9178635284374
6,832.827076865984,600.832827076866
8,913.6746990744481,800.9136746990745
9,854.2414674396562,900.8542414674397
9,981.6914719564527,900.9816914719564
9,886.3363625313413,900.8863363625313
8,853.2562931945273,800.8532562931945
11,990.2297541082676,1100.9902297541082
10,970.7963251640136,1000.970796325164
8,949.8386961292222,800.9498386961292
10,948.7168415043604,1000.9487168415044
8,866.1420439596935,800.8661420439597
9,926.0410845698791,900.9260410845699
8,919.3237040921456,800.9193237040921
9,917.851834640506,900.9178518346405
9,944.7813232081389,900.9447813232082
10,975.8326748066905,1000.9758326748067
9,956.8228221322048,900.9568228221322
