num_vehicles,distance,fitness
7,875.9048735512156,700.8759048735512
6,882.007716911077,600.8820077169111
7,917.8619520028147,700.9178619520028
7,772.915952395203,700.7729159523952
7,865.4013863209632,700.865401386321
6,859.5785921887575,600.8595785921888
7,913.3899633975399,700.9133899633975
9,989.3372157706549,900.9893372157707
8,913.8057560802232,800.9138057560803
6,825.2386035114337,600.8252386035115
8,841.3880510618917,800.8413880510619
7,889.0105830551751,700.8890105830552
8,1019.0868366442646,801.0190868366443
7,792.2385897641556,700.7922385897641
7,915.8107451786678,700.9158107451786
8,946.8634034475031,800.9468634034475
8,917.4588538305309,800.9174588538306
8,948.5933853813152,800.9485933853813
9,964.2699040771573,900.9642699040771
7,875.5218890666233,700.8755218890666
