num_vehicles,distance,fitness
6,762.3946846662257,600.7623946846662
7,784.197497036489,700.7841974970365
8,849.1795884729667,800.849179588473
7,725.2955737722257,700.7252955737722
7,900.4103040528612,700.9004103040529
8,834.0734823375445,800.8340734823375
8,873.2517435062364,800.8732517435062
8,917.5394023054217,800.9175394023055
8,969.4761460395943,800.9694761460396
9,990.8285481005623,900.9908285481006
8,952.0822294082495,800.9520822294082
9,983.8918383587486,900.9838918383588
8,816.6099478268648,800.8166099478269
9,899.603035233009,900.899603035233
8,903.2913726951703,800.9032913726952
8,902.530008179292,800.9025300081793
8,844.0131951575705,800.8440131951576
8,916.449104806434,800.9164491048065
8,902.3173919611925,800.9023173919612
9,954.6865316170625,900.9546865316171
