num_vehicles,distance,fitness
6,840.3646523098904,600.8403646523099
6,817.2137166506162,600.8172137166506
6,785.6713974827396,600.7856713974827
7,771.2687767954786,700.7712687767955
7,833.076677078745,700.8330766770788
7,825.2101846679839,700.825210184668
6,758.8748999579573,600.758874899958
6,772.4103230371084,600.7724103230371
6,838.2456494503842,600.8382456494504
7,974.0084837494306,700.9740084837495
7,912.6029391615508,700.9126029391615
7,848.2283494198617,700.8482283494199
7,943.5128422199389,700.9435128422199
7,983.7865179296008,700.9837865179296
7,821.3569174996876,700.8213569174997
7,925.8043223647643,700.9258043223648
7,864.165499315377,700.8641654993154
7,956.0128603636183,700.9560128603637
7,903.0776865922337,700.9030776865923
8,981.5768534796774,800.9815768534796
