num_vehicles,distance,fitness
4,918.1606608150763,400.9181606608151
5,854.6553309469195,500.8546553309469
4,877.824163590435,400.87782416359045
7,887.1151817358269,700.8871151817358
5,837.1512099446891,500.8371512099447
6,805.6634142153295,600.8056634142154
5,806.1436756818474,500.8061436756818
5,858.3481761709329,500.8583481761709
8,953.4685783189587,800.953468578319
6,916.7493357883627,600.9167493357884
7,917.669980143393,700.9176699801434
7,954.0164867591991,700.9540164867592
6,942.6143831395373,600.9426143831396
7,1020.7023844899022,701.0207023844899
7,990.6638574231993,700.9906638574232
7,983.576055533444,700.9835760555335
7,940.4379848362768,700.9404379848363
6,900.5172273705139,600.9005172273705
6,795.1376179218873,600.7951376179219
6,994.2404985718856,600.9942404985719
