num_vehicles,distance,fitness
4,848.564939599413,400.84856493959944
4,792.5863518930919,400.7925863518931
4,958.0046024026367,400.95800460240264
4,864.9247648883093,400.8649247648883
4,952.9679429610968,400.9529679429611
5,836.2265732980657,500.83622657329806
6,898.6074027843997,600.8986074027844
7,1022.9436714501998,701.0229436714502
5,948.3712269289401,500.94837122692894
6,973.8116119185473,600.9738116119186
6,924.791616069868,600.9247916160699
6,1033.9339185773147,601.0339339185773
6,920.1799000722149,600.9201799000722
6,893.841749218564,600.8938417492186
6,789.6443302243027,600.7896443302243
6,937.8645332932756,600.9378645332932
5,992.5571861714329,500.99255718617144
7,1050.1522664994397,701.0501522664995
6,965.2723833931122,600.9652723833931
6,989.6867497513006,600.9896867497513
