num_vehicles,distance,fitness
4,1071.3637846072347,401.07136378460723
4,1031.5765250711547,401.03157652507116
4,939.0986529246743,400.93909865292466
4,973.5756646114921,400.9735756646115
4,979.4448483371438,400.97944484833715
4,997.3404887031919,400.9973404887032
5,973.8781086631561,500.97387810866314
6,971.9660283562883,600.9719660283563
4,862.4011766385581,400.86240117663857
5,1025.8324163911466,501.02583241639115
5,938.1796319651006,500.9381796319651
6,994.2816130967566,600.9942816130967
5,1014.8857254785195,501.0148857254785
6,899.3718507962027,600.8993718507962
5,868.4774210073961,500.8684774210074
5,895.6350917406024,500.8956350917406
4,902.9614779997667,400.9029614779998
5,916.6501148276461,500.91665011482763
6,984.9375046126669,600.9849375046126
5,1006.986099742518,501.0069860997425
