num_vehicles,distance,fitness
4,934.6666440653541,400.9346666440654
4,953.4361594633398,400.95343615946337
4,924.0256234467943,400.92402562344677
4,962.0556371889596,400.96205563718894
4,927.8072410971135,400.9278072410971
4,918.7934166851,400.9187934166851
4,1000.1498649385265,401.0001498649385
5,916.6000052205648,500.9166000052206
5,844.7621977244496,500.84476219772444
5,955.4901999950292,500.95549019999504
5,931.1791638562675,500.93117916385626
5,941.8221353879517,500.94182213538795
5,906.7667679966481,500.90676676799666
5,939.8788201656155,500.93987882016563
5,916.4351658032272,500.91643516580325
6,921.598105715121,600.9215981057151
4,829.4168864663723,400.8294168864664
4,903.5153240617028,400.9035153240617
5,927.6479680851367,500.9276479680851
5,948.1094265982467,500.94810942659825
