num_vehicles,distance,fitness
4,954.4951724086313,400.95449517240866
4,828.7613796087619,400.82876137960875
4,891.3360425661465,400.89133604256614
4,910.2135635108999,400.9102135635109
4,862.7748226214484,400.8627748226215
5,932.7898082060701,500.93278980820605
4,838.5182380111223,400.83851823801115
4,813.3785489256367,400.81337854892564
4,962.6274742483422,400.96262747424834
5,921.9234175823776,500.9219234175824
5,889.1802256047076,500.8891802256047
5,879.9776536324871,500.87997765363247
5,765.6286620878609,500.76562866208786
4,1030.5038183219071,401.0305038183219
5,967.4910283955129,500.9674910283955
4,859.0912871776302,400.85909128717765
5,868.5982246599715,500.86859822466
4,891.5091602920252,400.891509160292
5,853.5897668008181,500.85358976680084
5,845.4396154796539,500.8454396154797
