num_vehicles,distance,fitness
7,791.5872570391791,700.7915872570392
7,888.5252859095548,700.8885252859095
8,940.0719771959996,800.940071977196
7,765.3792638498766,700.7653792638499
8,861.881564654275,800.8618815646543
8,860.8793088594645,800.8608793088595
9,1227.4778656277463,901.2274778656277
8,1066.31045421478,801.0663104542148
8,1074.381295168813,801.0743812951688
9,1104.0866660549157,901.104086666055
8,981.6116874567551,800.9816116874567
9,1062.132969414463,901.0621329694145
8,958.2913630364578,800.9582913630364
9,1042.2053002849682,901.042205300285
8,952.2816300122995,800.9522816300123
8,989.014096201847,800.9890140962018
9,1155.5630732186876,901.1555630732187
9,1040.0231919843336,901.0400231919843
8,1161.0399478477998,801.1610399478478
7,893.0961253177213,700.8930961253177
