num_vehicles,distance,fitness
8,759.1670203183024,800.7591670203183
8,1009.6952255426461,801.0096952255426
8,859.9837064947404,800.8599837064947
9,1056.939736356989,901.056939736357
8,865.418418062734,800.8654184180627
10,1232.016178910083,1001.23201617891
8,958.5676099825796,800.9585676099825
11,1259.1978043084378,1101.2591978043085
10,1127.631627567818,1001.1276316275678
12,1244.9199634322729,1201.2449199634323
8,884.1283796037021,800.8841283796037
9,1007.6714487128769,901.0076714487129
11,1185.348937579877,1101.1853489375799
9,1168.9321856459453,901.168932185646
10,1104.9205902649007,1001.1049205902649
8,877.2071265223602,800.8772071265223
9,1238.6983270671665,901.2386983270671
10,1155.616713685401,1001.1556167136854
10,1156.2623305616323,1001.1562623305616
9,1077.9589811184746,901.0779589811185
