num_vehicles,distance,fitness
8,894.5607712993112,800.8945607712993
10,1057.889530426365,1001.0578895304263
9,820.7999921168924,900.8207999921169
9,864.7272195457399,900.8647272195458
10,978.5739302421041,1000.9785739302421
9,844.9447327131779,900.8449447327132
10,987.1017171277667,1000.9871017171278
11,1047.4050788500874,1101.04740507885
10,989.2245178709825,1000.989224517871
9,934.6380318729734,900.934638031873
11,1151.8270765214256,1101.1518270765214
12,1247.6270328693602,1201.2476270328693
10,1016.2377566726784,1001.0162377566727
12,1171.268372367037,1201.171268372367
12,1118.0904019384573,1201.1180904019384
13,1186.8575403724199,1301.1868575403723
10,910.7388121088047,1000.9107388121088
10,1008.6349608408489,1001.0086349608408
13,1078.3420553762955,1301.0783420553762
11,1051.2238848442119,1101.0512238848441
