num_vehicles,distance,fitness
7,691.9245200332821,700.6919245200332
8,798.4088059040168,800.798408805904
9,868.2796482605537,900.8682796482606
9,962.4469685832452,900.9624469685832
8,796.2978791484043,800.7962978791484
9,920.2313933367088,900.9202313933367
8,794.0859968460895,800.7940859968461
8,786.2687181936318,800.7862687181936
8,748.5646596007083,800.7485646596007
8,848.4397080903884,800.8484397080904
10,982.028173635469,1000.9820281736355
11,1112.4021622366683,1101.1124021622368
10,1011.4085200062902,1001.0114085200063
10,1049.1261246407955,1001.0491261246408
10,934.9176535641523,1000.9349176535642
10,1092.5458749814263,1001.0925458749814
10,1087.0188231169577,1001.087018823117
12,1344.9143744560017,1201.344914374456
10,1100.678444628985,1001.100678444629
9,951.6707808910768,900.951670780891
