num_vehicles,distance,fitness
7,979.4404534601562,700.9794404534601
7,961.9862536825028,700.9619862536825
7,1016.6342685183633,701.0166342685184
7,924.8242633411032,700.9248242633411
7,914.1803617031262,700.9141803617031
7,1030.578782812281,701.0305787828123
7,862.2845687911289,700.8622845687911
7,964.1807093540338,700.9641807093541
8,1039.0182334708354,801.0390182334709
7,1001.6410903980277,701.001641090398
8,1064.2346097561829,801.0642346097562
8,1135.6704280779986,801.135670428078
7,1057.5094413019217,701.0575094413019
8,1023.9999073892639,801.0239999073892
8,1031.539776554777,801.0315397765547
9,1111.9151402551067,901.1119151402551
7,980.6776969139454,700.980677696914
8,1259.8494420797563,801.2598494420797
8,962.6581202862006,800.9626581202862
8,990.2522100952664,800.9902522100953
