num_vehicles,distance,fitness
8,1070.571296979287,801.0705712969793
7,1039.503595945315,701.0395035959453
7,833.8397524078179,700.8338397524078
7,1182.9264655848588,701.1829264655848
7,908.2409912090084,700.908240991209
7,983.3636893599449,700.98336368936
7,1067.666028261291,701.0676660282613
8,1108.6721856948095,801.1086721856948
8,1052.393806742654,801.0523938067427
8,1107.6268724944016,801.1076268724944
8,947.0314761087959,800.9470314761088
9,1187.5510850035932,901.1875510850036
8,1079.0279116743782,801.0790279116744
8,1102.815018785408,801.1028150187855
8,1119.0233540174786,801.1190233540175
8,892.6948379955962,800.8926948379956
8,1086.7957840586032,801.0867957840586
7,891.7781904754045,700.8917781904754
7,1007.5613001892877,701.0075613001893
10,1195.1690464116923,1001.1951690464117
