num_vehicles,distance,fitness
8,962.0780328369437,800.962078032837
9,806.8942461720683,900.8068942461721
8,752.9412590741454,800.7529412590742
8,925.0508624479164,800.925050862448
9,920.014221198507,900.9200142211985
9,926.1318013086143,900.9261318013087
9,954.8187614243029,900.9548187614243
9,916.8774928572848,900.9168774928573
9,913.3724227883304,900.9133724227884
8,1102.2732031545083,801.1022732031545
9,1087.9365553470345,901.087936555347
8,999.2064373168134,800.9992064373168
10,1164.6568670641834,1001.1646568670642
9,1151.3778805308327,901.1513778805308
10,1217.721105443325,1001.2177211054433
9,1078.4742821932489,901.0784742821933
8,941.2365132633371,800.9412365132633
10,1077.9879038349482,1001.0779879038349
10,1108.2219883532666,1001.1082219883533
9,1061.8391661041385,901.0618391661042
