num_vehicles,distance,fitness
5,1098.2107185369055,501.0982107185369
5,1112.8874669368363,501.11288746693685
5,996.1389209866737,500.99613892098665
4,1213.6774434675879,401.2136774434676
7,1146.1478571557152,701.1461478571557
5,1065.577721531177,501.06557772153116
6,991.5689002887184,600.9915689002887
6,1100.7095971917454,601.1007095971918
6,1100.8205375214982,601.1008205375215
7,1254.3776485996634,701.2543776485996
6,1074.6647951486254,601.0746647951486
6,1152.860952262663,601.1528609522627
8,1097.5075408623702,801.0975075408624
6,1128.6323120142733,601.1286323120142
6,1216.8461287612315,601.2168461287612
7,1071.2865005485085,701.0712865005485
6,1298.6756902262164,601.2986756902262
7,1300.1718601007449,701.3001718601007
5,1184.769924529141,501.1847699245291
6,1193.585594288405,601.1935855942884
