num_vehicles,distance,fitness
5,1156.9680017061987,501.1569680017062
5,1287.5115487620387,501.28751154876204
5,1114.2116917338126,501.11421169173383
5,1041.5555868968136,501.04155558689683
5,952.1178069296132,500.9521178069296
5,1022.4649587329693,501.022464958733
4,951.6314027382201,400.9516314027382
5,966.6783005776913,500.9666783005777
5,1133.6794963823108,501.1336794963823
5,1251.512902994516,501.25151290299453
5,1204.2973656189056,501.2042973656189
6,1128.634442177195,601.1286344421771
6,1282.3990087488744,601.2823990087488
5,1104.9903861933446,501.1049903861933
5,1307.6220120988442,501.3076220120988
6,1208.9513897848938,601.2089513897849
5,1024.0465479352285,501.02404654793526
6,1158.1187406961863,601.1581187406962
6,1013.0433401909684,601.013043340191
5,1201.1974079675429,501.2011974079675
