num_vehicles,distance,fitness
5,1310.0844333327757,501.3100844333328
5,1132.3652319551707,501.1323652319552
5,1106.0307845811576,501.10603078458115
5,1109.353824696981,501.109353824697
5,1173.1034002955025,501.1731034002955
5,1149.7101825906725,501.1497101825907
4,1236.7499022378947,401.2367499022379
5,1080.393112300594,501.0803931123006
5,1166.5679360063,501.1665679360063
5,1194.6073812874847,501.1946073812875
5,1234.3547572864386,501.23435475728644
6,1275.6165232948813,601.2756165232948
5,989.6859712966171,500.98968597129664
5,1050.03849284092,501.05003849284094
5,1009.367583182348,501.0093675831823
5,1030.1335816022574,501.0301335816023
7,1194.2248317221975,701.1942248317222
6,1233.625926935921,601.2336259269359
6,1124.3237048732763,601.1243237048733
5,1130.4584483880649,501.1304584483881
