num_vehicles,distance,fitness
5,1306.6275740598305,501.3066275740598
5,951.800199733354,500.9518001997333
5,964.5237379724933,500.9645237379725
5,1141.3893137382595,501.1413893137383
5,1017.5235924244441,501.0175235924244
5,1311.3896750830827,501.3113896750831
5,1280.4844648572719,501.2804844648573
5,1128.0813991678451,501.12808139916785
5,940.9090219743877,500.9409090219744
5,1220.1473463705802,501.2201473463706
5,915.8460591625114,500.9158460591625
5,1051.9773969060727,501.05197739690607
5,1069.5662218417403,501.06956622184174
5,1369.462607236784,501.36946260723676
5,1122.400304405087,501.12240030440506
5,1381.4138679495652,501.38141386794956
5,1083.8542756216266,501.0838542756216
5,944.0932921204718,500.9440932921205
5,1206.0321205890205,501.20603212058904
4,1132.2626821689685,401.13226268216897
