num_vehicles,distance,fitness
5,1088.2573579320474,501.08825735793204
4,1115.2557895480038,401.11525578954803
5,1069.0214958445176,501.06902149584454
5,964.8337522418042,500.9648337522418
5,1109.3869103799173,501.1093869103799
5,1060.8576308375768,501.0608576308376
4,1119.7035498522107,401.1197035498522
5,1037.1756459528228,501.0371756459528
6,1154.3215279492306,601.1543215279493
7,1105.0151657179654,701.105015165718
5,933.7022054854818,500.9337022054855
5,1195.9817772635195,501.1959817772635
5,1185.8368047971023,501.1858368047971
5,1089.9117529087312,501.08991175290873
5,1041.8951440481242,501.0418951440481
5,1094.1487811735765,501.0941487811736
5,1249.3021659805438,501.24930216598057
6,1207.6403470949147,601.2076403470949
6,1282.2234631204828,601.2822234631204
6,1148.8815648524146,601.1488815648524
