num_vehicles,distance,fitness,time
4.0,394.1013161095329,400.3941013161095,250.84503746032715
