num_vehicles,distance,fitness,time
1.0,327.325619991583,1.9980550932988823,288.21114587783813
