num_vehicles,distance,fitness,time
1.0,327.325619991583,1.9980550932988823,288.21114587783813
1.0,328.92886684235776,1.9980645729967674,289.91923785209656
1.0,329.1622391733595,1.9980659451843312,289.96650099754333
