num_vehicles,distance,fitness
7,537.3913739362137,700.5373913739362
8,676.7804594994993,800.6767804594995
10,762.0113679160442,1000.762011367916
9,646.3896031221326,900.6463896031221
10,659.7885394334429,1000.6597885394334
8,667.9319571766589,800.6679319571766
12,706.0464898104393,1200.7060464898104
11,719.972803533377,1100.7199728035334
10,685.5836154231688,1000.6855836154232
10,643.531955504177,1000.6435319555042
11,779.0550512942049,1100.779055051294
10,672.0353611802078,1000.6720353611802
13,793.3460701659582,1300.7933460701659
10,724.4687188355565,1000.7244687188355
8,599.1135584113343,800.5991135584113
12,710.1414210928039,1200.7101414210929
9,693.8632320560135,900.6938632320561
11,757.0081476361763,1100.7570081476363
14,803.6626262623956,1400.8036626262624
12,719.3101713207086,1200.7193101713208
