num_vehicles,distance,fitness
6,447.6452532027363,600.4476452532027
7,538.5427818254312,700.5385427818254
6,594.2184072967511,600.5942184072968
8,757.2195487204839,800.7572195487205
8,611.6355282321814,800.6116355282322
6,583.3458284939502,600.583345828494
7,578.2234404108876,700.5782234404109
10,727.9380677769626,1000.727938067777
10,719.4480384400189,1000.71944803844
8,646.4387837067856,800.6464387837068
9,708.0062951209442,900.708006295121
9,625.2397318889954,900.625239731889
11,730.8741002920024,1100.730874100292
9,668.0632956684867,900.6680632956685
8,659.4811876727804,800.6594811876728
9,710.797586099105,900.7107975860991
9,653.4110848530122,900.653411084853
8,619.4238141480314,800.619423814148
8,650.1367444536318,800.6501367444537
7,565.6950880227655,700.5656950880227
