num_vehicles,distance,fitness
7,495.26436520284466,700.4952643652028
7,638.7802101408174,700.6387802101408
7,563.9818132281489,700.5639818132281
7,633.2592736256664,700.6332592736256
7,595.0695745323904,700.5950695745324
7,591.4838469251144,700.5914838469251
7,580.2905907363983,700.5802905907364
6,629.9946616192615,600.6299946616192
7,580.8930216749959,700.580893021675
8,730.5378111494833,800.7305378111495
8,623.770453688015,800.623770453688
8,750.8770470876078,800.7508770470876
8,676.1646180271496,800.6761646180272
7,638.0233783642612,700.6380233783642
9,792.1506714289927,900.792150671429
8,617.7461940794036,800.6177461940794
7,635.4120200303627,700.6354120200303
8,686.2178475565345,800.6862178475566
7,621.4372202367083,700.6214372202367
8,697.024023901562,800.6970240239016
