num_vehicles,distance,fitness
7,658.8124637298049,700.6588124637298
8,732.8976201472616,800.7328976201472
10,668.1203963621559,1000.6681203963622
10,786.0118238457567,1000.7860118238458
10,689.8809023581695,1000.6898809023581
10,699.0958768099204,1000.6990958768099
9,677.1118232476542,900.6771118232476
11,687.2445993893193,1100.6872445993893
8,592.4429304503628,800.5924429304504
8,704.2013501350159,800.704201350135
9,639.3116768119801,900.639311676812
9,738.5401900064157,900.7385401900065
9,566.5817982655684,900.5665817982656
9,732.4566139157164,900.7324566139157
8,606.6672172948346,800.6066672172948
8,545.0604487364276,800.5450604487364
10,760.1055015188805,1000.7601055015189
10,790.7698136763912,1000.7907698136764
8,674.4492437445139,800.6744492437446
9,637.4338179314495,900.6374338179314
