num_vehicles,distance,fitness
7,599.946623310844,700.5999466233109
8,670.3479595235033,800.6703479595235
6,557.1511649853072,600.5571511649853
8,691.2484210312754,800.6912484210312
10,718.4288873952889,1000.7184288873952
8,719.8508044792517,800.7198508044793
9,614.350836352994,900.614350836353
9,647.733445322645,900.6477334453226
8,700.1998623150475,800.700199862315
8,665.4172573624903,800.6654172573625
7,585.7400228918129,700.5857400228919
8,676.6607278501803,800.6766607278502
8,718.7765692986026,800.7187765692986
10,781.1765612234453,1000.7811765612234
8,716.1883684016382,800.7161883684016
8,734.9622004548169,800.7349622004548
9,745.1301425101055,900.7451301425101
9,655.0749717905887,900.6550749717906
8,566.3434022808258,800.5663434022808
7,670.7087173552843,700.6707087173553
