num_vehicles,distance,fitness
7,664.5333586844342,700.6645333586845
7,558.4509459496754,700.5584509459496
6,627.2455049884675,600.6272455049884
8,593.8289103987212,800.5938289103988
8,640.0046007480869,800.6400046007481
8,621.8834186970122,800.621883418697
7,571.556553607387,700.5715565536074
7,608.3389340539782,700.608338934054
8,605.5944537424944,800.6055944537425
8,720.6833777715071,800.7206833777715
7,646.0891970508457,700.6460891970509
8,672.4078391195503,800.6724078391195
8,687.9596137782139,800.6879596137782
9,631.4625816535976,900.6314625816536
7,613.4269367256493,700.6134269367257
9,687.5007385729343,900.6875007385729
8,603.8166562604898,800.6038166562605
7,652.4024421755371,700.6524024421756
8,655.3917468200801,800.6553917468201
9,595.7840823871317,900.5957840823871
