num_vehicles,distance,fitness
5,457.2023704760672,500.45720237047607
5,523.8552372739675,500.52385523727395
7,610.9724328129292,700.6109724328129
6,500.5008164801829,600.5005008164802
7,602.2460072047033,700.6022460072047
6,586.5620055736621,600.5865620055737
8,545.470135907082,800.5454701359071
6,510.4454721651032,600.5104454721651
11,827.1163407254518,1100.8271163407255
10,798.4979602908943,1000.7984979602909
10,756.1689985363599,1000.7561689985364
10,802.9272106719799,1000.802927210672
8,715.6276983655712,800.7156276983656
9,717.6189143193353,900.7176189143194
10,762.9114724966192,1000.7629114724966
8,652.3336699752645,800.6523336699753
8,736.5157715181947,800.7365157715182
9,735.5269747556938,900.7355269747557
7,620.1431230755277,700.6201431230755
7,663.5490397258336,700.6635490397258
