num_vehicles,distance,fitness
5,555.9485643976219,500.5559485643976
5,576.6651091341175,500.5766651091341
5,600.0059715913271,500.6000059715913
5,608.0677651606268,500.6080677651606
5,597.6665107621435,500.59766651076217
5,745.2419315070067,500.745241931507
6,750.0952481329151,600.7500952481329
9,873.0708499879122,900.8730708499879
6,760.3193512576225,600.7603193512576
6,640.2632740145888,600.6402632740146
7,800.7330040816616,700.8007330040816
6,682.2911053664222,600.6822911053664
7,788.4439820256705,700.7884439820257
7,801.6559026426371,700.8016559026427
6,692.3819028497159,600.6923819028497
6,737.157443129299,600.7371574431293
5,682.8239508389815,500.682823950839
8,790.8181946487649,800.7908181946488
6,804.2627139284816,600.8042627139284
6,743.8081767066503,600.7438081767067
