num_vehicles,distance,fitness
5,534.3361221591722,500.5343361221592
5,618.4503025514617,500.6184503025515
5,632.3954868029837,500.632395486803
5,552.6441144070561,500.55264411440703
5,637.6087503054429,500.63760875030545
5,618.1972089993392,500.61819720899933
5,542.4146492411925,500.5424146492412
5,580.4987542404681,500.58049875424047
5,552.7420297236698,500.5527420297237
5,543.0474579227482,500.54304745792274
5,595.4390045453993,500.5954390045454
5,649.5968568503862,500.6495968568504
6,686.6339565860184,600.686633956586
7,750.9838133353023,700.7509838133353
6,732.080692852778,600.7320806928528
6,728.8072628743321,600.7288072628743
6,744.7229321834388,600.7447229321834
6,789.6045891532247,600.7896045891532
5,731.3169435412541,500.73131694354123
7,773.4617041193119,700.7734617041193
