num_vehicles,distance,fitness
8,800.9792222618502,800.8009792222618
15,966.9830846094802,1500.9669830846094
12,890.7227550758797,1200.8907227550758
10,755.3385419425991,1000.7553385419426
12,882.8515861701816,1200.88285158617
12,833.2202546034068,1200.8332202546035
14,980.6956224218089,1400.9806956224218
15,988.8889951639047,1500.988888995164
13,880.7071459169892,1300.880707145917
18,1074.8923291229728,1801.074892329123
16,1073.373141080473,1601.0733731410805
13,994.3215366845724,1300.9943215366845
13,950.3959544394149,1300.9503959544395
13,913.7637409281366,1300.913763740928
16,1038.2039592405515,1601.0382039592405
13,903.1506934559904,1300.903150693456
15,1000.8418407498082,1501.00084184075
17,1123.3444717262728,1701.1233444717263
14,993.2881217643976,1400.9932881217644
13,940.6143751191684,1300.9406143751191
