num_vehicles,distance,fitness
8,801.6266998825827,800.8016266998826
10,748.1428838763637,1000.7481428838763
9,774.738692277215,900.7747386922772
10,885.8166875617363,1000.8858166875617
8,861.4027168203013,800.8614027168203
12,809.6466741474967,1200.8096466741474
10,804.7385968296792,1000.8047385968297
11,931.3848873198109,1100.9313848873198
11,950.7795143941797,1100.950779514394
12,979.9813109692068,1200.9799813109692
11,947.1994937303914,1100.9471994937303
12,977.2413496291601,1200.9772413496291
12,1016.4812410756793,1201.0164812410758
13,1042.206781481283,1301.0422067814814
12,1078.9104433890273,1201.078910443389
12,962.8133437150441,1200.962813343715
14,998.9292380379965,1400.998929238038
12,1043.728639674652,1201.0437286396746
10,1057.4475799821935,1001.0574475799822
11,876.0010603731087,1100.876001060373
