num_vehicles,distance,fitness
7,847.9959707224298,700.8479959707224
6,913.5697384223122,600.9135697384223
6,847.2927018422154,600.8472927018422
7,839.9675482809644,700.8399675482809
7,890.1609407849596,700.890160940785
6,850.2288918845039,600.8502288918845
6,789.3647369777779,600.7893647369777
6,847.8283053003571,600.8478283053004
6,822.6204600263706,600.8226204600263
10,923.8246377207794,1000.9238246377208
9,935.9865963677278,900.9359865963677
8,930.9435976216788,800.9309435976216
8,789.8187188540137,800.789818718854
8,965.6797468054922,800.9656797468054
8,931.7582066571829,800.9317582066572
8,1041.5320663131042,801.0415320663132
7,851.2572747056095,700.8512572747056
9,909.868164445301,900.9098681644454
8,850.7479432225614,800.8507479432226
9,1002.449536541703,901.0024495365417
