num_vehicles,distance,fitness
7,864.4833286468569,700.8644833286469
13,907.507582222987,1300.907507582223
12,910.3289762984991,1200.9103289762984
8,720.9725120977221,800.7209725120978
11,895.6037229268463,1100.8956037229268
11,965.877971985624,1100.9658779719857
11,861.9307613465434,1100.8619307613465
12,959.7465742721661,1200.9597465742722
13,1028.1640215410878,1301.028164021541
11,956.362702217791,1100.9563627022178
9,963.1716168679677,900.963171616868
12,956.3493398623883,1200.9563493398623
12,926.8226106814107,1200.9268226106815
11,903.97235774495,1100.903972357745
11,930.4242932040028,1100.930424293204
12,943.4164710723161,1200.9434164710724
12,991.4949429420913,1200.9914949429422
13,1064.3515735253009,1301.0643515735253
11,905.4040264522072,1100.9054040264523
10,901.748641459438,1000.9017486414594
