num_vehicles,distance,fitness
6,738.2850068179622,600.7382850068179
8,763.2278581611494,800.7632278581611
7,796.4656057993753,700.7964656057994
8,877.2454036601282,800.8772454036601
9,822.9231744393499,900.8229231744393
8,850.2886497374358,800.8502886497374
6,752.7136564879407,600.7527136564879
10,1049.5011278881534,1001.0495011278881
9,862.4707786258572,900.8624707786258
8,875.6315132055563,800.8756315132056
10,949.0075792424989,1000.9490075792424
11,872.2035924326959,1100.8722035924327
11,1028.9648530124005,1101.0289648530124
10,987.2954564501956,1000.9872954564502
9,844.7850135560454,900.844785013556
11,940.8698587216987,1100.9408698587217
10,950.7401717347948,1000.9507401717348
10,900.8839261269577,1000.900883926127
12,1050.5123866065337,1201.0505123866064
9,945.5102332922164,900.9455102332922
