num_vehicles,distance,fitness
6,762.3946846662257,600.7623946846662
8,833.9838373471835,800.8339838373472
8,916.4585952173087,800.9164585952174
8,825.8728167501696,800.8258728167501
8,830.7165771648125,800.8307165771648
8,936.0897033355101,800.9360897033355
10,969.5766598800839,1000.9695766598801
8,953.5481852629994,800.953548185263
8,926.1239114122532,800.9261239114122
10,920.0817222567033,1000.9200817222567
9,947.1674964585466,900.9471674964585
7,868.3619297500873,700.8683619297501
10,1003.0293953915497,1001.0030293953915
9,956.1450219289027,900.9561450219289
9,942.7832861128436,900.9427832861129
10,1023.147718961393,1001.0231477189614
8,926.102537736983,800.9261025377369
8,972.0020123799125,800.9720020123799
8,865.1516404501151,800.8651516404501
8,945.5233232398903,800.9455233232399
