num_vehicles,distance,fitness
7,842.8913236348984,700.842891323635
7,827.901414315616,700.8279014143156
7,786.1333808232175,700.7861333808232
6,772.9052637307568,600.7729052637308
7,922.7047872776664,700.9227047872777
6,856.1298610407716,600.8561298610408
7,815.9854994497512,700.8159854994498
6,814.4888818786833,600.8144888818787
7,819.7815422385083,700.8197815422385
9,980.937299073208,900.9809372990732
8,992.9411292360604,800.9929411292361
9,956.823128916433,900.9568231289164
9,963.8779219931466,900.9638779219931
8,772.0545633753266,800.7720545633754
9,902.272447910032,900.90227244791
8,810.6804915624464,800.8106804915625
7,762.141385539694,700.7621413855397
9,965.7132178201686,900.9657132178202
9,954.8709969813449,900.9548709969813
9,910.776892085283,900.9107768920853
