num_vehicles,distance,fitness
6,840.3646523098904,600.8403646523099
6,805.2176447271497,600.8052176447271
6,818.7540315411079,600.8187540315411
7,786.2512998940599,700.786251299894
6,818.6525322344066,600.8186525322344
6,825.7725361722631,600.8257725361723
6,761.4676005841328,600.7614676005842
7,873.8207038597895,700.8738207038598
7,922.4843244131497,700.9224843244132
7,807.9484571715641,700.8079484571716
7,995.5325253001481,700.9955325253002
7,843.0848334614133,700.8430848334614
6,842.5341213113509,600.8425341213114
7,878.7471312461068,700.8787471312461
8,985.8178539722385,800.9858178539722
7,861.6531490203921,700.8616531490204
8,973.4174225701784,800.9734174225702
7,825.4802641697358,700.8254802641698
7,870.1505548700331,700.8701505548701
6,777.1557789005423,600.7771557789006
