num_vehicles,distance,fitness
4,918.1606608150763,400.9181606608151
5,799.4784466126531,500.7994784466126
4,916.6618811842775,400.91666188118427
6,849.5711564683043,600.8495711564683
6,805.7477299257869,600.8057477299258
6,886.5890150741683,600.8865890150742
6,907.0544827148644,600.9070544827149
7,934.9929201170532,700.934992920117
5,871.1957936328408,500.87119579363286
7,953.3689689522895,700.9533689689523
7,896.9133278416401,700.8969133278416
8,934.2871222015989,800.9342871222016
6,923.0469358652624,600.9230469358653
6,904.888137920895,600.9048881379209
7,885.1733026850344,700.8851733026851
6,867.8505747089148,600.8678505747089
7,940.4583990204153,700.9404583990204
7,871.0220519012244,700.8710220519013
7,861.9135897983474,700.8619135897983
6,861.2713051769856,600.861271305177
