num_vehicles,distance,fitness
4,848.564939599413,400.84856493959944
4,921.6569492497651,400.9216569492498
4,947.0246275804894,400.9470246275805
6,970.5932702071885,600.9705932702071
6,878.7916127674117,600.8787916127674
7,1033.7651995516203,701.0337651995516
5,959.1205193124132,500.9591205193124
6,913.1281631797386,600.9131281631797
5,807.269371866335,500.8072693718663
5,921.876745800337,500.9218767458003
7,1045.7460632478903,701.0457460632479
5,926.7631212738509,500.92676312127384
6,795.4078567019264,600.7954078567019
7,949.8267965895284,700.9498267965895
5,850.066828531411,500.8500668285314
7,867.5988700285626,700.8675988700286
6,943.3524046829391,600.943352404683
7,996.2084541182087,700.9962084541182
6,899.2259989536923,600.8992259989537
7,910.9571184751978,700.9109571184752
