num_vehicles,distance,fitness
4,1071.3637846072347,401.07136378460723
5,1048.264920670971,501.048264920671
4,1043.3232723769802,401.043323272377
5,986.2483998171161,500.9862483998171
4,996.8087982927964,400.9968087982928
4,1041.71023102211,401.04171023102214
4,985.5797533282257,400.98557975332824
4,1005.2538615844641,401.0052538615845
5,823.9712331165118,500.82397123311654
5,878.1628281159515,500.87816282811593
4,906.3068369535827,400.9063068369536
6,892.7172271433643,600.8927172271434
6,962.9264030773475,600.9629264030774
6,1006.4425536482058,601.0064425536482
6,929.0677367816278,600.9290677367816
5,934.3905253999812,500.9343905254
5,973.9760329158544,500.97397603291586
6,891.3648129152616,600.8913648129153
5,890.9608920083712,500.89096089200837
6,888.4712915715063,600.8884712915715
