num_vehicles,distance,fitness
4,937.6570066368039,400.9376570066368
4,943.0439726701308,400.9430439726701
4,969.7306702454489,400.96973067024544
4,978.2006788602956,400.9782006788603
5,874.1892580132585,500.87418925801325
5,838.2155077266078,500.8382155077266
5,889.7180296536218,500.88971802965364
5,892.2024717486282,500.89220247174865
5,962.6119928173099,500.9626119928173
5,953.5930986268318,500.9535930986268
5,1019.7458751419254,501.01974587514195
4,916.2339618432741,400.91623396184326
5,1009.690586989069,501.00969058698905
4,960.1682372837045,400.9601682372837
4,890.8719183987664,400.8908719183988
4,972.0279615547001,400.9720279615547
4,859.568303835011,400.85956830383503
4,913.2145102321048,400.9132145102321
5,1034.8802041177892,501.03488020411777
5,941.5699237301671,500.9415699237302
