num_vehicles,distance,fitness
4,887.2260787198006,400.8872260787198
5,824.238889104228,500.8242388891042
4,892.5435258424427,400.8925435258424
5,820.5637140287441,500.82056371402876
5,985.7092994180745,500.9857092994181
4,840.1463833483581,400.8401463833484
5,903.026867025817,500.9030268670258
5,869.6891083108939,500.8696891083109
6,999.2737825395145,600.9992737825395
4,941.1633043739475,400.94116330437396
5,936.2485135086501,500.93624851350864
6,888.9249949603042,600.8889249949603
5,879.1763306052453,500.8791763306052
5,965.3724356244317,500.96537243562443
5,831.1094077110732,500.8311094077111
5,924.1448597222438,500.9241448597222
5,937.6769134171623,500.93767691341714
5,899.0655608780977,500.8990655608781
5,985.0787836852711,500.98507878368525
5,937.5646886475475,500.93756468864757
