num_vehicles,distance,fitness
4,934.6666440653541,400.9346666440654
4,812.2399244153382,400.81223992441534
4,927.3861108384945,400.9273861108385
4,932.5175980387194,400.9325175980387
4,942.0898244189627,400.942089824419
4,898.1217377389665,400.89812173773896
4,922.6607170145688,400.9226607170146
6,1019.7561087471433,601.0197561087472
5,932.9546215812769,500.9329546215813
5,844.3441160309336,500.8443441160309
6,963.5306975137577,600.9635306975138
5,923.7341877786998,500.9237341877787
5,910.718869318279,500.91071886931826
4,975.0145923236339,400.97501459232365
4,1010.1521214852482,401.01015212148525
6,1024.774322787449,601.0247743227875
5,985.5809702756944,500.9855809702757
5,881.3989935165532,500.88139899351654
4,885.1747252910993,400.8851747252911
5,989.2539440983195,500.9892539440983
