num_vehicles,distance,fitness
4,990.4776981132496,400.99047769811324
4,1004.6822193378522,401.00468221933784
4,934.6668451592146,400.9346668451592
4,1005.0179920730571,401.0050179920731
4,997.3193834434007,400.9973193834434
4,972.5480467597246,400.9725480467597
4,875.7647360854214,400.87576473608544
4,983.6945755115777,400.98369457551155
4,1034.797036446946,401.03479703644695
5,956.4230979261949,500.9564230979262
4,924.9754307592649,400.9249754307593
5,936.0237449746337,500.93602374497465
4,865.679212896742,400.86567921289674
5,907.5927900401831,500.90759279004016
5,836.0545126949286,500.83605451269494
5,975.1174013154314,500.97511740131546
5,841.6375203422367,500.84163752034226
4,837.4423197318508,400.83744231973185
5,825.4991997863169,500.8254991997863
5,950.522912106375,500.95052291210635
