num_vehicles,distance,fitness
4,954.4951724086313,400.95449517240866
4,829.1936781247147,400.82919367812474
4,852.1362592548146,400.8521362592548
4,899.5353218100203,400.89953532181
4,852.0324234390478,400.852032423439
4,856.4000739555325,400.8564000739555
4,861.2431752706932,400.8612431752707
5,783.7290675093933,500.7837290675094
5,881.9908728958812,500.88199087289587
5,869.0977707929761,500.86909777079296
5,910.7911735026,500.9107911735026
4,953.1865448292397,400.95318654482924
5,860.1200339139448,500.860120033914
5,860.558342562971,500.86055834256297
6,888.6989529728354,600.8886989529728
5,946.4350189845936,500.9464350189846
5,801.895551187245,500.8018955511873
4,848.4961004570819,400.84849610045706
5,1005.8438810883878,501.00584388108837
4,825.5540740614406,400.8255540740614
