num_vehicles,distance,fitness
4,877.1580260263885,400.8771580260264
4,939.2027037718738,400.93920270377185
4,853.5678377423492,400.85356783774233
4,937.5266287426316,400.93752662874266
4,814.1324117235198,400.8141324117235
4,843.894801569819,400.84389480156983
4,993.8729608980292,400.99387296089805
4,946.0344759327248,400.9460344759327
4,810.9590931074632,400.81095909310744
4,858.2270955074929,400.8582270955075
4,880.2095273928431,400.8802095273928
4,768.6133699323136,400.7686133699323
4,793.6070569117887,400.7936070569118
4,966.6524985140849,400.96665249851407
4,926.9369983479206,400.9269369983479
4,864.161743495161,400.8641617434952
4,913.371736638079,400.91337173663806
4,865.4943021137442,400.86549430211375
4,995.7459551609204,400.99574595516094
4,943.4225641899795,400.94342256419
