num_vehicles,distance,fitness
7,691.9245200332821,700.6919245200332
8,784.4838798104548,800.7844838798104
9,856.770934131046,900.8567709341311
8,746.5396242363257,800.7465396242363
10,961.5822306533016,1000.9615822306533
9,850.7116209301116,900.8507116209302
9,1027.8826857968852,901.0278826857968
11,1236.6763023202172,1101.2366763023201
12,1067.0816765194759,1201.0670816765194
9,815.1931439784767,900.8151931439785
9,1093.1417833405135,901.0931417833406
9,1110.6219359510549,901.110621935951
12,1254.0790245791163,1201.2540790245791
9,995.9186390106429,900.9959186390106
10,1113.936757251146,1001.1139367572512
10,975.9599194398352,1000.9759599194398
10,1009.0806126401293,1001.0090806126401
12,1235.9156562906899,1201.2359156562907
10,1038.61817104092,1001.0386181710409
10,931.9773879653292,1000.9319773879653
