num_vehicles,distance,fitness
8,894.5607712993112,800.8945607712993
9,830.9607214047273,900.8309607214047
10,1046.660003617586,1001.0466600036176
9,835.5824986938469,900.8355824986938
9,823.2973955442545,900.8232973955443
8,839.9984904405487,800.8399984904405
9,921.7550650513683,900.9217550650513
9,850.6682389186408,900.8506682389186
12,1109.0058450263818,1201.1090058450263
11,1187.6208480905912,1101.1876208480905
12,1093.2246158488674,1201.0932246158488
11,1162.5663104864593,1101.1625663104865
11,997.5349794953256,1100.9975349794954
13,1297.0534127398846,1301.2970534127398
10,1083.210946384882,1001.0832109463848
10,1052.36547505731,1001.0523654750573
13,1202.290798986442,1301.2022907989865
10,1158.7952530043765,1001.1587952530044
10,1101.5576180209744,1001.1015576180209
11,979.9719732138366,1100.9799719732139
