num_vehicles,distance,fitness
7,979.4404534601562,700.9794404534601
7,899.837485330991,700.899837485331
7,929.5254804410083,700.929525480441
7,928.9767546925906,700.9289767546926
7,1037.310446945074,701.0373104469451
7,914.1746975925737,700.9141746975926
7,1015.8235776251536,701.0158235776252
7,1030.9935424436928,701.0309935424436
8,1116.9960289860767,801.116996028986
8,1234.1258189064579,801.2341258189065
8,1079.2906433133244,801.0792906433134
7,958.1704621909081,700.9581704621909
8,1105.2659610046928,801.1052659610046
8,928.4445908668492,800.9284445908669
8,1054.1102081865386,801.0541102081866
7,965.2779568273138,700.9652779568273
8,1096.865363137364,801.0968653631373
8,1043.715993088154,801.0437159930882
8,1128.893578809242,801.1288935788092
8,1058.7474487397858,801.0587474487398
