num_vehicles,distance,fitness
8,759.1670203183024,800.7591670203183
8,911.6962331321547,800.9116962331321
8,870.3119835460207,800.870311983546
8,896.0924717118414,800.8960924717119
8,883.7482639221969,800.8837482639221
8,844.8532215937346,800.8448532215938
7,837.3756563718027,700.8373756563718
9,948.9213058393264,900.9489213058393
10,905.1705970341128,1000.9051705970342
11,1193.1880811032424,1101.1931880811032
10,1233.2761784005968,1001.2332761784006
11,1288.669447013278,1101.2886694470133
9,1123.9275085522258,901.1239275085522
11,1233.3349317753427,1101.2333349317753
9,1020.147651529544,901.0201476515296
11,1113.9654940800044,1101.11396549408
10,1109.1132911044745,1001.1091132911044
9,1088.5214177296427,901.0885214177297
9,976.0659499019276,900.9760659499019
10,1065.4132068910267,1001.065413206891
