num_vehicles,distance,fitness
5,1156.9680017061987,501.1569680017062
5,1047.5359539747612,501.0475359539748
5,1080.1082350281306,501.08010823502815
5,1061.093748478203,501.0610937484782
4,1159.268183199287,401.1592681831993
5,1288.4830948686445,501.28848309486864
5,1204.0977915391038,501.2040977915391
5,1042.7897474572378,501.0427897474572
5,1167.3698476841319,501.16736984768414
5,1228.2816984363653,501.2282816984364
5,1054.3395155615908,501.0543395155616
6,1055.1115836746517,601.0551115836746
5,1087.352493612399,501.0873524936124
5,1087.7451884567797,501.0877451884568
5,1171.253217588609,501.1712532175886
5,1073.9947699102136,501.0739947699102
6,1279.7179057661965,601.2797179057662
5,1296.7378503191292,501.2967378503191
5,1238.920876479186,501.2389208764792
6,1209.8054447015202,601.2098054447015
