num_vehicles,distance,fitness
5,1310.0844333327757,501.3100844333328
5,1207.0997307040025,501.207099730704
5,1143.7301281697532,501.14373012816975
5,1008.1511803624752,501.00815118036246
5,1187.5600655646442,501.18756006556464
5,978.7892320241012,500.9787892320241
5,948.7148046842927,500.9487148046843
5,1033.5240472343635,501.0335240472344
5,1216.2487749811621,501.2162487749812
5,1206.6344776240278,501.20663447762405
5,1039.599395321179,501.0395993953212
5,1079.5561488022665,501.0795561488023
6,1119.7702800333525,601.1197702800333
5,973.2382638890398,500.973238263889
5,1098.801472345694,501.0988014723457
6,1182.5549025241262,601.1825549025241
5,1343.0606353936896,501.34306063539367
6,1276.1638575583793,601.2761638575583
5,1133.267887729035,501.13326788772906
5,1181.3231697074941,501.18132316970747
