num_vehicles,distance,fitness
5,1098.2107185369055,501.0982107185369
5,1004.5596573375552,501.00455965733755
5,1087.17798293224,501.08717798293225
5,1068.7981349793183,501.0687981349793
6,1061.4461258300382,601.06144612583
6,991.4180242863918,600.9914180242864
5,904.7291290373139,500.9047291290373
7,1252.511841975914,701.2525118419759
7,1027.107751952154,701.0271077519521
6,1036.830314665755,601.0368303146657
5,1104.591183881522,501.1045911838815
8,1415.1832443559435,801.415183244356
5,1082.6692707049456,501.08266927070497
6,1138.4275164827095,601.1384275164827
6,1256.9789245543614,601.2569789245543
7,1296.2059916562018,701.2962059916562
7,1154.2581725395576,701.1542581725396
7,1352.1434734732527,701.3521434734732
5,1098.5554851881625,501.0985554851882
6,1216.9949190017808,601.2169949190018
