num_vehicles,distance,fitness,time
3.0,352.7442697605384,3.998195241931618,211.4308636188507
3.0,352.7442697605384,3.998195241931618,213.3724546432495
3.0,352.7442697605384,3.998195241931618,211.61854672431946
