num_vehicles,distance,fitness,time
8.0,648.1533163003504,8.999017795248088,278.23664927482605
