num_vehicles,distance,fitness,time
8.0,690.3247834983702,8.999077797375545,262.529221534729
8.0,687.9254954144568,8.999074581000121,263.72240352630615
8.0,648.1533163003504,8.999017795248088,278.23664927482605
