num_vehicles,distance,fitness
6,447.6452532027363,600.4476452532027
7,473.9365527487566,700.4739365527488
8,547.4307656676605,800.5474307656676
9,678.7063094136665,900.6787063094137
7,567.7026085759176,700.5677026085759
9,677.1725848022038,900.6771725848022
7,656.6014791807628,700.6566014791807
9,620.8377061116013,900.6208377061116
9,685.9146804005288,900.6859146804005
9,655.743099191247,900.6557430991912
9,591.2962505723472,900.5912962505723
8,576.1156062743208,800.5761156062744
7,575.790972778883,700.5757909727789
10,641.67124644567,1000.6416712464456
10,716.2212641734665,1000.7162212641734
8,670.7729334746012,800.6707729334746
9,667.9764539585792,900.6679764539585
10,699.7508900200346,1000.69975089002
9,724.0295483733871,900.7240295483734
7,643.5441335575872,700.6435441335576
