num_vehicles,distance,fitness
7,495.26436520284466,700.4952643652028
7,621.667434553445,700.6216674345535
7,676.2898018271828,700.6762898018272
7,581.1252789180483,700.5811252789181
7,627.8691526616261,700.6278691526617
8,603.7635477956137,800.6037635477957
7,612.0228708903542,700.6120228708903
9,564.8568283926649,900.5648568283926
8,662.7164879541194,800.6627164879541
8,738.5513917952705,800.7385513917952
7,686.1953855235756,700.6861953855235
8,666.8317616931483,800.6668317616932
8,718.8038498333756,800.7188038498334
8,628.7896448115964,800.6287896448116
7,629.012664817224,700.6290126648172
6,609.3605076793212,600.6093605076793
7,690.9269719027843,700.6909269719027
8,664.0375712355652,800.6640375712356
7,713.6886012839495,700.7136886012839
8,642.9944840562343,800.6429944840562
