num_vehicles,distance,fitness
7,512.2931205274929,700.5122931205275
6,569.8431787411785,600.5698431787412
7,552.2132511712623,700.5522132511712
7,588.8318362176659,700.5888318362177
7,646.8288696337875,700.6468288696337
7,686.8178237048409,700.6868178237048
7,675.7129229693448,700.6757129229693
7,691.6725401658343,700.6916725401659
7,614.9486777059168,700.6149486777059
7,687.493501270568,700.6874935012705
7,673.2473468761609,700.6732473468761
7,589.7773698848464,700.5897773698848
7,710.0160476168575,700.7100160476168
7,615.1859854400678,700.6151859854401
7,646.2206703953705,700.6462206703953
8,666.7624824487327,800.6667624824487
6,619.7972954286982,600.6197972954287
8,697.0086475008665,800.6970086475009
7,703.011399329786,700.7030113993297
7,677.1858165785229,700.6771858165786
