num_vehicles,distance,fitness
7,658.8124637298049,700.6588124637298
7,531.890300846374,700.5318903008464
8,700.3829288491256,800.7003829288491
9,642.3411144242207,900.6423411144242
8,648.170733044195,800.6481707330441
10,662.280899154063,1000.6622808991541
9,658.0910210714965,900.6580910210715
9,663.9376973414518,900.6639376973415
9,707.07158495149,900.7070715849514
8,661.2642030634959,800.6612642030635
9,679.1517493627881,900.6791517493627
10,638.8752787206637,1000.6388752787207
9,761.0738958844097,900.7610738958845
11,719.447366924118,1100.7194473669242
11,757.9891169424293,1100.7579891169423
10,662.4573399997806,1000.6624573399998
9,656.2485781324217,900.6562485781325
10,657.675329450609,1000.6576753294506
9,611.5137090295315,900.6115137090295
10,732.2872557343297,1000.7322872557344
