num_vehicles,distance,fitness
8,516.3387731186642,800.5163387731187
10,583.9975552174035,1000.5839975552174
8,544.1135018774197,800.5441135018774
7,542.9332423477489,700.5429332423478
9,644.2654776585221,900.6442654776586
8,576.4560133444074,800.5764560133445
12,747.6038094390202,1200.747603809439
10,665.6061943835587,1000.6656061943836
10,728.9582152504183,1000.7289582152504
10,700.2678768077337,1000.7002678768077
11,671.851876120012,1100.67185187612
10,665.9364160528038,1000.6659364160528
11,768.5243705440296,1100.7685243705441
11,747.390759641815,1100.7473907596418
8,615.2096285969533,800.615209628597
11,686.3348380548998,1100.6863348380548
12,742.1459584591046,1200.742145958459
10,654.420094113194,1000.6544200941132
10,666.4780906365177,1000.6664780906365
11,698.2613060315407,1100.6982613060316
