num_vehicles,distance,fitness
7,636.8199997144283,700.6368199997145
7,627.5516600536705,700.6275516600537
7,708.84147257575,700.7088414725757
7,687.511674960886,700.6875116749609
7,656.8202776632374,700.6568202776632
7,653.6872305307063,700.6536872305307
8,657.4172954697125,800.6574172954697
7,599.4309083846434,700.5994309083846
7,647.029433089749,700.6470294330898
7,614.9713641313361,700.6149713641313
7,591.2109430857813,700.5912109430858
8,643.7668829703084,800.6437668829703
8,662.9755449546642,800.6629755449546
8,644.803389048777,800.6448033890488
7,593.6686399194078,700.5936686399194
7,538.4497697986806,700.5384497697987
8,638.3913577980773,800.6383913577981
7,679.1700369035053,700.6791700369035
7,675.9693960253501,700.6759693960254
7,589.6349455338813,700.5896349455339
