num_vehicles,distance,fitness
5,534.3361221591722,500.5343361221592
5,583.3174664795372,500.5833174664795
5,581.8894625939826,500.581889462594
6,795.6954018744017,600.7956954018744
5,710.4860653271927,500.7104860653272
5,581.7433454270708,500.58174334542707
6,778.5239897575694,600.7785239897576
5,740.0142892358306,500.74001428923583
6,684.4266757626141,600.6844266757627
5,807.7060514268065,500.8077060514268
5,735.8817684829845,500.735881768483
5,707.2695964809886,500.707269596481
6,848.0329497025315,600.8480329497025
5,789.749875063783,500.78974987506376
6,756.2692437497964,600.7562692437498
5,629.4092663528668,500.62940926635287
4,753.8147472355595,400.75381474723554
5,690.8730236380113,500.690873023638
5,703.4179195499113,500.7034179195499
5,660.50566620392,500.6605056662039
