num_vehicles,distance,fitness
5,492.8496652239143,500.4928496652239
5,606.1075799243386,500.60610757992436
5,592.4420506553982,500.5924420506554
5,516.015041586836,500.51601504158685
6,447.4333332199052,600.4474333332199
6,533.0740462481618,600.5330740462482
6,546.3332110975116,600.5463332110975
8,643.4469041895094,800.6434469041895
6,561.5259859918763,600.5615259859919
6,612.3292687594808,600.6123292687595
8,678.7468611254413,800.6787468611254
8,617.2751202846035,800.6172751202846
7,671.1899290322958,700.6711899290323
7,657.907672858268,700.6579076728583
7,623.4244742543063,700.6234244742543
8,685.6969649988805,800.6856969649989
7,597.81662388825,700.5978166238882
7,567.5500179057764,700.5675500179058
7,695.3675272170248,700.6953675272171
9,661.8402902141412,900.6618402902142
