num_vehicles,distance,fitness
5,492.8496652239143,500.4928496652239
5,525.0064555671892,500.52500645556717
6,560.780858263414,600.5607808582635
6,490.8200323195375,600.4908200323196
5,514.2432644453177,500.5142432644453
6,593.3955669561067,600.5933955669561
6,679.5687879972912,600.6795687879973
6,651.7076914289956,600.651707691429
5,573.6221904631608,500.57362219046314
6,608.3579539173973,600.6083579539174
6,624.9354474433057,600.6249354474432
6,530.7864631522892,600.5307864631523
6,595.9112680356012,600.5959112680356
5,629.1029788432534,500.62910297884326
5,611.8437071939825,500.611843707194
5,586.388549604274,500.5863885496043
5,581.632812769367,500.5816328127694
6,560.9367111080852,600.5609367111081
5,594.2718154900299,500.59427181549
6,498.6673720269389,600.498667372027
