num_vehicles,distance,fitness
8,800.9792222618502,800.8009792222618
11,891.1705422088354,1100.8911705422088
12,915.8770757836666,1200.9158770757836
13,866.0593907427766,1300.8660593907427
14,977.3479820017131,1400.9773479820017
17,1050.1788282915068,1701.0501788282916
15,1058.524678595546,1501.0585246785956
11,956.4640275138179,1100.956464027514
13,917.9751145631371,1300.9179751145632
16,962.2774251683591,1600.9622774251684
14,1022.6795227664845,1401.0226795227666
14,1043.357176499029,1401.043357176499
12,959.1040380374358,1200.9591040380374
14,996.39354555443,1400.9963935455544
15,1002.3051086855977,1501.0023051086855
14,975.3098037723139,1400.9753098037722
14,1061.2032281744687,1401.0612032281745
12,915.8428888247951,1200.9158428888247
13,964.8188409569884,1300.964818840957
15,981.9309186949981,1500.981930918695
