num_vehicles,distance,fitness
8,801.6266998825827,800.8016266998826
9,762.275874646532,900.7622758746465
9,864.6036893339163,900.8646036893339
8,757.6183093580665,800.7576183093581
9,870.6138983186216,900.8706138983187
9,875.8608690048937,900.8758608690049
11,1062.3987698659798,1101.062398769866
14,990.9002854728502,1400.990900285473
12,974.1373105553931,1200.9741373105553
12,1015.8209220005018,1201.0158209220006
10,880.4354530811682,1000.8804354530812
12,976.7564805371196,1200.9767564805372
12,965.878539526145,1200.965878539526
10,850.6030861608881,1000.8506030861608
10,815.9209515135566,1000.8159209515136
11,922.7197917741578,1100.9227197917742
14,993.2377242357738,1400.9932377242358
11,929.2299696296608,1100.9292299696297
10,911.0888062731675,1000.9110888062731
11,976.6549928155407,1100.9766549928156
