num_vehicles,distance,fitness
7,743.2970155147732,700.7432970155148
7,841.0140658411738,700.8410140658411
8,825.0841515123976,800.8250841515124
6,769.2680609326344,600.7692680609326
6,660.4692383276214,600.6604692383277
7,808.3031715949326,700.808303171595
7,747.1822699495843,700.7471822699496
9,875.124579809715,900.8751245798097
10,1000.478813884502,1001.0004788138845
9,978.8363439984302,900.9788363439984
10,955.8823509604454,1000.9558823509605
10,1043.9180322582677,1001.0439180322583
10,951.3036678247922,1000.9513036678248
10,1003.0236807604507,1001.0030236807604
11,918.0338763559608,1100.918033876356
8,914.8802172837319,800.9148802172838
10,924.1580297993005,1000.9241580297993
9,853.9490690939209,900.8539490690939
10,995.9048154192799,1000.9959048154193
9,815.9602896401626,900.8159602896402
