num_vehicles,distance,fitness
7,864.4833286468569,700.8644833286469
7,757.919563058899,700.7579195630589
8,749.5086496772416,800.7495086496773
11,828.2915118244657,1100.8282915118245
12,937.1352772137536,1200.9371352772137
14,970.8400760067846,1400.9708400760069
14,1033.1718305611346,1401.033171830561
12,1000.0130043063231,1201.0000130043063
11,890.8329163992407,1100.8908329163992
10,837.9770027539016,1000.8379770027539
13,956.2012208815883,1300.9562012208817
13,995.2223247566975,1300.9952223247567
12,998.1038898135797,1200.9981038898136
12,909.8124130600764,1200.90981241306
14,957.8812297322261,1400.9578812297323
12,901.3659602066487,1200.9013659602067
11,991.2071923591411,1100.991207192359
12,936.8076039544967,1200.9368076039545
14,1043.9195355340455,1401.043919535534
11,969.9391814571776,1100.9699391814572
