num_vehicles,distance,fitness
6,738.2850068179622,600.7382850068179
9,814.5154324555249,900.8145154324556
9,818.5901440861369,900.8185901440861
8,719.2440772054771,800.7192440772055
9,817.6254004961972,900.8176254004962
8,785.2820223031878,800.7852820223031
7,777.6739084416323,700.7776739084417
7,710.0953449069298,700.7100953449069
11,949.4857911553357,1100.9494857911554
8,848.0461371148945,800.8480461371149
9,921.4501439411154,900.9214501439411
11,1018.2684330665907,1101.0182684330666
9,958.5872837435794,900.9585872837436
11,944.0873378314045,1100.9440873378314
8,965.5284190272972,800.9655284190274
10,1024.8796883307255,1001.0248796883308
10,977.520750329327,1000.9775207503293
9,871.8075211713923,900.8718075211714
10,923.5291621225749,1000.9235291621226
10,895.3421558536974,1000.8953421558537
