num_vehicles,distance,fitness
7,818.2437983267619,700.8182437983268
6,805.8564104370787,600.8058564104371
6,777.3014313911955,600.7773014313912
6,680.2788975017273,600.6802788975017
7,822.5352741827872,700.8225352741828
7,876.7808093575334,700.8767808093576
9,926.6829930868209,900.9266829930868
8,911.5332336311836,800.9115332336312
8,842.7378235665982,800.8427378235666
9,911.4159218724269,900.9114159218724
10,904.8808945091056,1000.9048808945091
8,921.8379694397267,800.9218379694397
9,941.6578868139284,900.9416578868139
10,970.0107956612658,1000.9700107956612
8,883.6537406011229,800.8836537406012
9,955.0759410980805,900.9550759410981
8,948.0066190047557,800.9480066190048
9,953.2873743141919,900.9532873743142
9,918.4387373775514,900.9184387373775
9,877.9477580908853,900.8779477580908
