num_vehicles,distance,fitness
6,762.3946846662257,600.7623946846662
8,904.0384277443602,800.9040384277444
8,808.8992601002055,800.8088992601002
7,796.3344638086479,700.7963344638086
6,769.8526636328845,600.7698526636328
7,788.897812940861,700.7888978129408
7,764.6825201401346,700.7646825201401
8,892.5567738164435,800.8925567738164
8,855.8614170486055,800.8558614170486
7,856.6352674475777,700.8566352674476
8,858.2374064742237,800.8582374064742
9,926.1222906471035,900.9261222906471
8,876.6381674783153,800.8766381674783
9,906.6505607503761,900.9066505607503
8,946.3508916543769,800.9463508916543
8,818.3103558638328,800.8183103558638
8,966.2762512061805,800.9662762512062
8,950.2691691383055,800.9502691691383
8,935.2473146859104,800.935247314686
8,843.2763093629635,800.843276309363
