num_vehicles,distance,fitness
7,842.8913236348984,700.842891323635
7,720.1706255334368,700.7201706255335
6,871.4020768609965,600.871402076861
7,874.6553286743406,700.8746553286743
6,748.0792999005544,600.7480792999006
7,792.8566510087777,700.7928566510088
6,768.1983535006882,600.7681983535007
6,812.164915016243,600.8121649150163
7,762.9795313863682,700.7629795313863
8,813.5352810725656,800.8135352810725
8,944.6895020363143,800.9446895020363
8,824.6304809693985,800.8246304809694
9,926.6380864633169,900.9266380864633
10,1028.2289532414345,1001.0282289532414
8,893.199106174021,800.893199106174
8,961.9524066004741,800.9619524066005
9,847.462497091566,900.8474624970916
9,934.7715139641124,900.9347715139642
8,777.8982207613398,800.7778982207614
9,1024.3248674042864,901.0243248674043
