num_vehicles,distance,fitness
6,840.3646523098904,600.8403646523099
6,742.261417514476,600.7422614175144
6,760.9162407274541,600.7609162407275
6,745.9447802641284,600.7459447802642
6,867.3098238680464,600.867309823868
6,748.0662591058792,600.7480662591058
7,975.5320112655415,700.9755320112655
7,814.4450322320299,700.814445032232
7,931.3098708251017,700.9313098708251
7,870.241226772682,700.8702412267727
7,836.0688551705489,700.8360688551705
7,845.5060789769808,700.845506078977
7,883.9940709690229,700.883994070969
7,844.966531719756,700.8449665317197
7,879.964148914255,700.8799641489143
7,882.858754542177,700.8828587545422
7,880.277273242563,700.8802772732425
8,983.4134347946501,800.9834134347947
7,954.7171609827246,700.9547171609827
8,1060.2916243650886,801.060291624365
