num_vehicles,distance,fitness
4,918.1606608150763,400.9181606608151
6,840.8554757415652,600.8408554757416
6,787.8959894855377,600.7878959894855
4,831.1306447291774,400.83113064472917
7,939.8820608636514,700.9398820608636
7,942.2252061145974,700.9422252061146
5,764.0485909399283,500.7640485909399
6,914.5762965553223,600.9145762965553
7,988.6002643852447,700.9886002643852
7,909.2211916993457,700.9092211916993
7,1013.9851092358648,701.0139851092358
7,1003.2123521600564,701.0032123521601
6,958.352131773845,600.9583521317738
6,1020.9462270634519,601.0209462270634
7,911.4959817695496,700.9114959817696
7,940.1653072134252,700.9401653072134
6,873.3203592741966,600.8733203592742
7,831.4218337494256,700.8314218337495
7,993.1058805973162,700.9931058805973
7,1010.4966514981905,701.0104966514982
