num_vehicles,distance,fitness
4,848.564939599413,400.84856493959944
5,836.4582044902792,500.83645820449027
5,950.1818560476635,500.95018185604766
4,865.7803177242795,400.8657803177243
4,894.2077184309749,400.89420771843095
7,1059.3992293374824,701.0593992293375
6,995.5696142132463,600.9955696142132
6,867.8070382901661,600.8678070382902
5,940.8811102492798,500.9408811102493
6,914.84361474661,600.9148436147466
5,1069.4307197633666,501.0694307197634
7,942.7667217430622,700.942766721743
7,950.3896892253298,700.9503896892253
6,1021.6597209557791,601.0216597209558
6,1063.1687393886273,601.0631687393886
6,975.7639802474208,600.9757639802474
6,923.3893456977894,600.9233893456978
8,952.2537628969576,800.9522537628969
6,966.1126942963854,600.9661126942964
6,842.5802603239284,600.842580260324
