num_vehicles,distance,fitness
4,1071.3637846072347,401.07136378460723
5,983.2656516445926,500.9832656516446
4,990.5417597099931,400.99054175970997
4,976.647032198456,400.97664703219846
4,1026.3557840236836,401.0263557840237
5,810.9436070595565,500.8109436070596
6,883.0607522065845,600.8830607522066
5,986.4369265362919,500.98643692653627
5,1002.3887768525543,501.00238877685257
6,803.3770460783992,600.8033770460784
5,904.4662896867598,500.90446628968675
6,1082.1451345178114,601.0821451345178
5,991.0920520781676,500.99109205207816
6,865.0076508988988,600.8650076508989
6,901.1166206405607,600.9011166206406
7,965.2300396115699,700.9652300396116
4,967.8962256659751,400.967896225666
6,933.548603956174,600.9335486039562
5,873.6688857586834,500.87366888575866
5,896.6264469972242,500.89662644699723
