num_vehicles,distance,fitness
4,937.6570066368039,400.9376570066368
4,877.6522277163431,400.87765222771634
4,936.4705180605745,400.93647051806056
4,888.8708132667141,400.8888708132667
4,999.6795608485695,400.99967956084856
4,913.2359948728528,400.9132359948729
5,817.5982522583918,500.8175982522584
5,881.6808301984731,500.8816808301985
5,1046.842724965088,501.0468427249651
6,958.8294549166146,600.9588294549167
4,954.8870735258938,400.95488707352587
5,952.1155788748074,500.9521155788748
5,955.2573163172833,500.9552573163173
4,908.8166393035524,400.90881663930355
5,865.8144519482393,500.86581445194827
6,911.6618050255736,600.9116618050256
5,983.5499370010468,500.98354993700104
5,929.4026440661153,500.9294026440661
5,870.3041335521432,500.87030413355217
5,898.5210306090434,500.89852103060906
