num_vehicles,distance,fitness
4,887.2260787198006,400.8872260787198
4,875.3236257760594,400.87532362577605
5,842.466537004498,500.8424665370045
5,961.528209882265,500.96152820988226
5,888.9476286732377,500.88894762867324
5,892.7637792087457,500.89276377920874
5,829.947731199195,500.8299477311992
4,951.1948286570047,400.951194828657
5,866.8621799278596,500.86686217992786
5,935.8194627107521,500.93581946271075
5,876.4996328252571,500.87649963282524
6,845.4451386586993,600.8454451386586
5,907.008195293572,500.9070081952936
5,877.1208108196092,500.87712081081963
5,964.4143953811073,500.9644143953811
5,937.3463798046047,500.9373463798046
5,877.1994284250435,500.87719942842506
5,928.8560906109677,500.92885609061096
5,855.9097141256077,500.85590971412563
5,862.3116724850175,500.862311672485
