num_vehicles,distance,fitness
4,1099.2379083158141,401.0992379083158
4,892.9341552766898,400.8929341552767
4,930.5642869578023,400.9305642869578
4,1004.9934658026589,401.00499346580267
4,1036.574484048754,401.03657448404874
4,1110.1465814228343,401.11014658142284
5,1008.5927676850821,501.00859276768506
5,921.6218567259845,500.921621856726
4,982.209864515298,400.9822098645153
5,989.7562638363548,500.98975626383634
5,975.2081928501349,500.9752081928501
6,949.4141336321699,600.9494141336322
5,903.3987563190358,500.90339875631906
4,876.6277294118065,400.8766277294118
5,931.2815664022573,500.9312815664023
5,986.581916145795,500.9865819161458
5,1044.0417595596984,501.0440417595597
5,937.1900826953273,500.93719008269534
5,877.3038016176764,500.8773038016177
6,783.2889878286167,600.7832889878287
