num_vehicles,distance,fitness
4,918.9340678700514,400.91893406787005
4,867.7229630368163,400.86772296303684
5,933.7906161002214,500.9337906161002
5,875.9379527735,500.8759379527735
4,866.0032435662332,400.86600324356624
5,931.140015487416,500.9311400154874
4,932.5330069470076,400.932533006947
5,1057.6635923361464,501.05766359233616
7,1058.2380937696637,701.0582380937697
6,935.7295788323506,600.9357295788324
5,884.0605461363025,500.8840605461363
5,915.3636806994066,500.9153636806994
5,994.0057018119564,500.99400570181194
5,971.1005760569636,500.971100576057
5,1027.7319536820514,501.02773195368206
4,926.5196330724384,400.9265196330724
4,965.4743290411275,400.9654743290411
5,932.8281661575198,500.9328281661575
6,1036.927309247481,601.0369273092475
5,957.7835400454844,500.9577835400455
