num_vehicles,distance,fitness
8,894.5607712993112,800.8945607712993
11,1026.688872026556,1101.0266888720266
11,994.6880521393525,1100.9946880521393
10,927.6032270880992,1000.9276032270881
9,920.4640266262747,900.9204640266263
9,961.607809478575,900.9616078094786
10,973.8791412757349,1000.9738791412757
9,824.6733847708487,900.8246733847709
11,963.1115143614002,1100.9631115143613
11,1156.810447278356,1101.1568104472783
12,1108.2347234190954,1201.1082347234192
11,1081.3070599053117,1101.0813070599054
12,1222.4368225352498,1201.2224368225352
13,1258.4110580015665,1301.2584110580015
11,1071.4748389966085,1101.0714748389967
10,1074.2682540617118,1001.0742682540617
12,1235.5047681880806,1201.235504768188
10,1094.374261347285,1001.0943742613473
11,946.9607918230697,1100.9469607918231
11,1039.8469819613283,1101.0398469819613
