num_vehicles,distance,fitness
8,962.0780328369437,800.962078032837
9,882.7089564330977,900.8827089564331
9,832.3132415527722,900.8323132415528
8,759.392714901882,800.7593927149019
8,769.1650671629793,800.7691650671629
8,942.0376624569417,800.942037662457
9,846.2216717662841,900.8462216717663
9,1030.359300531365,901.0303593005314
8,853.1569346857646,800.8531569346858
10,1153.1940949834357,1001.1531940949834
9,1029.7125290393658,901.0297125290393
9,1187.0443927720926,901.1870443927721
9,1111.7299361447879,901.1117299361448
8,865.8913299458025,800.8658913299458
11,1334.863863089975,1101.33486386309
10,1168.3022788644632,1001.1683022788644
9,1004.8444501165792,901.0048444501166
9,944.0503491129634,900.944050349113
9,984.0918603121332,900.9840918603121
10,1106.3506896118474,1001.1063506896119
