num_vehicles,distance,fitness
7,691.9245200332821,700.6919245200332
9,855.485059844862,900.8554850598449
9,878.3962337390499,900.8783962337391
9,864.900373176486,900.8649003731765
10,972.90497833181,1000.9729049783318
10,961.9805013165333,1000.9619805013166
11,1066.8438262103243,1101.0668438262103
11,1086.756515679612,1101.0867565156796
11,1250.1078261823573,1101.2501078261823
10,967.6386194704556,1000.9676386194704
10,1055.9343545285042,1001.0559343545285
11,997.3530579833273,1100.9973530579832
11,1119.5892748788797,1101.119589274879
9,1006.3684087818933,901.0063684087819
9,1024.2948789866564,901.0242948789867
11,1127.7616419041694,1101.1277616419043
12,1201.9080603549066,1201.201908060355
12,1237.0547717530335,1201.237054771753
9,983.826657041587,900.9838266570416
10,1068.397064487432,1001.0683970644874
