num_vehicles,distance,fitness
7,979.4404534601562,700.9794404534601
7,943.8308560071634,700.9438308560071
7,1010.2013677198051,701.0102013677198
7,1033.377748211387,701.0333777482114
7,890.5549156057206,700.8905549156058
7,950.6096282984544,700.9506096282985
7,995.0407904287109,700.9950407904287
8,953.8962909305629,800.9538962909305
7,959.0830037835276,700.9590830037836
7,1039.0229586202556,701.0390229586203
7,1061.1516415103606,701.0611516415104
7,1010.819007038514,701.0108190070385
8,1101.2578236647194,801.1012578236647
7,870.456037585785,700.8704560375858
8,939.368783259464,800.9393687832595
7,1021.3936035141392,701.0213936035142
7,974.0172054317986,700.9740172054318
8,1159.5574837692654,801.1595574837693
8,1047.5020360079939,801.047502036008
8,1042.8405797623009,801.0428405797624
