num_vehicles,distance,fitness
7,791.5872570391791,700.7915872570392
7,837.1425200481958,700.8371425200482
7,894.7538216438088,700.8947538216438
7,880.7088937543145,700.8807088937543
8,1013.1786394470129,801.013178639447
8,968.4966661419924,800.968496666142
8,913.7267835611372,800.9137267835612
9,1231.8343487064863,901.2318343487065
8,1058.8297581690008,801.058829758169
9,1022.7776845675136,901.0227776845675
9,1035.6679485088946,901.035667948509
9,1270.2564487860423,901.2702564487861
9,1106.2118507666974,901.1062118507667
8,1046.8928897954625,801.0468928897955
7,925.419973831034,700.925419973831
8,1048.7554945689053,801.0487554945689
8,954.1072223342026,800.9541072223342
9,1068.762738110783,901.0687627381108
8,1021.394940180294,801.0213949401802
9,1208.6071712947896,901.2086071712948
