num_vehicles,distance,fitness
7,792.558481332472,700.7925584813324
7,774.2189090152888,700.7742189090153
8,1020.4562837240735,801.0204562837241
7,993.1692387964046,700.9931692387964
7,1002.1265377864847,701.0021265377865
8,889.5497540419033,800.8895497540419
9,1109.5057344877214,901.1095057344877
8,981.9329496510102,800.981932949651
9,1183.3619415435396,901.1833619415436
9,1020.265888502971,901.020265888503
11,1228.3159122385468,1101.2283159122385
9,972.949744672153,900.9729497446722
7,884.1677666114767,700.8841677666114
10,1231.7545540931624,1001.2317545540932
9,1049.2151416703946,901.0492151416704
9,990.4289497530679,900.9904289497531
10,1016.9707629532489,1001.0169707629533
8,1062.701214626852,801.0627012146268
8,999.5116685342986,800.9995116685343
11,1311.079444019094,1101.311079444019
