num_vehicles,distance,fitness
8,759.1670203183024,800.7591670203183
8,948.8130142869194,800.9488130142869
10,926.8206648571016,1000.9268206648571
9,884.2945409375164,900.8842945409375
8,860.0389138064796,800.8600389138065
7,759.6340869183848,700.7596340869184
10,998.8510477107534,1000.9988510477108
10,1050.642185133516,1001.0506421851335
10,1108.0456940401464,1001.1080456940401
12,1125.880208928398,1201.1258802089285
10,1294.659832136622,1001.2946598321366
9,1094.9594281118584,901.0949594281119
9,1054.3368694517153,901.0543368694517
10,1102.304228479617,1001.1023042284796
10,1153.6153854386291,1001.1536153854387
10,1193.3569961674584,1001.1933569961675
9,1110.0329650964898,901.1100329650965
10,1098.3623606370656,1001.0983623606371
10,1066.089872232315,1001.0660898722323
11,1196.0082890421386,1101.196008289042
