num_vehicles,distance,fitness
5,1098.2107185369055,501.0982107185369
5,900.6518836044091,500.9006518836044
5,1046.1123256757987,501.0461123256758
5,980.3649777453876,500.9803649777454
5,1191.1716599916113,501.1911716599916
6,963.4245383295217,600.9634245383295
6,937.9458202134593,600.9379458202135
7,1169.4504653838055,701.1694504653838
6,1273.5352531913575,601.2735352531913
5,1241.8994889326036,501.24189948893263
8,1264.6265908637542,801.2646265908637
7,1171.8441676614204,701.1718441676614
6,1110.1717404059666,601.1101717404059
6,1223.668453498305,601.2236684534982
6,1113.2146423973957,601.1132146423975
7,1289.5124023895721,701.2895124023896
8,1430.752642357579,801.4307526423576
7,1075.4729997897057,701.0754729997897
7,1352.1391329215105,701.3521391329215
7,1129.5412058199886,701.12954120582
