num_vehicles,distance,fitness
5,1310.0844333327757,501.3100844333328
6,1234.9784348638445,601.2349784348638
5,1198.577852986022,501.19857785298603
4,1186.7071545340732,401.1867071545341
5,1171.0971249693375,501.1710971249693
6,1046.1576218062596,601.0461576218063
5,1101.8427815871355,501.10184278158715
6,1266.5801898095071,601.2665801898095
6,1247.600062175512,601.2476000621755
6,1284.0628237297447,601.2840628237298
6,1300.4127221060653,601.3004127221061
5,1294.2162545254964,501.2942162545255
5,1176.0756525942256,501.17607565259425
6,1189.3671189392296,601.1893671189392
4,1060.6633195805014,401.0606633195805
6,1106.9194445432531,601.1069194445432
5,1298.753047456379,501.2987530474564
5,1108.826663398377,501.10882666339836
6,1247.6448690467457,601.2476448690468
6,1032.0347850473663,601.0320347850474
