num_vehicles,distance,fitness
4,1067.7019895573885,401.0677019895574
5,1041.2799165627628,501.04127991656276
5,1189.9194428139372,501.18991944281396
5,1268.958626390458,501.2689586263905
5,993.7335676476728,500.99373356764767
4,1058.655097725003,401.058655097725
5,1083.779168112815,501.0837791681128
5,984.6183580169004,500.9846183580169
6,1391.6542972873494,601.3916542972873
5,1175.6122129093887,501.1756122129094
5,1253.0203296746831,501.25302032967465
5,1290.933655700747,501.29093365570077
5,1217.3880597018754,501.2173880597019
5,1229.1902988968386,501.2291902988968
5,971.7041805016163,500.9717041805016
5,1005.0830400784029,501.0050830400784
5,1116.465767076237,501.11646576707625
4,1237.5498884548338,401.23754988845485
5,1082.4545533267124,501.0824545533267
5,1002.208710897858,501.00220871089783
