num_vehicles,distance,fitness
5,1206.7227033268164,501.2067227033268
4,1022.93166629132,401.0229316662913
5,1075.209269865067,501.07520926986507
5,969.7088514693148,500.9697088514693
5,1159.3149873316227,501.15931498733164
6,1270.0227708200011,601.27002277082
7,1171.3574037875633,701.1713574037875
6,1153.22241602228,601.1532224160222
7,1267.5248745621698,701.2675248745621
8,1198.2639007101852,801.1982639007102
7,1042.6448358688378,701.0426448358688
7,1166.0179440349004,701.1660179440349
7,1215.1774048843365,701.2151774048843
8,1268.134685041471,801.2681346850414
7,1411.3012208928048,701.4113012208928
6,982.4951506475991,600.9824951506477
7,981.30808593726,700.9813080859373
8,1226.5399285944097,801.2265399285944
8,1236.7754798844942,801.2367754798845
8,1361.6859164558307,801.3616859164558
