num_vehicles,distance,fitness
5,1088.2573579320474,501.08825735793204
5,1021.1134592019239,501.0211134592019
5,1127.4834294819352,501.1274834294819
4,1026.0734964451017,401.0260734964451
5,1113.350290247542,501.1133502902475
4,1070.7314376717768,401.0707314376718
5,1090.442762058391,501.0904427620584
6,1179.509352612441,601.1795093526124
7,1268.3621449498985,701.26836214495
5,1131.7374168295337,501.13173741682954
4,1003.7031405019115,401.0037031405019
5,1216.5832713935706,501.2165832713936
6,1196.9052002158128,601.1969052002158
5,1128.5374769165046,501.1285374769165
6,1301.8229199235468,601.3018229199236
6,1452.2236096414451,601.4522236096415
6,1198.2321945685599,601.1982321945685
6,1249.1520531834362,601.2491520531835
6,1310.6160656132806,601.3106160656133
5,1185.6361332779782,501.18563613327797
