num_vehicles,distance,fitness
7,537.3913739362137,700.5373913739362
9,583.7243107381587,900.5837243107381
9,635.9639844523203,900.6359639844524
8,708.5857528667514,800.7085857528667
9,645.2283169197265,900.6452283169198
9,572.3130697601102,900.5723130697601
10,671.4415956883487,1000.6714415956883
9,669.7825842446543,900.6697825842447
9,575.23689411551,900.5752368941155
10,591.2996907032762,1000.5912996907033
8,507.5047394676025,800.5075047394675
11,642.5350615572539,1100.6425350615573
11,723.1696648828846,1100.7231696648828
11,730.0244180232602,1100.7300244180233
10,699.4823556255562,1000.6994823556256
13,801.9247110534037,1300.8019247110535
10,678.6658241805891,1000.6786658241806
10,691.4507017527237,1000.6914507017527
12,765.9810814467651,1200.7659810814469
11,655.3007930176733,1100.6553007930177
