num_vehicles,distance,fitness
7,512.2931205274929,700.5122931205275
7,585.5075456105017,700.5855075456105
7,615.5291424861489,700.6155291424861
7,521.7575317874816,700.5217575317874
7,637.2664773120862,700.6372664773121
7,517.9438329073062,700.5179438329073
6,561.5371754971189,600.5615371754972
7,631.9218774828367,700.6319218774828
8,715.3314451183992,800.7153314451184
8,698.5110543609569,800.698511054361
7,617.2596758978154,700.6172596758978
7,655.0083812856486,700.6550083812856
8,685.8315235195205,800.6858315235195
7,660.7773837994641,700.6607773837994
7,623.2944513551278,700.6232944513552
7,674.8707382009422,700.674870738201
7,706.6498994540665,700.7066498994541
7,613.6838980388168,700.6136838980389
8,671.8611955057055,800.6718611955057
7,616.260843186483,700.6162608431865
