num_vehicles,distance,fitness
7,658.8124637298049,700.6588124637298
9,628.4601805141009,900.6284601805141
7,590.9765776954886,700.5909765776955
12,765.6750308592074,1200.7656750308593
9,596.8738545807523,900.5968738545807
9,769.6502568364948,900.7696502568365
8,700.2471738055467,800.7002471738056
10,697.7323940402706,1000.6977323940403
9,666.092727719126,900.6660927277192
10,779.1844500206561,1000.7791844500207
11,703.9565166289938,1100.703956516629
10,718.7355385841563,1000.7187355385842
10,684.5081641592483,1000.6845081641593
9,670.343481603096,900.6703434816031
11,742.3872534066666,1100.7423872534066
8,596.1462426259192,800.5961462426259
10,717.9626002701084,1000.7179626002701
9,671.4069309666595,900.6714069309667
10,682.2887352144668,1000.6822887352145
11,758.3174423356245,1100.7583174423357
