num_vehicles,distance,fitness
7,664.5333586844342,700.6645333586845
8,597.2244342174258,800.5972244342174
8,605.652139453431,800.6056521394535
9,730.2294432805515,900.7302294432806
7,584.5598016838571,700.5845598016839
7,618.4933932978537,700.6184933932979
8,786.7650374691643,800.7867650374692
8,667.1649776145662,800.6671649776146
8,673.2486561363747,800.6732486561364
8,709.5502840879554,800.709550284088
8,606.0433111932476,800.6060433111933
8,626.7069843757296,800.6267069843757
7,587.9931005875522,700.5879931005876
8,647.8619819087796,800.6478619819088
9,701.8521275032879,900.7018521275033
9,686.8166449531136,900.6868166449531
7,572.472134439857,700.5724721344399
7,667.9504883280986,700.6679504883281
9,646.8118385027706,900.6468118385028
7,644.917633669852,700.6449176336698
