num_vehicles,distance,fitness
7,636.8199997144283,700.6368199997145
7,665.9242653865665,700.6659242653866
7,656.2575211981286,700.6562575211981
7,674.2429812205214,700.6742429812206
7,577.7244689777908,700.5777244689777
7,651.0312544024632,700.6510312544025
7,626.0503700630748,700.6260503700631
7,608.6896186375784,700.6086896186375
7,711.3043213700189,700.71130432137
7,662.3255302993456,700.6623255302993
7,630.37850184021,700.6303785018403
7,601.7030020247129,700.6017030020247
7,631.5344090153036,700.6315344090153
7,559.5016976369653,700.559501697637
7,668.5161338467985,700.6685161338468
8,642.9049713855429,800.6429049713855
7,601.7659821997277,700.6017659821997
7,689.0926707884296,700.6890926707885
7,634.361521156618,700.6343615211566
8,673.9669286800543,800.6739669286801
