num_vehicles,distance,fitness
5,492.8496652239143,500.4928496652239
6,488.03516029447974,600.4880351602944
6,451.78900382358245,600.4517890038236
7,638.62936432252,700.6386293643225
9,620.9405410184244,900.6209405410184
8,599.0578786016689,800.5990578786017
7,570.3583294636838,700.5703583294637
6,582.1059237070474,600.5821059237071
7,628.7955673584454,700.6287955673585
7,597.0837050595533,700.5970837050595
7,590.8451612883727,700.5908451612884
6,564.6807945271952,600.5646807945272
7,640.5084996308656,700.6405084996309
8,624.8381453865558,800.6248381453865
6,558.8449362133546,600.5588449362134
7,613.474662164618,700.6134746621647
8,564.9697745027037,800.5649697745027
6,640.4168933496935,600.6404168933497
8,675.5654314609463,800.675565431461
6,616.5980033037036,600.6165980033037
