num_vehicles,distance,fitness
5,518.2594252824524,500.51825942528245
5,487.6038846577906,500.4876038846578
5,542.6847049073485,500.54268470490734
5,545.1296067640457,500.545129606764
5,533.6376733148257,500.53363767331484
5,481.9198165433887,500.4819198165434
6,619.4227488007753,600.6194227488007
5,557.6037823082901,500.55760378230826
6,629.5728805452646,600.6295728805453
7,578.4275068677362,700.5784275068677
7,606.8963126679633,700.6068963126679
5,522.4763006418322,500.5224763006418
6,665.109156854652,600.6651091568547
6,561.3170796928412,600.5613170796928
5,508.87750475771713,500.5088775047577
6,578.1897732229218,600.5781897732229
7,626.8762113787047,700.6268762113787
5,613.1826807934162,500.61318268079344
7,608.4250659126682,700.6084250659127
6,624.4884414444705,600.6244884414444
