num_vehicles,distance,fitness
5,466.50342106065915,500.4665034210607
5,439.06938400590053,500.4390693840059
4,498.9381373640342,400.498938137364
5,459.44853230044356,500.4594485323004
5,479.1017258126037,500.4791017258126
5,450.84479905454424,500.45084479905455
6,692.1937036102606,600.6921937036103
6,683.7524616541549,600.6837524616542
5,520.3123979956758,500.52031239799567
6,603.6589350526217,600.6036589350526
6,613.0423948930354,600.613042394893
6,548.984542512636,600.5489845425126
5,658.0462292634757,500.65804622926345
6,679.711055692682,600.6797110556927
6,611.187565042472,600.6111875650424
6,615.1822265663977,600.6151822265664
5,645.6833218782932,500.64568332187827
6,678.3693690744595,600.6783693690744
7,673.6530051229419,700.6736530051229
6,685.0440343962124,600.6850440343962
