num_vehicles,distance,fitness
8,800.9792222618502,800.8009792222618
12,856.0182803551372,1200.856018280355
12,848.6187947259237,1200.848618794726
12,848.0762473076902,1200.8480762473077
10,757.0020696057234,1000.7570020696057
16,1031.9435205621394,1601.0319435205622
16,1021.1093530945743,1601.0211093530945
12,849.5392194274424,1200.8495392194275
14,959.6812264584698,1400.9596812264585
15,1075.5338664515596,1501.0755338664515
16,1053.1290430755196,1601.0531290430756
15,1008.5809117066692,1501.0085809117068
12,1019.9964148827611,1201.0199964148828
14,1024.75776829298,1401.024757768293
16,939.3671628120027,1600.939367162812
15,1041.1839781477413,1501.0411839781477
16,986.9420442168531,1600.986942044217
16,977.5798772002757,1600.9775798772002
18,1109.1461553423844,1801.1091461553424
15,1034.024837883259,1501.0340248378832
