num_vehicles,distance,fitness
7,743.2970155147732,700.7432970155148
7,726.8478588856719,700.7268478588857
6,703.905153357654,600.7039051533577
6,648.4497016068296,600.6484497016069
6,715.3044587794594,600.7153044587794
7,858.0257921973152,700.8580257921973
9,883.7373456379785,900.883737345638
9,901.2590682538231,900.9012590682538
10,972.9396641995415,1000.9729396641995
10,815.6889401470576,1000.8156889401471
10,960.1770656632191,1000.9601770656632
10,1025.1704315002205,1001.0251704315002
8,872.0001709333791,800.8720001709333
10,924.9680084634705,1000.9249680084635
10,1002.9703448277843,1001.0029703448278
10,1040.2090946353799,1001.0402090946354
10,955.2519824980152,1000.955251982498
11,969.2898259374311,1100.9692898259375
8,935.0471763908008,800.9350471763908
8,860.9381707401685,800.8609381707402
