num_vehicles,distance,fitness
6,738.2850068179622,600.7382850068179
7,847.1381651231769,700.8471381651232
7,776.1460427541974,700.7761460427542
6,716.8855601200214,600.71688556012
10,769.0694977710026,1000.769069497771
6,761.2402381933796,600.7612402381934
10,781.0469122551631,1000.7810469122552
9,868.7391176464132,900.8687391176464
10,897.3363858493883,1000.8973363858494
11,923.9885619744887,1100.9239885619745
10,958.9744314215193,1000.9589744314216
10,893.0954140335302,1000.8930954140335
10,913.7897358754254,1000.9137897358754
9,986.189295367052,900.986189295367
10,985.4778497169596,1000.985477849717
10,935.0327073074627,1000.9350327073074
10,910.5388535040859,1000.9105388535041
10,888.0825333672739,1000.8880825333673
9,776.7738796936272,900.7767738796937
11,953.5820929651184,1100.953582092965
