num_vehicles,distance,fitness
7,818.2437983267619,700.8182437983268
6,754.7817681189263,600.754781768119
6,801.3161986189936,600.801316198619
8,802.1272833133105,800.8021272833133
7,812.3301783791437,700.8123301783792
6,805.3846932984598,600.8053846932985
6,830.9352049123136,600.8309352049123
6,850.3456869933016,600.8503456869933
9,923.4004927328081,900.9234004927328
8,861.4399637820248,800.861439963782
10,1040.6572282244856,1001.0406572282245
8,825.208339283243,800.8252083392832
8,815.487007662904,800.8154870076629
9,908.990011460147,900.9089900114601
10,899.6367115509852,1000.899636711551
7,818.442814613929,700.818442814614
11,995.2871436959747,1100.995287143696
8,875.632270442381,800.8756322704423
9,886.6286667676787,900.8866286667677
9,1008.4026698544747,901.0084026698545
