num_vehicles,distance,fitness
6,849.5290070488132,600.8495290070488
8,834.4072308576435,800.8344072308577
8,813.3340015729603,800.8133340015729
9,801.1496274181582,900.8011496274181
7,789.9147008523948,700.7899147008524
10,718.9401750315387,1000.7189401750315
7,746.2566227403249,700.7462566227404
10,950.0536839651461,1000.9500536839652
8,807.9317382620673,800.807931738262
9,914.3142085406537,900.9143142085406
9,872.9897561214705,900.8729897561215
8,845.2500175463613,800.8452500175464
9,881.0660714371853,900.8810660714372
9,915.0018857850799,900.915001885785
9,826.4871244477772,900.8264871244478
9,907.1710433009117,900.9071710433009
11,908.6504400673695,1100.9086504400673
11,964.5579393906801,1100.9645579393907
10,971.300873088365,1000.9713008730884
9,870.8444788195759,900.8708444788195
