num_vehicles,distance,fitness
6,840.3646523098904,600.8403646523099
7,811.7982857887647,700.8117982857888
7,815.2879912648832,700.8152879912649
6,786.1887590355901,600.7861887590356
7,887.9505386372741,700.8879505386373
7,853.1673270281719,700.8531673270281
7,964.0396272627877,700.9640396272628
7,913.7489042047799,700.9137489042048
6,802.5108053594072,600.8025108053594
7,975.6870348951394,700.9756870348951
7,861.4716360414004,700.8614716360414
8,883.8288171686869,800.8838288171687
7,897.3710227705185,700.8973710227705
7,938.9606319112216,700.9389606319112
7,909.5063872121724,700.9095063872122
7,845.4217473838581,700.8454217473839
7,989.8908346673902,700.9898908346673
7,856.7352828798122,700.8567352828799
7,908.8006364524008,700.9088006364524
8,989.3330076294177,800.9893330076294
