num_vehicles,distance,fitness
4,918.1606608150763,400.9181606608151
5,817.0499383230302,500.817049938323
4,803.1829953884935,400.8031829953885
8,847.4777107102748,800.8474777107102
5,943.2450388118313,500.9432450388118
4,873.826393893358,400.87382639389335
4,901.847097747924,400.9018470977479
6,860.342526754513,600.8603425267545
7,885.0949301451478,700.8850949301451
6,977.0195468233516,600.9770195468234
7,912.2172929971205,700.9122172929971
7,881.4860062923265,700.8814860062923
8,1049.2802793252692,801.0492802793252
6,905.9603030536065,600.9059603030536
7,915.1225694301786,700.9151225694302
7,987.8054973215471,700.9878054973216
7,855.576845461456,700.8555768454614
7,926.961361178789,700.9269613611788
7,941.4331616480972,700.9414331616481
5,868.7571785386767,500.86875717853866
