num_vehicles,distance,fitness
4,848.564939599413,400.84856493959944
4,822.4795426669912,400.822479542667
4,854.1098060873238,400.8541098060873
4,888.5316601406666,400.88853166014064
4,881.8540209418444,400.88185402094183
4,812.1795614586904,400.81217956145866
6,1012.6697858635924,601.0126697858636
7,983.8538153704402,700.9838538153705
5,888.2438692934961,500.8882438692935
8,991.2758115494694,800.9912758115495
7,896.3718882076915,700.8963718882077
6,904.0788320217792,600.9040788320218
6,895.6561584923654,600.8956561584923
7,969.3693307715974,700.9693693307715
7,1058.3309566524372,701.0583309566524
7,1028.5401947618727,701.0285401947618
6,882.2583166385983,600.8822583166386
5,850.3433581185311,500.85034335811855
6,891.065530340445,600.8910655303405
5,902.7622511655215,500.90276225116554
