num_vehicles,distance,fitness
4,887.2260787198006,400.8872260787198
5,869.4519015797966,500.8694519015798
4,821.6647430194544,400.8216647430195
4,850.7091106826593,400.85070911068266
4,836.7879364910202,400.836787936491
5,905.7528162192383,500.90575281621926
4,919.0134278899994,400.91901342789
5,863.4150684519655,500.86341506845196
5,929.2173908227586,500.92921739082277
5,970.4026345475083,500.9704026345475
4,960.8146584034973,400.9608146584035
5,913.3002942777271,500.91330029427775
6,985.7381705984127,600.9857381705984
6,974.210731777232,600.9742107317772
6,881.227799252378,600.8812277992524
4,939.527589386795,400.9395275893868
5,996.7756517177313,500.9967756517177
5,1008.517272270199,501.0085172722702
4,928.9505333005063,400.9289505333005
4,917.4386380285287,400.91743863802856
