num_vehicles,distance,fitness
4,934.6666440653541,400.9346666440654
4,876.9239280058599,400.87692392800585
4,904.8083666547843,400.9048083666548
5,811.6949391721039,500.8116949391721
5,868.4378553872311,500.86843785538724
6,877.1298529096941,600.8771298529097
5,1061.2882268658745,501.0612882268659
5,870.4588872017473,500.8704588872017
5,832.4323487219176,500.8324323487219
4,855.9639038558952,400.8559639038559
4,838.0632225604792,400.8380632225605
4,824.2847525454739,400.82428475254545
5,979.5213789699815,500.97952137897
5,894.5524816010015,500.894552481601
5,985.1576145881943,500.9851576145882
5,1065.1260712294675,501.0651260712295
5,968.3653286507845,500.9683653286508
5,834.0368639667672,500.8340368639668
4,863.3486322083243,400.86334863220833
5,815.1675150381922,500.8151675150382
