num_vehicles,distance,fitness
4,990.4776981132496,400.99047769811324
4,897.5304052649823,400.897530405265
4,955.3278367766713,400.9553278367767
4,996.6182286834605,400.9966182286835
4,870.600810917718,400.8706008109177
4,1027.3445150084317,401.02734451500845
4,870.2827846858435,400.87028278468586
4,945.1845139964446,400.9451845139964
4,1002.3309247571033,401.0023309247571
5,993.8157490811651,500.9938157490812
5,1002.1605437478111,501.00216054374783
4,998.0195783460656,400.9980195783461
5,933.8947400404534,500.93389474004044
5,923.9241883892139,500.9239241883892
4,977.6074067951743,400.9776074067952
4,826.668104463231,400.82666810446324
4,911.258812159826,400.9112588121598
5,1073.7848010541595,501.07378480105416
4,821.2632531013494,400.82126325310134
4,859.7431701445861,400.8597431701446
