num_vehicles,distance,fitness
4,918.9340678700514,400.91893406787005
4,978.4258754447867,400.97842587544477
4,974.5948890220905,400.9745948890221
4,891.2683711275876,400.8912683711276
5,1023.2561243246419,501.02325612432463
4,910.0808767601877,400.91008087676016
6,965.8393199632148,600.9658393199633
5,944.5579298760933,500.9445579298761
5,1026.718225705361,501.02671822570534
6,1006.0279275303307,601.0060279275303
5,1008.2917308396961,501.0082917308397
5,1002.9276056917192,501.0029276056917
5,987.625436132299,500.9876254361323
6,998.6561051335838,600.9986561051336
6,963.2642748438141,600.9632642748438
5,925.3788191859935,500.925378819186
5,908.2857727901804,500.9082857727902
6,1042.437769545677,601.0424377695457
5,960.0656247736916,500.9600656247737
5,909.766551299143,500.90976655129913
