num_vehicles,distance,fitness
4,877.1580260263885,400.8771580260264
4,826.8708957662312,400.8268708957662
4,852.7079893863445,400.8527079893863
5,983.9043999677577,500.98390439996774
4,932.6415503106766,400.9326415503107
4,863.3120852665879,400.8633120852666
4,840.199502842224,400.8401995028422
4,910.8218848812649,400.9108218848813
4,999.3772975609825,400.99937729756095
5,897.7047743840048,500.897704774384
4,916.1016109161149,400.9161016109161
4,1005.3420806398373,401.0053420806398
5,900.2162344763235,500.9002162344763
4,943.678522207997,400.943678522208
4,886.2854763413491,400.88628547634136
4,862.269552000507,400.8622695520005
4,905.3002194745638,400.90530021947455
4,992.9438775227243,400.99294387752275
5,932.3775699841756,500.93237756998417
4,845.9916831690379,400.845991683169
