num_vehicles,distance,fitness
8,962.0780328369437,800.962078032837
8,962.1691676220848,800.962169167622
9,933.0289332771999,900.9330289332772
8,857.9783447979469,800.857978344798
8,914.6744704060472,800.914674470406
8,821.9312545641071,800.8219312545641
8,871.655829323452,800.8716558293235
9,943.9902034859088,900.9439902034859
9,955.1811642999442,900.9551811642999
9,1167.9956758404949,901.1679956758405
8,1067.8296349518462,801.0678296349519
9,1080.270293609693,901.0802702936097
8,879.741875607386,800.8797418756074
8,985.635893161683,800.9856358931617
8,903.1227273665954,800.9031227273666
9,1068.0443219960534,901.068044321996
8,1022.9088691931961,801.0229088691932
9,996.1988157369696,900.996198815737
10,1273.3532586181213,1001.2733532586182
8,910.0721485634226,800.9100721485635
