num_vehicles,distance,fitness
7,791.5872570391791,700.7915872570392
7,895.685501470377,700.8956855014703
8,895.707754969597,800.8957077549696
7,913.3517736313349,700.9133517736313
8,919.9673000866031,800.9199673000866
8,842.4267392438885,800.8424267392439
9,1011.5077906273685,901.0115077906273
8,1088.842529388392,801.0888425293884
9,1220.5971429184488,901.2205971429185
8,954.179195172102,800.9541791951721
9,1197.177675762578,901.1971776757625
9,1141.339477255754,901.1413394772558
8,1070.5498116472834,801.0705498116473
10,1333.0188444339476,1001.3330188444339
10,1181.7271403632078,1001.1817271403633
9,1234.9308342325714,901.2349308342326
8,898.8608879514668,800.8988608879515
8,1048.77088849831,801.0487708884983
9,1267.0403450728631,901.2670403450728
8,1054.451726330772,801.0544517263307
