num_vehicles,distance,fitness
7,691.9245200332821,700.6919245200332
8,846.9656104243999,800.8469656104244
9,856.0007636119524,900.856000763612
8,749.3931757228211,800.7493931757228
11,998.3463643210448,1100.9983463643212
11,1044.2162715873162,1101.0442162715874
10,1070.431640710211,1001.0704316407102
11,1242.6874261729747,1101.242687426173
9,1013.0895427792783,901.0130895427793
10,961.0999505475095,1000.9610999505475
9,943.4645213150922,900.943464521315
10,1089.7691842461377,1001.0897691842462
10,1084.9431656006427,1001.0849431656006
10,1017.232126188696,1001.0172321261887
10,1111.89096230103,1001.111890962301
10,994.8422219036919,1000.9948422219037
8,955.3998687768246,800.9553998687768
11,1078.102058410849,1101.0781020584109
9,1016.0536485114733,901.0160536485115
11,1215.6181231348965,1101.2156181231348
