num_vehicles,distance,fitness
8,759.1670203183024,800.7591670203183
8,831.6986358632674,800.8316986358633
8,994.9562513364756,800.9949562513365
8,849.0017704945869,800.8490017704946
9,914.2168994678433,900.9142168994679
10,1010.0112426235221,1001.0100112426235
10,962.5482335929319,1000.9625482335929
10,1147.9299536538344,1001.1479299536538
9,1049.8456506805016,901.0498456506805
10,1011.1987414334095,1001.0111987414334
10,1192.604736017807,1001.1926047360178
10,1058.9589081143608,1001.0589589081144
10,1123.6675988281886,1001.1236675988282
11,1187.8742595144718,1101.1878742595145
10,1103.353714664875,1001.1033537146649
10,1088.9826960920077,1001.088982696092
10,1070.7975166366507,1001.0707975166366
10,1081.9524369221429,1001.0819524369222
9,1054.556870699164,901.0545568706991
11,1225.4258087561918,1101.2254258087562
