num_vehicles,distance,fitness
7,792.558481332472,700.7925584813324
8,926.7638445554456,800.9267638445555
7,956.8281569205384,700.9568281569206
7,939.0854773277752,700.9390854773278
7,736.7740472229893,700.736774047223
7,763.8516259206017,700.7638516259206
11,1434.6458174998163,1101.4346458174998
10,1146.4261607478807,1001.1464261607479
10,1020.8248427187814,1001.0208248427188
9,1051.169565322635,901.0511695653227
9,951.0217112310991,900.9510217112311
9,1083.608285485255,901.0836082854853
8,1129.3138816062474,801.1293138816062
11,1258.2161272047074,1101.2582161272046
11,1220.3741002636357,1101.2203741002636
9,1076.3978303717724,901.0763978303718
10,1020.898331456951,1001.0208983314569
9,1036.6896039996027,901.0366896039995
8,1007.4668471658206,801.0074668471658
9,1018.1967578879575,901.018196757888
