num_vehicles,distance,fitness
5,1156.9680017061987,501.1569680017062
5,1056.728627566317,501.0567286275663
5,1289.487534973015,501.28948753497303
5,1061.202395314884,501.06120239531487
4,1068.06094354366,401.0680609435437
4,984.8814363847683,400.9848814363848
5,1089.1940187507869,501.0891940187508
4,992.7903934633312,400.99279039346334
6,1123.2109367726325,601.1232109367726
5,1120.5614640181886,501.1205614640182
5,1064.7452172292371,501.06474521722924
6,1160.118641925437,601.1601186419255
5,1002.6209765414509,501.00262097654144
5,1146.1266165778252,501.1461266165778
5,1122.6663700220809,501.1226663700221
5,1214.666241375164,501.21466624137514
5,1056.7988707503637,501.05679887075036
5,1237.6697661199742,501.23766976611995
5,1209.1751135790137,501.209175113579
5,1191.925663266504,501.1919256632665
