num_vehicles,distance,fitness
5,1098.2107185369055,501.0982107185369
5,958.5187538959442,500.95851875389593
5,986.4213627398774,500.98642136273986
5,999.7923755641402,500.99979237556414
5,987.5200876969434,500.98752008769696
6,1181.8566973608654,601.1818566973609
6,1057.0271383509041,601.0570271383509
7,1270.2556588162158,701.2702556588163
6,1216.5640172720302,601.216564017272
6,1181.3877559082991,601.1813877559083
6,1055.800869812701,601.0558008698127
6,1174.8425217459762,601.174842521746
7,1227.331375237674,701.2273313752377
6,1029.4027991356893,601.0294027991357
7,1064.0808646890155,701.064080864689
8,1287.6233060449367,801.2876233060449
5,1035.0162658827473,501.03501626588275
6,1010.6356973433985,601.0106356973434
6,1335.8713228167528,601.3358713228167
5,1136.3071663789324,501.1363071663789
