num_vehicles,distance,fitness
5,1310.0844333327757,501.3100844333328
5,1010.3394734991905,501.0103394734992
5,1178.1483806872452,501.1781483806872
5,1275.2250517838559,501.2752250517839
5,1112.8293281762315,501.11282932817625
5,1142.786773664319,501.14278677366434
5,1178.8257629750537,501.17882576297507
6,1035.7453236049619,601.0357453236049
5,1223.0679328597873,501.2230679328598
5,1098.3404496551304,501.09834044965515
6,1278.0718892913192,601.2780718892914
6,1261.6941344656798,601.2616941344656
6,1144.5121413682893,601.1445121413683
5,1250.8081169981351,501.25080811699814
6,1235.7982918066173,601.2357982918066
5,1108.4606573425635,501.10846065734256
5,1171.861313004518,501.1718613130045
5,1250.944483768611,501.2509444837686
5,947.0204657892725,500.94702046578925
5,1034.5040377687574,501.0345040377688
