num_vehicles,distance,fitness
5,1206.7227033268164,501.2067227033268
5,1039.7632300574303,501.0397632300574
5,1041.676862994079,501.04167686299405
5,1235.0563420425515,501.2350563420425
6,1061.0578558902548,601.0610578558902
6,1228.6201001086215,601.2286201001086
6,1117.5488963053988,601.1175488963054
5,1081.4795139903342,501.08147951399036
7,1280.0937539581203,701.2800937539581
6,1115.9377497806208,601.1159377497806
8,1330.6598428949762,801.330659842895
7,1125.5545571675361,701.1255545571676
8,1394.8765414761738,801.3948765414762
7,1127.7689344726818,701.1277689344727
8,1183.389218861494,801.1833892188615
7,1126.06741539389,701.1260674153939
6,1267.3916302330383,601.2673916302331
8,1247.3094334472953,801.2473094334473
8,1109.6311701010147,801.109631170101
8,1334.894724700256,801.3348947247002
