num_vehicles,distance,fitness
4,1067.7019895573885,401.0677019895574
5,1159.8973523595264,501.1598973523595
5,1107.127614045203,501.1071276140452
5,1097.5724288681217,501.09757242886815
4,1145.897713071878,401.14589771307186
5,1011.2598788522304,501.01125987885223
4,961.3321167071608,400.9613321167072
5,939.4307457714318,500.9394307457714
5,1036.6193890899535,501.03661938908994
5,1137.9391444347934,501.13793914443477
5,959.6023374972056,500.9596023374972
6,1200.6482893277641,601.2006482893278
6,1114.606873124704,601.1146068731247
5,1140.7954141691423,501.14079541416913
5,1072.84231294567,501.0728423129457
6,1149.7912218066413,601.1497912218066
4,1183.5998151061176,401.1835998151061
4,1060.6454993525408,401.0606454993525
5,1054.3625170077248,501.05436251700775
5,1111.687669983693,501.11168766998367
