num_vehicles,distance,fitness
4,1081.4010688547528,401.08140106885475
5,941.8966371185663,500.9418966371186
5,1086.0343336043327,501.08603433360435
5,1007.6617716024464,501.00766177160244
5,941.372687458048,500.94137268745806
5,1212.3071199222068,501.21230711992223
8,1214.821597914379,801.2148215979144
6,1176.3927716546925,601.1763927716547
6,1294.8924112612635,601.2948924112612
7,1316.2574691876614,701.3162574691877
6,1379.534611675281,601.3795346116752
6,1036.5645122193362,601.0365645122193
7,1147.2490281300102,701.14724902813
7,1344.6087268804788,701.3446087268804
6,1303.5156811988422,601.3035156811989
7,1245.6304379362718,701.2456304379363
6,974.7955632488432,600.9747955632488
8,1325.5563360288827,801.3255563360289
5,872.7508829093545,500.8727508829094
6,1153.6747504488665,601.1536747504489
