num_vehicles,distance,fitness
7,537.3913739362137,700.5373913739362
8,625.6378780153427,800.6256378780154
8,552.0884839482109,800.5520884839482
8,663.5786332505745,800.6635786332506
10,652.539983689315,1000.6525399836893
9,623.1969825198466,900.6231969825199
10,657.5282800714864,1000.6575282800715
10,650.1146983071428,1000.6501146983071
11,820.0886095719982,1100.820088609572
10,648.7320043777321,1000.6487320043777
9,571.2241509244021,900.5712241509244
11,745.0543291494396,1100.7450543291495
8,632.3015045286154,800.6323015045286
10,743.0851781528526,1000.7430851781528
10,722.2955109204345,1000.7222955109204
10,696.3041404774191,1000.6963041404774
9,637.2495459643669,900.6372495459643
11,806.8843976243785,1100.8068843976243
10,688.4200364984399,1000.6884200364984
11,744.9916044582254,1100.7449916044582
