num_vehicles,distance,fitness
7,495.26436520284466,700.4952643652028
6,562.2578948542929,600.5622578948543
7,589.7219254551666,700.5897219254551
7,631.1840647871597,700.6311840647871
7,574.1703899568517,700.5741703899569
8,632.617137806893,800.6326171378068
9,734.2021522480907,900.7342021522481
8,728.1379510441628,800.7281379510441
8,698.3589031694885,800.6983589031695
8,650.3425872878278,800.6503425872878
8,740.8989668710499,800.7408989668711
8,636.7854968840568,800.636785496884
7,649.5866792146275,700.6495866792146
9,763.7424748322701,900.7637424748323
7,685.2828042430883,700.6852828042431
7,783.533371559498,700.7835333715595
7,666.6174659743644,700.6666174659744
8,704.1268967494951,800.7041268967495
8,632.3726958685945,800.6323726958686
8,719.0900556905349,800.7190900556906
