num_vehicles,distance,fitness
8,516.3387731186642,800.5163387731187
11,742.829785982997,1100.742829785983
9,697.5376314964541,900.6975376314964
8,493.8982272342412,800.4938982272342
10,585.0276632373991,1000.5850276632374
10,672.1218615035503,1000.6721218615036
10,606.1451153391904,1000.6061451153392
10,665.4066543317357,1000.6654066543317
8,561.7289930910031,800.561728993091
10,636.0966292335886,1000.6360966292336
9,666.0693817468275,900.6660693817469
11,675.527637801334,1100.6755276378012
11,715.0091853357137,1100.7150091853357
10,667.7760098215267,1000.6677760098215
13,754.8172252759174,1300.754817225276
9,615.7772894978908,900.6157772894979
12,823.4950348325935,1200.8234950348326
9,665.3946930664356,900.6653946930664
11,766.0368305621356,1100.7660368305621
11,674.0755589952731,1100.6740755589954
