num_vehicles,distance,fitness
7,636.8199997144283,700.6368199997145
7,663.3043301051472,700.6633043301051
8,675.6754631695588,800.6756754631696
7,687.4592893342827,700.6874592893342
7,669.2533182434099,700.6692533182434
7,603.4709074645905,700.6034709074646
7,553.494181911909,700.5534941819119
7,702.7425878719768,700.702742587872
8,656.1975609952681,800.6561975609952
7,657.804975796463,700.6578049757965
6,555.5475046050362,600.555547504605
7,614.3113945219707,700.614311394522
7,679.6279461091112,700.6796279461091
7,683.5278450520879,700.6835278450521
7,545.9668712652103,700.5459668712653
7,659.0650743732805,700.6590650743733
7,546.6780062872649,700.5466780062873
7,637.1275176816694,700.6371275176816
8,590.0709784958369,800.5900709784959
7,637.6958516358042,700.6376958516358
