num_vehicles,distance,fitness
5,555.9485643976219,500.5559485643976
5,601.1823348091955,500.6011823348092
5,515.3899821590054,500.515389982159
5,543.9521765042921,500.5439521765043
5,603.6693801530542,500.60366938015306
7,838.9099063350309,700.8389099063351
6,621.2899855866605,600.6212899855867
7,729.516378094762,700.7295163780948
5,596.1640892976643,500.59616408929764
7,684.739541002827,700.6847395410028
8,728.3720541874584,800.7283720541875
7,782.268003401624,700.7822680034017
6,712.5250322755984,600.7125250322756
5,768.4392860076332,500.7684392860076
6,836.8416618139684,600.836841661814
6,750.9395272432188,600.7509395272432
5,668.5251101508356,500.6685251101508
7,685.897446049264,700.6858974460492
7,774.1601469317609,700.7741601469318
6,743.2957775595693,600.7432957775595
