num_vehicles,distance,fitness
5,492.8496652239143,500.4928496652239
5,510.50519227085687,500.51050519227084
5,496.2271486840671,500.49622714868406
5,562.6169110863865,500.56261691108637
5,511.7448410386742,500.51174484103865
5,424.52222059156855,500.42452222059154
7,581.48252779855,700.5814825277986
9,694.0268433860309,900.694026843386
7,611.3177233557652,700.6113177233558
6,624.0754330435356,600.6240754330436
7,637.4421134144808,700.6374421134145
7,633.3836586553795,700.6333836586554
6,607.9629503127794,600.6079629503128
7,674.2311513364436,700.6742311513365
7,603.4735933186977,700.6034735933187
8,633.2490164491164,800.6332490164491
7,570.4790906104591,700.5704790906104
8,702.6701001558815,800.7026701001558
7,628.2435520996818,700.6282435520997
7,609.7514393464756,700.6097514393465
