num_vehicles,distance,fitness
5,492.8496652239143,500.4928496652239
5,482.06674403173787,500.4820667440317
7,589.8398950847807,700.5898398950848
5,536.9210578341653,500.53692105783415
6,632.5621271773267,600.6325621271774
7,668.543913872445,700.6685439138724
6,607.3688465848377,600.6073688465848
6,639.0748728543114,600.6390748728543
5,686.3378262136806,500.6863378262137
6,604.6781398209197,600.604678139821
6,623.027974601555,600.6230279746015
5,557.8642635585463,500.55786426355854
6,601.9830091551072,600.6019830091551
5,508.693311237854,500.50869331123783
5,554.0835779623247,500.55408357796233
6,736.9334919243719,600.7369334919243
5,613.4053034786889,500.6134053034787
5,487.1934976648167,500.4871934976648
6,612.399960729223,600.6123999607292
5,549.3909618146665,500.54939096181465
