num_vehicles,distance,fitness
8,801.6266998825827,800.8016266998826
9,790.1570763431955,900.7901570763432
7,718.8742246421855,700.7188742246421
9,725.9474529861685,900.7259474529861
9,896.4805997932963,900.8964805997933
10,987.3932047178897,1000.9873932047179
12,950.3940157711658,1200.950394015771
13,1057.3863740580023,1301.057386374058
11,1005.4570350070767,1101.005457035007
11,942.0905819129971,1100.942090581913
11,1011.2734803757775,1101.0112734803758
11,964.9083796113323,1100.9649083796114
12,948.6110636862111,1200.9486110636863
11,973.6396158742734,1100.9736396158742
11,945.4146604354198,1100.9454146604355
11,1049.437823114102,1101.0494378231142
12,1014.262111005952,1201.014262111006
11,929.91543937452,1100.9299154393746
13,963.7915692490847,1300.963791569249
10,907.6322462033195,1000.9076322462033
