num_vehicles,distance,fitness
7,743.2970155147732,700.7432970155148
7,822.3278555828826,700.8223278555829
6,740.7274805157687,600.7407274805157
7,724.5881902060162,700.724588190206
7,852.1196576815062,700.8521196576816
6,755.0445562836483,600.7550445562837
6,752.8153179591305,600.7528153179592
9,912.3466476587724,900.9123466476588
9,926.2748228179737,900.926274822818
11,1017.0993987103541,1101.0170993987103
8,900.445625213411,800.9004456252134
11,942.3140093497742,1100.9423140093497
10,938.1672969754493,1000.9381672969754
11,1039.2626585693927,1101.0392626585694
8,806.521474768929,800.8065214747689
10,983.3366591833656,1000.9833366591834
10,1057.5850039734696,1001.0575850039735
9,935.7170819025326,900.9357170819026
10,852.5601873548203,1000.8525601873548
11,935.4077377366289,1100.9354077377366
