num_vehicles,distance,fitness
7,847.9959707224298,700.8479959707224
6,780.0041119871041,600.7800041119871
7,856.4791750554286,700.8564791750555
6,823.1031402243165,600.8231031402244
7,944.4993680738565,700.9444993680738
6,790.8971089319422,600.790897108932
6,816.6643779120589,600.816664377912
6,736.4990759065291,600.7364990759065
6,807.4733264060968,600.8074733264061
6,863.0503671246954,600.8630503671247
8,950.273848695683,800.9502738486957
8,920.0413383025302,800.9200413383026
10,1046.858827787981,1001.046858827788
8,963.5772542668557,800.9635772542669
8,880.6189199643372,800.8806189199644
10,1018.4446713146854,1001.0184446713147
8,888.6172585240863,800.888617258524
8,944.3329543175034,800.9443329543175
9,987.7834374057966,900.9877834374058
7,927.1112611985998,700.9271112611985
