num_vehicles,distance,fitness
7,864.4833286468569,700.8644833286469
12,898.5500278734761,1200.8985500278734
11,833.098470301874,1100.8330984703018
9,800.510172814098,900.8005101728141
10,825.4623324865506,1000.8254623324865
10,820.0978884386915,1000.8200978884387
12,949.5043878345372,1200.9495043878346
12,947.8847267456621,1200.9478847267458
14,994.6547450681011,1400.9946547450681
12,998.9678904096585,1200.9989678904096
11,889.2621033624499,1100.8892621033624
12,972.8376890928877,1200.9728376890928
10,858.1695467817058,1000.8581695467817
13,980.0657847910419,1300.9800657847911
12,985.2938567285157,1200.9852938567285
11,913.0744006658739,1100.913074400666
11,963.8809282332296,1100.9638809282333
13,897.377717526999,1300.897377717527
12,976.2469288043442,1200.9762469288044
11,944.6468799097954,1100.94464687991
