num_vehicles,distance,fitness
6,738.2850068179622,600.7382850068179
8,765.1607041791665,800.7651607041792
9,743.0741737875866,900.7430741737876
7,650.3785055893431,700.6503785055893
8,824.5959556688583,800.8245959556689
7,731.2210022352965,700.7312210022353
7,772.0182032040368,700.7720182032041
9,900.4227104444847,900.9004227104444
12,1053.0770340243107,1201.0530770340242
9,830.0185969916035,900.8300185969916
12,1023.8846020706774,1201.0238846020707
11,1093.009326190004,1101.09300932619
10,991.1201450226497,1000.9911201450227
8,967.2737022248012,800.9672737022248
10,990.5239461145505,1000.9905239461145
9,881.1773735835393,900.8811773735836
10,924.871484309227,1000.9248714843093
11,1003.0389022373122,1101.0030389022372
11,930.2251432516541,1100.9302251432516
9,846.6270275016801,900.8466270275017
