num_vehicles,distance,fitness
7,818.2437983267619,700.8182437983268
6,807.1497651124657,600.8071497651125
6,786.1194591266217,600.7861194591267
8,852.4491035449003,800.8524491035449
6,819.070771002155,600.8190707710022
11,943.9600267855661,1100.9439600267856
8,856.3630161791739,800.8563630161792
9,906.8989541747271,900.9068989541747
9,898.3041074191947,900.8983041074192
9,1000.9850729555257,901.0009850729555
10,945.4459018039133,1000.945445901804
10,933.7427722001476,1000.9337427722002
8,895.4634790711638,800.8954634790712
8,959.6521556197699,800.9596521556198
8,894.8086274731083,800.8948086274731
9,905.2778061985819,900.9052778061986
10,952.2449264252413,1000.9522449264252
7,882.3205135149966,700.882320513515
9,996.442770425453,900.9964427704255
7,785.8859545907889,700.7858859545908
