num_vehicles,distance,fitness
7,875.9048735512156,700.8759048735512
6,862.1701898021073,600.8621701898021
6,859.3347924535308,600.8593347924535
6,925.6212164795222,600.9256212164795
6,849.2996193212076,600.8492996193212
9,859.1187016923953,900.8591187016924
8,936.3425234801908,800.9363425234802
8,1006.6983872684388,801.0066983872684
9,978.4553071101889,900.9784553071102
8,986.5507554004953,800.9865507554005
9,930.4511202254129,900.9304511202254
9,1017.3255555124144,901.0173255555125
7,833.9650265073182,700.8339650265074
9,1028.9668156274563,901.0289668156274
9,972.9709217111076,900.9729709217111
8,861.05169541261,800.8610516954126
8,909.7824077002525,800.9097824077003
9,945.5870138567519,900.9455870138568
8,982.6501121007213,800.9826501121007
8,961.4383288327458,800.9614383288327
