num_vehicles,distance,fitness
6,849.5290070488132,600.8495290070488
7,689.2626732329893,700.689262673233
9,704.3647572971611,900.7043647572972
10,888.7323074071178,1000.8887323074072
7,705.951377136164,700.7059513771362
8,820.1376562896454,800.8201376562896
9,889.8310803774498,900.8898310803775
9,918.9341013782152,900.9189341013782
8,1000.2283792431446,801.0002283792431
10,883.6084273963604,1000.8836084273963
9,936.1560121477796,900.9361560121478
9,963.2468040393999,900.9632468040394
9,826.6668227570456,900.826666822757
9,925.4693426207136,900.9254693426207
9,965.981146120873,900.9659811461208
9,863.6109157882515,900.8636109157883
10,989.9269832092709,1000.9899269832092
9,949.4224859828153,900.9494224859828
9,865.7872861441853,900.8657872861442
10,966.6161058028954,1000.9666161058029
