num_vehicles,distance,fitness
6,762.3946846662257,600.7623946846662
8,812.4272065949901,800.812427206595
7,845.010013997476,700.8450100139975
7,818.8027175554087,700.8188027175554
7,757.7411547782244,700.7577411547783
8,851.8200879292355,800.8518200879292
8,701.7428318509888,800.701742831851
8,867.0677280276273,800.8670677280277
8,1039.2727197919914,801.0392727197919
9,850.9036897149022,900.8509036897149
8,812.2281947841202,800.8122281947841
7,927.9336179479682,700.9279336179479
8,793.5119101487583,800.7935119101487
7,852.649263085862,700.8526492630858
9,947.1691559430117,900.947169155943
11,965.8101448247972,1100.965810144825
9,924.2078748344538,900.9242078748345
9,873.4265428734741,900.8734265428735
8,885.6196701904926,800.8856196701905
8,862.2768600665776,800.8622768600666
