num_vehicles,distance,fitness
7,842.8913236348984,700.842891323635
7,819.5582716298707,700.8195582716298
7,812.8241155528459,700.8128241155529
8,911.6523766345066,800.9116523766345
9,982.565621998508,900.9825656219986
9,998.3186423054042,900.9983186423054
8,952.7821827666716,800.9527821827667
7,932.6038271343635,700.9326038271344
8,906.5947676915251,800.9065947676916
8,862.3339071786526,800.8623339071787
9,1016.8035207351395,901.0168035207352
9,912.458213395371,900.9124582133953
10,1008.0368881824269,1001.0080368881825
8,922.0282023751266,800.9220282023751
8,873.530790425411,800.8735307904254
9,1001.2727042610809,901.001272704261
8,910.7629939616252,800.9107629939616
10,923.7948464961123,1000.9237948464961
9,955.582570060442,900.9555825700604
8,869.3773275185325,800.8693773275186
