num_vehicles,distance,fitness
4,937.6570066368039,400.9376570066368
4,919.7821923825422,400.91978219238257
4,950.3052845522957,400.9503052845523
4,863.0554394169136,400.86305543941694
4,882.3093024545524,400.88230930245453
4,852.467530678077,400.8524675306781
4,970.1740776492716,400.9701740776493
5,1033.5296553650085,501.033529655365
4,862.2375222891892,400.8622375222892
4,951.4810424064617,400.95148104240644
5,928.6351272141914,500.9286351272142
5,973.7695499751345,500.97376954997515
6,956.663072567675,600.9566630725677
5,952.9098155182397,500.95290981551824
4,939.8850384173144,400.9398850384173
5,941.4112941794984,500.9414112941795
6,978.9836789915055,600.9789836789915
4,849.9862814612237,400.8499862814612
5,944.0078462063258,500.9440078462063
4,948.7005757062948,400.9487005757063
