num_vehicles,distance,fitness
4,887.2260787198006,400.8872260787198
4,873.9859766810778,400.87398597668107
5,869.7033400047802,500.8697033400048
4,888.5443608824725,400.88854436088246
5,897.0640310168359,500.89706403101684
4,841.0716843825226,400.84107168438254
5,903.8004203146857,500.90380042031467
5,869.2070207857901,500.8692070207858
5,1012.6752955045471,501.01267529550455
5,814.0498637565446,500.81404986375657
5,806.5484546554718,500.80654845465546
5,892.5548987278052,500.8925548987278
5,751.6459937096093,500.7516459937096
5,955.7834342908761,500.9557834342909
5,853.4588407873794,500.85345884078737
4,773.3650880323066,400.7733650880323
5,860.4948404401027,500.8604948404401
5,980.3724569816249,500.9803724569816
5,871.4406300220411,500.87144063002205
4,932.0658150807552,400.93206581508076
