num_vehicles,distance,fitness
4,934.6666440653541,400.9346666440654
4,867.4366803129536,400.86743668031295
4,912.7506286562609,400.9127506286563
4,983.4461097328631,400.9834461097329
4,975.4987361986687,400.9754987361987
4,774.1345970901618,400.77413459709015
4,974.7756810947494,400.97477568109474
4,877.7102190509042,400.8777102190509
5,932.2834864170292,500.932283486417
5,1002.5411738876871,501.00254117388766
5,937.0217895143802,500.9370217895144
5,1009.7779166853385,501.0097779166853
4,915.8466288343426,400.91584662883434
5,985.1976611945706,500.98519766119455
5,832.8006227888727,500.83280062278885
5,942.4551202573396,500.94245512025736
5,1024.4793002667204,501.0244793002667
5,941.5698201341094,500.94156982013413
5,921.6302801023307,500.9216302801023
5,943.4081043566771,500.94340810435665
