num_vehicles,distance,fitness
4,1099.2379083158141,401.0992379083158
4,999.9396893679448,400.9999396893679
4,990.4443700832865,400.9904443700833
4,1086.7056690518168,401.0867056690518
4,953.5706012193907,400.9535706012194
4,1061.7299682082903,401.0617299682083
5,985.6784205926793,500.9856784205927
4,954.2030238335643,400.95420302383354
5,1016.9611133615509,501.01696111336156
6,992.2878370242621,600.9922878370243
5,951.1091302023266,500.9511091302023
5,964.8220960204925,500.9648220960205
5,891.3845193898271,500.8913845193898
4,887.5567821251041,400.8875567821251
4,752.9170749418674,400.7529170749419
5,988.2467655922725,500.9882467655923
5,1085.5893736592643,501.0855893736593
5,902.2781412298311,500.90227814122983
5,881.9956798879037,500.8819956798879
5,980.9824426508923,500.9809824426509
