num_vehicles,distance,fitness
4,918.9340678700514,400.91893406787005
4,872.8836925195092,400.8728836925195
4,904.8771286710112,400.904877128671
4,846.2013666622277,400.8462013666622
5,946.2956519135563,500.94629565191354
4,990.4900439172196,400.99049004391725
5,905.4978108720709,500.9054978108721
4,893.4536044869001,400.8934536044869
4,871.4923031712076,400.8714923031712
6,995.698631528393,600.9956986315284
6,931.6450606433225,600.9316450606433
5,908.1283719970194,500.908128371997
5,942.6488620866866,500.9426488620867
6,876.9467299775225,600.8769467299775
5,1005.7739045547769,501.00577390455476
5,829.0967503804036,500.8290967503804
5,959.3374509089027,500.9593374509089
6,969.0728303767736,600.9690728303767
5,909.6708095604,500.9096708095604
5,841.9604002542318,500.8419604002542
