num_vehicles,distance,fitness
4,877.1580260263885,400.8771580260264
4,909.8207320414597,400.90982073204145
4,865.8057220417669,400.8658057220418
4,811.297036106138,400.8112970361061
4,814.4245503215016,400.8144245503215
4,913.954465819691,400.9139544658197
4,925.8734720720031,400.925873472072
4,848.4793291267437,400.84847932912675
5,926.4998041728874,500.92649980417286
4,980.0778230936228,400.9800778230936
5,935.1187069053628,500.93511870690537
5,839.6218282278649,500.83962182822785
4,1050.1928373877242,401.0501928373877
5,850.0802180697971,500.8500802180698
4,956.6632895961553,400.9566632895962
5,941.903071626678,500.94190307162665
4,981.4832212473918,400.9814832212474
4,910.2067710227967,400.9102067710228
4,746.3748907342264,400.7463748907342
4,904.6110696196573,400.90461106961965
