num_vehicles,distance,fitness
8,894.5607712993112,800.8945607712993
8,783.93112696913,800.7839311269692
9,867.7151605598591,900.8677151605599
10,940.438798289315,1000.9404387982893
9,884.7881245308754,900.8847881245309
11,1068.2113844162243,1101.0682113844161
10,1016.6719049345144,1001.0166719049345
12,1123.8738182606405,1201.1238738182606
11,1030.527875631773,1101.0305278756318
10,951.2691028214335,1000.9512691028215
11,1096.8555155378554,1101.0968555155378
11,1063.2816202618385,1101.063281620262
9,981.0024421781037,900.9810024421781
12,1211.0478771415878,1201.2110478771415
10,1142.9859772043324,1001.1429859772044
11,1177.331477031328,1101.1773314770314
12,1153.4096870090239,1201.1534096870091
13,1332.5783667145788,1301.3325783667146
10,1008.4373447706165,1001.0084373447706
10,1018.5883445527829,1001.0185883445528
