num_vehicles,distance,fitness
7,792.558481332472,700.7925584813324
7,817.1365589837646,700.8171365589837
7,1180.1551555479346,701.1801551555479
7,911.0771743729363,700.911077174373
7,935.2592831517406,700.9352592831517
7,957.8014949342738,700.9578014949343
7,1006.1734992293896,701.0061734992294
8,900.5437928421373,800.9005437928421
7,761.1313624043452,700.7611313624044
7,963.9428658458335,700.9639428658459
7,762.9758359167749,700.7629758359168
9,1036.0768628949882,901.036076862895
9,1060.1820257727368,901.0601820257727
10,1149.2117888234225,1001.1492117888234
9,1103.7283918956723,901.1037283918956
10,1236.936075584184,1001.2369360755841
9,1218.1404694223208,901.2181404694223
9,1122.8041093863274,901.1228041093864
8,886.4659086821456,800.8864659086821
9,1053.4590399488086,901.0534590399488
