num_vehicles,distance,fitness
8,759.1670203183024,800.7591670203183
8,958.4325825332628,800.9584325825333
9,1131.1642899008405,901.1311642899009
7,756.5603857220752,700.7565603857221
9,1103.5315060259372,901.1035315060259
10,1239.4421776645406,1001.2394421776645
11,1119.969354172922,1101.119969354173
9,1051.716194012391,901.0517161940124
11,1204.4654347388607,1101.204465434739
9,903.8632111602607,900.9038632111602
11,1208.6980333808594,1101.2086980333809
10,1187.7431285086177,1001.1877431285086
9,1058.230628622734,901.0582306286227
11,1129.3918632892376,1101.1293918632891
10,1095.9082489461844,1001.0959082489462
9,1011.3430684338338,901.0113430684338
10,1072.81549523537,1001.0728154952353
10,1223.6908947995748,1001.2236908947996
9,1049.3359138979793,901.049335913898
10,1122.8536235007514,1001.1228536235008
