num_vehicles,distance,fitness
7,791.5872570391791,700.7915872570392
7,800.976845714016,700.800976845714
8,919.4796548250921,800.9194796548251
8,986.9387535903174,800.9869387535903
7,841.772517494681,700.8417725174946
8,1003.6084272674973,801.0036084272675
7,888.3180594904884,700.8883180594905
9,1056.4273334701295,901.0564273334701
8,1166.2812605258978,801.1662812605259
8,1037.6894700430757,801.0376894700431
9,1136.4512179926485,901.1364512179927
9,1160.200925720601,901.1602009257206
8,922.7309599414332,800.9227309599414
8,1017.6155423300138,801.01761554233
10,1171.438898116732,1001.1714388981168
9,1105.9130600509907,901.105913060051
9,1066.8120749388022,901.0668120749388
9,1089.1364875791326,901.0891364875791
8,975.5878504815838,800.9755878504816
8,1085.5867275236042,801.0855867275236
