num_vehicles,distance,fitness
7,691.9245200332821,700.6919245200332
10,912.8079223617289,1000.9128079223617
8,803.416464736427,800.8034164647364
9,894.746022044689,900.8947460220447
7,714.0415413130858,700.7140415413131
8,786.7634532430802,800.7867634532431
10,946.0172817280088,1000.946017281728
12,1147.991737771944,1201.147991737772
11,1064.5302292497545,1101.0645302292498
10,1093.483472333171,1001.0934834723332
9,977.8992448863396,900.9778992448863
12,1198.9256957465323,1201.1989256957465
8,852.6859039540641,800.852685903954
12,1202.1820875384894,1201.2021820875384
9,1011.4370987478521,901.0114370987478
11,1147.4918033933966,1101.1474918033935
11,1117.0764231701576,1101.1170764231701
9,907.2882046268542,900.9072882046269
10,1016.5315136560158,1001.016531513656
10,1053.7076113431701,1001.0537076113432
