num_vehicles,distance,fitness
5,1098.2107185369055,501.0982107185369
5,984.2380454340407,500.98423804543404
5,1114.82090420172,501.11482090420174
5,1021.6197121409905,501.021619712141
5,1079.2153769007255,501.0792153769007
6,1091.1132777005369,601.0911132777005
8,1201.5951550651612,801.2015951550652
6,1258.3383677464176,601.2583383677464
5,1315.973340948308,501.3159733409483
6,1136.5407076621154,601.1365407076621
6,1073.5235852240764,601.073523585224
7,1044.2402135457344,701.0442402135458
8,1234.4230810420154,801.234423081042
7,1184.935691852743,701.1849356918527
5,994.539304045294,500.9945393040453
7,1237.7575387205789,701.2377575387205
6,1217.0399623066191,601.2170399623067
7,1088.1320805705604,701.0881320805705
6,952.0001849945484,600.9520001849945
6,1189.4491704037312,601.1894491704037
