num_vehicles,distance,fitness
5,1310.0844333327757,501.3100844333328
5,1123.3976170638884,501.1233976170639
5,1164.4916712344477,501.16449167123443
5,1153.8844590173985,501.1538844590174
5,1259.3124013504594,501.2593124013505
5,914.3534000408508,500.91435340004085
6,1090.9668212042845,601.0909668212042
6,1176.0286438100566,601.17602864381
6,1106.4044685777806,601.1064044685778
5,1066.5833775519282,501.0665833775519
5,991.8320581358203,500.9918320581358
5,1117.92484021173,501.11792484021174
5,989.454409653084,500.9894544096531
5,1243.849673919142,501.24384967391916
5,1121.9756577248036,501.1219756577248
5,1285.263924109684,501.2852639241097
6,1143.0200804878518,601.1430200804879
5,1172.4168641605684,501.1724168641606
6,1403.9815447552342,601.4039815447552
5,1439.60991655324,501.43960991655325
