num_vehicles,distance,fitness
6,447.6452532027363,600.4476452532027
7,490.4999669263478,700.4904999669263
8,564.1684290468114,800.5641684290468
6,603.5570469884007,600.6035570469884
7,500.6178557302918,700.5006178557303
8,680.596826187268,800.6805968261873
8,659.2342950884959,800.6592342950885
8,627.3648806517966,800.6273648806518
9,683.4689861342372,900.6834689861342
8,586.3693296335048,800.5863693296335
11,716.1657522337296,1100.7161657522338
10,702.2339920555879,1000.7022339920555
9,582.9891092373279,900.5829891092374
8,709.5103339111664,800.7095103339111
7,606.9414149857513,700.6069414149857
9,659.4958715046237,900.6594958715046
8,624.8456316159429,800.6248456316159
9,701.0845766501642,900.7010845766501
9,633.0408872492611,900.6330408872493
8,572.5148425869583,800.572514842587
