num_vehicles,distance,fitness
7,599.946623310844,700.5999466233109
6,550.9479219815945,600.5509479219816
9,715.9490838194916,900.7159490838195
8,718.685491302409,800.7186854913024
7,563.959186715757,700.5639591867158
7,599.3325832076641,700.5993325832077
9,718.7011914894483,900.7187011914895
9,713.4064040354987,900.7134064040355
10,714.9423326905887,1000.7149423326906
8,720.9344137825847,800.7209344137826
9,680.6626390296242,900.6806626390296
8,673.6405337695585,800.6736405337696
9,704.8209365990937,900.704820936599
9,655.758178374066,900.6557581783741
9,688.9182235749423,900.6889182235749
9,691.7601323473064,900.6917601323473
9,678.8664107618971,900.6788664107619
9,677.3197189517389,900.6773197189517
8,676.3657641538088,800.6763657641538
9,754.3990919671676,900.7543990919671
