num_vehicles,distance,fitness
7,636.8199997144283,700.6368199997145
7,660.1512918487267,700.6601512918487
7,552.2519732846063,700.5522519732846
7,575.9953263469527,700.575995326347
7,625.4319835389525,700.625431983539
7,664.1751136539086,700.6641751136539
7,688.0134744609986,700.688013474461
7,690.8441560841331,700.6908441560842
8,663.3598872014132,800.6633598872014
7,635.3843010277315,700.6353843010278
7,634.9938574855157,700.6349938574855
8,697.8806651157329,800.6978806651157
7,669.3151481971661,700.6693151481971
7,649.5478402172132,700.6495478402172
7,706.0829834973779,700.7060829834974
6,571.5331980930727,600.5715331980931
7,549.6576532493846,700.5496576532494
8,616.1729681910382,800.616172968191
7,556.7403877105396,700.5567403877105
7,573.9866759175834,700.5739866759176
