num_vehicles,distance,fitness
5,457.2023704760672,500.45720237047607
6,507.6324087429202,600.5076324087429
7,635.5692712712687,700.6355692712713
9,750.9345913542713,900.7509345913543
9,792.9823241509547,900.7929823241509
8,671.4086709279974,800.671408670928
9,731.853206746368,900.7318532067463
9,760.7533341191004,900.760753334119
9,727.5926567188707,900.7275926567189
8,728.3781041059698,800.728378104106
8,711.2167968561654,800.7112167968562
10,765.7990347166484,1000.7657990347167
9,757.5050880351866,900.7575050880351
9,710.5382405194512,900.7105382405194
10,792.7829049847677,1000.7927829049847
10,784.3584251699086,1000.7843584251699
11,816.3110761724929,1100.8163110761725
9,746.4068237556534,900.7464068237557
8,737.5616297518915,800.7375616297519
7,770.854793802371,700.7708547938024
