num_vehicles,distance,fitness
5,555.9485643976219,500.5559485643976
5,568.2922993228984,500.5682922993229
5,656.4972740551426,500.65649727405514
5,638.4023444585331,500.63840234445854
5,616.0299573723044,500.6160299573723
5,580.1241844634549,500.58012418446344
5,540.1997806170741,500.54019978061706
5,792.5381992996556,500.79253819929966
6,771.1208477543889,600.7711208477543
7,740.1435260259769,700.740143526026
7,762.1129527596843,700.7621129527597
8,797.9751023070461,800.7979751023071
7,777.8762644566696,700.7778762644567
5,762.8617726479129,500.7628617726479
5,700.4578525600102,500.70045785256
6,685.8211089133849,600.6858211089134
6,704.4637299863178,600.7044637299863
7,741.931624084171,700.7419316240841
5,637.2962664673432,500.63729626646733
6,754.9591378261937,600.7549591378262
