num_vehicles,distance,fitness
5,518.2594252824524,500.51825942528245
5,517.1509744092907,500.5171509744093
5,446.4436337753086,500.4464436337753
5,499.5173028868051,500.49951730288683
6,443.82481934295913,600.4438248193429
6,480.494547235269,600.4804945472353
5,502.19348632252564,500.50219348632254
5,504.7466649814813,500.5047466649815
5,538.5447493828135,500.5385447493828
6,509.74056549163777,600.5097405654916
6,588.1944981414015,600.5881944981414
6,641.3799501084277,600.6413799501084
8,646.2777385839862,800.646277738584
6,597.5349663974719,600.5975349663975
7,598.9219743980835,700.5989219743981
7,694.4707616921943,700.6944707616922
6,582.8622007114243,600.5828622007115
7,624.673082881265,700.6246730828813
6,589.4637183628765,600.5894637183628
5,569.2526424606342,500.56925264246064
