num_vehicles,distance,fitness
8,801.6266998825827,800.8016266998826
9,838.6436892875327,900.8386436892876
9,861.9491880583278,900.8619491880584
8,760.7361031985258,800.7607361031985
11,849.5415029799962,1100.84954150298
10,822.2681929957929,1000.8222681929958
8,748.1713826782893,800.7481713826783
11,914.090707294248,1100.9140907072942
10,833.5803189982278,1000.8335803189982
9,765.0144166868229,900.7650144166868
12,987.9873246463399,1200.9879873246464
11,963.418495741399,1100.9634184957415
12,988.1186625015783,1200.9881186625016
11,976.3001816684666,1100.9763001816684
11,1057.5416086624978,1101.0575416086624
13,1091.6045282379341,1301.091604528238
10,1061.0287317251195,1001.0610287317252
10,878.0584328364034,1000.8780584328364
13,903.0818011805546,1300.9030818011806
11,976.1164059064021,1100.9761164059064
