num_vehicles,distance,fitness
7,847.9959707224298,700.8479959707224
7,825.8429022330539,700.825842902233
6,748.6783163717674,600.7486783163718
6,824.5977852470355,600.8245977852471
6,774.6872275324849,600.7746872275325
6,771.4150346198749,600.7714150346198
6,875.3428905709516,600.875342890571
6,830.41912777662,600.8304191277766
7,851.5041644866176,700.8515041644866
8,906.7439908758121,800.9067439908758
9,1013.8988885259461,901.013898888526
7,936.8370789974963,700.9368370789975
9,983.0277708188878,900.9830277708189
7,895.7336760745129,700.8957336760745
9,875.4377599250442,900.875437759925
9,977.8269131317513,900.9778269131317
9,981.8944563195159,900.9818944563195
8,969.174384792044,800.969174384792
8,966.6670948904435,800.9666670948905
8,983.6271833272501,800.9836271833273
