num_vehicles,distance,fitness
7,864.4833286468569,700.8644833286469
10,751.6431277327612,1000.7516431277328
10,910.2722076751894,1000.9102722076752
10,817.5821898222815,1000.8175821898222
10,956.7201524097293,1000.9567201524097
10,832.0828962668841,1000.8320828962669
8,722.6394217711356,800.7226394217712
11,932.5004443870049,1100.932500444387
12,888.6090568318923,1200.888609056832
11,885.281663624536,1100.8852816636245
11,931.8969147193407,1100.9318969147193
13,968.3279624459818,1300.968327962446
10,868.2514100006788,1000.8682514100007
13,954.9571278486093,1300.9549571278485
10,951.1670889911745,1000.9511670889912
11,840.1658736894273,1100.8401658736893
12,989.5599289096654,1200.9895599289096
10,921.5103275051522,1000.9215103275052
14,944.1956712549191,1400.9441956712549
13,986.8678156693069,1300.9868678156693
