num_vehicles,distance,fitness
6,738.2850068179622,600.7382850068179
7,685.2973267030729,700.6852973267031
9,891.7998840229367,900.8917998840229
7,795.0281536634379,700.7950281536635
7,779.8068642564117,700.7798068642564
8,904.1940133729184,800.904194013373
8,889.4466201884093,800.8894466201884
9,887.5686258470398,900.887568625847
10,922.4882488155763,1000.9224882488156
11,973.9663134925077,1100.9739663134926
9,898.5631391160682,900.898563139116
11,935.9033617078002,1100.9359033617077
10,966.775977130377,1000.9667759771304
9,947.6110218087158,900.9476110218087
9,918.9186193799155,900.91891861938
10,953.8753823479923,1000.953875382348
9,965.0807900599696,900.9650807900599
9,957.1418846775352,900.9571418846775
10,903.5725218737856,1000.9035725218738
10,967.5622275864246,1000.9675622275864
