num_vehicles,distance,fitness
7,875.9048735512156,700.8759048735512
7,912.3262867740433,700.912326286774
6,807.8837021338173,600.8078837021338
7,801.4680891430984,700.8014680891431
8,913.7480650329098,800.9137480650329
7,888.6109106244364,700.8886109106245
8,947.9032830055509,800.9479032830055
7,903.4993443039086,700.9034993443039
7,936.0385313906445,700.9360385313906
7,962.230519112323,700.9622305191123
8,955.5111502521985,800.9555111502522
8,832.3781012842117,800.8323781012842
8,934.3791777559534,800.934379177756
7,936.71875300129,700.9367187530013
8,971.3736853129351,800.971373685313
8,962.4451525040456,800.9624451525041
7,846.6226871220067,700.846622687122
8,1070.5343255520747,801.0705343255521
7,888.5798526567302,700.8885798526567
8,970.1227913569055,800.9701227913569
