num_vehicles,distance,fitness
6,849.5290070488132,600.8495290070488
8,696.310697440956,800.6963106974409
8,831.039415394065,800.8310394153941
9,881.2355251597736,900.8812355251598
9,760.3531223738529,900.7603531223739
8,847.6208554421646,800.8476208554422
10,955.4363451659965,1000.955436345166
9,905.604050637203,900.9056040506372
8,837.5088696142334,800.8375088696142
8,868.719690451719,800.8687196904517
10,957.3064880591957,1000.9573064880592
9,859.2125869235158,900.8592125869235
11,1000.1608190324012,1101.0001608190323
7,831.9749002497455,700.8319749002497
9,871.8854680144193,900.8718854680144
9,866.1775783175235,900.8661775783175
9,871.6661118271346,900.8716661118272
8,910.0509492330505,800.9100509492331
10,992.2527888556879,1000.9922527888557
9,908.3305272751024,900.9083305272751
