num_vehicles,distance,fitness
6,762.3946846662257,600.7623946846662
8,887.0365718229468,800.8870365718229
8,862.8959962939954,800.862895996294
6,710.4736149278369,600.7104736149279
8,885.0250661977692,800.8850250661977
7,781.9801512798376,700.7819801512799
7,840.9064349526432,700.8409064349527
8,848.3417692435038,800.8483417692435
8,945.3363131379098,800.9453363131379
8,921.9842500923545,800.9219842500924
8,835.8401479245341,800.8358401479245
9,934.2491295899464,900.93424912959
9,859.0585130279374,900.8590585130279
8,953.7504063088438,800.9537504063088
10,995.6797775839746,1000.995679777584
9,940.2856634419185,900.940285663442
9,969.5452999773629,900.9695452999773
8,965.5508507564729,800.9655508507565
8,893.8443369077805,800.8938443369078
9,950.5223147087611,900.9505223147088
