num_vehicles,distance,fitness
6,840.3646523098904,600.8403646523099
6,787.2236929069214,600.7872236929069
6,786.2246665992509,600.7862246665992
7,871.2393039406578,700.8712393039407
7,866.0064807354935,700.8660064807355
6,786.6485131653884,600.7866485131653
7,951.9642442232761,700.9519642442233
7,837.8150853872318,700.8378150853872
8,961.0770571347736,800.9610770571347
7,858.580307065108,700.8585803070652
7,998.7922354269309,700.9987922354269
7,877.0610658417454,700.8770610658418
8,926.1203799912516,800.9261203799913
6,865.5635124938464,600.8655635124938
7,945.9630158988193,700.9459630158988
7,917.7494942974074,700.9177494942974
7,952.521918903474,700.9525219189035
7,870.3300874912863,700.8703300874913
7,859.660745804481,700.8596607458045
7,850.5346885906964,700.8505346885906
