num_vehicles,distance,fitness
4,918.1606608150763,400.9181606608151
5,873.1555009793909,500.8731555009794
5,855.6475992454255,500.8556475992454
6,866.2426592513198,600.8662426592513
4,892.6998126461956,400.8926998126462
5,845.2746033210467,500.84527460332106
5,966.9181288304197,500.9669181288304
6,883.2070148228763,600.8832070148229
5,774.4919844884319,500.7744919844884
5,844.5742715214307,500.8445742715214
6,902.3066021543733,600.9023066021543
8,969.8337926266171,800.9698337926267
7,890.5893550301554,700.8905893550301
7,853.7590040470617,700.8537590040471
6,895.1001242357363,600.8951001242357
7,853.5888820914729,700.8535888820915
6,960.0689991505242,600.9600689991505
7,935.5905528808061,700.9355905528809
8,1021.1951693560538,801.021195169356
7,855.2639318456377,700.8552639318457
