num_vehicles,distance,fitness
4,848.564939599413,400.84856493959944
4,906.5057933873795,400.9065057933874
5,750.535532884792,500.7505355328848
4,857.7358624770014,400.857735862477
4,969.2064961284023,400.9692064961284
4,803.6300848832091,400.8036300848832
4,893.6449662797646,400.89364496627974
6,960.1905286036033,600.9601905286036
7,971.7095666315008,700.9717095666315
6,1029.9254065322255,601.0299254065322
5,986.4003476149433,500.98640034761496
6,942.21315171705,600.942213151717
6,973.0880110691743,600.9730880110692
7,896.8615901761344,700.8968615901762
7,934.2552626720028,700.934255262672
6,986.4626072403533,600.9864626072404
8,992.8101726436701,800.9928101726437
7,939.9923529415316,700.9399923529415
7,981.1364734923217,700.9811364734924
6,1024.931672035019,601.024931672035
