num_vehicles,distance,fitness
4,1099.2379083158141,401.0992379083158
4,971.6776511420926,400.9716776511421
4,969.5336164286855,400.9695336164287
4,1095.8826583623834,401.09588265836237
4,1109.5007782338027,401.1095007782338
4,961.733956770521,400.9617339567705
4,1049.5723884826282,401.0495723884826
4,886.997837840932,400.8869978378409
6,966.279766092842,600.9662797660928
5,1004.7013093345417,501.00470130933456
5,920.3877059894511,500.92038770598947
5,1045.2297896788414,501.04522978967884
5,1057.1812315493007,501.0571812315493
6,1037.5453197198365,601.0375453197198
6,902.3813484467594,600.9023813484467
5,840.7607968817532,500.84076079688174
4,993.4788044147286,400.99347880441474
5,949.3229379405095,500.9493229379405
5,962.8041177326038,500.9628041177326
6,914.6002849722232,600.9146002849723
