num_vehicles,distance,fitness
4,954.4951724086313,400.95449517240866
4,856.6894111144899,400.8566894111145
4,876.2062649053788,400.87620626490536
4,828.0477312811876,400.8280477312812
4,946.2540027014209,400.94625400270144
4,891.617225458712,400.89161722545873
4,900.5802897728597,400.90058028977285
4,891.7453521095844,400.8917453521096
4,795.5695644239056,400.7955695644239
4,833.9734984232632,400.8339734984233
5,926.6243591162552,500.92662435911626
5,919.5360315314202,500.91953603153144
6,893.8164353992676,600.8938164353992
5,937.8440686724435,500.93784406867246
5,885.1608651125916,500.8851608651126
5,896.3841308281901,500.8963841308282
5,899.3004091566705,500.8993004091567
4,881.5022167763478,400.88150221677637
5,967.5028105391484,500.96750281053914
5,905.9188185055586,500.90591881850554
