num_vehicles,distance,fitness
4,877.1580260263885,400.8771580260264
4,954.4524614389843,400.95445246143896
4,861.8925065568403,400.86189250655684
4,854.7329401027501,400.85473294010274
4,851.2693192594575,400.8512693192595
4,916.5055704928983,400.9165055704929
4,909.3249972682274,400.90932499726824
4,976.4164439094325,400.97641644390944
4,861.1017134062728,400.8611017134063
5,948.5978999292497,500.94859789992927
4,877.7384853537403,400.87773848535375
4,916.4250677247543,400.91642506772473
4,1000.574409328029,401.000574409328
5,929.1161107651353,500.9291161107651
5,923.7788926511957,500.92377889265117
4,905.2383081109305,400.90523830811094
4,842.6472673239473,400.84264726732397
4,922.7613271844181,400.92276132718445
5,933.1893676507357,500.93318936765075
4,974.3759011223665,400.97437590112236
