num_vehicles,distance,fitness
7,691.9245200332821,700.6919245200332
10,900.8419974372107,1000.9008419974372
9,895.2396353512407,900.8952396353512
8,703.0655881045365,800.7030655881046
9,830.0973850227092,900.8300973850227
7,732.9135875477539,700.7329135875477
9,908.4904272365973,900.9084904272366
8,1088.389148133076,801.088389148133
12,1205.445419568995,1201.205445419569
10,1008.5300252531156,1001.0085300252531
9,969.7599990172772,900.9697599990172
8,772.1898239468965,800.7721898239469
11,1164.6690047042052,1101.1646690047041
8,872.5202152931234,800.8725202152931
12,1119.7229457247558,1201.1197229457248
10,1060.0058523075586,1001.0600058523075
11,1095.079140222827,1101.0950791402229
10,952.3953011942058,1000.9523953011942
10,1122.7289816051245,1001.1227289816052
9,1027.0976143213636,901.0270976143214
