num_vehicles,distance,fitness
7,979.4404534601562,700.9794404534601
7,885.9317755570992,700.8859317755571
7,879.9169502070994,700.8799169502071
7,926.7120514063915,700.9267120514064
7,1018.1539952195536,701.0181539952196
7,1050.3960534178625,701.0503960534179
7,1081.3667830654283,701.0813667830654
8,1102.3267811768114,801.1023267811768
7,965.7171588595376,700.9657171588595
8,964.8925861304141,800.9648925861304
8,1035.778503269263,801.0357785032693
8,1031.0180563833462,801.0310180563833
7,1117.2768194559492,701.1172768194559
7,1028.9396301811814,701.0289396301812
8,1019.462866985528,801.0194628669856
8,1128.7020737630173,801.1287020737631
8,1062.1148467873518,801.0621148467874
8,1065.614969242653,801.0656149692427
7,1038.3706828997267,701.0383706828998
8,1059.77244183104,801.059772441831
