num_vehicles,distance,fitness
8,962.0780328369437,800.962078032837
8,853.6976212174493,800.8536976212174
8,764.6230900817534,800.7646230900817
8,834.8309438144574,800.8348309438145
7,889.2558196669559,700.8892558196669
7,720.6330390330327,700.720633039033
10,869.9251390152058,1000.8699251390152
8,894.2681178195413,800.8942681178196
8,885.2269361893957,800.8852269361894
10,1078.4655639732157,1001.0784655639732
10,1113.3047510907986,1001.1133047510908
9,1032.8837802677165,901.0328837802678
10,1075.0464122491514,1001.0750464122492
10,1142.0740305619954,1001.142074030562
9,923.9234638542139,900.9239234638542
10,1121.828671928711,1001.1218286719287
9,1093.882828633271,901.0938828286332
9,965.3017980147199,900.9653017980147
9,1028.7182375576062,901.0287182375577
10,1050.4744402097049,1001.0504744402097
