num_vehicles,distance,fitness
7,791.5872570391791,700.7915872570392
8,804.0554935730257,800.8040554935731
9,917.353235658886,900.9173532356589
8,820.7286025148019,800.8207286025148
7,868.8206900657402,700.8688206900657
8,911.3414844675776,800.9113414844676
8,920.371037178214,800.9203710371783
9,993.3913884546807,900.9933913884547
8,975.2438453292007,800.9752438453291
8,948.0588391896125,800.9480588391896
8,978.9335458422682,800.9789335458423
8,1059.9028294132181,801.0599028294132
8,939.5060104515557,800.9395060104515
9,1065.5404919828488,901.0655404919828
7,862.3410758181438,700.8623410758181
9,1188.6966462621212,901.1886966462621
9,1069.675805306333,901.0696758053064
9,1195.1454471138147,901.1951454471138
9,1199.416401968377,901.1994164019684
9,1115.0078469875314,901.1150078469875
