num_vehicles,distance,fitness
8,759.1670203183024,800.7591670203183
10,970.8467814519086,1000.9708467814519
8,876.6628390317846,800.8766628390318
8,885.2250875479106,800.885225087548
9,936.5190195909157,900.936519019591
8,863.9313406372634,800.8639313406372
10,1189.7394188067963,1001.1897394188068
9,1103.8509385247237,901.1038509385247
9,1006.556358717732,901.0065563587177
11,1244.0302767025146,1101.2440302767025
10,1198.993882669598,1001.1989938826696
9,1074.063015902895,901.0740630159029
11,1124.0212232121207,1101.1240212232121
9,1092.4621086139139,901.0924621086139
11,1218.3935126584024,1101.2183935126584
12,1309.3934112440938,1201.3093934112442
11,1016.6417009185321,1101.0166417009186
10,1066.813178967179,1001.0668131789672
9,1073.613616317946,901.073613616318
9,1043.3347750154423,901.0433347750154
