num_vehicles,distance,fitness
5,1310.0844333327757,501.3100844333328
5,1037.757377681251,501.03775737768126
5,1096.8545616577164,501.0968545616577
5,1099.1258037138803,501.0991258037139
5,1180.7897010327804,501.1807897010328
5,1076.9581092898436,501.0769581092898
6,1169.426986998541,601.1694269869986
5,1149.0721986599,501.1490721986599
6,1301.6171977415868,601.3016171977416
6,1197.383744583438,601.1973837445835
6,1259.3834322228563,601.2593834322229
5,920.0184300270869,500.9200184300271
6,1073.8222003607145,601.0738222003607
6,1104.2633712006425,601.1042633712007
5,1112.5848621036134,501.11258486210363
6,1216.8752960433674,601.2168752960433
6,1232.6161824004835,601.2326161824005
6,1148.6491319289412,601.1486491319289
5,1242.3615925323954,501.2423615925324
5,893.4939263021147,500.89349392630214
