num_vehicles,distance,fitness
5,1306.6275740598305,501.3066275740598
5,1127.0087564919459,501.12700875649193
5,1118.0267373945806,501.1180267373946
4,1079.1988007054833,401.07919880070546
4,871.3709029009431,400.87137090290094
5,1180.0168894921017,501.1800168894921
5,1301.3735165823302,501.3013735165823
5,1204.9183027442461,501.20491830274426
5,1126.6660337515211,501.1266660337515
5,1385.2672105916636,501.3852672105917
5,1309.6832945607346,501.3096832945607
5,1099.4996093775894,501.0994996093776
5,1272.8310782727326,501.27283107827276
5,1050.1149684675995,501.0501149684676
4,1159.416966574022,401.15941696657404
5,1033.1528832893036,501.0331528832893
5,993.457665009571,500.99345766500954
5,1379.7026883456258,501.3797026883456
5,1215.1909729143517,501.21519097291434
5,1097.8654444506071,501.09786544445063
