num_vehicles,distance,fitness
7,512.2931205274929,700.5122931205275
7,569.6498476074017,700.5696498476074
7,584.0550960437029,700.5840550960437
7,610.1153180681238,700.6101153180681
7,713.7514385363478,700.7137514385363
7,518.2786936574738,700.5182786936575
7,644.4770275157514,700.6444770275158
7,609.2574808050417,700.609257480805
7,739.5033469890632,700.7395033469891
7,629.9921610034108,700.6299921610034
7,658.5124093979002,700.6585124093979
7,608.4304267768088,700.6084304267769
6,621.4474782701851,600.6214474782702
7,684.7246172816696,700.6847246172816
7,650.1452493658778,700.6501452493659
8,713.0785408659149,800.7130785408659
8,686.692167048938,800.6866921670489
7,605.2852404021148,700.6052852404022
7,580.8448654190084,700.580844865419
7,643.0859034040699,700.6430859034041
