num_vehicles,distance,fitness
8,516.3387731186642,800.5163387731187
9,576.6090349162696,900.5766090349163
9,593.7841802796611,900.5937841802796
8,574.3350838731213,800.5743350838732
9,673.3743182265397,900.6733743182266
8,552.4135910206077,800.5524135910206
8,571.8147951148022,800.5718147951148
10,700.0659745342548,1000.7000659745343
9,709.8318116959666,900.709831811696
12,778.424423097938,1200.778424423098
10,668.4320240467554,1000.6684320240468
10,657.4386116491581,1000.6574386116491
9,746.6853945402086,900.7466853945402
13,741.5309388449008,1300.7415309388448
11,757.444521383769,1100.7574445213838
9,619.9586878434001,900.6199586878435
10,720.3486434739167,1000.7203486434739
10,678.2372574667369,1000.6782372574668
11,730.4252093748144,1100.7304252093747
11,669.9608375544642,1100.6699608375545
