num_vehicles,distance,fitness
7,599.946623310844,700.5999466233109
8,694.1216542339353,800.694121654234
7,566.1045754890707,700.566104575489
9,639.4868250811714,900.6394868250811
9,732.2619238492996,900.7322619238493
9,640.6490328993601,900.6406490328993
10,680.4697135542262,1000.6804697135542
9,799.0538348285127,900.7990538348286
8,719.1430119277369,800.7191430119277
9,644.9956243296998,900.6449956243297
8,633.1128992370404,800.6331128992371
8,672.0749774075798,800.6720749774075
8,682.4702834791834,800.6824702834792
10,740.4378237675038,1000.7404378237675
9,671.7184383978886,900.6717184383979
9,654.9066321673531,900.6549066321674
9,656.5708599749019,900.6565708599749
9,678.6635360457022,900.6786635360457
9,689.4869274509331,900.689486927451
11,732.469973376495,1100.7324699733765
