num_vehicles,distance,fitness
7,636.8199997144283,700.6368199997145
7,671.255373642249,700.6712553736422
7,602.9536207941105,700.6029536207941
6,602.6467334033905,600.6026467334034
8,710.7341021116926,800.7107341021117
7,572.1761205408044,700.5721761205408
8,713.2660302025604,800.7132660302026
7,660.3092966103202,700.6603092966103
7,649.2581463453888,700.6492581463453
7,615.8046615951371,700.6158046615951
7,551.7346369144905,700.5517346369145
7,611.372934728208,700.6113729347283
6,635.8945008728881,600.6358945008728
7,589.6129819562364,700.5896129819563
7,556.2706843948182,700.5562706843948
7,643.1325207145522,700.6431325207145
8,658.5236206280383,800.658523620628
7,663.5383202426174,700.6635383202427
8,580.7610695966093,800.5807610695966
8,692.996046777688,800.6929960467777
