num_vehicles,distance,fitness
5,457.2023704760672,500.45720237047607
5,423.6865989647873,500.42368659896476
7,492.28520742880863,700.4922852074288
6,519.0644530562049,600.5190644530562
7,661.455189702611,700.6614551897026
5,502.97683482389334,500.50297683482387
7,523.6220407958143,700.5236220407958
5,472.1453978545651,500.47214539785455
9,716.9896725941611,900.7169896725942
8,752.971096867171,800.7529710968672
9,750.471245864247,900.7504712458642
8,740.5569005144628,800.7405569005144
9,789.5686660497113,900.7895686660497
8,692.3104153932042,800.6923104153932
8,697.8748404259612,800.6978748404259
8,752.4638006689872,800.752463800669
8,742.3902720889641,800.742390272089
7,704.6685191177884,700.7046685191178
8,725.949003081698,800.7259490030817
9,723.0238363979886,900.7230238363979
