num_vehicles,distance,fitness
5,512.8102709016586,500.51281027090164
5,565.4309809388961,500.5654309809389
5,556.4610289604586,500.5564610289605
7,711.9443087850291,700.7119443087851
10,753.7788658542993,1000.7537788658543
7,631.6745970752897,700.6316745970753
7,615.140935015915,700.6151409350159
8,783.8577564445989,800.7838577564446
6,606.8848422408682,600.6068848422409
6,675.7593836027369,600.6757593836028
7,686.7762291696725,700.6867762291697
7,716.1096990789848,700.716109699079
7,675.4021495600518,700.67540214956
6,671.914694122387,600.6719146941224
6,672.2290640268759,600.6722290640269
8,640.8403682282056,800.6408403682282
7,645.8546829753386,700.6458546829754
8,679.9275267629091,800.6799275267629
8,805.4286594250323,800.805428659425
8,733.2042970669264,800.7332042970669
