num_vehicles,distance,fitness
5,534.3361221591722,500.5343361221592
5,568.5306517921131,500.5685306517921
5,594.7799646793922,500.5947799646794
5,608.0068056860382,500.60800680568605
5,531.6123365004576,500.5316123365005
5,549.5608744174809,500.54956087441747
5,592.8679916480049,500.592867991648
5,551.2453892789238,500.5512453892789
5,762.3818548369754,500.762381854837
6,754.6838949290999,600.7546838949291
5,728.01737036443,500.72801737036446
7,784.070506886256,700.7840705068862
5,623.1279649788551,500.62312796497883
5,750.12726324385,500.7501272632438
5,759.8954082882154,500.75989540828823
6,694.2759765677546,600.6942759765677
5,712.6625450385271,500.71266254503854
5,692.2006671414917,500.6922006671415
5,703.4696522638911,500.7034696522639
5,739.3745401616695,500.7393745401617
