num_vehicles,distance,fitness
5,492.8496652239143,500.4928496652239
5,498.20200670675615,500.4982020067068
6,561.2589688922699,600.5612589688923
7,585.3573729212716,700.5853573729213
6,551.8123374590965,600.5518123374591
5,539.8033540343264,500.53980335403435
6,574.0624490010805,600.5740624490011
6,546.6417942421185,600.5466417942421
5,455.30415253213624,500.45530415253216
7,539.619773954898,700.5396197739549
6,602.7469391733363,600.6027469391734
7,665.7532548636618,700.6657532548637
7,658.8902726693468,700.6588902726694
7,627.2559791964783,700.6272559791964
8,703.3297402659842,800.703329740266
7,674.5318368077133,700.6745318368077
6,600.6934005714556,600.6006934005715
6,571.1843057784854,600.5711843057785
6,522.9776432398384,600.5229776432399
7,589.0874214832768,700.5890874214833
