num_vehicles,distance,fitness
5,466.50342106065915,500.4665034210607
6,480.02621460535056,600.4800262146053
5,462.46769742011213,500.4624676974201
5,477.14284932968667,500.4771428493297
5,465.6806732346943,500.4656806732347
5,468.89763992606305,500.46889763992607
5,460.21355446683634,500.46021355446686
5,531.7088297820513,500.5317088297821
5,453.8730193474297,500.45387301934744
5,559.0341474981492,500.55903414749815
5,690.3947693797156,500.69039476937974
6,690.4897820417414,600.6904897820417
6,585.9319134344548,600.5859319134345
6,681.9959969504383,600.6819959969505
6,712.0425049455548,600.7120425049455
6,629.7657828494713,600.6297657828495
6,663.2859899295604,600.6632859899296
5,539.2307222412683,500.53923072224126
6,632.9231793714363,600.6329231793715
8,661.962966983367,800.6619629669833
