num_vehicles,distance,fitness
5,492.8496652239143,500.4928496652239
5,516.4761007030909,500.5164761007031
5,493.4442231162569,500.4934442231163
6,451.07279884621005,600.4510727988462
5,505.3101420139387,500.5053101420139
5,600.897047309712,500.60089704730973
5,567.7458288016405,500.56774582880166
5,542.039350866075,500.54203935086605
5,676.318407653059,500.67631840765307
5,591.1247797866031,500.5911247797866
5,561.1335380103485,500.5611335380103
5,618.0620310046863,500.6180620310047
6,674.4773327837648,600.6744773327838
6,632.9279981328872,600.6329279981329
6,629.5740147312569,600.6295740147312
6,611.6775436332213,600.6116775436333
6,629.0550728987051,600.6290550728987
6,628.1898395183802,600.6281898395184
6,689.1841281639104,600.6891841281639
6,626.5813951367359,600.6265813951368
