num_vehicles,distance,fitness
8,800.9792222618502,800.8009792222618
12,860.1482844739836,1200.860148284474
14,1005.1655550192689,1401.0051655550192
13,907.2164976266341,1300.9072164976267
11,870.7708439326544,1100.8707708439326
13,920.615629197353,1300.9206156291973
11,890.8175382430579,1100.890817538243
12,882.094256785514,1200.8820942567854
13,894.8492518655926,1300.8948492518655
13,951.1658559276312,1300.9511658559277
15,999.6039797584432,1500.9996039797584
16,1122.0010759918061,1601.1220010759919
14,1008.0667308662628,1401.0080667308662
14,927.469923500446,1400.9274699235004
14,1005.9699800723156,1401.0059699800722
14,920.0624717764092,1400.9200624717764
14,971.0954407955969,1400.9710954407956
15,995.3541611804601,1500.9953541611806
13,925.5129143290045,1300.925512914329
14,956.8376827895237,1400.9568376827895
