num_vehicles,distance,fitness
8,801.6266998825827,800.8016266998826
9,880.9006819264705,900.8809006819265
10,823.6833973723857,1000.8236833973724
9,783.6184841673507,900.7836184841674
11,967.0927172070393,1100.9670927172072
10,830.9860789689566,1000.830986078969
11,964.2189687424616,1100.9642189687424
13,1063.3605979191318,1301.0633605979192
10,871.8601002555955,1000.8718601002556
12,1020.9123864159798,1201.020912386416
10,819.8694034501902,1000.8198694034502
11,1031.7666187922418,1101.0317666187923
12,988.7944765296119,1200.9887944765296
11,830.1885866805479,1100.8301885866806
11,1003.3521245379632,1101.003352124538
11,986.2750819802477,1100.9862750819802
12,1004.7165500560432,1201.004716550056
12,1048.7896151311888,1201.0487896151312
11,916.362644646842,1100.9163626446468
12,1033.5121864719563,1201.0335121864719
