num_vehicles,distance,fitness
7,864.4833286468569,700.8644833286469
10,744.1828039926779,1000.7441828039927
11,836.2610495210392,1100.836261049521
9,782.328852686753,900.7823288526868
9,835.2101098429345,900.8352101098429
10,846.1270767715948,1000.8461270767716
12,902.4408614196901,1200.9024408614198
12,966.783297926619,1200.9667832979267
12,971.458899005533,1200.9714588990055
12,974.129443720635,1200.9741294437206
10,892.0216506861033,1000.892021650686
12,917.8856270369115,1200.9178856270369
12,1042.2600053046754,1201.0422600053046
10,869.5524788275274,1000.8695524788275
11,950.7239073691393,1100.9507239073691
11,877.4252524797389,1100.8774252524797
13,962.0224381118314,1300.962022438112
11,1085.9600754984158,1101.0859600754984
12,912.5921414684979,1200.9125921414684
12,958.2296929377754,1200.9582296929377
