num_vehicles,distance,fitness
6,738.2850068179622,600.7382850068179
7,717.2413704296698,700.7172413704296
7,856.7106133851693,700.8567106133852
7,699.5413674124949,700.6995413674125
7,772.919284931475,700.7729192849315
8,862.6231022936711,800.8626231022937
8,742.4525549237483,800.7424525549237
9,849.9152899577354,900.8499152899577
10,934.7883013511006,1000.9347883013511
11,903.9268839515697,1100.9039268839515
12,1036.4960241409835,1201.036496024141
12,935.4383223856657,1200.9354383223856
10,950.0998818899037,1000.9500998818899
10,900.1468797333796,1000.9001468797334
11,930.8218318276398,1100.9308218318276
11,1030.5719521020515,1101.030571952102
11,962.9588495742329,1100.9629588495743
9,865.9874185625044,900.8659874185626
9,945.2497567062642,900.9452497567063
10,1004.344192221459,1001.0043441922214
