num_vehicles,distance,fitness
7,875.9048735512156,700.8759048735512
6,881.2953360005376,600.8812953360006
6,828.9152080530298,600.828915208053
6,822.6180436066946,600.8226180436067
7,800.6689424879262,700.800668942488
7,968.3630950959232,700.9683630950959
8,1026.7437915078233,801.0267437915078
7,887.4750099330511,700.887475009933
7,830.5658929701606,700.8305658929702
7,826.5892992865857,700.8265892992866
8,1007.3444325703729,801.0073444325703
7,886.6054431619914,700.886605443162
7,793.0483902775734,700.7930483902776
8,911.1172926048214,800.9111172926048
8,892.182992256169,800.8921829922562
7,913.1590345407591,700.9131590345407
7,850.0770703339458,700.8500770703339
7,902.1415148092603,700.9021415148093
9,940.801873318133,900.9408018733182
8,822.9551976018511,800.8229551976018
