num_vehicles,distance,fitness
6,849.5290070488132,600.8495290070488
8,841.7393656352099,800.8417393656352
7,684.4791800751684,700.6844791800752
9,760.7957848111507,900.7607957848112
10,799.2410524890354,1000.799241052489
8,838.202234314924,800.838202234315
7,749.4334612219161,700.7494334612219
8,718.8556171858239,800.7188556171858
10,841.6618994871964,1000.8416618994872
10,944.6268713898862,1000.9446268713899
9,902.6968112157116,900.9026968112157
9,882.1535648119086,900.8821535648119
8,973.2544928603371,800.9732544928603
9,922.8407530917843,900.9228407530918
8,817.2469349711572,800.8172469349712
10,970.6546350434796,1000.9706546350435
8,873.5583479550941,800.873558347955
10,899.0897134110105,1000.8990897134111
10,901.000217029698,1000.9010002170297
10,988.6063144598143,1000.9886063144598
