num_vehicles,distance,fitness
6,762.3946846662257,600.7623946846662
7,800.7740937496452,700.8007740937496
6,659.1267999564699,600.6591267999564
7,836.0875059773275,700.8360875059773
7,824.5081477319011,700.8245081477319
8,900.9789356080855,800.9009789356081
9,938.4911204204654,900.9384911204205
9,909.6710427448749,900.9096710427449
8,885.2638332550839,800.8852638332551
9,1041.4644800175047,901.0414644800175
8,914.0880866996604,800.9140880866996
9,940.9307210971991,900.9409307210972
8,914.0057477461414,800.9140057477462
8,1016.2907070474728,801.0162907070475
8,854.1239658809363,800.854123965881
8,859.2493644318888,800.8592493644319
8,950.4292804426258,800.9504292804427
8,856.2767308869443,800.856276730887
8,858.3266512687488,800.8583266512687
7,899.5069634261107,700.8995069634261
