num_vehicles,distance,fitness
4,918.1606608150763,400.9181606608151
6,763.8727363603332,600.7638727363603
5,765.9452907304453,500.76594529073043
5,820.0233099616221,500.82002330996164
5,801.238556844014,500.801238556844
9,927.7377915934584,900.9277377915935
7,925.9398925119966,700.925939892512
8,937.3541491648448,800.9373541491649
6,906.4386227982848,600.9064386227983
7,827.4234750609887,700.827423475061
7,944.4740860851214,700.9444740860852
8,1042.154465390146,801.0421544653901
6,977.1079534166577,600.9771079534166
7,930.8003133572909,700.9308003133573
8,968.6975007641511,800.9686975007642
7,979.4970513332714,700.9794970513333
7,858.0645618703919,700.8580645618704
6,826.6805540313691,600.8266805540313
7,962.2049580644327,700.9622049580644
7,824.3168857079071,700.824316885708
