num_vehicles,distance,fitness
4,937.6570066368039,400.9376570066368
4,863.0869870546755,400.86308698705466
4,887.0886454371896,400.8870886454372
4,988.4703106536073,400.9884703106536
5,899.6921290368623,500.89969212903685
5,982.6619901816707,500.98266199018167
6,994.5018969066053,600.9945018969066
5,956.7503786088721,500.9567503786089
5,934.0627257132069,500.9340627257132
5,927.2471128942926,500.9272471128943
4,887.9828697727353,400.8879828697727
5,955.0577496092671,500.9550577496093
5,920.4819990857449,500.9204819990857
4,911.1006265036262,400.91110062650364
4,871.6855718697159,400.8716855718697
5,943.6351770059412,500.94363517700594
5,986.2571557400935,500.9862571557401
4,928.2831825336937,400.9282831825337
4,905.6851733770189,400.90568517337704
4,801.3881131974266,400.80138811319745
