num_vehicles,distance,fitness
4,887.2260787198006,400.8872260787198
4,840.2070582124582,400.84020705821246
4,811.7479457240444,400.81174794572405
5,931.8307054824186,500.9318307054824
4,948.4661369205083,400.9484661369205
4,953.3763734773892,400.9533763734774
5,894.3965148606328,500.89439651486066
4,795.8551435242126,400.7958551435242
5,816.2309538022671,500.8162309538023
5,1043.4820136130948,501.0434820136131
5,951.7186715095576,500.9517186715096
5,917.4176748718487,500.91741767487184
5,789.144560449576,500.7891445604496
5,919.6264309586853,500.91962643095866
5,940.1250914751458,500.9401250914751
5,927.4266719605645,500.9274266719606
5,852.0998335989008,500.8520998335989
6,962.7103382032248,600.9627103382032
5,864.5852326204266,500.8645852326204
5,820.2762747706835,500.82027627477066
