num_vehicles,distance,fitness
4,990.4776981132496,400.99047769811324
4,1094.6196787969543,401.09461967879696
4,1009.0873196087248,401.00908731960874
4,959.6674784715152,400.9596674784715
4,1015.8311894047504,401.01583118940476
4,980.8539484550499,400.98085394845504
4,1032.8797092362984,401.0328797092363
4,915.3587091916078,400.9153587091916
5,1093.9207128472626,501.09392071284725
4,1021.8195198349039,401.0218195198349
4,902.3618116454453,400.90236181164545
4,885.6640212052972,400.8856640212053
4,1023.7515443201476,401.02375154432013
5,905.4257212348625,500.90542572123485
4,921.5666942737994,400.9215666942738
4,900.6510737601056,400.9006510737601
4,885.6335468697256,400.8856335468697
4,902.4732498310482,400.9024732498311
5,1009.8898406421955,501.0098898406422
5,875.7639655498573,500.8757639655499
