num_vehicles,distance,fitness
4,918.9340678700514,400.91893406787005
5,965.1855958263133,500.9651855958263
5,985.2540925841224,500.9852540925841
5,844.4462108835967,500.8444462108836
5,884.4955568451969,500.8844955568452
5,975.8001128893695,500.9758001128894
6,924.1345782186751,600.9241345782186
5,959.9440047787905,500.9599440047788
5,805.7807195658734,500.80578071956586
5,950.3666472756561,500.95036664727564
5,882.0521436812471,500.8820521436812
5,942.1990779615256,500.9421990779615
5,875.2888431432194,500.8752888431432
6,1028.2007960449832,601.028200796045
6,994.3666703251138,600.9943666703251
5,900.1724916026585,500.90017249160263
5,893.1078247497157,500.89310782474973
5,943.5022367818594,500.94350223678185
5,876.0266817463064,500.8760266817463
5,957.9795526161888,500.95797955261617
