num_vehicles,distance,fitness
4,877.1580260263885,400.8771580260264
4,940.2325252772694,400.9402325252773
4,902.9515946387501,400.90295159463875
4,933.5457272451,400.9335457272451
4,935.6909336123081,400.9356909336123
4,934.4866301941775,400.93448663019416
4,949.3480289492845,400.94934802894926
4,956.7955393547797,400.9567955393548
4,923.7551266854268,400.9237551266854
5,1036.047551760285,501.0360475517603
4,1012.670829924705,401.01267082992473
4,868.1785683113937,400.8681785683114
5,917.180165137566,500.91718016513755
4,974.4360415201663,400.97443604152016
4,1040.8971215528597,401.04089712155286
5,869.5065000914392,500.86950650009146
4,876.6467780375846,400.8766467780376
5,914.0182252761069,500.9140182252761
4,890.6455325939124,400.8906455325939
4,908.9770552620031,400.908977055262
