num_vehicles,distance,fitness
7,791.5872570391791,700.7915872570392
7,808.0426813477347,700.8080426813477
7,846.6093650710774,700.8466093650711
7,837.6491464121519,700.8376491464121
8,965.7322234880669,800.9657322234881
8,1124.8150630319062,801.1248150630319
7,808.7521255907322,700.8087521255908
9,948.186893442269,900.9481868934423
9,968.7423113981284,900.9687423113982
8,998.3133384203564,800.9983133384203
8,1091.4933015831289,801.0914933015831
8,900.9719310759533,800.9009719310759
9,975.0913575249555,900.975091357525
10,1173.079873039343,1001.1730798730393
8,997.3765083553915,800.9973765083554
8,1152.5646668538,801.1525646668538
8,886.5664267961781,800.8865664267962
8,1034.9026770219891,801.0349026770219
9,1072.2727558883912,901.0722727558884
8,1009.544660762287,801.0095446607622
