num_vehicles,distance,fitness
8,894.5607712993112,800.8945607712993
12,1059.756045408137,1201.0597560454082
11,990.623022276242,1100.9906230222762
10,927.0253531479045,1000.9270253531479
11,1018.96058644191,1101.0189605864418
9,1012.7526539691929,901.0127526539692
10,881.4978274341868,1000.8814978274341
11,1011.9869225328052,1101.0119869225327
10,957.4410565778098,1000.9574410565779
11,993.6009412542372,1100.9936009412543
12,1128.6282003746555,1201.1286282003746
11,1148.070289170616,1101.1480702891706
11,1192.4063642220935,1101.192406364222
10,956.6082491240369,1000.9566082491241
10,1094.2587276069257,1001.0942587276069
10,1101.4155873397954,1001.1014155873398
11,1121.6190560790867,1101.121619056079
10,1157.5878005792283,1001.1575878005792
13,1190.441488597574,1301.1904414885976
12,1073.242623252056,1201.073242623252
