num_vehicles,distance,fitness
8,759.1670203183024,800.7591670203183
8,934.5608224018504,800.9345608224019
7,795.10641177162,700.7951064117716
8,956.003824860137,800.9560038248601
8,846.4368748973898,800.8464368748973
8,1040.7471847633726,801.0407471847634
8,854.2625314609471,800.8542625314609
8,900.1456085282556,800.9001456085283
8,853.2825064026472,800.8532825064026
8,739.1765287520122,800.7391765287521
7,814.595201283264,700.8145952012833
11,1138.488080889697,1101.1384880808896
10,1105.4796526470118,1001.105479652647
10,1035.3907954401197,1001.0353907954401
9,955.2121512749129,900.955212151275
11,1147.5279179675235,1101.1475279179676
11,1186.0022739573906,1101.1860022739575
10,1082.542664508621,1001.0825426645087
10,1116.514327147561,1001.1165143271476
9,991.4643665864238,900.9914643665865
