num_vehicles,distance,fitness
7,691.9245200332821,700.6919245200332
8,850.1201449115073,800.8501201449116
9,846.230551931769,900.8462305519317
12,1016.2641722037321,1201.0162641722038
10,1145.1226379663985,1001.1451226379664
10,1013.7444812504799,1001.0137444812505
11,1102.1887802293193,1101.1021887802294
11,1167.2881470412951,1101.1672881470413
11,1117.092762376186,1101.1170927623762
10,1143.309766323626,1001.1433097663237
13,1305.8117940613192,1301.3058117940614
12,1368.858633725871,1201.368858633726
11,1255.6448296592578,1101.2556448296593
10,1052.5334317206266,1001.0525334317206
9,1021.014486497074,901.021014486497
10,1098.7837184026162,1001.0987837184026
9,898.742161535064,900.8987421615351
12,1164.473582128174,1201.1644735821283
11,1164.310345099749,1101.1643103450997
10,923.5326414248241,1000.9235326414248
