num_vehicles,distance,fitness
7,792.558481332472,700.7925584813324
7,940.058378175399,700.9400583781754
7,784.2616560597727,700.7842616560598
7,930.1236783394379,700.9301236783394
7,957.1252859780607,700.957125285978
7,855.7948597368427,700.8557948597369
7,953.5469522234408,700.9535469522234
7,892.2714528353376,700.8922714528353
9,1026.415111106954,901.026415111107
9,1171.2586393775591,901.1712586393776
8,1016.3242552293932,801.0163242552294
8,996.2546373902723,800.9962546373903
9,1052.5988270681173,901.0525988270681
8,967.613379274149,800.9676133792741
9,1096.6011956768466,901.0966011956768
9,1146.4918496928108,901.1464918496928
9,1308.4345914072906,901.3084345914073
7,884.3511597251074,700.8843511597252
8,966.4862733804572,800.9664862733805
10,1200.7251576857925,1001.2007251576858
