num_vehicles,distance,fitness
5,1206.7227033268164,501.2067227033268
6,1210.6683055495757,601.2106683055496
5,1069.084218352551,501.06908421835254
5,1085.49482093924,501.08549482093923
5,1164.8655585469076,501.1648655585469
8,1175.706417930104,801.1757064179301
7,1313.2816399623923,701.3132816399624
7,1334.0577008958437,701.3340577008959
8,1251.6246384092015,801.2516246384092
6,1312.7699872994185,601.3127699872994
8,1278.445263577985,801.278445263578
7,1281.184766676091,701.2811847666761
7,1195.5724370747146,701.1955724370747
8,1353.8131738155087,801.3538131738155
10,1393.396433778883,1001.3933964337789
7,1340.383184802079,701.3403831848021
6,1311.432956072604,601.3114329560726
8,1368.3951761816204,801.3683951761816
7,1242.0822224652554,701.2420822224652
7,1413.3519033064633,701.4133519033064
