num_vehicles,distance,fitness
5,1156.9680017061987,501.1569680017062
4,1063.7934491521332,401.0637934491521
5,1012.1766560836606,501.0121766560837
5,941.1697028365899,500.9411697028366
5,1149.1392811545263,501.14913928115453
4,1202.162096595168,401.20216209659515
5,1001.2970557845654,501.00129705578456
5,1048.4821795800258,501.04848217958005
4,973.9281157583822,400.9739281157584
5,1181.1430028304667,501.1811430028305
5,1213.295472085065,501.21329547208506
5,1370.3145422294556,501.37031454222944
5,1267.9440912064033,501.2679440912064
5,933.1254727415726,500.93312547274155
6,1087.7274069572047,601.0877274069572
5,1235.4433598067371,501.2354433598067
6,1225.071994784541,601.2250719947846
6,1218.254905320271,601.2182549053202
5,1152.2101364384769,501.1522101364385
5,1139.857377802348,501.13985737780234
