num_vehicles,distance,fitness
5,1088.2573579320474,501.08825735793204
5,1111.2914999185653,501.1112914999186
4,1090.3429582225767,401.09034295822255
7,1089.34175443225,701.0893417544322
6,1211.9386435705437,601.2119386435705
5,1239.837691379493,501.2398376913795
5,1139.848137934968,501.13984813793496
6,1074.0397071525722,601.0740397071526
5,1153.7710506576534,501.15377105065767
5,1082.7663848260813,501.0827663848261
6,1063.0030531140035,601.063003053114
5,971.807544466625,500.9718075444666
6,1286.7421672978462,601.2867421672978
5,1068.680687426922,501.06868068742693
6,1200.8088851792816,601.2008088851793
7,1218.5571014899535,701.21855710149
5,1201.3861639440447,501.20138616394405
5,1065.2461307934823,501.06524613079347
6,1338.6285108132984,601.3386285108134
6,1189.5278455033229,601.1895278455033
