num_vehicles,distance,fitness
5,1310.0844333327757,501.3100844333328
6,1117.443280242878,601.1174432802429
5,1237.529064490067,501.23752906449005
5,948.0855660713523,500.94808556607137
5,1004.4834088041131,501.0044834088041
5,1229.6945011625198,501.2296945011625
5,1000.2205352095567,501.00022053520956
5,1168.4926327646763,501.1684926327647
5,1105.6269633346012,501.1056269633346
6,1089.2019371397405,601.0892019371397
5,1313.0855262535738,501.3130855262536
5,1045.236934696947,501.04523693469696
5,1195.362274858218,501.1953622748582
5,1084.5655050240262,501.08456550502405
5,1139.1280466123596,501.13912804661237
6,1304.6357140992477,601.3046357140993
5,1152.2010623354404,501.15220106233545
6,930.7823505489777,600.930782350549
5,1203.3008626799606,501.20330086267995
5,1093.4297574502157,501.0934297574502
