num_vehicles,distance,fitness
4,1081.4010688547528,401.08140106885475
5,1229.6911002765355,501.2296911002765
5,930.3573732920979,500.9303573732921
5,1052.7762103323496,501.05277621033235
5,998.8066485309434,500.99880664853094
5,932.9047004611998,500.9329047004612
5,1149.5108111319016,501.1495108111319
5,1171.9772448305512,501.17197724483054
7,1235.1063046593376,701.2351063046593
8,1333.3770591885063,801.3333770591885
7,1130.0118881415922,701.1300118881416
7,1200.8023910150455,701.200802391015
7,1113.8986549137785,701.1138986549138
6,1170.5803984842748,601.1705803984843
7,1115.4842041410534,701.115484204141
5,958.5053711459607,500.958505371146
6,1091.4471360801488,601.0914471360802
6,1329.3950203573945,601.3293950203574
7,1213.8403801736326,701.2138403801737
8,1128.8323851446326,801.1288323851446
