num_vehicles,distance,fitness,time
1.0,297.2390253411281,100.29723902534113,381.6129710674286
1.0,297.2390253411281,100.29723902534113,383.6414337158203
1.0,297.2390253411281,100.29723902534113,383.22918486595154
1.0,297.2390253411281,100.29723902534113,390.58355593681335
