num_vehicles,distance,fitness,time
1.0,297.2390253411281,100.29723902534113,381.6129710674286
