num_vehicles,distance,fitness,time
1.0,307.192084181492,1.9979276239316508,237.0703887939453
