num_vehicles,distance,fitness,time
1.0,309.6029701602682,1.9979437614626254,237.667631149292
1.0,307.192084181492,1.9979276239316508,237.0703887939453
1.0,309.6029701602682,1.9979437614626254,237.2407989501953
