num_vehicles,distance,fitness
7,495.26436520284466,700.4952643652028
7,538.5474996952381,700.5385474996953
6,536.9147653952866,600.5369147653953
7,637.7186127623518,700.6377186127623
7,566.743064616308,700.5667430646163
7,626.9780307947035,700.6269780307947
7,568.0709321576188,700.5680709321576
7,598.9971242554348,700.5989971242554
9,642.5994448891498,900.6425994448891
8,674.924715754873,800.6749247157549
8,691.4627040795322,800.6914627040795
8,774.3028008017263,800.7743028008017
8,674.9911360564008,800.6749911360564
7,622.1462747094573,700.6221462747095
8,662.2839857049267,800.6622839857049
8,751.5784653477803,800.7515784653477
8,639.3725009710822,800.639372500971
7,662.6831836357374,700.6626831836357
8,653.3155663249512,800.653315566325
8,716.0339876741318,800.7160339876741
