num_vehicles,distance,fitness
7,658.8124637298049,700.6588124637298
8,674.6223931068162,800.6746223931068
8,643.9731242172955,800.6439731242173
8,673.5888912934473,800.6735888912934
7,623.3912402518814,700.6233912402519
9,636.861867963692,900.6368618679637
7,643.5122244754665,700.6435122244754
10,641.3855703963421,1000.6413855703963
10,735.0227727566032,1000.7350227727566
11,739.8625902164288,1100.7398625902165
9,593.5159966319111,900.5935159966319
8,634.0626007839317,800.634062600784
10,688.4299616006429,1000.6884299616006
9,699.279988650816,900.6992799886508
8,611.2440162887486,800.6112440162888
10,712.8618876376933,1000.7128618876377
9,656.4224738447801,900.6564224738448
9,669.9066528212884,900.6699066528213
10,749.8005115227598,1000.7498005115227
9,681.464691596417,900.6814646915964
