num_vehicles,distance,fitness
8,516.3387731186642,800.5163387731187
8,614.8933303863497,800.6148933303864
11,729.9844428946888,1100.7299844428946
10,582.1637155952743,1000.5821637155952
8,556.0541397386802,800.5560541397386
7,572.3096948524117,700.5723096948524
10,656.1809122863624,1000.6561809122863
7,573.8065517275545,700.5738065517276
8,579.4270128195981,800.5794270128196
11,644.8068670462565,1100.6448068670463
10,669.5905929856034,1000.6695905929856
10,667.6723793546628,1000.6676723793547
9,727.6349897360683,900.7276349897361
7,536.0828071664585,700.5360828071665
12,741.5543681426101,1200.7415543681427
10,651.853011406548,1000.6518530114065
10,614.515474734058,1000.614515474734
12,757.4135299126287,1200.7574135299126
10,687.0606767269489,1000.6870606767269
12,660.0548566437261,1200.6600548566437
