num_vehicles,distance,fitness
7,599.946623310844,700.5999466233109
7,691.8100446522853,700.6918100446522
8,615.458738644135,800.6154587386442
8,576.9837214552092,800.5769837214552
7,583.6366200545482,700.5836366200546
7,695.0196525271082,700.6950196525271
7,670.461707640063,700.67046170764
7,604.8265749513582,700.6048265749514
7,659.1912506454817,700.6591912506454
8,723.878710336648,800.7238787103366
9,689.0310084884941,900.6890310084885
9,728.5113321266608,900.7285113321267
9,725.9512468151698,900.7259512468152
8,617.0924151385452,800.6170924151386
9,720.2743047579916,900.7202743047579
8,592.7127082090175,800.592712708209
9,719.7038770392617,900.7197038770393
9,609.2116550985547,900.6092116550985
8,651.5966184729367,800.6515966184729
9,668.6605090056121,900.6686605090056
