num_vehicles,distance,fitness
5,512.8102709016586,500.51281027090164
5,501.8257679725265,500.50182576797255
5,600.7823328652956,500.6007823328653
5,548.9482574100253,500.54894825741
6,552.6408935329487,600.552640893533
7,631.2931513187324,700.6312931513187
6,627.6852209065321,600.6276852209065
7,647.6518264003163,700.6476518264003
7,617.9410376707858,700.6179410376708
8,676.8187203659336,800.676818720366
7,761.3377809788936,700.7613377809789
9,739.7495272170555,900.7397495272171
8,754.9415951954971,800.7549415951955
5,481.5237517942267,500.4815237517942
6,627.4102612593016,600.6274102612593
7,642.0215113803954,700.6420215113804
6,688.3986950986912,600.6883986950987
8,741.3204930368088,800.7413204930368
6,694.2093748355273,600.6942093748355
6,715.0571031281685,600.7150571031282
