num_vehicles,distance,fitness
5,555.9485643976219,500.5559485643976
5,609.6010126258147,500.60960101262583
5,631.1232728066844,500.6311232728067
5,564.8308357561308,500.56483083575614
5,569.3228878094872,500.5693228878095
5,637.1985185869303,500.63719851858696
5,616.9347691259967,500.616934769126
5,591.2318375218075,500.59123183752183
5,584.3408116727709,500.58434081167275
5,583.0006436269375,500.5830006436269
5,579.6709655773954,500.5796709655774
6,656.4958221519403,600.6564958221519
6,726.7510912186476,600.7267510912186
7,724.3354349427726,700.7243354349428
7,794.0417665320575,700.794041766532
7,763.5256242255007,700.7635256242255
8,869.4038476325269,800.8694038476325
7,765.9300946351527,700.7659300946351
7,703.0614831882546,700.7030614831882
6,743.5003845835752,600.7435003845836
