num_vehicles,distance,fitness
5,518.2594252824524,500.51825942528245
5,565.2775945486887,500.56527759454866
6,580.0208153536182,600.5800208153536
5,580.239555105999,500.580239555106
5,474.34526420628936,500.4743452642063
5,481.23204712802004,500.481232047128
6,527.2749807382517,600.5272749807383
7,595.398871898961,700.595398871899
5,501.41954986436804,500.50141954986435
4,440.6883944506615,400.44068839445066
5,538.3503852153535,500.5383503852154
6,528.9159870650554,600.528915987065
8,713.5851735515969,800.7135851735516
6,648.032010034046,600.6480320100341
7,660.6014866776882,700.6606014866777
6,518.0586128723098,600.5180586128723
7,697.5299355609881,700.697529935561
7,651.7989468506804,700.6517989468507
6,601.1827500988778,600.6011827500989
5,519.3597994292726,500.51935979942925
