num_vehicles,distance,fitness
5,466.50342106065915,500.4665034210607
5,428.1086665988572,500.42810866659886
5,461.16903989989015,500.4611690398999
5,456.2257714155816,500.4562257714156
5,444.58036687389495,500.4445803668739
5,461.66790353507986,500.4616679035351
5,628.4935147235967,500.6284935147236
7,703.8090883025749,700.7038090883026
6,546.7033534808479,600.5467033534809
5,674.603784348688,500.6746037843487
5,684.7534228141112,500.6847534228141
5,574.4200014808355,500.57442000148086
7,608.5021310902441,700.6085021310903
6,598.6588510713225,600.5986588510714
6,597.2312983948349,600.5972312983948
6,670.022792519398,600.6700227925194
7,707.474667698111,700.7074746676981
6,716.11172646527,600.7161117264652
5,613.2298402103684,500.61322984021035
6,607.7887732657315,600.6077887732657
