num_vehicles,distance,fitness
8,800.9792222618502,800.8009792222618
11,885.6346440616342,1100.8856346440616
11,852.6882087801787,1100.8526882087801
15,928.5599482533441,1500.9285599482535
13,901.7953241901932,1300.9017953241903
12,946.1308709255046,1200.9461308709256
15,1077.347980073032,1501.077347980073
17,1119.1644361270487,1701.119164436127
15,987.8230403861525,1500.987823040386
16,1003.4887904864315,1601.0034887904865
14,959.2354763579958,1400.959235476358
14,1018.954715597743,1401.0189547155978
15,1006.1346680691762,1501.006134668069
14,990.1157740984547,1400.9901157740985
15,1048.2663018423893,1501.0482663018424
12,911.0245022259411,1200.911024502226
15,1028.5766593065803,1501.0285766593065
17,1104.6158356815245,1701.1046158356814
13,932.8108877644138,1300.9328108877644
15,1044.8640453468279,1501.044864045347
