num_vehicles,distance,fitness
8,801.6266998825827,800.8016266998826
8,794.1338430316571,800.7941338430317
8,782.2564595115361,800.7822564595116
8,737.068951987887,800.7370689519879
9,755.7174589708666,900.7557174589708
7,715.8602976333126,700.7158602976333
12,981.3272017333875,1200.9813272017334
11,988.7032571599435,1100.9887032571598
12,931.0314928224603,1200.9310314928225
12,926.3147994743258,1200.9263147994743
11,893.211931488464,1100.8932119314884
12,1035.5824987570513,1201.035582498757
12,1058.0216058979383,1201.058021605898
12,929.0499067523142,1200.9290499067524
10,965.8401301805848,1000.9658401301806
11,986.1708171311079,1100.986170817131
13,983.6277976309418,1300.983627797631
11,874.5300542111952,1100.8745300542112
11,926.5243959847015,1100.9265243959846
11,993.8996245162832,1100.9938996245162
