num_vehicles,distance,fitness
7,743.2970155147732,700.7432970155148
6,766.9741543854415,600.7669741543855
7,821.4395262015464,700.8214395262015
7,826.0914427257767,700.8260914427258
7,774.3419378570517,700.774341937857
7,770.0010737266498,700.7700010737267
7,745.8680863411712,700.7458680863411
7,821.1071666483555,700.8211071666484
7,737.2111688771765,700.7372111688771
9,914.5755341109617,900.914575534111
11,1000.3066910211799,1101.0003066910213
10,929.1305842635257,1000.9291305842635
11,1049.9767861804069,1101.0499767861804
9,852.6652833462647,900.8526652833463
10,971.1098928084308,1000.9711098928084
9,850.4384435674863,900.8504384435674
10,939.9608902133879,1000.9399608902133
10,997.2168193531975,1000.9972168193532
8,826.9816443720738,800.826981644372
10,921.1012368845539,1000.9211012368845
