num_vehicles,distance,fitness
7,864.4833286468569,700.8644833286469
8,825.8417602742172,800.8258417602742
10,845.0386718792992,1000.8450386718793
11,854.5744259990385,1100.854574425999
9,804.0417035650761,900.8040417035651
8,819.1544977166731,800.8191544977167
8,799.7702221814943,800.7997702221815
12,1074.7606126700005,1201.07476061267
13,965.8910847309855,1300.965891084731
11,961.4534303857406,1100.9614534303857
12,954.5407041212471,1200.9545407041212
13,932.9770883625922,1300.9329770883626
11,991.4297806312244,1100.9914297806313
13,983.8643281479877,1300.983864328148
12,919.4804665466072,1200.9194804665467
10,985.4489971050695,1000.9854489971051
10,842.983691233208,1000.8429836912333
10,879.603257313245,1000.8796032573132
13,946.6383707278019,1300.946638370728
11,960.9672552584891,1100.9609672552585
