num_vehicles,distance,fitness
6,738.2850068179622,600.7382850068179
7,684.0118483390821,700.6840118483391
9,817.3327241903619,900.8173327241904
9,729.8341779358543,900.7298341779358
8,755.4741321696804,800.7554741321696
8,824.4089376141678,800.8244089376142
8,788.1157339380914,800.7881157339381
7,799.9342142860091,700.799934214286
8,803.1210537048497,800.8031210537049
7,705.7782376338216,700.7057782376338
6,806.1793253565597,600.8061793253565
11,914.9862552262514,1100.9149862552263
10,926.581977622294,1000.9265819776223
10,933.5327994420556,1000.9335327994421
11,981.0278894987937,1100.9810278894988
8,895.6161999703314,800.8956161999703
11,1002.8169623035601,1101.0028169623035
10,842.2614049809873,1000.842261404981
8,824.061956485589,800.8240619564856
11,948.8137804627756,1100.9488137804628
