num_vehicles,distance,fitness
7,818.2437983267619,700.8182437983268
7,781.5263438594087,700.7815263438594
6,809.5713393484469,600.8095713393484
6,765.8916770381634,600.7658916770382
6,788.0808460905448,600.7880808460906
9,909.5252227245618,900.9095252227246
8,925.1136796825186,800.9251136796826
9,973.8879432947031,900.9738879432947
8,883.9452129148774,800.8839452129149
9,864.9668454919574,900.864966845492
9,949.3113202767547,900.9493113202767
9,943.3382826773402,900.9433382826774
9,915.8971665793082,900.9158971665793
8,955.7086462488135,800.9557086462488
8,906.802895341765,800.9068028953418
8,859.6238294168833,800.8596238294169
9,936.5433213389368,900.936543321339
8,931.4856239857432,800.9314856239857
7,824.2998327356811,700.8242998327357
7,832.1188232855117,700.8321188232856
