num_vehicles,distance,fitness
6,762.3946846662257,600.7623946846662
7,785.9839620987387,700.7859839620987
8,797.212058585,800.797212058585
7,738.1364678915335,700.7381364678915
8,822.3974491001165,800.8223974491001
7,874.9659710052628,700.8749659710053
10,813.3858111435524,1000.8133858111436
7,896.527537321519,700.8965275373215
8,803.872904462081,800.8038729044621
9,895.0609765137638,900.8950609765137
7,793.5916067768081,700.7935916067768
7,914.0256525720762,700.914025652572
8,973.3122327381587,800.9733122327382
9,968.5105354872867,900.9685105354873
8,958.3903003752409,800.9583903003752
8,820.9282460616507,800.8209282460616
7,898.359338452306,700.8983593384523
8,978.2905384741084,800.9782905384741
8,885.7828552293155,800.8857828552293
8,852.7246303704203,800.8527246303704
