num_vehicles,distance,fitness
4,937.6570066368039,400.9376570066368
4,941.8336918047504,400.94183369180473
4,946.0113620861855,400.9460113620862
5,1038.205236053846,501.03820523605384
4,955.6748361738828,400.9556748361739
4,876.1328255213123,400.8761328255213
4,817.4624892001701,400.8174624892002
5,925.4487202503254,500.9254487202503
5,836.2984978123836,500.8362984978124
6,964.6097958131795,600.9646097958132
4,850.6005589166742,400.85060055891665
5,915.0053954364517,500.9150053954364
5,913.7700549170322,500.91377005491705
4,954.8770669831806,400.95487706698316
5,946.9802511970713,500.9469802511971
4,1099.9690789426354,401.09996907894265
5,876.1144371744522,500.87611443717446
4,960.0631801413483,400.96006318014133
5,912.3544102278343,500.9123544102278
4,800.252696085932,400.8002526960859
