num_vehicles,distance,fitness
4,887.2260787198006,400.8872260787198
4,926.5769675350222,400.926576967535
5,959.4588542550348,500.95945885425505
5,950.8098847611955,500.9508098847612
4,889.0823999182576,400.88908239991827
4,942.9725863054559,400.9429725863055
5,943.025803349104,500.9430258033491
6,917.9589137192864,600.9179589137193
5,969.8974021305163,500.9698974021305
5,936.8206771475911,500.9368206771476
5,915.6801164230208,500.915680116423
6,931.6419822930512,600.9316419822931
5,815.890428183728,500.8158904281837
5,895.8467032156755,500.8958467032157
4,814.3160219425877,400.8143160219426
6,994.2172116181778,600.9942172116182
5,1002.6363808944541,501.00263638089444
5,929.6491847284658,500.9296491847285
5,950.3486393135086,500.9503486393135
5,926.0772268280518,500.92607722682806
