num_vehicles,distance,fitness
4,934.6666440653541,400.9346666440654
4,916.1179038512491,400.9161179038513
4,933.8691449434696,400.93386914494346
4,965.6773532219529,400.96567735322196
4,869.9231665814029,400.86992316658143
4,939.3296306293472,400.93932963062935
4,924.3767927319038,400.9243767927319
5,889.5100512135093,500.8895100512135
5,881.4758781016241,500.88147587810164
5,940.0581341222809,500.9400581341223
5,936.1026580034749,500.93610265800345
5,1018.4996931406204,501.0184996931406
6,942.7735223843106,600.9427735223843
5,978.5743126136808,500.97857431261366
5,941.9649876585732,500.9419649876586
5,852.6639157908179,500.8526639157908
5,758.2898940922466,500.75828989409223
5,997.8615293058489,500.99786152930585
5,910.0548045353471,500.9100548045353
5,927.0336709396806,500.9270336709397
