num_vehicles,distance,fitness
4,1099.2379083158141,401.0992379083158
4,957.3243628781096,400.9573243628781
4,1047.192032959246,401.04719203295923
4,1024.82047624233,401.0248204762423
4,890.5177506874242,400.8905177506874
4,813.6279676060516,400.81362796760607
5,965.5165447135754,500.9655165447136
4,980.0850053450439,400.980085005345
4,875.3815987059498,400.8753815987059
5,879.1756812526313,500.8791756812526
6,885.0251516956922,600.8850251516957
5,957.2578982095662,500.95725789820955
4,869.9935550348581,400.86999355503485
5,1012.8085192924872,501.0128085192925
5,885.0693534519817,500.88506935345197
5,923.8655926016232,500.9238655926016
6,909.2063338733277,600.9092063338733
4,943.0152364304565,400.9430152364305
5,902.0691913851315,500.9020691913851
5,893.5691997902995,500.8935691997903
