num_vehicles,distance,fitness
4,990.4776981132496,400.99047769811324
4,1045.8361481740124,401.04583614817403
4,983.2755937038435,400.98327559370387
4,930.7556000453793,400.93075560004536
4,967.9988448900518,400.9679988448901
4,982.1621700617361,400.9821621700617
4,942.6385473162451,400.9426385473162
4,913.674719459008,400.913674719459
4,865.1022894116801,400.86510228941165
5,949.1998487460659,500.94919984874605
4,949.722803811962,400.94972280381194
5,969.6001627106243,500.9696001627106
4,882.3850807645832,400.8823850807646
5,906.758245040225,500.90675824504024
4,1047.131538419519,401.04713153841953
4,977.1178963803318,400.9771178963803
5,958.8124818267758,500.9588124818268
4,928.38801909245,400.92838801909244
4,863.6849770677746,400.86368497706775
4,905.312946872569,400.9053129468726
