num_vehicles,distance,fitness
4,954.4951724086313,400.95449517240866
4,846.6863506372823,400.8466863506373
4,911.0473003383971,400.9110473003384
4,918.3439558009152,400.91834395580094
4,879.193178745905,400.8791931787459
4,797.3874792866968,400.79738747928667
4,955.4643158341532,400.95546431583415
4,862.7076484099922,400.86270764841
4,898.183042865342,400.89818304286536
4,941.9405341887782,400.9419405341888
5,1001.9763124287539,501.0019763124288
4,911.3936799582511,400.9113936799582
5,920.496670938895,500.9204966709389
5,825.1163819407186,500.82511638194075
5,919.0799025309292,500.91907990253094
5,832.0425801869302,500.8320425801869
6,908.6934082381206,600.9086934082382
5,963.734818660164,500.96373481866016
5,992.9961280901292,500.9929961280901
5,953.5489587410425,500.95354895874107
