num_vehicles,distance,fitness
4,918.9340678700514,400.91893406787005
4,944.4385280302763,400.9444385280303
5,1012.6721248313434,501.01267212483134
5,836.687348094164,500.8366873480942
5,1032.8443971798388,501.0328443971798
6,945.244923764334,600.9452449237643
5,991.4465901193088,500.9914465901193
6,908.3702858205163,600.9083702858205
6,906.4099907958242,600.9064099907959
5,930.2924224642042,500.9302924224642
5,838.9229724855005,500.8389229724855
5,938.6942074726282,500.9386942074726
6,954.630845494092,600.9546308454941
5,775.2015612923119,500.7752015612923
6,1001.5625439308848,601.0015625439308
5,926.5843268032678,500.92658432680327
6,997.6825467774022,600.9976825467774
6,976.6921380085158,600.9766921380085
5,913.5617602245943,500.9135617602246
5,985.8844939177748,500.98588449391775
