num_vehicles,distance,fitness
8,962.0780328369437,800.962078032837
8,771.7673924300219,800.77176739243
8,832.4650679564157,800.8324650679564
8,792.1021947654203,800.7921021947654
8,883.6594784319668,800.8836594784319
10,1247.263134424104,1001.2472631344241
8,986.2468146628682,800.9862468146629
9,1097.10402106215,901.0971040210621
9,1084.6557589053511,901.0846557589053
9,1147.8748092000974,901.1478748092001
9,1013.168741174625,901.0131687411746
9,1051.2935383481451,901.0512935383481
8,990.284848795894,800.9902848487959
8,983.4186796086492,800.9834186796087
9,1137.926823180268,901.1379268231802
9,1043.8621285788065,901.0438621285788
8,1003.1514791263221,801.0031514791264
9,1124.8395208499314,901.12483952085
8,775.2574438148738,800.7752574438149
9,1137.8423974865618,901.1378423974866
