num_vehicles,distance,fitness
7,691.9245200332821,700.6919245200332
8,826.8322430736487,800.8268322430737
9,843.1837052432244,900.8431837052432
8,908.2498510806826,800.9082498510807
9,841.8168078029378,900.841816807803
11,1113.269681191972,1101.113269681192
9,1029.6863446377959,901.0296863446378
11,1049.4673594347003,1101.0494673594346
11,1072.8932913903773,1101.0728932913903
12,1142.1387865040697,1201.1421387865041
9,981.7396926971908,900.9817396926971
12,1311.9440001271394,1201.3119440001271
12,1405.729063652748,1201.4057290636526
12,1125.7882246347083,1201.1257882246348
12,1262.8497381589866,1201.262849738159
10,1001.7173804164161,1001.0017173804164
9,996.3328392251137,900.9963328392251
10,1274.8196124075664,1001.2748196124076
9,953.9137654270389,900.953913765427
10,886.0970763591324,1000.8860970763591
