num_vehicles,distance,fitness
8,1070.571296979287,801.0705712969793
7,1097.7071324522096,701.0977071324522
7,1022.7477335701694,701.0227477335702
7,1038.9387717143873,701.0389387717144
8,1002.4865207436557,801.0024865207437
7,1084.909360398826,701.0849093603988
7,895.4453756684296,700.8954453756684
7,988.482255493808,700.9884822554939
7,938.1065716330569,700.938106571633
8,997.0298365786332,800.9970298365786
9,1200.3065538503706,901.2003065538504
9,1343.0163760229132,901.3430163760229
8,1185.4332078663049,801.1854332078663
7,854.2589107915843,700.8542589107916
8,1048.251159313435,801.0482511593134
8,1051.8901860040737,801.0518901860041
8,1090.5954547772371,801.0905954547773
9,1354.929108473316,901.3549291084734
8,1107.8675946102476,801.1078675946103
8,1194.1775439868657,801.1941775439868
