num_vehicles,distance,fitness
5,1088.2573579320474,501.08825735793204
4,1012.8789341069901,401.012878934107
5,1141.494194931304,501.1414941949313
5,1257.580269648027,501.25758026964803
5,1059.273859887948,501.0592738598879
5,996.0336347513626,500.99603363475137
5,1134.6382386507316,501.1346382386507
4,1052.1393659695616,401.05213936596954
6,1339.4969121190093,601.339496912119
6,1180.0911526070802,601.1800911526071
5,1154.0920041928046,501.1540920041928
7,1333.689888570728,701.3336898885707
6,1074.4154911534076,601.0744154911534
6,1383.2227608738187,601.3832227608738
6,1123.5966764869574,601.123596676487
6,1257.4854311267702,601.2574854311267
5,1327.3743792712644,501.32737437927125
6,1207.4503131533397,601.2074503131533
4,1169.167654523611,401.1691676545236
5,1042.6074506246687,501.04260745062464
