num_vehicles,distance,fitness
5,1206.7227033268164,501.2067227033268
5,1050.8352272639686,501.050835227264
6,1067.0797474541432,601.0670797474542
6,1158.6897528517711,601.1586897528517
6,1222.5458530265546,601.2225458530265
5,1065.277375479079,501.06527737547907
5,1183.0181147673877,501.1830181147674
6,1161.0382077996453,601.1610382077996
6,1174.420015897345,601.1744200158973
6,1272.7746048718013,601.2727746048718
6,1090.8015058087144,601.0908015058087
8,1225.0647058148218,801.2250647058148
7,1385.8791964134953,701.3858791964135
6,1401.6262889801837,601.4016262889802
7,1318.329546101976,701.318329546102
8,1258.256540356198,801.2582565403562
5,1027.1378904788965,501.0271378904789
6,1045.7199308543297,601.0457199308544
8,1326.6851301607528,801.3266851301607
7,1282.1704172987995,701.2821704172987
