num_vehicles,distance,fitness
5,1306.6275740598305,501.3066275740598
4,1026.9482830850618,401.02694828308506
5,1240.802742011023,501.240802742011
5,1090.70576576441,501.0907057657644
5,1185.518405058026,501.185518405058
5,1030.3487709020683,501.0303487709021
5,1269.180832697338,501.2691808326973
5,1271.3383787602759,501.2713383787603
5,1028.0709803576922,501.0280709803577
5,1093.0790885857173,501.09307908858574
5,1010.8868597857056,501.0108868597857
5,1159.6526528551726,501.1596526528552
5,1118.2215937013855,501.1182215937014
5,1058.9161717519441,501.05891617175195
5,1151.9137436024662,501.15191374360245
5,1123.3466076455602,501.12334660764554
5,1186.1419501917906,501.18614195019177
4,1180.7271370035423,401.18072713700354
5,1089.910865162573,501.08991086516255
4,1082.693353184147,401.08269335318414
