num_vehicles,distance,fitness
5,1156.9680017061987,501.1569680017062
4,962.5473905236262,400.96254739052364
5,1106.8607092536959,501.1068607092537
5,1233.1718761750808,501.2331718761751
5,1010.6477537367223,501.01064775373675
5,1104.3366910347213,501.10433669103475
5,861.5169800681319,500.86151698006813
5,1100.4219212815656,501.10042192128157
5,1163.1549474195422,501.1631549474195
5,1016.8219166854833,501.0168219166855
5,1115.5914230079716,501.11559142300797
6,1202.1965456654584,601.2021965456654
5,1077.2896456295218,501.07728964562955
5,1049.3627162199305,501.04936271621995
5,1249.6315691079935,501.249631569108
5,1040.5573572807436,501.04055735728076
6,1167.6484902380444,601.1676484902381
6,1059.2491677706985,601.0592491677706
5,1087.8506501436323,501.08785065014365
5,1218.63299223633,501.21863299223634
