num_vehicles,distance,fitness
5,1098.2107185369055,501.0982107185369
5,909.9871676891626,500.90998716768917
4,1056.2693022829255,401.05626930228294
5,970.638621822806,500.9706386218228
5,1101.6426893491762,501.10164268934915
5,1009.9495568883638,501.0099495568884
5,1014.63045787852,501.0146304578785
6,934.4193751249107,600.9344193751249
7,1221.6713542023354,701.2216713542024
6,1242.152236099875,601.2421522360999
8,1288.6505972634227,801.2886505972634
7,1235.8682298187778,701.2358682298188
7,1253.9665687508982,701.2539665687509
6,1044.0610529643252,601.0440610529644
7,1218.622039150711,701.2186220391507
6,1212.4861883112126,601.2124861883112
7,1172.0489505458588,701.1720489505459
7,992.2531221715691,700.9922531221715
7,1089.6744301335248,701.0896744301335
6,1097.0453681562612,601.0970453681563
