num_vehicles,distance,fitness,time
2.0,523.6573430770865,200.52365734307708,241.62925601005554
