num_vehicles,distance,fitness,time
2.0,524.593091000854,200.52459309100087,241.57296085357666
2.0,523.6573430770865,200.52365734307708,241.62925601005554
2.0,525.9516047142549,200.52595160471427,241.61289024353027
2.0,523.6573430770865,200.52365734307708,246.9104883670807
