num_vehicles,distance,fitness
6,447.6452532027363,600.4476452532027
9,651.8296663188866,900.6518296663189
7,576.1862738198377,700.5761862738199
8,578.443745677778,800.5784437456778
7,662.3780812607226,700.6623780812607
7,609.8860097727995,700.6098860097728
7,578.034890395201,700.5780348903952
7,521.5459513459107,700.521545951346
9,652.504884836223,900.6525048848363
9,694.1495063904872,900.6941495063904
7,525.029244033545,700.5250292440336
9,718.8514980170279,900.718851498017
8,575.1168606951773,800.5751168606952
8,585.5172805795784,800.5855172805796
10,719.1177670901097,1000.7191177670901
9,719.0338183622396,900.7190338183623
9,656.5492823615177,900.6565492823615
9,669.057143776441,900.6690571437764
10,676.1148501611974,1000.6761148501612
7,634.4478948027235,700.6344478948027
