num_vehicles,distance,fitness
7,495.26436520284466,700.4952643652028
6,582.4027565366795,600.5824027565367
6,613.2433249742164,600.6132433249742
7,577.1772463435076,700.5771772463435
7,496.36442540179803,700.4963644254018
7,542.8350600931024,700.5428350600931
6,557.0713032671578,600.5570713032672
7,576.1984109007196,700.5761984109007
8,657.1631594285225,800.6571631594285
7,608.1850120567622,700.6081850120568
7,652.4670766596025,700.6524670766596
8,685.516656056745,800.6855166560567
7,683.8474654638696,700.6838474654638
8,742.3430721690553,800.7423430721691
8,678.5747001273996,800.6785747001275
7,725.6123768690353,700.725612376869
8,657.4418576810762,800.6574418576811
8,707.7927558238155,800.7077927558238
7,558.2054407791812,700.5582054407791
8,673.8161248247792,800.6738161248247
