num_vehicles,distance,fitness
7,512.2931205274929,700.5122931205275
7,569.45469795357,700.5694546979536
7,608.1127925400076,700.60811279254
7,531.1064834998001,700.5311064834998
7,561.2768058998853,700.5612768058999
7,521.975053556252,700.5219750535563
7,577.8659405034796,700.5778659405034
8,694.7706595489977,800.694770659549
7,692.6153587863964,700.6926153587864
7,633.7808608158398,700.6337808608158
7,683.0491384424346,700.6830491384425
8,696.4912820564165,800.6964912820564
7,655.7227353527928,700.6557227353528
7,714.573711102797,700.7145737111028
8,734.5444518157761,800.7345444518157
7,705.2102227080698,700.705210222708
7,648.2327074771667,700.6482327074772
7,633.7525603587278,700.6337525603587
7,649.2412203880548,700.649241220388
7,562.447108422955,700.5624471084229
