num_vehicles,distance,fitness
7,658.8124637298049,700.6588124637298
10,686.9200014249036,1000.6869200014249
8,622.3605924610392,800.6223605924611
9,642.8610000245454,900.6428610000246
7,600.1834455246378,700.6001834455246
9,591.8345856187973,900.5918345856188
8,629.8201025648102,800.6298201025648
10,737.4768821371549,1000.7374768821371
8,555.6770483786055,800.5556770483786
8,639.7608830104424,800.6397608830105
9,695.9453795865262,900.6959453795865
11,814.2655026530743,1100.8142655026531
8,702.8063845978529,800.7028063845978
8,638.9746829476953,800.6389746829477
9,681.4114329056811,900.6814114329056
12,757.7291358566745,1200.7577291358566
9,750.6068069533112,900.7506068069533
10,750.0358047495095,1000.7500358047495
11,700.3843165300566,1100.70038431653
11,741.9070974971188,1100.741907097497
