num_vehicles,distance,fitness
8,516.3387731186642,800.5163387731187
9,568.3008676975481,900.5683008676975
8,629.5120415467089,800.6295120415467
9,633.5054739207005,900.6335054739206
9,641.1931672702732,900.6411931672702
8,585.8160962753511,800.5858160962754
10,667.3777891767945,1000.6673777891768
8,615.6075156085883,800.6156075156086
10,753.9941594478967,1000.7539941594479
10,715.3965700052945,1000.7153965700053
9,637.0645403002759,900.6370645403002
11,693.2654694580888,1100.693265469458
10,582.8933609194514,1000.5828933609195
11,752.2633643349438,1100.752263364335
10,680.5266606027365,1000.6805266606027
10,699.6345452918855,1000.6996345452919
10,688.2967017305696,1000.6882967017306
9,622.3057430145561,900.6223057430145
13,793.1160741999796,1300.7931160742
9,557.5444513425591,900.5575444513426
