num_vehicles,distance,fitness
7,664.5333586844342,700.6645333586845
7,546.7302326324083,700.5467302326324
7,630.0643461356777,700.6300643461357
7,682.9366576730313,700.682936657673
7,625.1948105796744,700.6251948105797
8,710.8056538241233,800.7108056538241
8,629.3449611615828,800.6293449611616
8,726.5487652843435,800.7265487652843
8,677.2394938663201,800.6772394938663
9,664.1157521622081,900.6641157521622
7,696.3909373039203,700.6963909373039
8,709.7800880290722,800.7097800880291
8,703.9111286910891,800.7039111286911
8,703.9023520245717,800.7039023520246
8,672.9193356083913,800.6729193356084
7,559.5783841105706,700.5595783841105
9,733.3614898815084,900.7333614898815
8,626.1563725588144,800.6261563725589
8,659.0021157443902,800.6590021157444
7,626.1384668062784,700.6261384668063
