num_vehicles,distance,fitness
5,457.2023704760672,500.45720237047607
7,561.5338090486939,700.5615338090487
5,589.6511911446643,500.58965119114464
8,611.5999682369284,800.6115999682369
5,462.2300999107026,500.4622300999107
6,563.5963348602697,600.5635963348602
6,517.5895292616651,600.5175895292616
5,515.2991246210236,500.51529912462104
7,503.4568387891198,700.5034568387891
10,827.5387420268551,1000.8275387420268
8,697.8235455269828,800.697823545527
8,698.1632882183312,800.6981632882183
10,691.2572205812681,1000.6912572205813
10,804.3269615203734,1000.8043269615204
9,742.6095979829922,900.742609597983
8,690.7258177743988,800.6907258177744
9,739.5372942315253,900.7395372942316
9,628.4602332220812,900.6284602332221
8,666.791833707336,800.6667918337073
11,765.8026897727225,1100.7658026897727
