num_vehicles,distance,fitness
5,512.8102709016586,500.51281027090164
5,539.9483808353546,500.53994838083537
5,539.3202243773753,500.5393202243774
5,568.2063019511314,500.56820630195114
5,513.5827036558019,500.5135827036558
6,570.0106790791758,600.5700106790791
9,820.4505534728185,900.8204505534728
9,700.6532561073452,900.7006532561073
7,755.7295708625979,700.7557295708626
7,773.4169887786959,700.7734169887786
7,693.6116154684422,700.6936116154684
9,745.8744083104226,900.7458744083104
8,743.6007454130081,800.743600745413
7,681.9347811611917,700.6819347811612
8,812.8920746376589,800.8128920746376
7,807.1458094572657,700.8071458094572
9,783.1696627008507,900.7831696627009
6,688.1810819127483,600.6881810819127
8,753.9612106581324,800.7539612106581
7,750.9085500978148,700.7509085500978
