num_vehicles,distance,fitness
5,555.9485643976219,500.5559485643976
5,615.6492158871757,500.6156492158872
5,562.1781214677629,500.56217812146775
7,744.3072708362521,700.7443072708362
8,828.5464624453473,800.8285464624454
5,813.5935784558981,500.8135935784559
6,651.0348434187785,600.6510348434188
6,809.8176538310246,600.809817653831
6,766.3657849724211,600.7663657849724
6,836.7849800655622,600.8367849800655
5,687.2773633361534,500.68727736333614
7,833.1610226334465,700.8331610226335
6,673.385910201831,600.6733859102019
6,735.6109267463696,600.7356109267464
6,680.0956318237118,600.6800956318237
5,760.8107626310898,500.7608107626311
7,803.0552667520894,700.803055266752
7,824.8865443045324,700.8248865443045
7,792.6194279484491,700.7926194279485
6,787.7094242302313,600.7877094242302
