num_vehicles,distance,fitness
5,518.2594252824524,500.51825942528245
5,556.5342607407047,500.5565342607407
6,480.0425955907906,600.4800425955908
6,561.8338714238171,600.5618338714238
5,494.4168650176857,500.4944168650177
7,670.9345430457897,700.6709345430457
6,633.8822141839181,600.6338822141839
5,612.7200206158163,500.6127200206158
7,626.7867174608741,700.6267867174608
6,592.1412770790067,600.592141277079
6,679.1488016556385,600.6791488016556
6,563.8262300202895,600.5638262300203
6,653.6223286083778,600.6536223286083
6,598.4329163470179,600.5984329163471
7,601.5990307618125,700.6015990307618
5,624.264696630895,500.6242646966309
7,565.9774596547147,700.5659774596547
6,544.2891353333301,600.5442891353333
7,596.7081424706342,700.5967081424707
7,704.8583265409021,700.704858326541
