num_vehicles,distance,fitness
8,800.9792222618502,800.8009792222618
12,883.5301604337392,1200.8835301604338
12,840.6068576709093,1200.840606857671
13,932.6955260928656,1300.9326955260929
12,837.9565068986772,1200.8379565068988
11,823.3932799323343,1100.8233932799324
15,1005.9369946334997,1501.0059369946334
13,961.0728709037543,1300.9610728709038
15,1061.720665888974,1501.061720665889
15,1039.5639195515078,1501.0395639195515
16,997.9128845576412,1600.9979128845575
17,1054.6327626806894,1701.0546327626807
15,1001.2292899714253,1501.0012292899714
12,909.9665787531669,1200.9099665787533
13,974.2607435192108,1300.9742607435192
15,1013.5665931366699,1501.0135665931366
14,1048.6820011078296,1401.0486820011079
12,906.1349860138015,1200.9061349860137
16,1010.9165236929528,1601.010916523693
17,1057.9710170479375,1701.057971017048
