num_vehicles,distance,fitness
8,801.6266998825827,800.8016266998826
9,861.5779283160371,900.861577928316
10,897.5515545316167,1000.8975515545316
11,929.4154090428026,1100.9294154090428
9,891.3232194200806,900.8913232194201
9,805.0704441228415,900.8050704441229
9,819.0362221088982,900.8190362221089
11,949.2260133793214,1100.9492260133793
11,963.4818171245975,1100.9634818171246
12,970.6708799816262,1200.9706708799815
14,1017.7572614319902,1401.017757261432
10,1048.1712307145272,1001.0481712307145
11,948.6928584483227,1100.9486928584483
13,1042.4910780278194,1301.0424910780278
11,918.4536330774783,1100.9184536330774
13,955.3242708353705,1300.9553242708353
11,923.55295247499,1100.923552952475
10,910.4263440697844,1000.9104263440698
12,907.1738281523797,1200.9071738281523
12,964.7699405872295,1200.9647699405873
