num_vehicles,distance,fitness
7,847.9959707224298,700.8479959707224
6,814.139847442621,600.8141398474427
8,784.1259178010454,800.784125917801
8,927.5562672714894,800.9275562672715
8,898.9218842580128,800.898921884258
9,988.581138991656,900.9885811389917
9,928.5997570029517,900.928599757003
9,937.8986497829204,900.9378986497829
8,865.4338519889604,800.865433851989
9,938.6006508832872,900.9386006508832
8,931.7346310687573,800.9317346310687
10,987.1762471991138,1000.9871762471992
9,908.0504105538804,900.9080504105539
7,953.8887622905785,700.9538887622906
10,990.9175409467018,1000.9909175409467
9,960.0094778358994,900.9600094778359
7,874.8927715853439,700.8748927715853
9,937.4079536197868,900.9374079536198
10,921.2527520684621,1000.9212527520684
9,906.3945302957193,900.9063945302958
