num_vehicles,distance,fitness
7,864.4833286468569,700.8644833286469
10,849.5399184869394,1000.8495399184869
13,923.6635047493075,1300.9236635047494
10,865.5364831654609,1000.8655364831654
9,755.2175629580133,900.755217562958
10,887.3003726593512,1000.8873003726593
13,1006.2747795932798,1301.0062747795932
12,980.4788492121088,1200.9804788492122
12,942.6737091126131,1200.9426737091126
11,966.7982141728688,1100.966798214173
10,877.3133915672538,1000.8773133915672
11,999.5316511923388,1100.9995316511922
13,974.3505075887259,1300.9743505075887
11,895.8921303643647,1100.8958921303645
10,841.4797210083188,1000.8414797210083
12,971.2322684810788,1200.9712322684811
13,977.0012555327975,1300.9770012555327
11,881.7665544227963,1100.8817665544227
12,956.5368771855759,1200.9565368771855
14,944.7169534770861,1400.9447169534772
