num_vehicles,distance,fitness
6,738.2850068179622,600.7382850068179
8,780.4776377255481,800.7804776377255
7,663.4588405615556,700.6634588405616
8,785.7896487958498,800.7857896487958
10,946.5746705254683,1000.9465746705255
11,995.8910811819275,1100.995891081182
10,943.1657418502693,1000.9431657418503
9,891.4607134335273,900.8914607134335
11,948.9779679451158,1100.9489779679452
12,1026.3467284812587,1201.0263467284813
9,868.3916751917263,900.8683916751917
11,849.5947634332099,1100.8495947634333
11,999.2733691940186,1100.999273369194
9,936.8143751084596,900.9368143751085
9,996.6840520076211,900.9966840520076
9,795.1213781812532,900.7951213781813
11,976.2673509488019,1100.9762673509488
10,895.6807884238458,1000.8956807884239
9,953.6484079943532,900.9536484079944
9,859.1787684471259,900.8591787684471
