num_vehicles,distance,fitness
7,818.2437983267619,700.8182437983268
6,746.8637521266394,600.7468637521266
6,757.1420325314391,600.7571420325314
6,749.4008770114384,600.7494008770115
6,764.9331912257558,600.7649331912257
6,765.3269423966408,600.7653269423967
8,976.9026423471802,800.9769026423472
8,937.7851291043451,800.9377851291043
9,905.2538897265147,900.9052538897265
10,990.5534828895351,1000.9905534828895
9,875.1388081712764,900.8751388081713
9,862.350758200746,900.8623507582007
8,904.669554348961,800.904669554349
9,886.3855010021317,900.8863855010021
9,892.0250066168466,900.8920250066168
8,859.538698867391,800.8595386988674
9,1032.711064472408,901.0327110644724
9,1000.5074964397988,901.0005074964398
9,992.9075051899703,900.9929075051899
9,848.2793338683001,900.8482793338683
