num_vehicles,distance,fitness
7,875.9048735512156,700.8759048735512
6,754.0633804222092,600.7540633804222
7,898.8048670111333,700.8988048670111
7,892.3919814499376,700.8923919814499
6,797.8686462279832,600.797868646228
7,847.4647594781941,700.8474647594782
6,783.115146727792,600.7831151467278
7,905.5653081485559,700.9055653081485
6,841.6378864073696,600.8416378864074
7,895.4432481066244,700.8954432481066
8,885.187880348557,800.8851878803486
8,1012.1187596969525,801.0121187596969
8,889.8996218189783,800.8898996218189
7,964.3835491786302,700.9643835491786
7,908.3271171017158,700.9083271171017
7,979.3155104981705,700.9793155104982
7,925.1619498502482,700.9251619498502
8,1007.597331712023,801.0075973317121
8,936.6588766937656,800.9366588766937
9,907.9107193003292,900.9079107193003
