num_vehicles,distance,fitness
6,849.5290070488132,600.8495290070488
7,796.7486742496234,700.7967486742497
9,842.9675953512256,900.8429675953512
9,840.4228001205133,900.8404228001206
7,710.5528841894767,700.7105528841895
9,821.3979063675996,900.8213979063676
9,932.0938459538281,900.9320938459538
9,906.8962426427123,900.9068962426427
10,957.9350599328454,1000.9579350599329
9,865.5275986031021,900.8655275986031
10,894.494429628862,1000.8944944296288
9,862.9588585173899,900.8629588585173
10,886.7795676275463,1000.8867795676275
10,824.203499706757,1000.8242034997068
10,836.8809087966831,1000.8368809087967
10,934.1551082034514,1000.9341551082034
8,795.0075617215924,800.7950075617216
8,866.001730148208,800.8660017301482
8,969.6911368104834,800.9696911368105
8,865.9935310045809,800.8659935310046
