num_vehicles,distance,fitness
6,840.3646523098904,600.8403646523099
6,784.3920990285022,600.7843920990285
7,876.1437389466626,700.8761437389467
6,718.1310195001209,600.7181310195001
7,835.000138602933,700.8350001386029
6,855.9443991471248,600.8559443991471
6,887.8509675363302,600.8878509675363
7,1009.611895340094,701.0096118953401
7,886.8686496005106,700.8868686496005
7,887.9663638748169,700.8879663638749
7,978.1708364577403,700.9781708364577
8,1034.6382919779385,801.0346382919779
7,882.9802782758991,700.8829802782759
7,898.1815823715056,700.8981815823715
7,897.6160481858393,700.8976160481858
7,940.3977603166121,700.9403977603166
7,902.5206280840509,700.9025206280841
7,946.868683447908,700.9468686834479
7,865.3124892130246,700.865312489213
7,833.8910593145393,700.8338910593145
