num_vehicles,distance,fitness
4,848.564939599413,400.84856493959944
4,1001.9679139655493,401.00196791396553
4,835.6903354375518,400.83569033543756
4,811.8749974460712,400.81187499744607
4,882.54501308848,400.8825450130885
4,907.7654995451878,400.9077654995452
4,878.9111593619593,400.87891115936196
6,971.4931278239417,600.9714931278239
6,924.519091380395,600.9245190913804
6,960.3319714582836,600.9603319714582
7,1028.515199080446,701.0285151990804
4,906.1013582817106,400.9061013582817
7,903.4549390075856,700.9034549390076
7,980.3384726828026,700.9803384726828
7,951.2738446139781,700.951273844614
7,1060.352204320703,701.0603522043207
6,855.0903933773884,600.8550903933774
7,917.6104096918062,700.9176104096919
7,974.5354658289684,700.9745354658289
7,904.4122423887989,700.9044122423888
