num_vehicles,distance,fitness
4,1071.3637846072347,401.07136378460723
4,1026.582721736952,401.02658272173693
5,949.9390001627702,500.9499390001628
4,1006.8460379321515,401.0068460379322
4,1001.495603081882,401.0014956030819
4,939.7471489955163,400.93974714899554
4,971.3361567843712,400.9713361567844
4,927.711048068994,400.927711048069
6,959.7281282671904,600.9597281282672
5,906.4871185476162,500.9064871185476
5,959.0131912374122,500.95901319123743
5,990.7956054183186,500.9907956054183
4,850.0121660175988,400.8500121660176
5,1005.7517888721163,501.0057517888721
5,941.0927440279563,500.94109274402797
5,1016.9194680196775,501.0169194680197
5,881.0496790567144,500.88104967905673
5,914.1635575232866,500.9141635575233
5,860.4908911022804,500.8604908911023
5,937.7444387739013,500.9377444387739
