num_vehicles,distance,fitness
4,937.6570066368039,400.9376570066368
4,928.6903070096653,400.9286903070097
4,906.8682820716582,400.9068682820717
5,990.7006067068245,500.9907006067068
4,908.8047685603786,400.9088047685604
4,899.3390809083278,400.8993390809083
4,928.7588759320452,400.92875887593203
4,859.0180267635171,400.8590180267635
4,974.6432068924785,400.9746432068925
5,985.5398888125414,500.9855398888125
5,889.7759196562988,500.8897759196563
5,904.3930170084286,500.90439301700843
5,935.1222364433416,500.93512223644336
4,856.5785388986378,400.85657853889865
6,966.1119449863442,600.9661119449863
5,906.6420471901444,500.90664204719013
5,848.8342529572114,500.8488342529572
5,959.1233905780578,500.95912339057804
5,973.1458548426531,500.97314585484264
4,895.0279609708828,400.8950279609709
