num_vehicles,distance,fitness
4,1099.2379083158141,401.0992379083158
4,1013.9043192244485,401.0139043192244
4,1067.8441675830802,401.0678441675831
5,972.2042136206444,500.97220421362067
6,935.3444797471542,600.9353444797472
6,980.6697364717014,600.9806697364717
5,878.8276740340816,500.8788276740341
5,1021.6876636806554,501.02168766368067
5,921.5194489822528,500.9215194489823
5,892.2834497051608,500.89228344970513
5,950.702279011058,500.95070227901107
5,997.9551008727897,500.9979551008728
5,991.8636093409337,500.99186360934095
5,940.2665334084162,500.9402665334084
5,1037.9034358037297,501.03790343580374
4,955.2279647807426,400.95522796478076
4,954.3056532661435,400.95430565326615
5,972.2158552355684,500.97221585523556
5,756.8213670989817,500.756821367099
5,973.9204408077297,500.9739204408077
