num_vehicles,distance,fitness
4,990.4776981132496,400.99047769811324
4,1011.271636731014,401.011271636731
4,1031.317135133461,401.03131713513346
4,966.5784768187688,400.96657847681877
4,1010.0449989781346,401.0100449989781
4,1019.5115783802826,401.0195115783803
4,974.2554447590209,400.974255444759
4,996.4682238890362,400.99646822388905
4,864.265319257065,400.8642653192571
4,974.2030239485644,400.9742030239486
5,934.4492358642684,500.9344492358643
5,947.2508563809279,500.94725085638095
5,979.3197773453337,500.9793197773453
5,963.0744876345151,500.9630744876345
5,873.0593516499847,500.87305935165
4,932.492725735642,400.93249272573564
5,910.3860864234076,500.9103860864234
6,956.9629542270045,600.956962954227
5,941.008224578551,500.9410082245785
4,948.1604263868567,400.94816042638683
