num_vehicles,distance,fitness
4,954.4951724086313,400.95449517240866
4,929.8303463429052,400.9298303463429
4,904.4288646470798,400.90442886464706
4,941.2486232441406,400.9412486232441
5,906.091646645541,500.90609164664556
5,938.090425952978,500.93809042595296
4,868.4848023936454,400.86848480239365
5,845.4035715309801,500.845403571531
4,824.4767368244609,400.82447673682447
5,876.5225067845906,500.87652250678457
5,829.0373159536233,500.8290373159536
4,905.6229865326005,400.9056229865326
4,881.9438438802356,400.8819438438802
5,814.1376721775788,500.8141376721776
5,895.4718229959827,500.895471822996
5,904.7005536917318,500.9047005536917
5,824.131869198514,500.82413186919854
4,936.6479374012115,400.93664793740123
5,915.7049443475738,500.91570494434757
5,995.8666023021269,500.9958666023021
