num_vehicles,distance,fitness
4,877.1580260263885,400.8771580260264
4,899.4524125183136,400.8994524125183
4,904.1986448104483,400.90419864481044
4,931.9482259533982,400.9319482259534
4,908.9545343988235,400.90895453439884
4,805.4688773271666,400.80546887732714
4,905.936151834941,400.90593615183496
5,956.9954726072397,500.9569954726072
5,1009.473199593941,501.0094731995939
5,959.9197295826852,500.9599197295827
5,895.6874054995596,500.8956874054996
4,885.1493050826118,400.8851493050826
4,1007.468885298865,401.00746888529886
4,776.0583836016408,400.77605838360165
4,909.7501999017979,400.9097501999018
4,921.0319136611322,400.9210319136611
4,899.0362049033233,400.8990362049033
5,951.260997044709,500.9512609970447
4,946.3581498424476,400.94635814984247
4,867.5023614381082,400.8675023614381
