num_vehicles,distance,fitness
7,791.5872570391791,700.7915872570392
8,819.5080612560216,800.819508061256
8,893.6261867623142,800.8936261867623
7,798.7588611050617,700.7987588611051
9,1054.3827265140528,901.0543827265141
8,1128.657285192861,801.1286572851928
10,1206.8415116731348,1001.2068415116731
8,1024.905511880557,801.0249055118805
9,969.622278711509,900.9696222787115
9,1001.7133730179685,901.001713373018
9,1239.495705433074,901.2394957054331
9,1153.7737063913396,901.1537737063913
7,1001.2792015385681,701.0012792015385
8,890.7175569609315,800.8907175569609
8,969.8194288050094,800.969819428805
8,983.3771419767655,800.9833771419768
8,962.8308610011736,800.9628308610012
9,1121.9479806252168,901.1219479806252
8,855.4494934496496,800.8554494934497
8,1108.9992599749698,801.108999259975
