num_vehicles,distance,fitness
7,792.558481332472,700.7925584813324
7,966.4663702583869,700.9664663702583
7,930.2621957568726,700.9302621957569
7,864.2751787431773,700.8642751787431
7,884.0596560477443,700.8840596560477
8,859.5545156904686,800.8595545156904
7,909.7386673634925,700.9097386673635
7,825.4453216719658,700.825445321672
7,863.6849703532187,700.8636849703532
9,1026.2572894075647,901.0262572894076
8,1167.4868138344593,801.1674868138344
11,1262.7416747810735,1101.2627416747812
7,986.6337940361735,700.9866337940362
9,1137.0986045667896,901.1370986045667
9,1075.092651238136,901.0750926512382
9,919.0463724138062,900.9190463724138
9,1078.3610101898444,901.0783610101898
10,1037.6817790072957,1001.0376817790072
10,1279.668948647993,1001.279668948648
9,1147.474344182366,901.1474743441823
