num_vehicles,distance,fitness
8,1070.571296979287,801.0705712969793
7,924.0152432545086,700.9240152432545
7,943.4863071594375,700.9434863071594
7,816.6256748881784,700.8166256748882
7,1083.1205408433586,701.0831205408433
7,850.9213159479581,700.850921315948
9,1138.310631310255,901.1383106313102
8,1264.24105459032,801.2642410545903
8,1137.6639439032685,801.1376639439032
8,1026.7139499756738,801.0267139499757
7,1109.8686694629914,701.109868669463
8,1197.6723113268467,801.1976723113269
8,1204.8234882041413,801.2048234882042
8,972.7521673797344,800.9727521673798
8,1085.381645155739,801.0853816451557
9,1117.8105651280755,901.117810565128
9,1164.7188434133113,901.1647188434133
8,1045.108644971964,801.045108644972
8,1021.4057970504583,801.0214057970504
8,1102.1103775232946,801.1021103775233
