num_vehicles,distance,fitness
5,1098.2107185369055,501.0982107185369
5,1145.4532198413035,501.14545321984133
6,1011.4840637595046,601.0114840637596
7,1083.2865126018364,701.0832865126018
5,1201.5759380690083,501.201575938069
6,1257.5503159886457,601.2575503159886
5,990.4696697756503,500.9904696697757
6,1191.4831324279407,601.191483132428
5,1038.9516903699782,501.03895169036997
7,1214.1035300723227,701.2141035300723
6,1086.6142151868119,601.0866142151868
6,1073.7080104387846,601.0737080104387
7,1233.315855339762,701.2333158553398
6,980.7084396285794,600.9807084396285
6,1198.4369698726114,601.1984369698727
7,934.0011680554159,700.9340011680554
8,1304.1304798712536,801.3041304798712
7,1289.641321122944,701.289641321123
6,1119.5349703699687,601.11953497037
8,1298.9012030009371,801.2989012030009
