num_vehicles,distance,fitness
5,1156.9680017061987,501.1569680017062
4,962.9174002266745,400.9629174002267
5,1020.7115592927383,501.02071155929275
4,1200.4027583727498,401.2004027583728
4,999.0213462781305,400.99902134627814
5,1235.50890805286,501.23550890805285
5,1244.6222118062985,501.2446222118063
5,1317.7608911081022,501.3177608911081
4,1070.2564002949957,401.070256400295
6,1398.6231129522496,601.3986231129522
6,1298.4528187515596,601.2984528187516
5,1291.9642435427743,501.2919642435428
5,1417.421742531732,501.41742174253176
6,1226.1023826285254,601.2261023826285
4,1180.8497100955199,401.1808497100955
6,1156.3946257584262,601.1563946257585
5,1072.974028090964,501.072974028091
5,1097.1922145989774,501.097192214599
5,1057.1521846029814,501.05715218460296
5,1063.08899740795,501.06308899740793
