num_vehicles,distance,fitness
5,1306.6275740598305,501.3066275740598
5,1056.8967724015574,501.05689677240156
4,851.1469267736942,400.8511469267737
5,1244.8457845292573,501.2448457845293
4,875.5315784291608,400.87553157842916
5,1120.6449386193199,501.1206449386193
5,1143.4400806469926,501.143440080647
4,1042.1607477066818,401.0421607477067
4,1220.2237058657424,401.22022370586575
5,1252.017651630324,501.2520176516303
5,1163.9983985063807,501.1639983985064
5,1130.3757136329773,501.130375713633
5,980.8654159957165,500.9808654159957
5,1074.6831504665977,501.0746831504666
5,979.6431574035404,500.97964315740353
4,1186.914537664412,401.1869145376644
5,1102.190390237764,501.10219039023775
5,1214.4426033701748,501.2144426033702
4,1191.2274372196955,401.1912274372197
4,1145.1087014385569,401.1451087014386
