num_vehicles,distance,fitness
5,1310.0844333327757,501.3100844333328
5,1051.5856270625343,501.05158562706254
5,1240.497247060784,501.2404972470608
5,1175.65085777785,501.17565085777784
5,1112.7328787640333,501.112732878764
5,1100.0959754794865,501.10009597547946
6,1283.6430634617257,601.2836430634617
5,1193.0016437952431,501.19300164379524
5,1103.3657402916508,501.1033657402917
5,1161.5906062885851,501.1615906062886
5,1363.0552327192336,501.36305523271926
5,1051.9846874620348,501.05198468746204
6,1106.942200016572,601.1069422000165
6,1203.8735518910396,601.2038735518911
5,998.3400795595036,500.9983400795595
5,1181.2401203224078,501.1812401203224
6,1186.5086943174244,601.1865086943175
7,1237.2695449799446,701.23726954498
6,1178.1855419383035,601.1781855419383
6,1187.9545319449837,601.187954531945
