num_vehicles,distance,fitness
5,1206.7227033268164,501.2067227033268
5,942.327032116477,500.94232703211645
5,909.1652374735615,500.9091652374736
8,1191.173291415644,801.1911732914157
5,1327.1931582517032,501.3271931582517
7,1125.9078876283088,701.1259078876283
5,1081.9182773061666,501.08191827730616
7,1031.6940992676425,701.0316940992676
7,1194.8872240197245,701.1948872240197
7,955.9232545916202,700.9559232545917
6,1037.1531750789015,601.0371531750789
8,1259.2619988346737,801.2592619988346
5,992.6366124925164,500.9926366124925
6,1072.2858481027154,601.0722858481028
7,1155.569020902914,701.1555690209029
7,1276.3100209640158,701.276310020964
6,1396.2288589773232,601.3962288589773
7,1405.3972077787962,701.4053972077788
7,942.6478007985384,700.9426478007986
6,1099.0439571422212,601.0990439571423
