num_vehicles,distance,fitness,time
3.0,333.9186364366017,3.9980934940439337,191.79302978515625
