num_vehicles,distance,fitness
7,537.3913739362137,700.5373913739362
8,524.2888230599394,800.5242888230599
9,678.734445952502,900.6787344459525
8,527.6284783954404,800.5276284783954
9,675.2819907978146,900.6752819907978
9,704.5194542938077,900.7045194542939
11,718.3431663590652,1100.718343166359
10,697.21081813109,1000.6972108181311
9,567.1433080819351,900.5671433080819
11,712.1092379973488,1100.7121092379973
9,647.78403664315,900.6477840366432
11,646.2394092026224,1100.6462394092027
9,738.1294508385753,900.7381294508385
11,746.5904888089254,1100.746590488809
10,633.7057759705933,1000.6337057759706
11,758.7581345399137,1100.75875813454
11,692.6437038600645,1100.69264370386
10,677.1345409675315,1000.6771345409676
7,635.2907463881289,700.6352907463881
9,640.5076187556609,900.6405076187557
