num_vehicles,distance,fitness
8,516.3387731186642,800.5163387731187
8,582.4815590273653,800.5824815590273
8,597.0379991945462,800.5970379991945
9,681.2999434577134,900.6812999434577
8,626.7631268517293,800.6267631268518
11,746.5886023103079,1100.7465886023103
11,776.4621821031324,1100.7764621821032
11,655.5809836023702,1100.6555809836025
11,661.1003650374091,1100.6611003650373
11,631.6865330309497,1100.631686533031
11,779.9263484410881,1100.779926348441
10,684.3712555625721,1000.6843712555626
11,722.4337679060134,1100.722433767906
13,775.314510743079,1300.775314510743
13,801.7490230881142,1300.8017490230882
11,689.3903622203682,1100.6893903622204
12,732.9582429863451,1200.7329582429863
12,712.8407894415792,1200.7128407894415
11,706.0236958320795,1100.706023695832
9,625.0968675822797,900.6250968675823
