num_vehicles,distance,fitness
7,599.946623310844,700.5999466233109
8,680.0731742784219,800.6800731742784
8,724.0211700548876,800.7240211700549
7,646.8140666375908,700.6468140666376
8,665.996923050029,800.66599692305
6,637.7994613265809,600.6377994613266
9,625.9307198154668,900.6259307198154
9,716.016556636516,900.7160165566365
8,523.441781019896,800.5234417810199
8,627.5035281925466,800.6275035281925
7,685.5556686665099,700.6855556686666
8,654.284229028876,800.6542842290289
9,700.9930946967422,900.7009930946967
9,674.4639183632702,900.6744639183632
9,611.3189106424363,900.6113189106425
8,657.549875726115,800.6575498757261
9,747.3782011854574,900.7473782011855
10,747.6133181424609,1000.7476133181425
7,701.2925067133903,700.7012925067133
9,731.5856689391233,900.7315856689391
