num_vehicles,distance,fitness
7,664.5333586844342,700.6645333586845
7,613.4930048836815,700.6134930048837
7,595.2548131470786,700.5952548131471
7,602.585501063989,700.602585501064
7,659.3522471381318,700.6593522471381
7,532.6320282276876,700.5326320282277
7,665.8405992660844,700.6658405992661
7,590.9926195880614,700.5909926195881
8,662.1214729146354,800.6621214729147
7,633.2577544208144,700.6332577544208
8,650.6877777225859,800.6506877777226
8,689.99053094139,800.6899905309414
8,638.0885000311547,800.6380885000311
8,687.9120457772763,800.6879120457772
7,629.1614886210518,700.6291614886211
8,654.6738453776901,800.6546738453777
8,618.6658128028671,800.6186658128029
7,655.6864408308612,700.6556864408309
8,655.3377140293933,800.6553377140294
7,607.5148677902549,700.6075148677902
