num_vehicles,distance,fitness
7,636.8199997144283,700.6368199997145
7,596.3955003938491,700.5963955003939
9,712.2335390218989,900.7122335390219
7,643.7532320754997,700.6437532320755
7,663.3232166103965,700.6633232166104
7,660.7579765853882,700.6607579765854
7,549.3126549966723,700.5493126549967
7,671.3815978068941,700.6713815978069
7,674.1954611439207,700.6741954611439
7,631.1400496544156,700.6311400496544
7,579.7787369751296,700.5797787369752
8,648.4206853716034,800.6484206853715
7,608.5371761838672,700.6085371761839
7,633.5885921980333,700.6335885921981
7,583.766811843678,700.5837668118437
7,648.7083014108576,700.6487083014108
7,700.6669868357687,700.7006669868358
7,652.833418379716,700.6528334183797
8,642.8078736205068,800.6428078736205
7,628.7762929030775,700.6287762929031
