num_vehicles,distance,fitness
5,512.8102709016586,500.51281027090164
5,523.380350346273,500.52338035034626
5,557.826288607075,500.5578262886071
5,555.9405550694679,500.55594055506947
5,603.0058606257325,500.60300586062573
5,513.938881713023,500.51393888171305
5,553.2693671799753,500.55326936717995
7,548.7465762008189,700.5487465762009
5,478.72017300632086,500.4787201730063
5,574.1269071187431,500.57412690711874
5,543.2053150298974,500.5432053150299
8,737.266630165264,800.7372666301652
7,714.3803259945355,700.7143803259945
6,614.2565940371517,600.6142565940371
9,784.7083437136868,900.7847083437136
8,743.4986946619348,800.743498694662
6,699.1124459199344,600.6991124459199
6,714.7566698639598,600.714756669864
8,803.7589695806897,800.8037589695807
8,740.5402670485147,800.7405402670485
