num_vehicles,distance,fitness
5,555.9485643976219,500.5559485643976
5,599.525901561325,500.5995259015613
5,529.6748055056986,500.5296748055057
5,603.2864186384327,500.60328641863845
5,548.6877002142485,500.54868770021426
8,805.4597120334399,800.8054597120334
6,679.8734120772442,600.6798734120772
6,787.7988031896174,600.7877988031896
6,684.8867201358734,600.6848867201359
5,762.2173134590812,500.7622173134591
6,771.7825872728886,600.7717825872729
6,775.7035522494701,600.7757035522495
7,772.8668495955943,700.7728668495956
6,716.8939488266517,600.7168939488266
6,795.940460869994,600.79594046087
6,664.6052000214387,600.6646052000215
7,816.6549494001306,700.8166549494001
5,751.7375095165453,500.75173750951654
7,787.3084222815536,700.7873084222815
6,843.9945183833372,600.8439945183833
