num_vehicles,distance,fitness
5,534.3361221591722,500.5343361221592
5,544.7650483940417,500.544765048394
5,620.7889966930882,500.6207889966931
5,584.9791065334201,500.5849791065334
5,687.9670149810902,500.6879670149811
6,712.6009593398028,600.7126009593399
5,715.9240241470877,500.7159240241471
6,807.1236213038874,600.8071236213038
5,710.1823116100612,500.7101823116101
6,766.0589333910458,600.766058933391
5,707.7680511356615,500.70776805113564
6,776.0322347598575,600.7760322347599
5,739.9483739609205,500.73994837396094
7,832.9356538826754,700.8329356538827
6,801.7997540947396,600.8017997540948
6,761.5534037218167,600.7615534037218
5,684.2219716657654,500.68422197166575
5,795.1036745523196,500.7951036745523
6,813.5275735415278,600.8135275735415
5,748.9766491529815,500.748976649153
