num_vehicles,distance,fitness
5,518.2594252824524,500.51825942528245
5,583.1563679266561,500.5831563679267
5,505.126768136211,500.5051267681362
5,452.67774994845195,500.45267774994846
5,496.4080779944777,500.4964080779945
6,641.2703577148632,600.6412703577149
7,627.2882828820137,700.627288282882
7,667.8671142959704,700.667867114296
7,727.4675515216064,700.7274675515216
6,587.0143788181133,600.5870143788181
6,581.9185358246322,600.5819185358247
6,623.1445333310232,600.623144533331
6,605.0652244870282,600.605065224487
5,538.7324727365079,500.5387324727365
6,591.3084886670155,600.591308488667
5,542.2578576040012,500.542257857604
6,641.8855317287272,600.6418855317287
7,627.5890228730691,700.627589022873
6,649.1091480390652,600.6491091480391
6,632.4606522230798,600.6324606522231
