num_vehicles,distance,fitness
5,492.8496652239143,500.4928496652239
5,514.2686547465869,500.51426865474656
6,551.853177515214,600.5518531775152
5,541.5803901634117,500.5415803901634
6,505.19664130056105,600.5051966413006
5,493.32058172177705,500.4933205817218
6,485.6396941559758,600.485639694156
6,527.9640092092292,600.5279640092092
6,671.8629265909007,600.6718629265908
5,629.6421173339652,500.62964211733396
5,631.6590902186531,500.63165909021865
6,629.8059832967085,600.6298059832967
6,603.6091736904453,600.6036091736904
6,689.1092345328815,600.6891092345329
6,659.9669539181433,600.6599669539181
6,542.4709534224509,600.5424709534225
7,662.3446016610063,700.6623446016611
6,666.1950762641258,600.6661950762641
5,537.6536086271879,500.5376536086272
6,648.4184019700518,600.64841840197
