num_vehicles,distance,fitness
8,800.9792222618502,800.8009792222618
10,760.2050290789022,1000.7602050290789
11,840.0600959369692,1100.840060095937
12,864.1750720472266,1200.8641750720471
13,938.8843710381595,1300.938884371038
14,924.8308506178219,1400.9248308506178
15,1019.8901496148466,1501.0198901496149
16,1011.3421662050879,1601.0113421662052
16,1061.667932346977,1601.061667932347
16,960.7370154197031,1600.9607370154197
15,973.4452921620892,1500.973445292162
14,953.9216356154287,1400.9539216356154
14,986.1656993233598,1400.9861656993235
13,952.875200318865,1300.9528752003189
14,959.2336404772877,1400.9592336404774
18,1054.0771345103435,1801.0540771345104
13,969.3904359600062,1300.96939043596
14,981.5803438480913,1400.981580343848
14,953.9256166946025,1400.9539256166945
14,1078.1281379902448,1401.0781281379902
