num_vehicles,distance,fitness
7,743.2970155147732,700.7432970155148
7,782.0145822229539,700.7820145822229
7,828.8378545505303,700.8288378545506
7,879.4717313522308,700.8794717313523
7,782.7529069234324,700.7827529069234
7,824.9288329380171,700.824928832938
7,884.5434809229819,700.884543480923
7,719.0599636964358,700.7190599636964
8,853.8499880105703,800.8538499880106
11,894.5669208086314,1100.8945669208085
11,1041.1470076621267,1101.0411470076622
10,1112.5004491233997,1001.1125004491234
9,797.4375467219884,900.797437546722
12,1005.1339060315697,1201.0051339060315
10,984.2786107702461,1000.9842786107703
10,936.6705255446084,1000.9366705255446
10,1025.0433404153298,1001.0250433404153
10,992.139757111137,1000.9921397571111
8,921.8849322918795,800.9218849322918
8,933.2217521229358,800.9332217521229
