num_vehicles,distance,fitness
7,818.2437983267619,700.8182437983268
7,824.7348781737563,700.8247348781738
7,770.8208048256506,700.7708208048257
6,811.0255297236281,600.8110255297237
6,828.4872370959222,600.8284872370959
7,853.3864916595077,700.8533864916595
6,881.8379297313154,600.8818379297313
10,1017.3678527232312,1001.0173678527233
9,981.1230685742266,900.9811230685742
9,893.5382142122678,900.8935382142123
10,1010.0404632851305,1001.0100404632851
9,1004.5181215908469,901.0045181215909
8,988.7316056713707,800.9887316056713
8,812.6284126559642,800.812628412656
8,902.3846914948118,800.9023846914948
8,907.1404000674962,800.9071404000675
8,950.1998851491096,800.9501998851491
9,1021.0115543595126,901.0210115543595
9,898.729260379775,900.8987292603798
8,986.1823887508066,800.9861823887508
