num_vehicles,distance,fitness
6,762.3946846662257,600.7623946846662
7,752.9662108216996,700.7529662108217
8,791.9740131339861,800.791974013134
8,831.9350732065095,800.8319350732065
8,789.8682534910159,800.789868253491
6,884.9295231004746,600.8849295231005
6,791.2128283799849,600.79121282838
7,765.4906439135591,700.7654906439136
8,931.6835263904125,800.9316835263904
8,836.1824898168203,800.8361824898168
8,945.4305503979998,800.945430550398
8,926.541022791064,800.9265410227911
8,865.2319260473386,800.8652319260474
8,900.0651216390228,800.900065121639
9,937.1493358765506,900.9371493358766
7,821.0518871208038,700.8210518871208
9,977.3100549074046,900.9773100549074
9,989.1525574654625,900.9891525574654
9,981.8917551797949,900.9818917551798
8,852.2085310771097,800.852208531077
