num_vehicles,distance,fitness
7,842.8913236348984,700.842891323635
7,826.8403848465191,700.8268403848465
6,800.5747504530226,600.800574750453
7,817.6970736830023,700.817697073683
8,867.6641655135222,800.8676641655135
9,874.7292639325733,900.8747292639325
8,852.5436173946716,800.8525436173946
10,999.6198625785978,1000.9996198625786
11,992.8716358890707,1100.992871635889
8,887.095011194099,800.8870950111941
8,997.8537208042651,800.9978537208043
10,887.372771938098,1000.8873727719381
9,973.4736123393893,900.9734736123394
9,956.778925463924,900.9567789254639
10,975.0101029455441,1000.9750101029456
9,927.4097301964754,900.9274097301965
9,1009.4509792433224,901.0094509792433
9,953.4078625342721,900.9534078625343
9,878.174740059035,900.8781747400591
9,942.2473975420675,900.942247397542
