num_vehicles,distance,fitness
6,840.3646523098904,600.8403646523099
6,801.5543508207176,600.8015543508208
6,817.8102267497742,600.8178102267498
6,806.3491079554946,600.8063491079555
6,796.1932492451283,600.7961932492451
6,787.3305963332125,600.7873305963332
7,893.0111233268533,700.8930111233268
6,828.2226192990029,600.828222619299
7,928.0126695836975,700.9280126695837
7,898.9342206265142,700.8989342206265
6,918.4793259367863,600.9184793259368
7,937.556361023265,700.9375563610232
7,920.3176198047184,700.9203176198047
8,988.8518310641803,800.9888518310642
7,908.7569368324059,700.9087569368324
7,877.9789245789254,700.8779789245789
7,969.2376013382485,700.9692376013382
7,873.5098181869686,700.873509818187
7,890.5003863821586,700.8905003863822
7,951.0710600321773,700.9510710600322
