num_vehicles,distance,fitness
4,848.564939599413,400.84856493959944
4,824.0758076796576,400.82407580767966
4,987.5918041528828,400.9875918041529
4,874.5839007326756,400.87458390073266
4,956.9567581675121,400.9569567581675
4,958.9800148931068,400.9589800148931
6,933.5058898235084,600.9335058898236
4,883.1435171772099,400.8831435171772
7,952.6552639837337,700.9526552639837
6,934.6542781928546,600.9346542781929
6,803.5569881292645,600.8035569881292
7,963.0710856291629,700.9630710856292
7,987.4002908900712,700.98740029089
6,942.8807817718591,600.9428807817718
7,869.5295286973243,700.8695295286973
6,889.5985038027478,600.8895985038027
7,987.2300285620656,700.9872300285621
6,891.6289869122294,600.8916289869122
6,844.5858882809823,600.844585888281
6,935.2991240392348,600.9352991240393
