num_vehicles,distance,fitness
4,937.6570066368039,400.9376570066368
4,979.4461030652149,400.97944610306524
4,934.9121547348032,400.9349121547348
4,921.1103860434739,400.9211103860435
4,993.4106403177469,400.99341064031773
5,1022.9358914369215,501.02293589143693
4,936.4220087146614,400.93642200871466
4,989.0401688657072,400.9890401688657
6,971.4846245688542,600.9714846245688
5,955.7915126218743,500.9557915126219
5,943.7681701829903,500.943768170183
5,1011.8104806309392,501.0118104806309
6,1002.3943384382479,601.0023943384382
4,1001.8640783077431,401.00186407830773
6,979.4729616094589,600.9794729616094
5,1001.9899540113385,501.0019899540113
5,1010.1169267238021,501.0101169267238
5,917.8761282716291,500.91787612827164
5,1026.8482627669462,501.0268482627669
5,993.7046689089539,500.99370466890895
