num_vehicles,distance,fitness
4,887.2260787198006,400.8872260787198
5,814.2245705079513,500.814224570508
4,888.095966223086,400.8880959662231
4,830.4091721757441,400.83040917217573
5,975.7484334829683,500.975748433483
5,1030.6376215527287,501.0306376215527
5,813.89285958066,500.8138928595807
4,922.8446855705507,400.92284468557057
5,1015.1563661731292,501.01515636617313
5,890.8434065367562,500.89084340653676
5,835.578209211525,500.8355782092115
6,1018.2533766169992,601.018253376617
5,1008.9785104176377,501.00897851041765
5,979.8538513032041,500.9798538513032
5,943.6021671683663,500.94360216716836
5,930.6854630915548,500.93068546309155
6,1060.3779824327432,601.0603779824328
5,982.918635125185,500.9829186351252
5,907.3551825589448,500.90735518255894
6,947.5843842475718,600.9475843842475
