num_vehicles,distance,fitness
4,1099.2379083158141,401.0992379083158
4,1003.0875491049221,401.0030875491049
4,963.3267127445234,400.9633267127445
4,1105.7386708245094,401.1057386708245
4,953.8563691467136,400.9538563691467
4,999.3748532019406,400.9993748532019
4,1037.1038405513093,401.0371038405513
4,1078.4553105981688,401.07845531059814
4,1067.081610207289,401.0670816102073
4,968.279421959016,400.96827942195904
5,980.4231035852008,500.9804231035852
5,908.3188676216378,500.90831886762163
5,970.8917097502335,500.9708917097502
4,909.980661106062,400.9099806611061
5,985.6433951266505,500.98564339512666
5,925.8389590027039,500.9258389590027
4,895.702570600003,400.8957025706
6,917.5200375105992,600.9175200375106
5,940.9969378418608,500.9409969378419
5,887.0781093886783,500.88707810938865
