num_vehicles,distance,fitness
4,990.4776981132496,400.99047769811324
4,1056.8090404212533,401.05680904042123
4,1002.0444566954051,401.0020444566954
4,968.688687397126,400.9686886873971
4,1052.2724588571803,401.0522724588572
4,852.3294338650833,400.85232943386507
5,934.8066316004106,500.9348066316004
5,978.6898700104208,500.97868987001044
5,905.635591132077,500.90563559113207
5,960.2422373969534,500.9602422373969
5,916.770703867115,500.9167707038671
4,881.0081081642912,400.8810081081643
5,793.1019218427472,500.7931019218427
4,941.8462323042954,400.9418462323043
5,923.0602071473157,500.92306020714733
5,980.9866231215717,500.98098662312157
4,936.9353267725927,400.9369353267726
5,876.7483235499699,500.87674832355
4,956.2405986264282,400.95624059862644
5,900.1412170095307,500.90014121700955
