num_vehicles,distance,fitness
4,954.4951724086313,400.95449517240866
4,860.36805061429,400.8603680506143
4,876.5965815265417,400.87659658152654
4,941.282629686551,400.94128262968655
4,867.3126403777508,400.86731264037775
4,841.231361677895,400.8412313616779
4,839.8032495599205,400.8398032495599
4,851.3833581547008,400.8513833581547
5,816.8831695972024,500.8168831695972
4,896.3346867975957,400.8963346867976
6,833.1723181844613,600.8331723181844
4,968.0770945293253,400.96807709452935
5,906.7164159491687,500.9067164159492
5,838.5368521919163,500.8385368521919
5,962.6218515806521,500.96262185158065
5,792.9353026245909,500.7929353026246
5,891.8688100226324,500.89186881002263
5,991.8551139970649,500.9918551139971
5,876.9145068222056,500.87691450682223
5,897.9985820819743,500.897998582082
