num_vehicles,distance,fitness
8,962.0780328369437,800.962078032837
10,908.402492010031,1000.90840249201
9,997.7301151804377,900.9977301151804
9,892.118632317228,900.8921186323172
8,866.36590472178,800.8663659047218
9,831.9951537874567,900.8319951537875
8,865.2823517800409,800.86528235178
8,841.8075282145509,800.8418075282145
7,798.4709701474294,700.7984709701474
9,887.5762539838693,900.8875762539839
8,980.5997660510577,800.9805997660511
9,1027.946582179887,901.0279465821799
10,1199.228008825099,1001.1992280088251
9,1002.5507122953852,901.0025507122954
10,1194.2973083556658,1001.1942973083557
9,1001.1158006721465,901.0011158006721
10,1022.5573688921661,1001.0225573688922
8,949.8194214017802,800.9498194214018
9,1073.3701025726625,901.0733701025727
9,1011.5705524598425,901.0115705524598
