num_vehicles,distance,fitness
7,792.558481332472,700.7925584813324
7,915.3672805658788,700.9153672805659
8,926.2816112877135,800.9262816112877
7,927.4396715990921,700.9274396715991
7,943.4317770767025,700.9434317770767
8,957.74302607056,800.9577430260706
7,933.0084308340014,700.933008430834
9,1079.2695559212839,901.0792695559213
8,1054.4808604723758,801.0544808604724
9,1083.798553581042,901.083798553581
9,931.2744961225972,900.9312744961226
9,1140.512430646445,901.1405124306465
8,1091.5309925788022,801.0915309925788
9,994.5809690567348,900.9945809690568
10,1340.6083862677158,1001.3406083862677
8,1086.865117816049,801.086865117816
9,1226.688920642753,901.2266889206428
8,1084.114688604339,801.0841146886044
10,1183.391915787208,1001.1833919157872
8,953.6652516629116,800.9536652516629
