num_vehicles,distance,fitness
7,691.9245200332821,700.6919245200332
10,905.5848288725748,1000.9055848288725
9,868.670398169114,900.8686703981691
8,828.3408240877387,800.8283408240877
9,960.1306912131978,900.9601306912132
11,933.9145434130345,1100.933914543413
8,847.2177065275511,800.8472177065275
10,1016.3793184033019,1001.0163793184033
10,1214.0363448435671,1001.2140363448435
11,1051.893351784804,1101.0518933517849
10,991.9176650188085,1000.9919176650188
10,1131.5449187376535,1001.1315449187376
10,965.5200018831757,1000.9655200018832
9,1073.0982180657265,901.0730982180658
11,1024.5854932847496,1101.0245854932848
9,1003.9264966641985,901.0039264966642
10,988.755471599776,1000.9887554715998
10,988.061274285162,1000.9880612742852
10,966.5187292089211,1000.9665187292089
10,1045.5745850036585,1001.0455745850037
