num_vehicles,distance,fitness
7,979.4404534601562,700.9794404534601
7,946.8193825346766,700.9468193825347
7,947.7546816904971,700.9477546816905
7,976.1003194175579,700.9761003194176
7,902.2561177057962,700.9022561177057
7,891.8990694297604,700.8918990694298
7,997.3249120487047,700.9973249120487
7,977.7110518551964,700.9777110518552
7,993.1486343503316,700.9931486343503
7,1044.3182181135912,701.0443182181136
7,1007.1839181518866,701.0071839181519
8,1111.0918779321432,801.1110918779322
9,1267.201630442404,901.2672016304424
7,1019.6066415114472,701.0196066415115
8,1105.7732654435933,801.1057732654436
9,1171.921843435397,901.1719218434354
8,1002.3332181515191,801.0023332181515
9,1226.8067807479788,901.226806780748
8,1089.3616968879578,801.089361696888
8,1182.1745572035356,801.1821745572036
