num_vehicles,distance,fitness
4,1081.4010688547528,401.08140106885475
5,936.696003460367,500.9366960034604
6,1086.1022965628267,601.0861022965628
5,1098.057564799915,501.0980575647999
5,1046.0527848271718,501.04605278482717
5,959.053663581598,500.9590536635816
6,992.3545439381786,600.9923545439382
5,1174.5289873758954,501.1745289873759
5,1084.2461084283207,501.0842461084283
5,1135.4986113241437,501.1354986113241
5,892.6341997770411,500.89263419977704
6,1115.5818631996367,601.1155818631996
6,1222.7819176676837,601.2227819176677
6,1165.7503495118203,601.1657503495118
7,1263.0528603507287,701.2630528603507
7,1143.320889386428,701.1433208893865
5,1167.4742337901575,501.16747423379013
7,1256.9630438465476,701.2569630438466
6,929.9579902871916,600.9299579902872
5,1358.163258097787,501.35816325809776
