num_vehicles,distance,fitness
5,1310.0844333327757,501.3100844333328
5,1112.225415800192,501.1122254158002
5,1033.2574066930413,501.03325740669305
5,1109.5643831028422,501.10956438310285
6,1160.8001939303158,601.1608001939303
6,1223.7344579470284,601.223734457947
5,1153.1255130787256,501.15312551307875
5,888.325453040045,500.88832545304007
5,1208.1357672542351,501.20813576725425
5,1171.4319899612542,501.17143198996126
7,1461.1165661770226,701.461116566177
5,1163.8378042966146,501.16383780429663
6,1260.0609217528026,601.2600609217528
5,1241.2800870236713,501.24128008702365
5,1105.243118949718,501.1052431189497
5,1018.8068139767188,501.0188068139767
5,1100.4255597473737,501.10042555974735
6,1291.551347923716,601.2915513479237
5,1320.944622092543,501.32094462209255
6,1102.2790228071406,601.1022790228071
