num_vehicles,distance,fitness
5,1206.7227033268164,501.2067227033268
6,1187.9897621553873,601.1879897621554
6,1009.6717121166164,601.0096717121166
6,1243.6122056654701,601.2436122056655
5,1059.365158274818,501.05936515827483
5,1262.286619698715,501.2622866196987
5,1090.2908963049517,501.09029089630496
6,1391.8677625926573,601.3918677625927
6,1263.3423054023485,601.2633423054024
9,1148.9549240870992,901.1489549240871
7,1174.8028883224151,701.1748028883225
6,1337.4965962587803,601.3374965962588
6,1061.6187918294652,601.0616187918295
7,1303.8641550354932,701.3038641550355
7,1262.4403378240474,701.262440337824
6,1302.6288252944007,601.3026288252944
7,1162.1066238312546,701.1621066238313
7,1123.9869346068956,701.1239869346069
8,1238.7072311051857,801.2387072311052
7,1065.7995091176797,701.0657995091177
