num_vehicles,distance,fitness
5,1156.9680017061987,501.1569680017062
5,887.3896360058116,500.8873896360058
4,961.4610245942372,400.96146102459426
5,1045.1203973294569,501.04512039732947
5,1121.8793776965103,501.12187937769653
5,1201.253875413303,501.20125387541333
5,1207.9768509593189,501.2079768509593
5,1241.1336930059203,501.2411336930059
5,1131.2648333643092,501.1312648333643
5,1322.794741910442,501.32279474191046
5,1275.5013900394829,501.2755013900395
5,1380.6657322166734,501.3806657322167
5,1185.2239125800215,501.18522391258
5,972.0467947546443,500.97204679475465
5,1124.8023438505218,501.12480234385055
5,1300.7196779071542,501.3007196779072
5,1330.6617412783432,501.33066174127833
5,1060.5224832728704,501.06052248327285
5,1244.9189870194346,501.24491898701945
5,1108.9431706977387,501.1089431706977
