num_vehicles,distance,fitness
5,1306.6275740598305,501.3066275740598
5,1224.8493166568203,501.22484931665684
5,1006.366442399514,501.0063664423995
5,907.0482809012487,500.9070482809012
5,997.3197673990346,500.99731976739906
5,949.0024719674363,500.94900247196745
5,1100.3000063905554,501.10030000639057
4,911.8209548446239,400.91182095484464
4,1001.5405451752192,401.0015405451752
5,1249.6481909526376,501.24964819095266
5,1038.4675366514764,501.03846753665147
5,1220.240998687793,501.2202409986878
5,985.1585225040224,500.98515852250404
5,1421.925991200322,501.42192599120034
4,1140.2468108869707,401.140246810887
5,1153.4868909293893,501.1534868909294
5,1090.8589864640876,501.09085898646407
5,1355.497729010267,501.35549772901027
5,1153.5093734205086,501.1535093734205
5,1059.465190066313,501.0594651900663
