num_vehicles,distance,fitness,time
1.0,328.92886684235776,100.32892886684236,335.3362638950348
1.0,328.92886684235776,100.32892886684236,338.22192001342773
1.0,328.92886684235776,100.32892886684236,339.12395882606506
1.0,342.7293680854144,100.34272936808541,344.8932614326477
