num_vehicles,distance,fitness
7,537.3913739362137,700.5373913739362
9,648.8758991485671,900.6488758991486
9,649.1044081921656,900.6491044081922
9,580.6628004736671,900.5806628004736
9,622.4361079566991,900.6224361079567
9,596.188439017918,900.596188439018
11,618.216040331421,1100.6182160403314
13,801.6773220196202,1300.8016773220197
9,650.1538735307846,900.6501538735308
11,687.5093120686815,1100.6875093120686
11,730.9357962411309,1100.730935796241
10,717.276318840657,1000.7172763188406
11,713.0119566517715,1100.7130119566518
10,681.0052901450105,1000.681005290145
10,671.6885370440824,1000.6716885370441
9,655.3555467657027,900.6553555467657
8,659.691493924304,800.6596914939244
11,697.4046752702072,1100.6974046752703
10,695.3072075299378,1000.6953072075299
9,673.5043982057846,900.6735043982058
