num_vehicles,distance,fitness
7,512.2931205274929,700.5122931205275
7,605.6978213172501,700.6056978213172
7,588.7375631824253,700.5887375631825
7,607.8683052507183,700.6078683052507
7,594.0656971010516,700.5940656971011
6,498.3021340330294,600.498302134033
7,668.0354932447467,700.6680354932447
7,734.4574402052735,700.7344574402052
7,702.9508072497091,700.7029508072497
7,654.0754093466622,700.6540754093467
7,722.0933971836367,700.7220933971836
7,662.3071236064803,700.6623071236065
7,665.3040849307407,700.6653040849308
6,618.2622892303634,600.6182622892304
7,684.0885397603261,700.6840885397603
7,634.1593905158056,700.6341593905158
7,657.0579669723347,700.6570579669724
8,691.8498645016972,800.6918498645017
7,618.7107639680697,700.6187107639681
6,561.7909977776293,600.5617909977776
