num_vehicles,distance,fitness
7,658.8124637298049,700.6588124637298
8,625.1112821568215,800.6251112821568
9,683.894522868501,900.6838945228685
8,603.2743378088168,800.6032743378088
9,677.1299149535272,900.6771299149535
11,722.2682958099831,1100.72226829581
11,670.2081471082828,1100.6702081471083
9,702.1152657918551,900.7021152657918
10,674.2074656318441,1000.6742074656319
8,614.3338630462293,800.6143338630462
12,819.9238132309687,1200.819923813231
11,667.2224853934385,1100.6672224853935
10,779.3956833059711,1000.779395683306
10,574.6643711335479,1000.5746643711335
10,756.1955785670265,1000.756195578567
10,663.9545292148,1000.6639545292148
10,759.7349119656965,1000.7597349119657
10,641.0429379070728,1000.6410429379071
9,686.3365884772031,900.6863365884772
10,694.4971945187734,1000.6944971945188
