num_vehicles,distance,fitness
8,516.3387731186642,800.5163387731187
11,675.2640729951312,1100.675264072995
8,480.0461493228653,800.4800461493229
10,601.8286707362561,1000.6018286707363
9,526.5410040578431,900.5265410040579
9,596.6106218865087,900.5966106218865
11,662.4824876315272,1100.6624824876315
9,550.763754096858,900.5507637540968
11,699.7487192857695,1100.6997487192857
10,689.0858225963791,1000.6890858225963
8,624.5666526492737,800.6245666526493
11,763.004354567359,1100.7630043545673
11,733.5271055476611,1100.7335271055476
11,643.4098639820659,1100.643409863982
10,742.9916263941856,1000.7429916263942
11,709.5567343449852,1100.709556734345
10,608.0996533207048,1000.6080996533207
10,646.8601039800038,1000.64686010398
13,662.2375397416698,1300.6622375397417
9,701.2395137877921,900.7012395137878
