num_vehicles,distance,fitness
7,636.8199997144283,700.6368199997145
7,683.5026492260995,700.683502649226
7,586.88627980917,700.5868862798092
7,607.253476618925,700.6072534766189
7,622.1701614538745,700.6221701614538
8,657.1083097926196,800.6571083097926
6,608.350393456931,600.6083503934569
7,636.1607387212122,700.6361607387212
7,615.0436536352836,700.6150436536353
7,621.3175831172887,700.6213175831173
7,614.7701056219397,700.6147701056219
7,644.7765841134071,700.6447765841134
8,707.3913260689301,800.7073913260689
7,615.5064605722656,700.6155064605723
7,577.416334788818,700.5774163347888
8,614.225025676824,800.6142250256768
8,677.5538644716968,800.6775538644717
7,695.8787023117684,700.6958787023118
7,550.5919891713063,700.5505919891713
7,578.9611150678692,700.5789611150678
