num_vehicles,distance,fitness
5,457.2023704760672,500.45720237047607
6,489.46600018625963,600.4894660001862
6,575.7264392650466,600.575726439265
9,700.9669030773401,900.7009669030773
10,757.7803543651153,1000.7577803543651
8,598.6889681102504,800.5986889681102
9,664.9102636491256,900.6649102636492
8,721.2577530983775,800.7212577530984
8,736.6355258911489,800.7366355258912
10,671.1027744812241,1000.6711027744813
8,703.3060370107328,800.7033060370107
8,691.5198479378346,800.6915198479378
8,660.4300726033819,800.6604300726034
12,842.0555917562211,1200.8420555917562
10,748.8555623412952,1000.7488555623413
9,751.7397215543461,900.7517397215544
9,715.4426927282722,900.7154426927283
11,820.398606258796,1100.8203986062588
11,806.5060150598479,1100.8065060150598
8,711.8925777749954,800.711892577775
