num_vehicles,distance,fitness
5,512.8102709016586,500.51281027090164
5,596.2998271491024,500.5962998271491
5,603.6858773477458,500.60368587734774
5,519.1927032465961,500.5191927032466
5,532.4631899260432,500.53246318992603
6,656.7449493844907,600.6567449493845
5,573.8049400105857,500.5738049400106
9,936.0887523073922,900.9360887523073
9,806.2095654496671,900.8062095654496
8,681.5498667964496,800.6815498667964
6,728.1092442784164,600.7281092442785
6,706.0068907421037,600.7060068907421
6,615.7508223880261,600.615750822388
7,705.2109565833431,700.7052109565833
7,677.6036297671914,700.6776036297672
7,709.9667856824669,700.7099667856825
6,611.2687632571212,600.6112687632572
8,770.8603546904008,800.7708603546904
8,800.2869066886748,800.8002869066887
9,788.9019218114523,900.7889019218114
