num_vehicles,distance,fitness
5,555.9485643976219,500.5559485643976
5,559.8356656368858,500.5598356656369
5,590.6495064444388,500.59064950644444
7,759.1693233804922,700.7591693233805
7,725.7760044967314,700.7257760044968
5,731.3563780054812,500.7313563780055
7,707.021219607305,700.7070212196073
7,805.1671488207508,700.8051671488207
8,877.3708853427174,800.8773708853428
5,700.2129180260682,500.70021291802607
7,745.8233538472844,700.7458233538473
6,658.1586112866914,600.6581586112867
7,784.6464949300806,700.78464649493
5,720.605726076616,500.7206057260766
8,833.332779985211,800.8333327799852
7,736.3214952531184,700.7363214952532
6,747.1585456864025,600.7471585456864
4,700.9247420292484,400.70092474202926
6,710.3116700263414,600.7103116700264
6,774.6731642326699,600.7746731642327
