num_vehicles,distance,fitness
5,534.3361221591722,500.5343361221592
5,541.437759278243,500.54143775927827
5,622.5885580540651,500.6225885580541
5,592.4528304725212,500.5924528304725
5,582.4999817568735,500.5824999817569
5,617.8016423720208,500.617801642372
5,615.2456188915232,500.61524561889155
5,561.9356544715316,500.56193565447154
5,612.9148166179264,500.61291481661794
5,599.6291608405412,500.59962916084055
5,724.0716474087599,500.7240716474088
6,702.7245883864593,600.7027245883864
5,687.35057018563,500.68735057018563
6,740.9914098114409,600.7409914098114
5,760.4770886882927,500.7604770886883
4,761.6704700596018,400.7616704700596
5,677.8477529749302,500.6778477529749
5,740.2102396544556,500.74021023965446
7,725.7898204013645,700.7257898204014
5,690.1760388800294,500.69017603888005
