num_vehicles,distance,fitness
5,518.2594252824524,500.51825942528245
6,482.89350095668266,600.4828935009567
5,584.3052427476239,500.58430524274763
5,477.38666037792694,500.47738666037793
5,510.4483136151753,500.5104483136152
5,520.119757436358,500.52011975743636
7,552.0513246182436,700.5520513246182
5,498.8337253910158,500.498833725391
5,485.85763388236666,500.48585763388235
6,600.1199333252266,600.6001199333252
5,525.9001286034315,500.52590012860344
6,672.5443974886548,600.6725443974887
6,593.3028851107258,600.5933028851107
6,618.4073523897481,600.6184073523898
7,610.181158171013,700.610181158171
8,709.0511895518729,800.7090511895519
6,533.4951415979676,600.533495141598
6,616.8713458267043,600.6168713458267
5,619.5246457311442,500.61952464573113
5,573.4864248235127,500.5734864248235
