num_vehicles,distance,fitness
5,466.50342106065915,500.4665034210607
6,486.3446475682332,600.4863446475682
5,470.9376811577988,500.4709376811578
6,474.11885871761336,600.4741188587176
5,449.57061432816266,500.44957061432814
6,689.4033279953824,600.6894033279954
6,498.9464393687164,600.4989464393688
6,540.1322588629131,600.540132258863
7,613.2733778376968,700.6132733778377
6,610.0908585152656,600.6100908585153
6,692.609413674653,600.6926094136746
6,661.3300724465063,600.6613300724465
6,581.3317354910084,600.5813317354911
5,587.7606026908596,500.5877606026909
6,690.7387379433093,600.6907387379433
6,621.2040190675074,600.6212040190675
6,650.0183561001749,600.6500183561002
6,662.4796932934212,600.6624796932934
6,567.4345383512746,600.5674345383512
6,525.9840395505344,600.5259840395505
