num_vehicles,distance,fitness
5,492.8496652239143,500.4928496652239
5,472.68624456422117,500.4726862445642
6,498.6216645130596,600.498621664513
5,562.9115518350693,500.56291155183504
5,489.1840422530071,500.489184042253
5,652.3845873955797,500.6523845873956
6,673.6902862613842,600.6736902862614
5,705.4550884324317,500.7054550884324
7,639.0682816641499,700.6390682816641
6,635.8101434835702,600.6358101434836
7,694.8866509512451,700.6948866509513
6,662.011580917317,600.6620115809174
7,679.7175409382779,700.6797175409383
5,547.7124939891545,500.54771249398914
6,573.4004069468841,600.5734004069469
5,613.5135996858896,500.6135135996859
6,533.1627222933369,600.5331627222934
6,719.3259696042546,600.7193259696043
5,586.5980445014111,500.5865980445014
6,616.2383871554181,600.6162383871554
