num_vehicles,distance,fitness
8,800.9792222618502,800.8009792222618
12,927.6852112109118,1200.927685211211
12,977.8668382677412,1200.9778668382678
17,1086.2067139395856,1701.0862067139396
11,832.1568626318145,1100.8321568626318
12,891.4595396429463,1200.891459539643
14,999.8039582778455,1400.9998039582779
15,1029.9101879304567,1501.0299101879305
15,1002.5062987305809,1501.0025062987306
15,1034.9888176573095,1501.0349888176572
14,970.9311943649499,1400.970931194365
14,979.2900310298204,1400.97929003103
16,1058.2281343993286,1601.0582281343993
14,943.2115113842414,1400.9432115113843
15,1016.5192634063484,1501.0165192634063
17,998.1727714795858,1700.9981727714796
13,902.5652635266841,1300.9025652635266
14,984.7597700118705,1400.9847597700118
13,876.2150669347415,1300.8762150669347
14,1042.2408471125166,1401.0422408471125
