num_vehicles,distance,fitness
7,743.2970155147732,700.7432970155148
7,803.459407896053,700.8034594078961
7,806.5483874510243,700.806548387451
7,706.2091112555214,700.7062091112555
6,635.8761682391234,600.6358761682392
6,737.9447305944565,600.7379447305944
7,737.7778131714556,700.7377778131714
7,812.937205660126,700.8129372056601
10,1063.5512836804985,1001.0635512836805
9,893.9504921079869,900.8939504921079
10,974.7356695071825,1000.9747356695071
10,949.3915056474751,1000.9493915056474
10,1039.3749202552954,1001.0393749202553
9,833.9662319577266,900.8339662319577
9,874.0158140337122,900.8740158140337
10,922.2057981832509,1000.9222057981832
10,946.9760075769426,1000.946976007577
10,919.5711161519948,1000.919571116152
10,979.6265325483591,1000.9796265325483
10,988.187184881689,1000.9881871848817
