num_vehicles,distance,fitness
7,864.4833286468569,700.8644833286469
12,923.312207943248,1200.9233122079434
10,829.3068429050364,1000.829306842905
11,891.6205608234714,1100.8916205608234
10,816.9380385895605,1000.8169380385896
7,725.3606407771508,700.7253606407771
9,765.5744022385984,900.7655744022386
12,894.5057064013499,1200.8945057064013
12,911.2377864818324,1200.911237786482
10,819.4254568546299,1000.8194254568547
12,916.652065227712,1200.9166520652277
11,960.5501122031073,1100.960550112203
13,1015.3196220676275,1301.0153196220676
10,994.8354352094576,1000.9948354352094
11,906.1398592944732,1100.9061398592944
12,973.5292917293134,1200.9735292917294
15,1063.3609945588887,1501.063360994559
12,929.6810084474606,1200.9296810084475
14,991.8219699291832,1400.991821969929
12,1033.6181902612507,1201.0336181902612
