num_vehicles,distance,fitness
7,818.2437983267619,700.8182437983268
6,817.069511134847,600.8170695111348
6,812.2332714063015,600.8122332714063
6,851.8241975580839,600.8518241975581
8,907.9462079468183,800.9079462079468
10,956.4869436609843,1000.9564869436609
8,854.682365614291,800.8546823656143
8,836.3580559287508,800.8363580559287
10,898.1142350986718,1000.8981142350987
7,804.8237537834301,700.8048237537835
8,1010.7610663304506,801.0107610663305
8,1034.2982261067723,801.0342982261068
8,938.9059293931131,800.9389059293931
9,963.6128024890722,900.963612802489
8,847.8187621811819,800.8478187621812
8,839.3805863349517,800.839380586335
8,986.8469661433712,800.9868469661434
8,950.7621308790895,800.9507621308791
9,840.0508479481357,900.8400508479482
9,905.9357095638939,900.9059357095639
