num_vehicles,distance,fitness
7,875.9048735512156,700.8759048735512
6,836.5428858879893,600.836542885888
6,842.7002240407519,600.8427002240408
7,840.5792797626239,700.8405792797627
8,1005.206106617685,801.0052061066177
8,998.4043657532799,800.9984043657532
8,902.0224993906251,800.9020224993906
9,992.433590725783,900.9924335907258
9,932.8133872436584,900.9328133872436
8,955.1892790241407,800.9551892790241
9,1010.3025535298426,901.0103025535299
8,908.027727282187,800.9080277272822
7,914.7132002268057,700.9147132002269
8,920.6078146762842,800.9206078146763
8,883.8508736681663,800.8838508736682
7,911.6863315796198,700.9116863315796
8,897.2691257274031,800.8972691257273
8,972.4992144104455,800.9724992144104
8,922.3930601616319,800.9223930601617
7,969.4218673737366,700.9694218673737
