num_vehicles,distance,fitness
6,762.3946846662257,600.7623946846662
7,726.8927218402857,700.7268927218403
6,718.2081889848978,600.7182081889849
6,779.473036026388,600.7794730360264
6,706.2566768540753,600.7062566768541
9,904.9594859202821,900.9049594859202
8,890.5886436162058,800.8905886436162
7,994.2805993356097,700.9942805993356
9,963.3633998134889,900.9633633998135
8,885.5061089756603,800.8855061089756
8,856.2661227780166,800.856266122778
7,864.4458364702293,700.8644458364703
7,843.680087905102,700.8436800879051
8,884.815142006385,800.8848151420063
8,883.4694240768814,800.8834694240769
9,1046.0827334671171,901.0460827334671
9,927.6088117203683,900.9276088117203
8,866.8854518728208,800.8668854518728
8,895.3352083622995,800.8953352083623
8,835.6153190502533,800.8356153190502
