num_vehicles,distance,fitness
7,842.8913236348984,700.842891323635
6,762.261515544972,600.762261515545
7,788.8376817818305,700.7888376817818
6,812.5931215626744,600.8125931215627
6,765.735955037254,600.7657359550373
10,904.0731598088776,1000.9040731598088
9,923.1918695142203,900.9231918695142
9,900.0290762340518,900.9000290762341
8,831.8758668902535,800.8318758668903
11,1020.9137829790021,1101.020913782979
9,885.6929107470389,900.885692910747
7,936.8794365634752,700.9368794365635
8,789.1725065723642,800.7891725065724
8,878.8217742709124,800.8788217742709
8,909.6455887700034,800.90964558877
9,925.3509756553677,900.9253509756554
10,935.9952601814056,1000.9359952601814
8,914.862146252606,800.9148621462526
9,997.7175014447014,900.9977175014448
9,912.5481828452337,900.9125481828453
