num_vehicles,distance,fitness
4,848.564939599413,400.84856493959944
4,864.2994121886647,400.86429941218864
4,908.3349098178618,400.9083349098179
4,769.4853632816714,400.76948536328166
4,890.9318245478854,400.89093182454786
5,887.8524113753024,500.8878524113753
4,1007.6309941365838,401.0076309941366
4,893.615877888617,400.89361587788864
7,857.729702745999,700.857729702746
5,893.1615757294933,500.8931615757295
6,1000.5825722038173,601.0005825722038
6,912.6525326185476,600.9126525326185
7,894.1724328971671,700.8941724328972
6,1002.242035787424,601.0022420357874
7,959.4962701052184,700.9594962701052
6,1018.7970350472574,601.0187970350472
7,948.2897987434098,700.9482897987434
5,900.0345351701145,500.9000345351701
5,790.9732735771374,500.79097327357715
6,919.6790757143126,600.9196790757143
