num_vehicles,distance,fitness
4,1071.3637846072347,401.07136378460723
4,1012.577870073372,401.01257787007336
4,1030.0618697221862,401.0300618697222
5,925.8365091769971,500.925836509177
5,972.9880464797227,500.9729880464797
4,991.3619149151352,400.99136191491516
4,1108.7251187837164,401.1087251187837
5,926.5709292168815,500.9265709292169
6,936.1608362389347,600.936160836239
5,949.3994921188635,500.94939949211886
5,905.0436003362171,500.9050436003362
4,913.0890036618775,400.91308900366187
7,1035.2452991583582,701.0352452991583
6,1019.6547087890793,601.0196547087891
5,1019.604508829357,501.01960450882933
5,919.4220638282028,500.9194220638282
7,1008.7574334677546,701.0087574334677
7,932.3634367286933,700.9323634367287
5,1000.8094064764432,501.00080940647644
6,948.7396537455577,600.9487396537455
