num_vehicles,distance,fitness
4,937.6570066368039,400.9376570066368
4,838.337561259242,400.83833756125927
4,925.9378671834324,400.92593786718345
4,988.4703106536073,400.9884703106536
4,945.6706847719978,400.945670684772
4,892.1853938295824,400.8921853938296
4,836.3196568180803,400.8363196568181
4,864.4622907368231,400.8644622907368
5,985.0418186261128,500.9850418186261
4,909.7305124264843,400.9097305124265
5,1013.49774889341,501.0134977488934
5,946.4925054329368,500.94649250543296
5,873.3259986124842,500.8733259986125
4,969.4009488000295,400.96940094880006
5,953.8341701059363,500.95383417010595
5,949.6178202666015,500.9496178202666
5,925.7322593514339,500.92573225935143
5,953.0076149787158,500.95300761497873
4,889.4192729935141,400.8894192729935
6,997.0226333664243,600.9970226333664
