num_vehicles,distance,fitness
4,887.2260787198006,400.8872260787198
4,884.9036140754092,400.8849036140754
4,930.6814576896912,400.9306814576897
4,932.6925162865705,400.9326925162866
4,926.5920310846843,400.9265920310847
5,841.7531395270736,500.8417531395271
5,831.650943236576,500.8316509432366
4,932.6450516087625,400.93264505160874
4,820.4918531686558,400.8204918531687
5,959.9514569379162,500.9599514569379
5,1057.3734918288849,501.0573734918289
5,873.2828155346285,500.87328281553465
5,932.8974561397256,500.9328974561397
5,927.6874277451974,500.9276874277452
5,904.3439841693552,500.9043439841694
5,956.4483288530953,500.95644832885307
5,890.5497390115777,500.8905497390116
4,804.7170259049299,400.80471702590495
5,842.4936137957727,500.8424936137958
5,886.1406939793742,500.88614069397937
