num_vehicles,distance,fitness
4,1099.2379083158141,401.0992379083158
4,1061.7240863898585,401.06172408638986
4,1062.3348471140555,401.0623348471141
6,893.6542135940416,600.893654213594
6,857.5427827595406,600.8575427827595
6,974.590633395205,600.9745906333952
5,1017.9734320277485,501.01797343202776
5,949.9206013812407,500.9499206013812
6,960.2739371460898,600.9602739371461
5,923.5485771462264,500.9235485771462
5,908.0489726086588,500.90804897260864
5,834.1154376107136,500.8341154376107
5,973.068411008659,500.9730684110087
5,929.1682783331959,500.9291682783332
4,833.7000675919805,400.83370006759196
4,941.4691202431779,400.9414691202432
5,953.2146535061817,500.95321465350617
6,857.1833773330155,600.8571833773331
5,987.4305603424882,500.9874305603425
5,905.8780205886703,500.90587802058866
