num_vehicles,distance,fitness
4,954.4951724086313,400.95449517240866
4,894.2182043842527,400.89421820438423
4,971.5868950046823,400.9715868950047
4,865.7995148865557,400.86579951488653
4,851.2219826973082,400.8512219826973
4,831.4209772482906,400.8314209772483
5,995.7134456249252,500.9957134456249
5,958.8269323619764,500.958826932362
5,872.2481196978453,500.8722481196979
5,863.510744963274,500.86351074496326
5,1025.8953490296653,501.02589534902967
5,921.9135742093965,500.9219135742094
5,888.2851663811335,500.88828516638114
5,855.080657583045,500.855080657583
5,973.6448260555322,500.97364482605553
5,891.6882415242931,500.8916882415243
5,704.7729882927729,500.70477298829275
5,915.4070938080725,500.9154070938081
5,892.2406715555863,500.8922406715556
4,828.3958807191304,400.82839588071914
