num_vehicles,distance,fitness
4,877.1580260263885,400.8771580260264
4,862.0690278922682,400.8620690278923
4,879.7235755733984,400.8797235755734
4,885.982481478199,400.8859824814782
4,960.0289413479633,400.96002894134796
4,909.2750469460973,400.9092750469461
4,873.7330073424673,400.8737330073425
5,830.8336686235621,500.83083366862354
4,969.6925441950318,400.969692544195
5,927.9645019793813,500.9279645019794
4,1023.2319683383319,401.02323196833834
4,966.4569898652169,400.9664569898652
4,955.739537305607,400.9557395373056
4,837.5191364492237,400.8375191364492
5,889.7284807175764,500.88972848071757
5,911.0387017001374,500.91103870170014
5,815.90270817745,500.8159027081775
5,853.894173949862,500.85389417394987
4,919.6573978902923,400.9196573978903
4,1001.9317498120423,401.00193174981206
