num_vehicles,distance,fitness
8,1070.571296979287,801.0705712969793
8,955.0434772460706,800.955043477246
8,1102.2575618201201,801.1022575618201
7,959.3321581903194,700.9593321581904
8,1044.5854935465009,801.0445854935465
8,1209.8569081970095,801.209856908197
9,1196.8713313955018,901.1968713313955
9,1163.7657651634881,901.1637657651635
8,1224.4948582189668,801.2244948582189
9,1138.375660042949,901.1383756600429
7,1042.2981709095143,701.0422981709095
8,1102.7152693121895,801.1027152693122
8,1113.939019234839,801.1139390192349
9,1107.0812771522556,901.1070812771522
8,1067.9673630106481,801.0679673630107
8,1040.1611680245132,801.0401611680245
8,1171.9756257831427,801.1719756257831
8,1132.5992210925424,801.1325992210925
8,924.6886157364512,800.9246886157365
9,1033.3553807566143,901.0333553807566
