num_vehicles,distance,fitness
7,792.558481332472,700.7925584813324
7,993.6412877736763,700.9936412877737
7,869.1250789144049,700.8691250789144
7,830.3257463102952,700.8303257463103
7,970.3996342752846,700.9703996342753
7,825.9736251184088,700.8259736251184
7,951.574928574087,700.9515749285741
7,828.3986567688498,700.8283986567689
10,1148.6614133741623,1001.1486614133742
9,970.8930608696509,900.9708930608697
8,922.0671493756403,800.9220671493756
9,1124.9727682860419,901.124972768286
9,981.3838875279071,900.981383887528
9,962.8385251474778,900.9628385251475
9,1065.4977356723646,901.0654977356724
9,1059.7213512977364,901.0597213512978
9,1013.7001900324349,901.0137001900324
10,1210.7736753977074,1001.2107736753977
10,1047.0423398250575,1001.0470423398251
9,950.430030469698,900.9504300304696
