num_vehicles,distance,fitness
7,691.9245200332821,700.6919245200332
9,840.4338160380069,900.8404338160381
8,949.1055432685887,800.9491055432686
8,859.4194545788655,800.8594194545789
7,694.012152472168,700.6940121524722
9,856.2806895310212,900.856280689531
10,1114.3026381678453,1001.1143026381678
10,1041.2703766999591,1001.0412703766999
11,1069.2103368278156,1101.0692103368278
10,1138.189100812179,1001.1381891008122
12,1183.3345965206197,1201.1833345965206
10,1039.704061143489,1001.0397040611435
9,1059.9336603298816,901.0599336603299
12,1191.1435294251305,1201.191143529425
10,1034.0718774584539,1001.0340718774585
12,1307.3969964434723,1201.3073969964435
10,942.8713449101172,1000.9428713449101
10,1096.4661597954987,1001.0964661597955
10,1202.1058256287483,1001.2021058256288
9,1010.875324268878,901.0108753242689
