num_vehicles,distance,fitness
8,894.5607712993112,800.8945607712993
9,859.1471182799601,900.8591471182799
12,1079.923920985585,1201.0799239209855
10,1014.3931265146168,1001.0143931265146
11,1041.0089172565035,1101.0410089172565
12,1148.4554298157698,1201.1484554298158
12,1110.634702545688,1201.1106347025457
12,1232.4536223095465,1201.2324536223095
11,1066.6543441166211,1101.0666543441166
10,1094.6177768660216,1001.094617776866
12,1164.7761424132152,1201.1647761424133
12,1096.8272032616967,1201.0968272032617
12,1230.701014644807,1201.2307010146449
10,902.4384747548011,1000.9024384747548
10,1218.1718019758855,1001.2181718019759
10,906.5476643326658,1000.9065476643327
12,1255.6813217811712,1201.2556813217811
12,1357.336149026386,1201.3573361490264
11,1128.33779299009,1101.1283377929901
10,1008.7907951756522,1001.0087907951756
