num_vehicles,distance,fitness
5,1306.6275740598305,501.3066275740598
5,1254.3719204867016,501.2543719204867
5,1073.6164446762818,501.0736164446763
5,875.2014540225387,500.87520145402254
5,1153.34004150294,501.15334004150293
4,886.9605407144641,400.8869605407145
5,1275.1416071412793,501.2751416071413
5,1029.437795220053,501.0294377952201
5,1146.8470801481997,501.1468470801482
5,1399.5750994633768,501.3995750994634
5,1085.283807240434,501.08528380724044
5,1184.600809476943,501.18460080947693
5,1242.6069216505202,501.2426069216505
5,1252.167396061158,501.25216739606117
4,962.0351079768393,400.9620351079768
5,1064.868587151113,501.0648685871511
5,1064.7097993946347,501.0647097993946
5,1170.8782409835399,501.17087824098354
5,1221.6375588400597,501.2216375588401
5,1206.3018523231694,501.2063018523232
