num_vehicles,distance,fitness
5,1088.2573579320474,501.08825735793204
5,1353.8350296555775,501.35383502965556
5,1106.1413571355465,501.1061413571355
5,987.0405278064758,500.98704052780647
5,1018.4928650055175,501.0184928650055
5,1015.0871202113868,501.0150871202114
4,1089.5224307434144,401.0895224307434
6,1257.3524881425124,601.2573524881425
6,1324.4003471672136,601.3244003471672
5,1075.0499482311557,501.07504994823114
5,1083.0692363447768,501.0830692363448
6,1148.0989544770139,601.1480989544771
6,1306.6989454123916,601.3066989454123
6,1284.1491610513456,601.2841491610513
6,1402.8540124912836,601.4028540124913
7,1316.8232040188134,701.3168232040188
6,1028.4681514096376,601.0284681514096
5,1251.653387137333,501.2516533871373
6,1247.0834479215468,601.2470834479216
5,1134.7671289908642,501.13476712899086
