num_vehicles,distance,fitness
5,1310.0844333327757,501.3100844333328
5,1092.255222783739,501.09225522278376
5,1106.2914154213368,501.1062914154213
5,1056.4864289946863,501.0564864289947
5,1161.8764675283137,501.1618764675283
5,1003.3381940749475,501.00333819407496
4,1089.714806805764,401.0897148068058
5,941.4058546833219,500.9414058546833
5,1106.0658020897756,501.1060658020898
5,1047.1957958134415,501.0471957958134
6,1157.9580072192437,601.1579580072192
5,1142.5555940527322,501.14255559405274
5,1147.9376175361074,501.1479376175361
5,1108.2294290662817,501.1082294290663
6,1193.5129010197418,601.1935129010197
6,1348.1412347459454,601.348141234746
5,1158.4926500632994,501.1584926500633
5,963.0131065558227,500.9630131065558
6,1243.09479076926,601.2430947907693
6,1181.132044451102,601.1811320444511
