num_vehicles,distance,fitness
4,1067.7019895573885,401.0677019895574
5,1059.6750827224303,501.05967508272244
5,1255.874115667563,501.25587411566755
5,1131.2486147038387,501.13124861470385
5,1214.6653027502937,501.2146653027503
4,984.0429490850286,400.98404294908505
4,1031.819813974067,401.03181981397404
5,1127.4067958859246,501.1274067958859
6,1159.8491190584318,601.1598491190584
4,1011.170920670331,401.01117092067034
5,1261.1561642733195,501.2611561642733
5,965.0490554078204,500.9650490554078
5,1354.3759281629384,501.35437592816294
5,1246.8954717861989,501.2468954717862
5,1166.6964880697606,501.16669648806976
4,1071.290819944372,401.07129081994435
4,986.7735718696862,400.98677357186966
4,1241.7834011527464,401.24178340115276
5,1213.6285423897543,501.21362854238976
5,1157.6308312276078,501.1576308312276
