num_vehicles,distance,fitness
4,1081.4010688547528,401.08140106885475
5,988.1901730199063,500.9881901730199
4,859.7808094072949,400.8597808094073
5,1002.3558526762215,501.0023558526762
5,1008.1262348433194,501.0081262348433
5,1259.2569360261014,501.2592569360261
5,1048.886350374734,501.04888635037474
4,1050.81165450648,401.0508116545065
5,938.8228908574242,500.9388228908574
5,1309.9084979887039,501.3099084979887
6,1188.6908430064486,601.1886908430065
6,1339.702947704499,601.3397029477045
8,1291.3742996488177,801.2913742996489
5,1190.2397915628885,501.1902397915629
6,1246.333962248084,601.2463339622481
7,1268.3582979704572,701.2683582979705
7,1182.2322424209435,701.1822322424209
6,1075.6329161034416,601.0756329161035
6,1239.9305544518247,601.2399305544518
6,1024.9682401964078,601.0249682401964
