num_vehicles,distance,fitness
5,1156.9680017061987,501.1569680017062
4,1306.5644628683456,401.3065644628683
5,872.8929154400415,500.87289291544005
5,1175.9546822001903,501.1759546822002
5,902.2847778969283,500.9022847778969
5,1029.4083468471827,501.02940834684716
5,1254.2184564527652,501.25421845645275
5,1194.0893100321628,501.19408931003215
5,1150.088691809001,501.150088691809
5,1115.291712254462,501.1152917122545
5,1039.42656850766,501.0394265685077
5,1222.5157871350839,501.2225157871351
4,942.5083272017289,400.9425083272017
5,998.0588050592934,500.9980588050593
5,1201.4256334859049,501.2014256334859
5,1220.7504775440434,501.220750477544
5,1269.8660697916187,501.26986606979165
5,1065.160581302683,501.0651605813027
5,1056.0809011912097,501.0560809011912
4,1067.3475726666125,401.0673475726666
