num_vehicles,distance,fitness,time
1.0,501.82701197658605,100.50182701197659,266.62255215644836
