num_vehicles,distance,fitness,time
1.0,501.82701197658605,100.50182701197659,266.62255215644836
1.0,503.66071368006226,100.50366071368006,302.55398440361023
1.0,501.82701197658605,100.50182701197659,275.99415493011475
1.0,503.66071368006226,100.50366071368006,304.4424111843109
