num_vehicles,distance,fitness
7,537.3913739362137,700.5373913739362
8,607.9756558870547,800.607975655887
8,613.747771270178,800.6137477712701
12,789.3900282218299,1200.7893900282218
8,633.6288591687603,800.6336288591688
9,598.297135434266,900.5982971354342
8,539.308281593169,800.5393082815932
9,579.0789464517026,900.5790789464517
9,635.0205134939445,900.6350205134939
9,709.7846705911877,900.7097846705911
10,663.9582653701677,1000.6639582653702
10,686.7231248670439,1000.6867231248671
10,724.6593879719214,1000.7246593879719
9,689.9438009234722,900.6899438009235
13,799.0041248614295,1300.7990041248615
12,766.7052944378787,1200.7667052944378
10,602.4988844497541,1000.6024988844498
9,676.6238312111432,900.6766238312111
10,644.7686519563871,1000.6447686519564
9,669.4151661210035,900.669415166121
