num_vehicles,distance,fitness
6,447.6452532027363,600.4476452532027
8,540.6194875825169,800.5406194875825
7,558.906731941858,700.5589067319419
9,622.2615302427363,900.6222615302428
9,639.3951919764021,900.6393951919764
8,589.7076512947647,800.5897076512948
9,740.4179399972786,900.7404179399973
8,658.954331165254,800.6589543311652
9,625.2701294236917,900.6252701294237
8,646.7648654419297,800.6467648654419
8,669.6774180181783,800.6696774180182
10,763.2844331699761,1000.7632844331699
9,699.6101802334884,900.6996101802334
8,645.4928709228654,800.6454928709229
8,608.7872786025765,800.6087872786026
9,627.691406836206,900.6276914068362
10,748.099140844856,1000.7480991408448
10,712.2372358792467,1000.7122372358792
7,612.4682733527083,700.6124682733528
7,525.3524675581689,700.5253524675582
