num_vehicles,distance,fitness
7,495.26436520284466,700.4952643652028
7,505.8236388308993,700.5058236388309
7,585.0010783400083,700.58500107834
6,517.0119117056911,600.5170119117057
7,588.9017341371499,700.5889017341372
7,587.706281316935,700.587706281317
8,724.4975694131977,800.7244975694132
8,716.4970790966343,800.7164970790966
7,656.1397278758911,700.6561397278759
8,712.088762323414,800.7120887623234
9,688.2195586729326,900.6882195586729
8,705.6404603392232,800.7056404603392
8,730.4405763005959,800.7304405763006
8,682.3705959180515,800.6823705959181
7,616.6806497215046,700.6166806497215
8,677.4914226757267,800.6774914226758
8,655.9210230496269,800.6559210230496
7,666.7620534454809,700.6667620534455
8,671.3006941608252,800.6713006941608
9,795.1492516040418,900.795149251604
