num_vehicles,distance,fitness
7,512.2931205274929,700.5122931205275
6,504.038904464671,600.5040389044647
7,600.5826056515334,700.6005826056515
7,625.2440730095183,700.6252440730095
6,475.499726176826,600.4754997261768
6,563.30491453142,600.5633049145314
7,648.572652081982,700.648572652082
7,595.5049477075108,700.5955049477075
6,551.6375935865428,600.5516375935865
6,639.6554820089029,600.639655482009
8,685.8075162015733,800.6858075162015
8,730.5427388334981,800.7305427388335
7,652.1531747296167,700.6521531747296
8,609.7770794463489,800.6097770794463
8,646.9061624935881,800.6469061624936
8,648.5743450326988,800.6485743450327
7,608.2558635214001,700.6082558635214
7,653.2784238096065,700.6532784238096
7,651.9655074362552,700.6519655074362
8,745.8600737722303,800.7458600737722
