num_vehicles,distance,fitness
7,599.946623310844,700.5999466233109
7,629.9762744356872,700.6299762744356
7,649.6116648440644,700.6496116648441
7,675.8744852826561,700.6758744852826
8,656.0293529655165,800.6560293529656
8,579.5609257710919,800.5795609257711
8,746.6114608625326,800.7466114608625
8,623.8569777150121,800.623856977715
11,769.6782644912057,1100.7696782644912
8,621.7394011004823,800.6217394011005
9,725.2242381409887,900.725224238141
8,781.0770170521865,800.7810770170522
9,727.560415243488,900.7275604152435
9,680.7629413959253,900.6807629413959
9,721.2701851563138,900.7212701851563
7,642.3887541682325,700.6423887541682
11,772.3239998437314,1100.7723239998438
8,603.9164844910574,800.603916484491
8,676.04382521376,800.6760438252138
8,645.8657858371625,800.6458657858371
