num_vehicles,distance,fitness
7,664.5333586844342,700.6645333586845
7,627.7590443301091,700.6277590443301
8,615.8416340235403,800.6158416340236
8,650.1294147796024,800.6501294147796
7,614.8233971739749,700.614823397174
8,651.8483891194021,800.6518483891194
7,607.8067097355847,700.6078067097355
7,618.3548631556138,700.6183548631556
9,739.976289035492,900.7399762890354
7,601.3894744435418,700.6013894744435
7,595.7826274630124,700.595782627463
7,514.5739595549525,700.5145739595549
7,676.1095650675367,700.6761095650676
8,638.1148009967394,800.6381148009967
8,678.9216211265336,800.6789216211265
7,676.8766290727735,700.6768766290728
7,656.0550488327078,700.6560550488327
7,561.3580501477524,700.5613580501478
8,677.6567279036899,800.6776567279037
8,686.9875279887634,800.6869875279888
