num_vehicles,distance,fitness
7,636.8199997144283,700.6368199997145
7,594.3972646769708,700.594397264677
7,699.3905979405015,700.6993905979405
6,555.3029909114645,600.5553029909115
7,738.6245109927286,700.7386245109927
7,639.1916093336237,700.6391916093336
7,645.2942810662109,700.6452942810662
7,633.2678341181045,700.6332678341181
7,676.803593468545,700.6768035934685
7,604.081588148562,700.6040815881486
7,605.0789686942912,700.6050789686943
7,686.0175471354304,700.6860175471354
7,748.063009579957,700.7480630095799
7,591.0103459645935,700.5910103459646
7,667.0975878671663,700.6670975878671
7,600.8403457629589,700.600840345763
7,630.0659985464824,700.6300659985465
8,629.8502514511641,800.6298502514512
7,623.3499889818535,700.6233499889819
8,665.1321870241372,800.6651321870241
