num_vehicles,distance,fitness
5,512.8102709016586,500.51281027090164
5,635.5907910274923,500.6355907910275
5,583.5755985668194,500.5835755985668
4,548.9597138366537,400.54895971383667
5,561.042604188901,500.5610426041889
5,563.7625480142681,500.56376254801427
5,592.1392881453667,500.59213928814535
5,511.1429727468351,500.5111429727468
7,644.6303570466972,700.6446303570467
7,782.7730740218096,700.7827730740219
7,685.5224217892683,700.6855224217893
5,701.5070325122867,500.70150703251227
10,719.8686986065651,1000.7198686986065
8,732.1742118548163,800.7321742118548
8,750.3553884418403,800.7503553884418
8,769.6313755458101,800.7696313755458
6,800.5481536089156,600.8005481536089
8,696.112290510533,800.6961122905105
8,705.9701146046659,800.7059701146046
8,762.7419247704903,800.7627419247705
