num_vehicles,distance,fitness
5,555.9485643976219,500.5559485643976
5,626.9388177010667,500.62693881770105
5,581.8081787900567,500.5818081787901
5,579.2543761099635,500.57925437611
5,612.1092837536535,500.6121092837536
6,775.7683753382441,600.7757683753382
7,711.3795264380861,700.7113795264381
7,839.29785619047,700.8392978561905
5,687.0621159318596,500.68706211593184
6,690.220509440906,600.6902205094409
7,653.9547981251474,700.6539547981251
5,678.2420710533369,500.6782420710533
6,772.7102396171997,600.7727102396173
6,705.0305400051416,600.7050305400052
7,685.7212412978851,700.6857212412979
5,690.2748215954567,500.69027482159544
7,760.9284321801042,700.7609284321801
6,803.8266767746775,600.8038266767746
6,800.4397041985305,600.8004397041985
6,728.371037409623,600.7283710374096
