num_vehicles,distance,fitness
5,518.2594252824524,500.51825942528245
5,529.8056175262623,500.5298056175263
6,502.4185581053242,600.5024185581053
7,563.8465256223061,700.5638465256224
5,528.9015643480744,500.5289015643481
5,517.5736552767634,500.51757365527675
6,718.0283723185793,600.7180283723186
6,581.7339249226804,600.5817339249227
5,632.1518727035821,500.63215187270356
6,622.7438820169843,600.622743882017
6,602.2866081858439,600.6022866081859
5,524.6977092058788,500.5246977092059
5,568.5217677396266,500.56852176773964
6,571.7375880213325,600.5717375880213
7,640.1302683570214,700.640130268357
7,643.9898301619914,700.643989830162
6,605.5657472981798,600.6055657472982
6,614.5516924845351,600.6145516924845
6,674.0214763430853,600.6740214763431
7,587.4081671843762,700.5874081671843
