num_vehicles,distance,fitness
5,466.50342106065915,500.4665034210607
6,495.28915443699486,600.495289154437
6,486.6403098245264,600.4866403098246
6,646.2765320430912,600.6462765320431
5,604.2175545865251,500.6042175545865
6,601.7621353968217,600.6017621353968
6,725.1188946964008,600.7251188946964
5,646.4195077497566,500.6464195077498
6,656.6990655057771,600.6566990655058
6,561.291244140524,600.5612912441405
5,490.1080182137483,500.49010801821373
5,632.3928680135264,500.63239286801354
5,621.9459188651626,500.62194591886515
6,551.3581739196729,600.5513581739197
6,590.5013179733686,600.5905013179733
6,560.0847160843515,600.5600847160844
6,670.5586601810197,600.670558660181
6,664.430070469275,600.6644300704693
7,668.7232989017158,700.6687232989017
7,626.1937050724606,700.6261937050724
