num_vehicles,distance,fitness
8,800.9792222618502,800.8009792222618
12,887.0287740908824,1200.8870287740908
11,945.3122990949839,1100.945312299095
12,876.6430930564924,1200.8766430930566
13,958.0979012209807,1300.958097901221
12,837.6743012385749,1200.8376743012386
11,720.3031972300539,1100.7203031972301
13,966.157101195205,1300.9661571011952
14,989.663071408072,1400.9896630714081
15,1036.7718457600674,1501.03677184576
13,938.4538995533075,1300.9384538995532
15,1085.1980492981654,1501.0851980492982
13,955.293059424445,1300.9552930594245
13,976.3210142173899,1300.9763210142173
14,928.9360657064518,1400.9289360657065
14,996.405983680783,1400.9964059836807
12,883.0223216733996,1200.8830223216735
13,905.3188369815134,1300.9053188369815
14,987.2851973537395,1400.9872851973537
15,989.9970655384204,1500.9899970655383
