num_vehicles,distance,fitness
8,801.6266998825827,800.8016266998826
11,825.9939688565998,1100.8259939688567
8,765.5817750386001,800.7655817750386
10,834.389642302109,1000.8343896423021
11,860.0774372161483,1100.8600774372162
10,891.7522142927983,1000.8917522142928
9,788.7393116026711,900.7887393116026
9,805.0844548355365,900.8050844548355
10,915.9336448912566,1000.9159336448913
11,919.6891368087354,1100.9196891368088
11,904.4540935807522,1100.9044540935809
13,1014.638962515394,1301.0146389625154
12,940.89130521778,1200.9408913052177
14,1009.1789592308878,1401.009178959231
13,1060.633951443812,1301.0606339514438
14,1004.8139757485477,1401.0048139757484
11,1007.6939579437104,1101.0076939579437
10,904.3407370230545,1000.9043407370231
12,950.4352726632792,1200.9504352726633
13,1070.1801048408745,1301.0701801048408
