num_vehicles,distance,fitness
7,864.4833286468569,700.8644833286469
9,738.7578788946364,900.7387578788946
9,731.3372698498255,900.7313372698499
10,874.7544269665824,1000.8747544269665
10,825.6125346795484,1000.8256125346795
11,843.7928692660802,1100.843792869266
10,789.8209501471229,1000.7898209501471
11,828.7715528292051,1100.8287715528293
12,916.3438266699994,1200.91634382667
11,911.4415102114114,1100.9114415102115
12,900.9983411793032,1200.9009983411793
12,841.0368867878908,1200.8410368867878
11,839.3464242561382,1100.839346424256
11,919.3688793430897,1100.919368879343
13,973.2097250714539,1300.9732097250715
13,1003.797461552298,1301.0037974615523
11,883.9786144904124,1100.8839786144904
14,1012.6983991085152,1401.0126983991086
12,956.0608379757552,1200.9560608379757
12,991.7210621797065,1200.9917210621797
