num_vehicles,distance,fitness
6,738.2850068179622,600.7382850068179
10,873.4553789857197,1000.8734553789857
9,888.4182935694131,900.8884182935694
7,771.6054099666362,700.7716054099666
9,735.2116463061985,900.7352116463062
8,752.4813161083305,800.7524813161083
7,753.3857887895884,700.7533857887896
10,931.4288818215236,1000.9314288818215
9,867.2574134250908,900.8672574134251
8,786.0210438439444,800.7860210438439
10,962.8499317722641,1000.9628499317722
10,932.1961530263261,1000.9321961530263
11,1035.4352958939216,1101.0354352958939
9,888.5228308170488,900.888522830817
12,985.227267863663,1200.9852272678636
9,838.5013638785571,900.8385013638785
10,828.6917107117533,1000.8286917107117
10,998.5993719134754,1000.9985993719134
12,1001.0485372174365,1201.0010485372175
11,861.1965237931912,1100.8611965237933
