num_vehicles,distance,fitness
7,818.2437983267619,700.8182437983268
6,860.8199963994841,600.8608199963995
7,891.8203005946679,700.8918203005946
6,841.0874107366119,600.8410874107366
6,743.7916234405494,600.7437916234405
7,748.030793022843,700.7480307930228
8,1001.7140958593096,801.0017140958593
9,876.5159152104231,900.8765159152105
8,999.1535504697265,800.9991535504697
8,920.8935748269656,800.920893574827
10,917.953331941274,1000.9179533319412
9,908.9177982598079,900.9089177982598
9,933.3287982315156,900.9333287982315
9,949.2382434654564,900.9492382434654
11,955.030079895026,1100.955030079895
8,951.3487067065843,800.9513487067065
8,883.8922988456944,800.8838922988457
9,866.4870373443766,900.8664870373444
9,861.058795876859,900.8610587958768
11,913.9047365627985,1100.9139047365627
