num_vehicles,distance,fitness
6,762.3946846662257,600.7623946846662
7,808.8555432943795,700.8088555432944
8,766.8752457960649,800.7668752457961
6,717.2407962710456,600.7172407962711
7,809.6517112024414,700.8096517112025
8,929.3679019749691,800.929367901975
9,911.5103078905117,900.9115103078905
9,936.7059768872982,900.9367059768873
8,942.9093188860572,800.9429093188861
7,781.7713148763452,700.7817713148763
8,856.4547505955684,800.8564547505956
8,935.9289757180618,800.9359289757181
8,928.9483108255849,800.9289483108256
8,981.9221532716236,800.9819221532716
9,1007.7911548770204,901.007791154877
9,854.5676405949916,900.854567640595
9,855.0770861097575,900.8550770861098
8,905.0829537198439,800.9050829537199
8,929.2261370422334,800.9292261370422
8,892.1984164873785,800.8921984164874
