num_vehicles,distance,fitness
7,842.8913236348984,700.842891323635
7,736.5311511191162,700.7365311511192
7,700.9660636307055,700.7009660636307
6,757.765964648631,600.7577659646487
6,766.0475982817849,600.7660475982818
7,763.7066535745255,700.7637066535746
8,995.7289078513838,800.9957289078513
8,922.9619601352031,800.9229619601352
10,1052.3710984865756,1001.0523710984866
9,1003.6722007169344,901.0036722007169
9,976.1197710623562,900.9761197710624
8,1001.179006251877,801.0011790062518
9,988.5722237978653,900.9885722237979
8,944.1335814390484,800.944133581439
10,957.6749488434689,1000.9576749488434
8,833.3223405330233,800.8333223405331
9,969.3049376847935,900.9693049376848
10,1077.5263240942454,1001.0775263240943
7,905.0719429592783,700.9050719429592
9,1008.2420579934246,901.0082420579935
