num_vehicles,distance,fitness
4,918.1606608150763,400.9181606608151
6,860.0086825892181,600.8600086825892
6,911.6542813820806,600.9116542813821
9,959.9153401249818,900.959915340125
7,973.7361439341015,700.973736143934
6,896.7367552173421,600.8967367552174
7,922.0991859432349,700.9220991859432
9,1067.986673236347,901.0679866732363
7,982.7054509205628,700.9827054509205
8,992.5651559769805,800.992565155977
7,857.3951518219089,700.857395151822
8,996.8168445597066,800.9968168445597
6,770.0185473949346,600.7700185473949
7,885.3113908417616,700.8853113908417
7,902.6306709940061,700.902630670994
7,972.9921709952481,700.9729921709952
7,945.9837300100723,700.9459837300101
8,958.2656545772716,800.9582656545773
6,1018.0705549547322,601.0180705549548
6,968.1673772406164,600.9681673772407
