num_vehicles,distance,fitness
4,848.564939599413,400.84856493959944
5,938.8182022447659,500.93881820224476
6,887.1849219539793,600.887184921954
4,812.7616860131501,400.8127616860132
4,883.5868750840095,400.883586875084
5,875.6781333618632,500.8756781333619
4,840.2636089022326,400.8402636089022
4,915.4355532280467,400.91543555322806
7,958.9120448924276,700.9589120448924
7,833.8741909062747,700.8338741909063
7,1038.011876338777,701.0380118763388
7,923.4138908994975,700.9234138908995
7,942.3312020649802,700.942331202065
6,954.0000000496087,600.9540000000496
6,982.5031803471487,600.9825031803472
5,876.9362905903946,500.8769362905904
7,919.3650112685654,700.9193650112686
7,922.857518613363,700.9228575186133
6,957.9663899891654,600.9579663899891
6,969.8898805534011,600.9698898805534
