num_vehicles,distance,fitness
4,937.6570066368039,400.9376570066368
4,919.4688656362267,400.91946886563625
4,907.3851067423066,400.9073851067423
4,967.5079208593343,400.96750792085936
4,964.5980199370836,400.96459801993706
4,812.0217098944373,400.81202170989445
4,933.6873830468872,400.9336873830469
4,838.1560464315966,400.8381560464316
4,972.4017702997168,400.9724017702997
4,838.9749303920739,400.83897493039206
5,969.8390394259263,500.96983903942595
5,760.9648476857329,500.7609648476857
4,1062.513122977486,401.06251312297746
5,949.7093646376895,500.94970936463767
4,995.3933809379885,400.99539338093797
5,908.9849004413833,500.9089849004414
5,970.4221736304585,500.9704221736305
5,940.521766663351,500.9405217666633
4,878.5946332368877,400.8785946332369
4,756.3468606794245,400.7563468606794
