num_vehicles,distance,fitness
4,934.6666440653541,400.9346666440654
4,996.432990906218,400.9964329909062
4,907.2484730649415,400.90724847306495
4,888.4980374065435,400.8884980374065
4,909.8332514063957,400.9098332514064
5,971.8534235228076,500.9718534235228
4,848.1985738884414,400.84819857388845
5,942.6460554153961,500.9426460554154
5,881.4904706065267,500.88149047060654
5,921.457327798649,500.92145732779863
5,960.0163998768899,500.9600163998769
5,970.654467948208,500.97065446794824
5,984.5109837955356,500.98451098379553
5,883.3599774831566,500.88335997748317
5,820.9756194755398,500.8209756194755
5,919.5065806496583,500.9195065806497
5,847.1531577790037,500.847153157779
4,928.1642611726327,400.92816426117264
5,904.5679936015239,500.9045679936015
5,921.0318428356188,500.92103184283565
