num_vehicles,distance,fitness
4,990.4776981132496,400.99047769811324
4,993.2328180379596,400.99323281803794
4,970.4440851620064,400.970444085162
4,1058.155088068183,401.0581550880682
4,987.3433918316518,400.98734339183164
4,864.8314215483259,400.86483142154833
5,882.6851825237095,500.8826851825237
5,925.3443553778853,500.9253443553779
4,919.3269217747929,400.91932692177477
4,836.7238521105849,400.8367238521106
5,940.1024929950244,500.94010249299504
4,878.8472167250006,400.878847216725
4,874.7981845230157,400.874798184523
4,915.0286033336183,400.9150286033336
6,853.849083774849,600.8538490837749
5,930.2342927918758,500.93023429279185
5,872.7163762850721,500.8727163762851
5,798.3877430821876,500.7983877430822
5,969.4138156388661,500.96941381563886
5,948.0089854715159,500.9480089854715
