num_vehicles,distance,fitness
4,918.9340678700514,400.91893406787005
4,910.451785426173,400.9104517854262
5,909.8017901908357,500.90980179019084
4,916.8856770861842,400.91688567708616
5,832.9630735665847,500.8329630735666
4,808.2291641803672,400.8082291641804
5,844.0657109176094,500.8440657109176
4,865.7707755641502,400.86577077556416
4,855.1649211375773,400.8551649211376
4,988.6892709707728,400.9886892709708
5,931.8325681054016,500.9318325681054
5,938.9829129910366,500.93898291299104
6,1025.5696750142067,601.0255696750143
6,805.7363682842235,600.8057363682842
5,855.9679916830705,500.8559679916831
5,940.4973736002273,500.94049737360024
4,879.2267952125624,400.87922679521256
5,1001.722519220358,501.0017225192204
6,968.2661178903696,600.9682661178904
5,968.3729548360168,500.968372954836
