num_vehicles,distance,fitness
4,877.1580260263885,400.8771580260264
4,939.763506805031,400.93976350680504
4,915.7417399407682,400.91574173994076
4,893.4417029423912,400.89344170294237
4,831.9595150526584,400.83195951505263
4,878.4826755246178,400.8784826755246
4,900.5420780792933,400.9005420780793
5,890.8046693677653,500.89080466936775
4,957.7078780128592,400.95770787801285
4,932.9214998932736,400.93292149989327
4,784.1800697253038,400.7841800697253
5,944.8761668752751,500.94487616687525
4,922.43721191812,400.9224372119181
5,934.3370872579108,500.9343370872579
4,828.3221420801948,400.8283221420802
4,935.5657498515822,400.9355657498516
4,935.3054337760427,400.935305433776
4,885.5991697485148,400.8855991697485
4,837.3436035855436,400.83734360358557
4,944.3512190101887,400.9443512190102
