num_vehicles,distance,fitness
8,894.5607712993112,800.8945607712993
8,940.0795435243581,800.9400795435243
10,846.1365566603511,1000.8461365566603
8,760.053890462644,800.7600538904627
10,969.9101620602728,1000.9699101620603
8,743.071074465619,800.7430710744657
7,792.237781632697,700.7922377816327
9,933.8867601766249,900.9338867601766
9,1074.9824527506046,901.0749824527506
11,1066.7807382747162,1101.0667807382747
10,990.916503789226,1000.9909165037892
13,1312.1383616825888,1301.3121383616826
11,1020.4635446388634,1101.020463544639
12,1138.950656023983,1201.138950656024
11,1084.8388893157821,1101.0848388893157
11,1180.7824883684789,1101.1807824883685
11,978.7626547526287,1100.9787626547527
11,1275.116393260512,1101.2751163932605
11,1081.571271041898,1101.0815712710419
12,1095.3470397471863,1201.0953470397471
