num_vehicles,distance,fitness
8,759.1670203183024,800.7591670203183
8,905.6031853868727,800.9056031853869
8,941.7133394867556,800.9417133394868
8,816.4526096687441,800.8164526096688
8,898.6791105795359,800.8986791105796
8,995.5345917220645,800.995534591722
8,837.0964806320891,800.8370964806321
11,1185.3965905509822,1101.185396590551
12,1243.8331231159113,1201.243833123116
10,987.3320794030205,1000.987332079403
9,1073.7138105383635,901.0737138105384
9,1077.0175260180306,901.077017526018
10,1159.697524303668,1001.1596975243036
11,1199.0319333338946,1101.1990319333338
10,1153.2201493146204,1001.1532201493146
10,1200.2441119707553,1001.2002441119707
9,1087.73658996266,901.0877365899627
9,1253.9172064370541,901.2539172064371
10,1021.9144692084542,1001.0219144692085
10,1211.727393986811,1001.2117273939868
