num_vehicles,distance,fitness
7,791.5872570391791,700.7915872570392
7,864.0981808675356,700.8640981808676
8,899.1967437475557,800.8991967437476
7,799.3358653422737,700.7993358653423
8,1051.9521662157388,801.0519521662158
7,751.6410607752381,700.7516410607752
10,1178.1199216274688,1001.1781199216275
8,1144.1561437431387,801.1441561437431
8,1105.0969878466265,801.1050969878467
8,981.8317524822392,800.9818317524822
9,987.0311938805822,900.9870311938806
9,1099.1986864409037,901.0991986864409
8,1059.0765885034791,801.0590765885034
7,917.8588537144245,700.9178588537144
9,1223.3135609651194,901.2233135609652
8,1054.682495618105,801.0546824956181
8,1038.5310396898929,801.0385310396899
8,952.4500411007278,800.9524500411007
8,1113.4618037604316,801.1134618037604
8,995.6210376571709,800.9956210376572
