num_vehicles,distance,fitness
8,962.0780328369437,800.962078032837
8,871.1846673985613,800.8711846673986
7,734.2198017390979,700.7342198017391
9,955.6351520931123,900.9556351520931
8,846.5181579173692,800.8465181579173
8,831.7785279870327,800.831778527987
8,867.4390566308593,800.8674390566308
9,872.44511131579,900.8724451113158
8,848.0500755702983,800.8480500755703
8,814.9968334492394,800.8149968334492
8,879.6813770342143,800.8796813770342
9,866.3182165622159,900.8663182165623
10,1115.115615301414,1001.1151156153014
8,963.6248498983717,800.9636248498983
8,967.4467868136896,800.9674467868136
9,890.3900935252306,900.8903900935252
10,1198.9765883092155,1001.1989765883092
10,1167.3555107201219,1001.1673555107201
9,1163.1433256738244,901.1631433256738
10,1143.824524419283,1001.1438245244193
