num_vehicles,distance,fitness
8,1070.571296979287,801.0705712969793
7,988.4759801977219,700.9884759801977
7,977.5468842726135,700.9775468842727
7,851.6356669244852,700.8516356669245
7,1074.1616565511627,701.0741616565512
7,971.5796592924089,700.9715796592924
7,854.4763079671201,700.8544763079672
7,941.2972452330159,700.941297245233
7,865.3441483753293,700.8653441483754
7,977.2253003138305,700.9772253003139
7,886.419667553298,700.8864196675534
8,1082.2625241843477,801.0822625241843
8,1080.8443160978225,801.0808443160978
9,1214.5447461984475,901.2145447461985
8,1035.5576897162885,801.0355576897163
8,989.265377554907,800.989265377555
8,1181.7991968306746,801.1817991968306
8,1154.3815915834764,801.1543815915835
9,1144.99983790865,901.1449998379087
8,1105.3679551492005,801.1053679551492
