num_vehicles,distance,fitness
7,979.4404534601562,700.9794404534601
7,906.1439690612453,700.9061439690612
7,931.749331323008,700.931749331323
7,982.9466394013701,700.9829466394013
7,1029.5215190982692,701.0295215190982
6,806.2075752904727,600.8062075752905
7,1043.2418105595552,701.0432418105596
7,930.7581497308078,700.9307581497308
7,964.7586426787393,700.9647586426787
8,1083.1347698375062,801.0831347698376
9,1194.2366198067332,901.1942366198067
8,1190.7432899596654,801.1907432899596
8,1052.6937738764484,801.0526937738764
7,940.7667083172983,700.9407667083173
7,1138.0154055524263,701.1380154055524
8,1071.836438583935,801.0718364385839
8,1139.632518867081,801.1396325188671
7,916.959522854655,700.9169595228547
7,915.140426902965,700.915140426903
8,1183.0943245452904,801.1830943245453
