num_vehicles,distance,fitness
5,1098.2107185369055,501.0982107185369
7,960.3980003798204,700.9603980003798
5,1223.4619020656967,501.2234619020657
5,1171.470405084891,501.1714704050849
5,896.4106329432786,500.8964106329433
5,967.3301559183633,500.9673301559184
6,1088.382825787432,601.0883828257874
8,1195.9486399380248,801.195948639938
5,1113.2065313405035,501.1132065313405
6,1259.058439974335,601.2590584399743
6,1227.9326299113018,601.2279326299113
6,1392.8932978316932,601.3928932978317
7,1189.2547672676415,701.1892547672676
7,1188.5950502855483,701.1885950502856
8,1224.0126085697598,801.2240126085698
6,1107.0492549034861,601.1070492549035
7,1024.2905039676464,701.0242905039677
6,1130.8696968206364,601.1308696968206
7,1044.4920895687571,701.0444920895687
6,1198.094110313016,601.198094110313
