num_vehicles,distance,fitness
5,1206.7227033268164,501.2067227033268
5,1027.9638113547521,501.02796381135477
5,895.0361383313684,500.89503613833136
5,1167.5888275530717,501.16758882755306
6,1157.0250616206456,601.1570250616206
7,1127.0195082155753,701.1270195082155
5,1015.9030124942109,501.0159030124942
6,1131.912835113683,601.1319128351137
6,1184.058185843599,601.1840581858436
5,1066.3804944054139,501.0663804944054
5,1069.3439479331082,501.06934394793313
6,1179.1623762325196,601.1791623762325
6,1129.8167521653252,601.1298167521653
6,1278.311276390588,601.2783112763906
6,1192.4486336095054,601.1924486336095
6,1105.937979229018,601.105937979229
6,1173.3789273115992,601.1733789273115
8,1340.6466245397448,801.3406466245398
8,1290.9084437242896,801.2909084437243
7,1218.1924429803444,701.2181924429804
