num_vehicles,distance,fitness
5,1306.6275740598305,501.3066275740598
5,1072.0089599551645,501.07200895995516
5,1188.352708375238,501.18835270837525
5,917.1660129035514,500.9171660129036
4,1055.4109494836596,401.05541094948364
4,877.7390632904144,400.8777390632904
5,1200.0191639081886,501.20001916390817
5,1211.8661219539176,501.2118661219539
4,1056.819811284545,401.0568198112845
5,1265.626272486637,501.26562627248666
5,1098.7368866643035,501.0987368866643
5,1310.9730868757974,501.3109730868758
5,975.8834921838229,500.9758834921838
5,1259.0524579563805,501.2590524579564
5,1125.70293250982,501.1257029325098
5,1088.1554321272365,501.0881554321272
5,1123.1451863251145,501.12314518632513
5,1235.7843582783619,501.23578435827835
5,1221.650054789877,501.2216500547899
5,1167.1402633692753,501.1671402633693
