num_vehicles,distance,fitness
4,1067.7019895573885,401.0677019895574
4,1135.3300283781955,401.1353300283782
5,1055.2970905070883,501.0552970905071
5,1168.0038305309517,501.16800383053095
5,1215.6350966958314,501.21563509669585
5,1239.6018810637843,501.2396018810638
6,1212.4126639326498,601.2124126639327
6,1195.5839095135632,601.1955839095135
5,1047.2193414610572,501.0472193414611
6,1267.7922142517418,601.2677922142517
5,1252.0909224810218,501.25209092248105
5,1184.8311223555759,501.1848311223556
6,1349.174294187653,601.3491742941876
5,1053.6501426503626,501.0536501426504
5,943.9649234081909,500.9439649234082
6,1022.0582879851885,601.0220582879851
5,1162.4868635149219,501.1624868635149
6,1211.0053586517051,601.2110053586517
6,1105.5412990911643,601.1055412990912
6,1264.3894763361554,601.2643894763362
