num_vehicles,distance,fitness
4,1081.4010688547528,401.08140106885475
5,1222.0857164429767,501.22208571644296
5,967.5316390964234,500.9675316390964
5,1008.4810804436706,501.0084810804437
5,1127.814598830107,501.1278145988301
4,1090.6969933695798,401.0906969933696
5,1186.8268790547224,501.1868268790547
4,1066.2976788100475,401.06629767881003
5,1091.149360484769,501.0911493604848
7,1370.5637170188754,701.3705637170189
6,1078.420303998632,601.0784203039987
8,1312.7966221790984,801.3127966221791
7,1249.0409416904658,701.2490409416905
7,1196.655305385214,701.1966553053852
6,1431.4761308228221,601.4314761308228
6,1317.3714284528014,601.3173714284528
7,1162.2444674453548,701.1622444674454
6,974.6320720984912,600.9746320720985
6,1113.727539923841,601.1137275399238
8,1395.2216579424773,801.3952216579424
