num_vehicles,distance,fitness
7,537.3913739362137,700.5373913739362
8,668.8499634397454,800.6688499634397
7,610.4513352831012,700.6104513352831
10,650.3527742517657,1000.6503527742518
9,538.34654488067,900.5383465448807
8,656.1199742104855,800.6561199742105
7,553.3992493948823,700.5533992493948
11,655.3666130881043,1100.655366613088
10,635.2120381937706,1000.6352120381938
11,671.1210094868936,1100.6711210094868
11,725.376753429287,1100.7253767534294
10,674.0368936118755,1000.6740368936119
9,631.179399298651,900.6311793992986
9,602.9800172522819,900.6029800172523
11,659.0510413334523,1100.6590510413334
9,677.4424790561502,900.6774424790561
11,667.0074876453909,1100.6670074876454
11,696.613311797161,1100.6966133117971
11,735.4763793215819,1100.7354763793217
11,678.2300692353409,1100.6782300692353
