num_vehicles,distance,fitness
7,512.2931205274929,700.5122931205275
6,522.9275234940737,600.5229275234941
7,556.755691927012,700.556755691927
6,502.5372841048464,600.5025372841048
7,591.4838821970618,700.591483882197
7,593.6529416559858,700.5936529416559
7,707.086892685567,700.7070868926855
7,715.1145170460842,700.7151145170461
7,660.5078621787118,700.6605078621787
7,632.5019332928586,700.6325019332928
7,691.9870478612146,700.6919870478612
7,650.076172359732,700.6500761723597
7,690.1139311532129,700.6901139311532
7,740.6032616010098,700.740603261601
7,726.6939447170979,700.7266939447171
7,631.1246681484695,700.6311246681485
8,627.2190350146293,800.6272190350146
7,709.811931855072,700.709811931855
7,633.1366795029651,700.633136679503
8,774.5212283871665,800.7745212283871
