num_vehicles,distance,fitness
7,658.8124637298049,700.6588124637298
7,546.5124454920215,700.546512445492
8,590.9615739183772,800.5909615739183
8,664.1337024550262,800.664133702455
9,627.4647984613792,900.6274647984613
7,571.6447807499706,700.5716447807499
8,563.611744605673,800.5636117446056
7,633.760460771793,700.6337604607718
10,710.6214482835976,1000.7106214482836
10,670.9411778166236,1000.6709411778166
9,676.7207449870174,900.676720744987
10,648.7185607008419,1000.6487185607008
11,738.7176482004895,1100.7387176482005
9,703.4577016483489,900.7034577016484
10,686.4937707966858,1000.6864937707967
10,662.4774695487797,1000.6624774695488
10,703.1246800948402,1000.7031246800948
10,749.7381021267589,1000.7497381021268
8,611.303525925332,800.6113035259253
8,675.5018629604173,800.6755018629605
