num_vehicles,distance,fitness
8,516.3387731186642,800.5163387731187
8,598.6413476052946,800.5986413476053
8,494.2420436514206,800.4942420436514
10,606.2992631982803,1000.6062992631983
9,664.720356804332,900.6647203568043
8,598.8649897263821,800.5988649897264
8,523.5616505734964,800.5235616505735
10,653.3853136807364,1000.6533853136807
10,737.8507124442698,1000.7378507124442
11,718.9001309505494,1100.7189001309505
11,719.0870315020965,1100.719087031502
12,794.7699003691624,1200.7947699003691
12,696.887729440844,1200.6968877294407
11,694.1859964657615,1100.6941859964656
10,711.6307022202457,1000.7116307022202
9,700.1793050147746,900.7001793050148
9,646.598321288303,900.6465983212883
12,743.8238905675532,1200.7438238905675
11,688.8243410713562,1100.6888243410713
11,701.7840082991146,1100.7017840082992
