num_vehicles,distance,fitness
7,599.946623310844,700.5999466233109
8,648.7115039155588,800.6487115039156
7,636.5671781977558,700.6365671781978
7,572.7709199824379,700.5727709199824
7,630.6550775928179,700.6306550775928
7,559.1739892862022,700.5591739892863
8,667.8176820128579,800.6678176820128
9,722.3137147112246,900.7223137147113
7,646.4336987738293,700.6464336987739
9,717.887141949355,900.7178871419494
9,688.3141838935252,900.6883141838936
10,661.6185775841424,1000.6616185775841
9,673.2188602040517,900.6732188602041
9,684.3490526784491,900.6843490526785
8,625.6399149146498,800.6256399149147
10,680.4919408227505,1000.6804919408228
8,661.0984018472564,800.6610984018473
9,723.0497811810102,900.723049781181
8,615.0272411853947,800.6150272411854
8,655.2745971495166,800.6552745971495
