num_vehicles,distance,fitness
7,664.5333586844342,700.6645333586845
8,609.6890730038346,800.6096890730038
8,672.8681259733403,800.6728681259733
8,697.8389976497069,800.6978389976497
7,624.8032455798412,700.6248032455799
8,627.6452523855901,800.6276452523856
7,565.382976536829,700.5653829765369
8,638.9840400206075,800.6389840400207
8,637.3377723781348,800.6373377723781
8,614.8564304444251,800.6148564304444
7,555.3078821171785,700.5553078821172
7,562.2722635641721,700.5622722635642
9,708.1907651305318,900.7081907651306
8,611.54951647037,800.6115495164704
8,636.0122478178664,800.6360122478179
8,675.3805393559819,800.675380539356
8,630.0726992405312,800.6300726992405
8,665.2217872335311,800.6652217872336
8,617.5546647080351,800.617554664708
8,605.734773096786,800.6057347730967
