num_vehicles,distance,fitness
5,512.8102709016586,500.51281027090164
5,573.5747195002117,500.5735747195002
5,575.3631648391716,500.5753631648392
5,559.8128504835634,500.5598128504836
5,551.5566421322648,500.55155664213225
5,496.18368815953124,500.49618368815953
6,641.2095203579248,600.641209520358
4,564.8977692368085,400.56489776923684
5,539.3004764592735,500.5393004764593
5,609.389323904166,500.60938932390417
5,447.17876677732966,500.4471787667773
5,561.5987454682413,500.56159874546825
7,735.3898016497541,700.7353898016497
8,737.2349458881539,800.7372349458882
7,622.9562302005256,700.6229562302005
8,750.3882208358409,800.7503882208358
8,840.8777845564547,800.8408777845565
6,701.8513851161184,600.7018513851161
8,816.2395229637606,800.8162395229638
8,701.1581926250419,800.701158192625
