num_vehicles,distance,fitness
5,518.2594252824524,500.51825942528245
5,528.1804756552804,500.5281804756553
5,611.8790147919926,500.611879014792
6,489.4278988199824,600.4894278988199
6,513.9752165596487,600.5139752165596
5,491.83502666335227,500.49183502666335
7,664.8165059429666,700.664816505943
6,627.5808605425427,600.6275808605426
6,579.5196862213195,600.5795196862214
6,544.3690659802659,600.5443690659803
6,535.0645707647448,600.5350645707647
6,620.893420394054,600.620893420394
6,659.730184145342,600.6597301841454
7,634.2631410734285,700.6342631410735
7,687.4517486296386,700.6874517486297
6,603.8165121485451,600.6038165121486
7,675.8352279461955,700.6758352279462
8,633.7380500218674,800.6337380500219
7,622.9007299916949,700.6229007299917
6,591.2441682615896,600.5912441682616
