num_vehicles,distance,fitness
5,492.8496652239143,500.4928496652239
5,513.5133076094633,500.51351330760946
6,556.7584548556835,600.5567584548556
5,453.2588342275604,500.45325883422754
5,536.3146620969992,500.536314662097
6,557.8705817373516,600.5578705817373
5,499.3086620104972,500.4993086620105
5,533.3474038448801,500.53334740384486
5,518.4366444412509,500.51843664444124
6,542.8986650174141,600.5428986650174
6,659.9685493090476,600.659968549309
6,580.6220840608632,600.5806220840609
5,787.5488929668904,500.78754889296687
6,608.0982698016719,600.6080982698016
5,583.9581070025324,500.58395810700256
5,594.3931614850173,500.594393161485
6,623.160906247756,600.6231609062478
6,628.9309804616166,600.6289309804616
6,570.703532622331,600.5707035326224
6,565.8605265156957,600.5658605265157
