num_vehicles,distance,fitness
8,801.6266998825827,800.8016266998826
8,717.4382218136525,800.7174382218136
10,814.9558607102639,1000.8149558607103
10,845.7814129954459,1000.8457814129954
9,823.853439355398,900.8238534393554
13,983.8541347852511,1300.9838541347854
13,1002.9719014580398,1301.002971901458
11,848.3794090359365,1100.848379409036
11,909.7986567858196,1100.9097986567858
13,1049.1901817110945,1301.049190181711
13,934.867168061716,1300.9348671680618
10,954.7345529033626,1000.9547345529033
14,941.9022069592428,1400.9419022069592
11,977.293841952137,1100.9772938419521
12,879.8878612935185,1200.8798878612936
12,1021.6831461851667,1201.021683146185
13,912.1442390897787,1300.9121442390897
9,916.833983232588,900.9168339832326
11,905.6324123439113,1100.905632412344
9,906.2388931834487,900.9062388931834
