num_vehicles,distance,fitness
7,847.9959707224298,700.8479959707224
6,846.6858463052122,600.8466858463053
6,764.358069221069,600.7643580692211
6,746.7314518519897,600.746731451852
6,847.0195335618309,600.8470195335618
8,1021.2605637979552,801.0212605637979
9,984.1673439912527,900.9841673439912
9,925.2965440397356,900.9252965440397
9,943.9631915628968,900.943963191563
9,976.2277636421848,900.9762277636422
9,1038.843223228183,901.0388432232281
8,869.5896828137866,800.8695896828137
9,975.9533133495129,900.9759533133495
8,961.4884059303799,800.9614884059304
8,960.3723531168587,800.9603723531169
9,926.04037581585,900.9260403758159
8,960.1986857239337,800.960198685724
8,895.8725310426302,800.8958725310426
9,920.166691170811,900.9201666911708
9,949.3321354317364,900.9493321354317
