num_vehicles,distance,fitness
7,818.2437983267619,700.8182437983268
7,830.2548779357836,700.8302548779358
6,814.0049630161132,600.8140049630161
6,762.0935566267824,600.7620935566268
6,791.702768532648,600.7917027685327
7,778.974297555922,700.7789742975559
6,844.9812619240286,600.844981261924
6,827.3367635386815,600.8273367635387
11,1023.0619587853789,1101.0230619587853
9,966.1015587221715,900.9661015587221
8,917.0266561274568,800.9170266561274
9,974.9099660770311,900.974909966077
8,892.8408519354208,800.8928408519354
10,892.474160384053,1000.892474160384
8,924.8067789437436,800.9248067789438
8,962.4908300620311,800.962490830062
11,962.8549925316573,1100.9628549925317
8,846.8637640776094,800.8468637640776
8,984.5292272735064,800.9845292272735
8,934.1159954139043,800.9341159954139
