num_vehicles,distance,fitness
7,875.9048735512156,700.8759048735512
6,773.7563206587918,600.7737563206588
6,782.4493845739747,600.782449384574
7,953.4242013019077,700.9534242013019
6,762.5386251159208,600.7625386251159
6,836.0203385820136,600.836020338582
6,859.204842035703,600.8592048420358
9,944.55722689833,900.9445572268984
7,864.8058148800916,700.8648058148801
7,985.3140835951052,700.9853140835951
8,944.6748438908938,800.9446748438909
9,894.8986354159404,900.894898635416
8,812.6257139773859,800.8126257139774
7,796.948517385357,700.7969485173853
8,954.153015880065,800.95415301588
8,898.1880472772941,800.8981880472772
7,916.8276932148054,700.9168276932148
7,848.1018329308639,700.8481018329309
8,912.8210435183914,800.9128210435184
11,1052.0409071795625,1101.0520409071796
