num_vehicles,distance,fitness
6,849.5290070488132,600.8495290070488
8,762.1548668756194,800.7621548668757
8,761.3915071032033,800.7613915071032
7,745.4987563760791,700.745498756376
8,727.1543434271208,800.7271543434272
9,825.8001153939123,900.8258001153939
8,866.7211938707609,800.8667211938707
8,971.5298713359019,800.9715298713359
11,1037.1979236760253,1101.037197923676
9,880.6202689317556,900.8806202689318
9,889.517520573627,900.8895175205736
8,903.2039994794678,800.9032039994795
11,997.4359553802559,1100.9974359553803
8,822.1696222590265,800.822169622259
9,909.7317810331313,900.9097317810331
10,953.720301543631,1000.9537203015436
10,851.3317282843768,1000.8513317282843
10,873.8639662972689,1000.8738639662972
8,797.3674804553227,800.7973674804554
9,918.4343686624517,900.9184343686625
