num_vehicles,distance,fitness
6,762.3946846662257,600.7623946846662
7,734.399611548307,700.7343996115483
7,709.001835066649,700.7090018350666
8,822.3631659351264,800.8223631659351
8,775.7167263058429,800.7757167263059
9,887.8426320260874,900.887842632026
7,851.7084141251587,700.8517084141251
9,900.2617842296827,900.9002617842297
9,919.7505498760505,900.9197505498761
8,969.7135137300975,800.9697135137301
9,924.3246256972824,900.9243246256973
9,886.002269742527,900.8860022697426
8,983.77919336358,800.9837791933636
8,939.3436805478524,800.9393436805478
8,876.027084308836,800.8760270843088
8,1013.6589416335166,801.0136589416335
9,988.7438042395519,900.9887438042396
7,925.0213724331127,700.9250213724331
8,916.533027432413,800.9165330274324
8,869.4597347130107,800.869459734713
