num_vehicles,distance,fitness
7,842.8913236348984,700.842891323635
7,885.3524520411727,700.8853524520412
6,738.3082849761297,600.7383082849761
7,854.4369678024281,700.8544369678024
6,823.2026217676801,600.8232026217677
9,932.570384980817,900.9325703849809
10,891.2609238356661,1000.8912609238357
9,996.5698549189151,900.9965698549189
8,902.097379685935,800.902097379686
8,996.1395726117516,800.9961395726117
10,892.3695823162212,1000.8923695823162
9,922.8710493853355,900.9228710493853
9,974.7804711676677,900.9747804711677
9,895.4933174346111,900.8954933174346
9,968.5660074207025,900.9685660074207
8,893.7457686373011,800.8937457686372
9,905.9496014576481,900.9059496014577
8,959.6378190674551,800.9596378190674
11,1005.6704754490622,1101.005670475449
9,876.2055524783472,900.8762055524784
