num_vehicles,distance,fitness
6,840.3646523098904,600.8403646523099
6,816.3055885289241,600.816305588529
7,829.6677707144788,700.8296677707144
6,789.4358839472668,600.7894358839472
6,814.8606309887579,600.8148606309887
7,833.4422046552579,700.8334422046553
7,871.5155841712184,700.8715155841712
7,992.8975759474819,700.9928975759475
7,942.2353443898493,700.9422353443898
8,910.022400067289,800.9100224000673
7,875.3782685837693,700.8753782685837
7,907.5346794797102,700.9075346794797
7,843.0773208637972,700.8430773208638
8,936.708612775178,800.9367086127752
7,878.1989548748827,700.8781989548748
7,924.2098075137222,700.9242098075138
8,1003.1096781550177,801.003109678155
7,906.2166039803323,700.9062166039803
6,838.584860062208,600.8385848600622
7,819.3701354016257,700.8193701354016
