num_vehicles,distance,fitness
4,937.6570066368039,400.9376570066368
4,959.8682406478008,400.9598682406478
4,901.5864505204187,400.9015864505204
4,928.1002039623444,400.92810020396234
4,932.581521712885,400.9325815217129
4,953.1450074431452,400.95314500744314
5,902.0102721775969,500.9020102721776
5,985.5032771665194,500.9855032771665
5,892.4479546218313,500.89244795462184
6,1021.2382009228036,601.0212382009228
5,940.8188155939329,500.94081881559396
5,913.4399371472092,500.9134399371472
4,1015.6018918122179,401.0156018918122
5,904.9356848341056,500.90493568483413
4,895.9827001294536,400.8959827001295
5,862.0006817533952,500.8620006817534
5,955.3332939152886,500.9553332939153
4,929.0013168314241,400.92900131683143
5,927.7881678129897,500.927788167813
5,906.4065829492007,500.9064065829492
