num_vehicles,distance,fitness
4,934.6666440653541,400.9346666440654
4,951.4867459903614,400.95148674599034
4,979.444555461966,400.97944455546195
4,929.5175270229241,400.92951752702294
5,1028.2659703052498,501.02826597030526
4,858.5590824783881,400.8585590824784
4,952.3011563966908,400.9523011563967
5,934.1229220641019,500.9341229220641
4,896.7168092428408,400.89671680924283
5,775.603678677266,500.77560367867727
6,891.6210603261347,600.8916210603261
4,826.0685462892487,400.82606854628926
5,958.8919784958802,500.9588919784959
5,920.831438521408,500.9208314385214
5,836.619872450243,500.8366198724502
5,1005.2680570966866,501.0052680570967
4,968.8193561651888,400.96881935616517
6,914.6618143489671,600.914661814349
5,827.5375236734283,500.8275375236734
5,944.88627317911,500.9448862731791
