num_vehicles,distance,fitness
4,990.4776981132496,400.99047769811324
4,977.1713672752957,400.9771713672753
4,1062.646796491495,401.0626467964915
4,933.7390468286105,400.93373904682863
4,1014.3260154513536,401.01432601545133
4,990.1279704199759,400.99012797041996
4,985.3229500949947,400.985322950095
4,932.9538686714424,400.93295386867146
4,832.7565147486508,400.83275651474867
5,896.0733806293312,500.89607338062933
4,903.8070531482393,400.9038070531482
4,972.0724320537367,400.9720724320537
4,956.9206458129349,400.95692064581294
4,932.8527272191802,400.9328527272192
4,800.0200052305637,400.8000200052306
5,991.3254452999347,500.99132544529994
4,905.3795725207827,400.90537957252076
4,771.2743577180701,400.7712743577181
5,960.4359350375796,500.9604359350376
6,998.0525880440165,600.9980525880441
