num_vehicles,distance,fitness
4,918.9340678700514,400.91893406787005
4,922.5175835393563,400.92251758353933
4,826.0854429124743,400.8260854429125
5,1001.6447303316528,501.00164473033163
5,909.4683512216474,500.9094683512216
5,1045.920211882191,501.0459202118822
5,908.918562956554,500.90891856295656
4,969.0390638135152,400.9690390638135
5,971.4490472308373,500.97144904723086
5,910.435991232714,500.9104359912327
6,995.1554827794148,600.9951554827794
5,894.3676857603184,500.8943676857603
5,975.755615212637,500.9757556152126
5,957.9694699004808,500.9579694699005
6,1070.3465187089478,601.0703465187089
6,921.9581176934587,600.9219581176934
4,885.2090012558809,400.8852090012559
5,945.3219569279729,500.94532195692796
5,956.0955712727524,500.9560955712727
5,908.6557885417396,500.90865578854175
