num_vehicles,distance,fitness
4,877.1580260263885,400.8771580260264
4,822.1970919218988,400.8221970919219
4,910.9560514066511,400.91095605140663
4,910.6857815933886,400.9106857815934
5,937.9511335341464,500.93795113353417
4,830.3132830669806,400.83031328306697
4,927.114225946649,400.92711422594664
4,804.3801013252522,400.80438010132525
4,905.469079624711,400.9054690796247
5,926.5378607153713,500.92653786071537
4,861.745785926903,400.8617457859269
4,1020.0984903614748,401.0200984903615
4,961.1638267805054,400.9611638267805
5,955.6534887326874,500.9556534887327
4,925.9362257736652,400.9259362257737
4,892.3111720814615,400.89231117208146
5,865.2546851315319,500.8652546851315
4,857.8124691837245,400.8578124691837
4,1042.912640457035,401.042912640457
4,821.9778701484189,400.82197787014843
