num_vehicles,distance,fitness
7,792.558481332472,700.7925584813324
7,905.8458345843839,700.9058458345844
8,1027.7447202851274,801.0277447202851
7,904.3098489143341,700.9043098489143
8,1024.5896408331198,801.0245896408331
7,1032.8343323681097,701.0328343323681
8,870.2489553381838,800.8702489553382
9,1205.6273639712672,901.2056273639713
9,1119.9432906494321,901.1199432906494
9,1100.0942539029154,901.100094253903
9,1171.8419973419286,901.171841997342
9,1053.7706493178734,901.0537706493179
10,1108.9210173855352,1001.1089210173856
9,1222.6829425052788,901.2226829425052
9,1074.8837492659418,901.074883749266
9,1109.1978574154325,901.1091978574154
8,1040.4062754035192,801.0404062754035
10,1230.6696239282821,1001.2306696239283
9,1051.5102073987514,901.0515102073988
8,976.1427181743359,800.9761427181743
