num_vehicles,distance,fitness
7,791.5872570391791,700.7915872570392
7,813.2296597968245,700.8132296597968
7,854.8465078382011,700.8548465078381
8,908.6428016734853,800.9086428016735
9,1023.7016846587836,901.0237016846588
8,1041.0908218521786,801.0410908218522
9,1122.7145636886348,901.1227145636886
8,981.5725565461339,800.9815725565461
8,992.9951547435455,800.9929951547435
9,1103.588235184325,901.1035882351844
9,989.7398526173744,900.9897398526174
8,939.037430891131,800.9390374308912
9,1095.7748202308023,901.0957748202308
8,994.3661613270175,800.994366161327
8,1153.753886117083,801.1537538861171
8,1042.326942253705,801.0423269422537
9,1206.4534243088744,901.2064534243088
8,912.4927427664018,800.9124927427664
8,1003.0449054453716,801.0030449054453
9,1105.2806230814515,901.1052806230814
