num_vehicles,distance,fitness
8,962.0780328369437,800.962078032837
9,845.0270464279254,900.845027046428
9,1033.2836871163393,901.0332836871163
7,861.7109638753375,700.8617109638753
8,868.620168929185,800.8686201689292
9,896.9777270563766,900.8969777270564
9,872.4824941980655,900.872482494198
9,1016.5798536588262,901.0165798536589
9,1027.8980262273856,901.0278980262274
9,1090.5814993954878,901.0905814993955
10,1091.102202553434,1001.0911022025534
8,920.174560339027,800.920174560339
9,930.9491782418389,900.9309491782418
9,1068.7419886254988,901.0687419886254
8,819.9951297123673,800.8199951297123
8,1000.9384785736994,801.0009384785737
8,940.6166829602465,800.9406166829602
9,1049.4272058568936,901.0494272058569
9,1140.0130756956053,901.1400130756956
10,1075.7208999645604,1001.0757208999646
