num_vehicles,distance,fitness
8,1070.571296979287,801.0705712969793
7,948.2914501359273,700.9482914501359
7,939.8240844509656,700.939824084451
7,1014.9375419664739,701.0149375419664
7,1045.6188259851206,701.0456188259851
7,820.1758320547005,700.8201758320547
7,973.2717646043769,700.9732717646044
7,982.6828809101689,700.9826828809101
8,1140.214222159966,801.14021422216
8,1060.4764845949344,801.0604764845949
10,1229.6150795681624,1001.2296150795681
8,1081.87297071635,801.0818729707164
10,1150.2359045523233,1001.1502359045523
9,1179.4724743372574,901.1794724743372
9,1261.0778963057712,901.2610778963058
8,955.7590978481728,800.9557590978482
7,991.1950155755601,700.9911950155756
8,1075.9352918449204,801.0759352918449
8,1061.140223623039,801.061140223623
9,1039.2309118602257,901.0392309118603
