num_vehicles,distance,fitness
7,979.4404534601562,700.9794404534601
7,937.1535757613389,700.9371535757614
7,1014.180674450486,701.0141806744505
7,943.910797485673,700.9439107974857
7,946.2299038447559,700.9462299038447
8,977.8515663793166,800.9778515663793
8,1166.637733752523,801.1666377337525
7,946.0726300701378,700.9460726300701
7,871.8404717727324,700.8718404717728
8,935.42457225438,800.9354245722544
8,1114.2754495370507,801.1142754495371
9,1219.1078701148037,901.2191078701148
9,1285.7929166379772,901.285792916638
7,1050.3602193560964,701.0503602193561
9,1059.2992386343412,901.0592992386344
8,1093.753796426974,801.093753796427
8,1189.3044197597458,801.1893044197598
8,1210.9897287139888,801.210989728714
8,1159.5042132330286,801.159504213233
8,1065.2018238997023,801.0652018238997
