num_vehicles,distance,fitness
8,759.1670203183024,800.7591670203183
9,966.6784489429168,900.966678448943
8,867.4771843918143,800.8674771843918
8,954.8936731790666,800.9548936731791
8,960.3273194629892,800.960327319463
9,1013.2585622224926,901.0132585622225
9,1026.2863753094623,901.0262863753095
9,984.7627381255766,900.9847627381256
9,996.6107017020848,900.9966107017021
10,1063.5928796050957,1001.063592879605
10,1006.5337474743307,1001.0065337474744
10,1030.27672893594,1001.030276728936
10,1163.7749629410466,1001.163774962941
10,1161.6467759845889,1001.1616467759845
10,1072.1228510134442,1001.0721228510134
10,1208.365067938618,1001.2083650679386
11,1341.6705453431373,1101.341670545343
11,1237.3937839352946,1101.2373937839352
9,904.9420966544196,900.9049420966544
11,1199.5746488960237,1101.199574648896
