num_vehicles,distance,fitness
7,691.9245200332821,700.6919245200332
8,761.5820679559297,800.7615820679559
8,791.0329796762107,800.7910329796762
9,855.2062281024555,900.8552062281025
8,782.50892540295,800.7825089254029
10,973.5401688472414,1000.9735401688472
9,812.0300200692329,900.8120300200692
9,864.0706937496956,900.8640706937497
8,765.6162747485927,800.7656162747486
8,753.360755431156,800.7533607554311
9,870.0834740804739,900.8700834740805
9,856.4430490900307,900.85644304909
8,763.5513762829144,800.7635513762829
10,1100.9751082819112,1001.1009751082819
11,1074.7011443610363,1101.0747011443611
12,1327.419537261528,1201.3274195372614
11,1198.3369278162172,1101.1983369278162
9,965.6784437165106,900.9656784437165
11,1182.9169165815356,1101.1829169165815
10,1099.13416280723,1001.0991341628072
