num_vehicles,distance,fitness
4,1081.4010688547528,401.08140106885475
5,1050.2798369852876,501.0502798369853
7,1152.2926010374965,701.1522926010375
5,947.7622643381405,500.94776226433817
6,1243.0439199952493,601.2430439199952
7,1218.6602532834295,701.2186602532835
6,1263.0995795003228,601.2630995795004
7,1238.6082138569009,701.2386082138569
7,1189.7287423207317,701.1897287423208
6,1061.005489370036,601.06100548937
6,1086.7847653757422,601.0867847653758
7,1364.9449421002018,701.3649449421002
6,1164.791556452168,601.1647915564522
6,1292.3015215376895,601.2923015215376
7,1222.7206534616134,701.2227206534616
7,1196.5478158358196,701.1965478158359
8,1367.8637634256477,801.3678637634257
7,1078.5964527964259,701.0785964527964
6,1232.2259513843765,601.2322259513844
7,1363.3192223012068,701.3633192223012
