num_vehicles,distance,fitness
5,1156.9680017061987,501.1569680017062
5,1010.6078226021197,501.01060782260214
5,1061.6036500380637,501.0616036500381
5,1011.943115088499,501.0119431150885
5,927.339005683109,500.9273390056831
5,1032.2718923157859,501.0322718923158
5,1071.7636643290675,501.07176366432907
5,991.5969096749375,500.9915969096749
5,1067.4155222470938,501.0674155222471
5,895.7488547697492,500.89574885476975
5,1122.2105952830354,501.12221059528304
6,1337.341000209944,601.3373410002099
6,1115.9008505499903,601.11590085055
5,1176.4740396324562,501.17647403963247
5,1167.8564231966961,501.1678564231967
5,1229.4649645662857,501.22946496456626
5,1105.613560480059,501.10561356048004
4,1086.489292771282,401.08648929277126
4,1148.0573549382905,401.1480573549383
6,1257.0531047825534,601.2570531047826
