num_vehicles,distance,fitness
5,1310.0844333327757,501.3100844333328
6,1105.0775163469261,601.1050775163469
5,1069.204836377458,501.0692048363775
6,1183.7043952668046,601.1837043952668
6,1118.1593145480285,601.118159314548
6,1112.5110430904015,601.1125110430904
5,1175.5469137755229,501.1755469137755
5,1188.7855319335615,501.18878553193355
6,1183.5124642857131,601.1835124642857
6,1232.0906833453273,601.2320906833453
5,1099.1600078551608,501.0991600078552
5,1304.0880355449704,501.30408803554496
5,891.7741183652452,500.8917741183652
5,1090.4091794572512,501.09040917945725
6,1272.9499932072645,601.2729499932072
5,1219.5122893907412,501.21951228939076
5,1280.4254830599975,501.28042548306
6,1325.310567608356,601.3253105676083
5,1049.5428811437914,501.0495428811438
5,1144.3860168833764,501.1443860168834
