num_vehicles,distance,fitness
5,1306.6275740598305,501.3066275740598
5,1350.378782283427,501.3503787822834
5,864.2123486571969,500.8642123486572
5,1212.6647523706044,501.2126647523706
5,1149.783119291865,501.14978311929184
5,1044.2812861525147,501.0442812861525
4,955.5178995202266,400.9555178995202
5,1010.009707463832,501.01000970746384
5,1143.0292179270557,501.14302921792705
4,1160.8059515604018,401.1608059515604
5,982.3609318207203,500.9823609318207
5,1211.0945790397968,501.2110945790398
4,1140.9127385653733,401.14091273856536
5,1228.8112493950164,501.228811249395
5,1104.2995914526148,501.1042995914526
5,1020.8472548604649,501.0208472548605
5,1063.1445647791445,501.0631445647791
4,999.9892939595201,400.9999892939595
5,1278.5382215316024,501.2785382215316
5,882.0715218850535,500.88207152188505
