num_vehicles,distance,fitness
5,1098.2107185369055,501.0982107185369
5,1182.3870041751388,501.18238700417515
5,994.6835088546162,500.9946835088546
5,979.8052766648376,500.9798052766648
6,937.6657566619896,600.937665756662
5,1043.0982193610782,501.04309821936107
6,1436.815026074635,601.4368150260747
6,1208.968163938723,601.2089681639387
7,1289.9594622286104,701.2899594622286
6,1158.328120277413,601.1583281202774
8,1230.2411991031236,801.2302411991031
6,1227.216237896005,601.227216237896
6,1236.925667449074,601.2369256674491
6,1055.0006784275554,601.0550006784275
6,1338.0500084578725,601.3380500084579
7,1216.0857374663779,701.2160857374664
7,1167.4606762774472,701.1674606762774
7,1284.7268000818817,701.2847268000819
6,1505.918833671762,601.5059188336718
6,1189.5922162954118,601.1895922162954
