num_vehicles,distance,fitness
7,537.3913739362137,700.5373913739362
8,542.2320745396855,800.5422320745397
11,666.2485728525687,1100.6662485728525
10,539.180599844814,1000.5391805998448
9,655.4309183857374,900.6554309183857
9,670.6259738176436,900.6706259738177
10,753.8470038076968,1000.7538470038077
10,669.0557063076878,1000.6690557063076
9,728.3767135296513,900.7283767135297
8,591.1797436923245,800.5911797436924
10,693.8516480416076,1000.6938516480416
9,677.8578378247547,900.6778578378247
9,628.1958551975374,900.6281958551975
10,660.612186666381,1000.6606121866664
9,725.2608314888358,900.7252608314889
12,750.8959450408813,1200.7508959450408
9,610.1951880228213,900.6101951880228
11,790.8297672753957,1100.7908297672755
9,651.3039099731035,900.6513039099731
12,773.5365273260065,1200.773536527326
