num_vehicles,distance,fitness
6,447.6452532027363,600.4476452532027
6,592.2262437983385,600.5922262437983
7,615.1375041191412,700.6151375041192
8,553.8716014779127,800.5538716014779
7,656.2261236652574,700.6562261236653
8,609.9298005832695,800.6099298005832
8,594.6444909669735,800.594644490967
6,583.5206784398044,600.5835206784398
11,769.5633660383146,1100.7695633660383
8,568.3761973320276,800.568376197332
8,649.3859465526549,800.6493859465527
11,672.8235845840215,1100.672823584584
9,631.968691928302,900.6319686919283
9,689.8476121069191,900.689847612107
12,797.01490221485,1200.7970149022149
9,691.513887297461,900.6915138872974
7,606.584676845909,700.606584676846
9,724.5515816716379,900.7245515816717
9,618.0806593744975,900.6180806593745
9,665.5172060551787,900.6655172060551
