num_vehicles,distance,fitness
7,495.26436520284466,700.4952643652028
7,614.206760114495,700.6142067601145
7,604.3387862506486,700.6043387862507
7,609.9281365264147,700.6099281365264
7,640.2295423149488,700.640229542315
7,525.4460968691398,700.5254460968691
8,672.2937735071866,800.6722937735071
9,647.2985539316763,900.6472985539317
7,709.3922979634951,700.7093922979635
9,641.7963304959627,900.6417963304959
7,672.0588301531455,700.6720588301531
9,690.5129549974704,900.6905129549974
9,700.9941583278462,900.7009941583278
8,738.5464716028339,800.7385464716028
7,576.3311657623408,700.5763311657623
7,690.719506360974,700.690719506361
9,818.5201094116048,900.8185201094116
9,661.0459794081239,900.6610459794081
9,703.8772811050362,900.7038772811051
8,676.6087259046724,800.6766087259047
