num_vehicles,distance,fitness
7,658.8124637298049,700.6588124637298
11,712.1393792421778,1100.7121393792422
8,615.6391594506528,800.6156391594507
8,667.6589114941019,800.6676589114941
9,550.4175871205639,900.5504175871206
9,674.7564366884736,900.6747564366884
8,640.1070839659666,800.640107083966
10,702.3574900318249,1000.7023574900318
10,625.9334777774535,1000.6259334777775
9,738.741648878364,900.7387416488783
8,615.095578766448,800.6150955787665
8,607.0448917304291,800.6070448917304
10,628.5471010687057,1000.6285471010688
9,680.9204645466759,900.6809204645467
11,735.8999470186178,1100.7358999470187
8,576.2888981305142,800.5762888981305
9,703.6166875577369,900.7036166875578
9,681.0134270364908,900.6810134270365
8,552.7517273046416,800.5527517273047
8,614.3106241810841,800.614310624181
