num_vehicles,distance,fitness
7,636.8199997144283,700.6368199997145
7,729.1173918003005,700.7291173918003
7,584.5328192432897,700.5845328192432
7,672.8310908185874,700.6728310908186
7,605.4292996184722,700.6054292996184
7,644.6888658609304,700.644688865861
7,642.6442043761642,700.6426442043762
6,552.9562441646065,600.5529562441646
7,633.6002688903632,700.6336002688904
8,684.8036013534031,800.6848036013535
7,642.409487731835,700.6424094877318
7,656.0478850069986,700.656047885007
7,654.9095379386426,700.6549095379387
7,699.3027305400118,700.69930273054
7,604.3019360800399,700.60430193608
7,601.3148251434053,700.6013148251434
7,568.1860315406668,700.5681860315407
7,618.4754833422245,700.6184754833422
7,642.4347308288743,700.6424347308289
7,562.7289136067793,700.5627289136067
