num_vehicles,distance,fitness
5,457.2023704760672,500.45720237047607
5,519.9798368258812,500.5199798368259
7,543.8991243663876,700.5438991243664
6,555.4810113905515,600.5554810113905
7,490.75129940335484,700.4907512994033
7,609.2648009912778,700.6092648009912
8,698.0564362261009,800.6980564362261
10,847.8299609204479,1000.8478299609204
7,696.9836540625545,700.6969836540626
9,765.7147106488164,900.7657147106488
7,720.6889595019402,700.7206889595019
9,674.566659756131,900.6745666597561
8,668.1738650626561,800.6681738650626
9,705.1782193743436,900.7051782193744
9,715.9996980325305,900.7159996980325
8,718.359620678689,800.7183596206787
8,686.4737941763124,800.6864737941763
8,704.0003688354323,800.7040003688354
9,719.0206980616535,900.7190206980616
9,661.7308250246018,900.6617308250246
