num_vehicles,distance,fitness
5,555.9485643976219,500.5559485643976
5,576.8296938719374,500.57682969387196
5,620.8976083238296,500.62089760832384
5,629.0092533954429,500.62900925339545
5,541.6405401457307,500.54164054014575
5,620.2521460589827,500.620252146059
5,614.5381030359531,500.61453810303595
8,746.7030805066069,800.7467030805066
6,667.7343183382419,600.6677343183383
6,729.7467851744483,600.7297467851745
9,823.0742942825182,900.8230742942825
7,764.6291321832433,700.7646291321832
7,808.0982377112203,700.8080982377112
6,685.6060519231522,600.6856060519232
7,763.2813948648958,700.7632813948649
6,781.1894586571836,600.7811894586572
6,717.4203009628907,600.7174203009629
6,751.5845749344165,600.7515845749344
6,722.8538372868463,600.7228538372868
6,683.0781384096754,600.6830781384097
