num_vehicles,distance,fitness
5,492.8496652239143,500.4928496652239
5,494.9651700194568,500.49496517001944
5,520.5766915066938,500.5205766915067
5,603.8879235811731,500.60388792358117
5,513.1000332165645,500.5131000332166
6,499.11848829585335,600.4991184882958
5,488.6592542496691,500.4886592542497
6,583.6847784138539,600.5836847784138
6,467.1384647652344,600.4671384647652
5,450.0761496527177,500.4500761496527
6,619.4269527958459,600.6194269527958
5,558.4675820953064,500.5584675820953
6,601.1077697660709,600.601107769766
6,611.6387141357559,600.6116387141358
7,614.4669575834494,700.6144669575834
6,717.1558527573981,600.7171558527574
7,539.1751233151359,700.5391751233151
7,566.3513120173304,700.5663513120173
6,614.8878140688755,600.6148878140689
7,654.970054157073,700.654970054157
