num_vehicles,distance,fitness
5,518.2594252824524,500.51825942528245
5,429.45129001775524,500.42945129001777
5,502.52142191408865,500.5025214219141
6,507.49367656320237,600.5074936765632
5,525.9976081694402,500.52599760816946
6,481.5695008708807,600.4815695008709
6,566.8530926131831,600.5668530926132
5,500.7162583555499,500.50071625835557
5,542.3885498861281,500.54238854988614
5,497.61114271314386,500.49761114271314
6,599.0602691692412,600.5990602691693
6,657.6534025270205,600.657653402527
5,539.5383855430583,500.53953838554304
6,638.18566347174,600.6381856634717
7,557.7726297468523,700.5577726297469
6,544.019322653243,600.5440193226533
6,630.6808006502865,600.6306808006503
6,646.6115606203623,600.6466115606204
7,629.9029547490718,700.6299029547491
7,616.3552397628656,700.6163552397628
