num_vehicles,distance,fitness
5,466.50342106065915,500.4665034210607
5,445.0285832437118,500.4450285832437
6,443.7392664822951,600.4437392664823
5,494.46210740465494,500.4944621074047
6,629.1400561142561,600.6291400561142
5,546.0565008281653,500.5460565008282
6,626.3296320726188,600.6263296320726
6,581.9259110636301,600.5819259110636
5,578.8031548940194,500.57880315489405
6,712.6198380953612,600.7126198380954
6,657.5604306887296,600.6575604306887
7,697.6849201743315,700.6976849201743
6,723.0358525377516,600.7230358525378
6,566.5600349900141,600.5665600349901
5,723.3110172340951,500.7233110172341
7,686.4785755750397,700.686478575575
6,675.9074416413117,600.6759074416414
6,641.2530995771656,600.6412530995772
6,630.1013732820433,600.6301013732821
5,531.9176233322323,500.5319176233322
