num_vehicles,distance,fitness
8,801.6266998825827,800.8016266998826
8,809.5701786401694,800.8095701786401
8,758.5210157288584,800.7585210157289
10,845.1139577633309,1000.8451139577634
8,795.6447863013179,800.7956447863013
10,848.6371291897029,1000.8486371291897
8,798.7101857397196,800.7987101857398
12,917.7953299475744,1200.9177953299475
11,1007.7804559519107,1101.007780455952
12,948.7190935899746,1200.94871909359
10,843.2903560578789,1000.8432903560579
13,938.4783262189067,1300.938478326219
12,978.2568986319643,1200.978256898632
12,929.7861901610138,1200.929786190161
13,971.6591171691169,1300.971659117169
11,903.0564768928737,1100.903056476893
12,994.4610558837386,1200.9944610558837
11,1019.9701483705417,1101.0199701483705
12,962.4812747420744,1200.962481274742
11,974.6900767728634,1100.974690076773
