num_vehicles,distance,fitness
7,743.2970155147732,700.7432970155148
7,856.2077559003213,700.8562077559003
6,700.4796445387083,600.7004796445387
7,867.5683114740768,700.8675683114741
7,880.8701189459698,700.880870118946
6,743.0944610037258,600.7430944610037
7,792.5940103569345,700.7925940103569
10,994.2248072709224,1000.9942248072709
10,980.2384700362134,1000.9802384700362
8,854.7490140358884,800.8547490140359
10,869.354072756059,1000.8693540727561
9,861.8547845247462,900.8618547845248
10,975.0808731125887,1000.9750808731126
10,1016.7181821154988,1001.0167181821155
9,915.763684671126,900.9157636846711
8,844.3034443294098,800.8443034443294
9,800.9481444462493,900.8009481444462
9,893.486223458582,900.8934862234586
9,896.0626780786151,900.8960626780786
9,915.5052439484195,900.9155052439485
