num_vehicles,distance,fitness
7,864.4833286468569,700.8644833286469
11,881.9002996607753,1100.8819002996609
9,758.4119196015256,900.7584119196015
11,811.2408823284258,1100.8112408823283
10,856.0839941999985,1000.8560839942
7,805.864781705514,700.8058647817055
9,764.6110860489899,900.764611086049
9,854.5944486428148,900.8545944486428
11,898.8563065760951,1100.8988563065761
10,882.5575451775452,1000.8825575451775
14,972.1788027017999,1400.9721788027018
12,963.0099102045967,1200.9630099102046
13,960.1404090489173,1300.960140409049
12,899.0193287439413,1200.8990193287439
12,929.3642402571209,1200.9293642402572
12,1022.7700560772249,1201.0227700560772
14,1139.3767222058782,1401.139376722206
12,937.7306835219208,1200.937730683522
11,936.0560049589232,1100.936056004959
10,897.6287869787416,1000.8976287869788
