num_vehicles,distance,fitness
6,738.2850068179622,600.7382850068179
7,788.0997077036922,700.7880997077037
8,730.0696741302595,800.7300696741303
9,796.5389612752037,900.7965389612752
7,728.4507349841812,700.7284507349842
8,941.7432356265738,800.9417432356265
11,994.9059916172145,1100.9949059916173
12,1001.1716656528342,1201.001171665653
9,950.3792995902695,900.9503792995903
9,916.6668768091512,900.9166668768091
10,1010.3409141903464,1001.0103409141904
8,813.428551284942,800.8134285512849
10,935.275661261185,1000.9352756612611
10,964.796175940683,1000.9647961759407
9,866.2600674359993,900.866260067436
11,971.9183500201294,1100.9719183500201
11,976.2230582510133,1100.976223058251
9,839.0976096972439,900.8390976096972
13,955.687158045609,1300.9556871580455
10,926.7003221086673,1000.9267003221087
