num_vehicles,distance,fitness
7,818.2437983267619,700.8182437983268
6,814.6711625602385,600.8146711625602
6,809.1462716228771,600.8091462716229
6,815.7020422804851,600.8157020422805
7,745.9084339945964,700.7459084339946
7,824.7150046009323,700.8247150046009
6,768.0128300131772,600.7680128300132
8,938.6792323211052,800.9386792323211
8,882.6546757771241,800.8826546757771
8,912.7476851928247,800.9127476851928
8,992.3248266689692,800.992324826669
8,885.6257969255156,800.8856257969255
8,915.579831603618,800.9155798316036
9,907.3073150534199,900.9073073150535
7,873.4398039935154,700.8734398039935
10,1012.3819693736634,1001.0123819693737
9,864.0403800260528,900.864040380026
9,897.5343535313384,900.8975343535313
8,976.0396278698041,800.9760396278698
8,872.0699900895665,800.8720699900896
