num_vehicles,distance,fitness
7,875.9048735512156,700.8759048735512
7,828.0187228383456,700.8280187228384
7,819.8875369101997,700.8198875369102
6,823.607715914913,600.8236077159149
6,888.3685509571176,600.8883685509571
6,860.7327871169325,600.860732787117
6,790.8231160248562,600.7908231160249
6,940.4869031690342,600.940486903169
6,865.8992510764552,600.8658992510765
7,803.0924037520125,700.803092403752
8,881.5096180820168,800.881509618082
9,1024.1754528816066,901.0241754528817
8,931.3849689308882,800.9313849689308
9,937.6929264946295,900.9376929264946
7,899.1399089295112,700.8991399089296
8,939.5426292582933,800.9395426292583
8,873.3967531409107,800.8733967531409
9,1042.535792474355,901.0425357924744
8,886.7725864199977,800.88677258642
8,1015.2473415308916,801.0152473415309
