num_vehicles,distance,fitness
6,849.5290070488132,600.8495290070488
7,732.1301858674642,700.7321301858675
7,703.4970765101439,700.7034970765102
8,759.2918907213792,800.7592918907213
9,764.6194036778215,900.7646194036778
8,743.8493539600883,800.7438493539601
9,890.9280878624704,900.8909280878624
10,1018.9988136666288,1001.0189988136666
9,911.3578689003548,900.9113578689004
9,852.0739351956564,900.8520739351957
8,823.7646575962222,800.8237646575963
9,895.5945903643658,900.8955945903643
9,852.3883503979032,900.8523883503979
10,980.7294439480734,1000.9807294439481
9,932.9683265502589,900.9329683265503
8,897.6986653587797,800.8976986653588
11,908.5709221383419,1100.9085709221383
10,1017.3321370384697,1001.0173321370385
9,953.5133060877645,900.9535133060878
9,989.5312553687141,900.9895312553687
