num_vehicles,distance,fitness
7,842.8913236348984,700.842891323635
7,859.0882132510188,700.859088213251
8,800.6882589067775,800.8006882589068
7,806.2549299337118,700.8062549299337
7,837.1743262140124,700.837174326214
7,883.3387259706864,700.8833387259707
7,932.3166693631592,700.9323166693631
6,779.8859080541024,600.7798859080541
7,700.2221406335877,700.7002221406336
7,855.6524727389944,700.8556524727389
8,989.9530806923998,800.9899530806924
9,898.2926162292578,900.8982926162292
8,952.625569528044,800.9526255695281
9,1022.3466914441601,901.0223466914441
8,901.6223398814245,800.9016223398814
8,958.8381376527237,800.9588381376527
9,806.8120667306212,900.8068120667306
8,888.9446318348996,800.8889446318349
9,1052.4257790240015,901.052425779024
9,937.1458120775959,900.9371458120776
