num_vehicles,distance,fitness
4,1071.3637846072347,401.07136378460723
4,1001.1395606871637,401.00113956068714
4,1014.3430157568171,401.0143430157568
4,992.1163979170846,400.9921163979171
4,929.6753275495837,400.9296753275496
5,973.9852617660808,500.9739852617661
4,954.8507953497218,400.9548507953497
4,1051.6627790464122,401.0516627790464
4,942.3746559354588,400.94237465593545
5,990.6920109179542,500.99069201091794
6,1033.343612090577,601.0333436120906
8,1060.6005218591492,801.0606005218591
6,945.1491981158317,600.9451491981158
5,902.4785071456804,500.9024785071457
6,968.6169651248601,600.9686169651249
5,961.3771327176355,500.96137713271764
5,882.0550748819973,500.882055074882
6,969.7619705732138,600.9697619705732
6,923.5455357171203,600.9235455357172
7,1023.3112242904514,701.0233112242904
