num_vehicles,distance,fitness
4,1099.2379083158141,401.0992379083158
4,982.5861907180417,400.98258619071805
4,961.359395194657,400.9613593951947
4,952.6880611555096,400.9526880611555
4,1039.0840920592902,401.0390840920593
4,1067.0088003475084,401.0670088003475
4,867.9602019626183,400.8679602019626
5,953.4751608183967,500.9534751608184
4,954.938279385642,400.95493827938566
5,1038.3744827730475,501.03837448277307
5,1013.694179977646,501.0136941799776
4,867.2867642544386,400.86728676425446
5,883.3999160206193,500.8833999160206
6,937.0188970589355,600.9370188970589
4,1057.9670262162442,401.05796702621626
4,951.7186446867888,400.95171864468676
5,958.5090645513477,500.9585090645513
5,879.8551119316203,500.87985511193165
4,899.6111590205319,400.89961115902054
4,1022.7582661423637,401.0227582661424
