num_vehicles,distance,fitness
4,954.4951724086313,400.95449517240866
5,898.2715047730777,500.89827150477305
4,907.8178409837413,400.90781784098374
5,930.8685193469526,500.930868519347
4,877.8169459559394,400.87781694595594
5,899.9052771664741,500.89990527716645
4,851.7098564628552,400.85170985646283
4,910.122132992033,400.91012213299206
5,1072.442856470793,501.0724428564708
5,963.43799411659,500.9634379941166
5,984.6457166764651,500.9846457166765
4,922.2123748363987,400.9222123748364
5,896.660570259996,500.89666057026
5,852.5472293721045,500.8525472293721
5,816.298074899395,500.8162980748994
5,824.2035893525897,500.8242035893526
4,917.414791809193,400.91741479180916
5,958.4828125722092,500.9584828125722
5,965.05096446605,500.96505096446606
5,885.4990970052648,500.88549909700527
