num_vehicles,distance,fitness
4,918.9340678700514,400.91893406787005
4,916.5088767487115,400.9165088767487
4,880.6104931199002,400.8806104931199
4,897.2689162702733,400.89726891627026
4,861.3531328351783,400.8613531328352
5,953.9218593735968,500.9539218593736
5,890.170151228738,500.89017015122874
5,819.669786919557,500.8196697869196
6,1015.5800683232563,601.0155800683233
6,909.6878690420125,600.909687869042
5,1002.2014980835098,501.00220149808354
5,985.4355191888651,500.98543551918885
5,904.0996158864053,500.9040996158864
5,920.3722788144363,500.92037227881445
5,943.3289005588423,500.94332890055887
5,970.4394751551652,500.97043947515516
5,909.970633856912,500.9099706338569
6,929.3253118186127,600.9293253118186
5,923.5192277329606,500.923519227733
5,961.6867165911407,500.96168671659115
