num_vehicles,distance,fitness
4,877.1580260263885,400.8771580260264
4,788.2376070420257,400.78823760704205
4,923.0812534881059,400.9230812534881
4,941.416412069726,400.9414164120697
4,878.0542273152815,400.87805422731526
4,923.7171096459508,400.92371710964596
4,946.9662055169551,400.94696620551696
5,915.3456583464722,500.9153456583465
4,1017.7150975646373,401.01771509756463
4,908.8547775988147,400.90885477759883
4,894.9254526870824,400.89492545268706
4,1046.1882212719825,401.04618822127196
4,881.8657174432739,400.88186571744325
4,938.9597386364128,400.9389597386364
4,942.4232381695707,400.94242323816957
5,992.0400743976883,500.99204007439766
4,954.0284776998258,400.9540284776998
5,988.512145741398,500.9885121457414
4,888.6353362579268,400.88863533625795
4,880.7420637172085,400.8807420637172
