num_vehicles,distance,fitness
7,791.5872570391791,700.7915872570392
7,807.3662465560959,700.8073662465561
8,838.0578570201492,800.8380578570202
8,877.9681188902694,800.8779681188903
8,861.9809567820479,800.8619809567821
9,1154.5725886063706,901.1545725886064
9,1150.201018116803,901.1502010181168
8,966.8319642310273,800.966831964231
8,1112.4910406968165,801.1124910406968
10,1273.4394943774028,1001.2734394943774
8,1008.6702564265643,801.0086702564265
9,944.7421997603417,900.9447421997603
8,926.7648468172257,800.9267648468173
9,1007.9143443369253,901.0079143443369
9,1177.5750196691465,901.1775750196691
9,1140.899539000488,901.1408995390005
8,971.6397319645661,800.9716397319646
8,980.9834579867895,800.9809834579868
8,1165.1049846718568,801.1651049846719
8,1062.5287004916865,801.0625287004917
