num_vehicles,distance,fitness
8,759.1670203183024,800.7591670203183
8,1027.3299701048381,801.0273299701048
8,931.956219101274,800.9319562191013
8,914.305168479289,800.9143051684792
9,1050.2165066396756,901.0502165066397
9,1112.3806597892249,901.1123806597892
10,1096.860156749078,1001.0968601567491
10,1051.4563076231414,1001.0514563076232
9,1089.2646938600244,901.0892646938601
10,1127.20517678527,1001.1272051767853
9,1112.212786752958,901.1122127867529
12,1152.7047360051365,1201.152704736005
10,1276.4059431600535,1001.2764059431601
11,1234.2634391648658,1101.2342634391648
9,1044.2210294188108,901.0442210294188
9,1197.1480219508726,901.1971480219509
11,1311.8343397916456,1101.3118343397916
10,1023.0067831088901,1001.0230067831089
7,781.7986774312399,700.7817986774312
9,994.4770599433425,900.9944770599434
