num_vehicles,distance,fitness
8,962.0780328369437,800.962078032837
7,758.453866077446,700.7584538660775
8,840.4538403993456,800.8404538403994
8,817.9012011213113,800.8179012011213
9,907.8092095063774,900.9078092095064
8,882.8844159233402,800.8828844159233
7,758.9272532745442,700.7589272532746
9,898.7587516198305,900.8987587516199
8,924.1872672355917,800.9241872672355
8,882.6220638629136,800.8826220638629
8,851.0692407094384,800.8510692407094
10,992.7470693677296,1000.9927470693677
9,997.3913009501423,900.9973913009502
9,1019.3374589935311,901.0193374589935
8,835.1202671281272,800.8351202671281
10,1379.8666447701603,1001.3798666447701
10,1062.6705346731242,1001.0626705346731
10,1126.6149682227215,1001.1266149682227
10,1154.7705150140346,1001.154770515014
10,1089.6435573672486,1001.0896435573673
