num_vehicles,distance,fitness
7,691.9245200332821,700.6919245200332
9,966.3871273834562,900.9663871273834
9,864.2559468440916,900.8642559468441
9,900.9840532888278,900.9009840532889
9,931.0933899277131,900.9310933899277
11,1196.5906143167504,1101.1965906143168
11,1071.6556570578227,1101.0716556570578
11,1053.8138750955586,1101.0538138750956
10,945.7011903525295,1000.9457011903526
9,990.8638122877686,900.9908638122878
11,1038.111991115017,1101.038111991115
9,1008.2812568284174,901.0082812568285
9,957.117358937576,900.9571173589376
10,1210.0666821233756,1001.2100666821234
11,1171.3226977189795,1101.171322697719
11,1105.3744920355336,1101.1053744920355
12,1245.493173826311,1201.2454931738264
9,1164.3996831341526,901.1643996831342
11,1077.6566000523194,1101.0776566000523
9,962.5383659703148,900.9625383659703
