num_vehicles,distance,fitness
4,1067.7019895573885,401.0677019895574
5,1239.4645123284215,501.2394645123284
4,1164.6417716429369,401.16464177164295
5,950.7920581610492,500.950792058161
5,1095.994843771073,501.09599484377105
5,1022.5791692162259,501.0225791692162
5,1196.165272056803,501.1961652720568
5,1179.8238372909939,501.179823837291
5,1085.7130874166244,501.08571308741665
5,1200.3182877639633,501.200318287764
4,1283.859136516847,401.28385913651687
5,1164.9228721486227,501.1649228721486
6,936.8391133527017,600.9368391133527
6,1342.810421135898,601.3428104211359
4,1031.2527195816886,401.0312527195817
4,1262.6991484525847,401.2626991484526
5,1151.606813353766,501.1516068133538
6,1187.0839112579686,601.187083911258
6,1139.9989331383897,601.1399989331384
5,1158.5527755817325,501.1585527755817
