num_vehicles,distance,fitness
5,1156.9680017061987,501.1569680017062
5,961.4494997056565,500.9614494997057
4,995.4610397820338,400.995461039782
5,1229.7796977012977,501.2297796977013
5,1017.3803238486715,501.01738032384867
5,1060.3287339285055,501.0603287339285
4,1221.6100033299244,401.22161000332994
6,1113.940138916944,601.113940138917
5,1266.6085487270113,501.266608548727
6,1208.6315789880266,601.208631578988
5,1187.610837964014,501.18761083796403
5,1147.112415694135,501.14711241569415
4,1011.9076820474052,401.0119076820474
6,1351.9238036472602,601.3519238036473
5,1254.1761518176413,501.25417615181766
5,1403.2673831223647,501.40326738312234
5,1107.7259389276198,501.1077259389276
6,1197.3005564223,601.1973005564223
5,1308.5534333566516,501.3085534333567
5,1021.2767442039672,501.021276744204
