num_vehicles,distance,fitness
5,1098.2107185369055,501.0982107185369
5,951.8101391377289,500.9518101391377
6,1094.4202045710417,601.0944202045711
6,1354.9753686104798,601.3549753686104
6,1279.1806170837679,601.2791806170837
6,1238.4803301852314,601.2384803301852
6,1270.4684112834543,601.2704684112834
6,1094.425045121178,601.0944250451212
6,1078.450964588701,601.0784509645887
6,1175.9753535603045,601.1759753535603
6,1137.7472430157834,601.1377472430158
5,1076.8693710741268,501.0768693710741
6,1150.0900788131305,601.1500900788132
6,1243.608592238383,601.2436085922384
6,1191.1109125516828,601.1911109125517
6,1001.4552550031121,601.0014552550031
6,1120.3446458140052,601.120344645814
7,1137.5810239208809,701.1375810239209
7,1190.5288094262846,701.1905288094263
6,1198.485745540726,601.1984857455408
