num_vehicles,distance,fitness
4,1081.4010688547528,401.08140106885475
4,1094.402897800499,401.0944028978005
5,1024.1356215135488,501.02413562151355
5,1076.9890133180634,501.07698901331804
5,1196.8152246875911,501.1968152246876
6,1092.6532252806087,601.0926532252806
6,1210.7515977963071,601.2107515977963
7,1075.4872781570714,701.0754872781571
8,1114.380700652795,801.1143807006528
6,981.6603278823296,600.9816603278823
7,1159.5686479836484,701.1595686479836
6,1263.2796886151602,601.2632796886152
7,1344.991873566411,701.3449918735664
7,1183.1236616510778,701.183123661651
6,1153.772970549636,601.1537729705497
6,1269.0733066531666,601.2690733066531
7,1361.4388367228469,701.3614388367229
7,1137.3289965966537,701.1373289965967
7,1229.4541838635403,701.2294541838636
6,1136.152376302287,601.1361523763023
