num_vehicles,distance,fitness
5,1306.6275740598305,501.3066275740598
5,984.3906114082595,500.9843906114083
4,1243.912279214621,401.2439122792146
5,1261.2563749850783,501.26125637498507
5,1259.3875055790725,501.25938750557907
4,1421.769696869114,401.4217696968691
5,1122.5676486350171,501.122567648635
5,1331.289105139488,501.3312891051395
5,866.2675078481794,500.8662675078482
5,1359.435688119013,501.359435688119
5,1325.6516112414965,501.3256516112415
5,1347.8554936944724,501.34785549369445
5,1152.3513003120843,501.1523513003121
5,1054.7102626239625,501.054710262624
5,929.4341869246202,500.9294341869246
5,1332.7382141669118,501.3327382141669
5,945.4090069608242,500.9454090069608
4,996.6407325971852,400.9966407325972
4,1135.1389661342403,401.13513896613426
5,1308.6026484063518,501.30860264840635
