num_vehicles,distance,fitness
7,537.3913739362137,700.5373913739362
9,601.9129611251665,900.6019129611252
10,597.5828942502286,1000.5975828942502
8,631.8931045373067,800.6318931045373
8,564.0820607298301,800.5640820607298
12,774.8048935567755,1200.7748048935568
12,743.1702751059074,1200.743170275106
11,693.8362467175198,1100.6938362467174
10,712.1819812859023,1000.7121819812859
9,747.1025986205858,900.7471025986206
13,806.8122097195712,1300.8068122097195
13,819.3540514720598,1300.8193540514721
10,710.4275692206695,1000.7104275692207
9,683.4314764919925,900.683431476492
9,736.9592331929898,900.736959233193
10,634.6045412967234,1000.6346045412968
11,591.0080174140342,1100.591008017414
9,699.230482158216,900.6992304821582
11,617.8940234264994,1100.6178940234265
13,768.4886834095746,1300.7684886834095
