num_vehicles,distance,fitness
6,447.6452532027363,600.4476452532027
7,496.92490146241033,700.4969249014624
7,569.50074783753,700.5695007478375
8,602.887919613527,800.6028879196135
7,614.1674341334628,700.6141674341335
8,651.4453093887872,800.6514453093888
7,542.9710724632547,700.5429710724633
8,621.7997160566067,800.6217997160566
9,694.2321852315548,900.6942321852315
10,723.6360402087969,1000.7236360402088
9,680.2146593770532,900.680214659377
10,686.5445472888226,1000.6865445472888
11,719.6864434969913,1100.719686443497
8,627.439592939827,800.6274395929398
9,688.0772274615881,900.6880772274616
9,659.0807698110842,900.6590807698111
8,675.7740149761,800.6757740149761
9,572.9399959739898,900.572939995974
9,610.002666618827,900.6100026666188
8,648.0002369563995,800.6480002369564
