num_vehicles,distance,fitness
7,495.26436520284466,700.4952643652028
7,580.7684905767733,700.5807684905768
7,557.8001964143767,700.5578001964144
7,527.489073805891,700.5274890738059
7,470.13031622710673,700.4701303162271
6,527.9268630073896,600.5279268630073
7,544.8913123389078,700.5448913123389
8,692.5078310824969,800.6925078310825
8,701.6981825599639,800.70169818256
7,651.6527968759953,700.651652796876
7,594.0109497230394,700.594010949723
8,674.0343274294094,800.6740343274294
7,723.3011853207447,700.7233011853208
7,606.1584702179613,700.6061584702179
7,720.6614005363413,700.7206614005363
7,678.0177852366745,700.6780177852366
9,784.7588139004788,900.7847588139005
8,634.059441841656,800.6340594418416
8,664.4630738112309,800.6644630738112
8,749.2961173058299,800.7492961173058
