num_vehicles,distance,fitness
7,512.2931205274929,700.5122931205275
7,624.6770071098069,700.6246770071098
7,610.7395409991977,700.6107395409992
6,548.4550978444277,600.5484550978445
6,520.1363614947606,600.5201363614948
7,546.2582621620888,700.546258262162
7,587.0421606189336,700.5870421606189
7,511.13442295574237,700.5111344229557
7,721.4371723001692,700.7214371723002
8,741.4069157355823,800.7414069157356
7,647.0579566635935,700.6470579566636
7,631.1913935723924,700.6311913935724
7,605.8842899900014,700.60588428999
7,719.9249732081721,700.7199249732082
7,696.4345273681656,700.6964345273682
7,624.522248417996,700.624522248418
7,613.1300586297555,700.6131300586297
7,625.8328056183877,700.6258328056184
7,676.3172476695072,700.6763172476695
7,651.1860712385653,700.6511860712386
