num_vehicles,distance,fitness
7,658.8124637298049,700.6588124637298
7,567.7470142236132,700.5677470142236
7,559.6718686952212,700.5596718686952
8,629.3040313419182,800.6293040313419
8,662.9235269324529,800.6629235269324
11,719.3689095718597,1100.7193689095718
11,701.3068540024361,1100.7013068540025
10,745.8675025050883,1000.7458675025051
9,608.7734929832293,900.6087734929832
11,773.3670696477539,1100.7733670696477
10,679.3479116676992,1000.6793479116677
13,849.3092153732491,1300.8493092153733
10,689.0752982067428,1000.6890752982067
9,610.580696253777,900.6105806962538
10,699.4137573564824,1000.6994137573565
8,608.9233284948708,800.6089233284948
10,630.8268612296362,1000.6308268612296
9,625.1861766495915,900.6251861766495
9,614.3784037549935,900.614378403755
10,681.6856390269152,1000.6816856390269
