num_vehicles,distance,fitness
8,516.3387731186642,800.5163387731187
7,502.54201432072483,700.5025420143207
10,593.3169428118462,1000.5933169428118
9,512.9159319050328,900.512915931905
9,656.0541547399805,900.65605415474
10,545.4283700011792,1000.5454283700012
9,619.6816264585634,900.6196816264586
11,730.4734894868368,1100.730473489487
8,601.8778301383144,800.6018778301383
9,693.4039981571007,900.6934039981571
11,651.1988586476425,1100.6511988586476
10,739.6056252461804,1000.7396056252462
10,751.5164484926893,1000.7515164484927
9,728.353114903103,900.7283531149031
10,794.2979896902582,1000.7942979896902
10,698.1045902272457,1000.6981045902272
10,752.7264279884915,1000.7527264279885
11,704.0038119272707,1100.7040038119274
9,668.9964642289399,900.6689964642289
9,632.8781652980426,900.632878165298
