num_vehicles,distance,fitness
7,664.5333586844342,700.6645333586845
7,593.0667587017015,700.5930667587018
8,631.969980018643,800.6319699800187
7,657.6931680329523,700.657693168033
8,640.084298586065,800.6400842985861
8,608.0213313338883,800.6080213313339
7,662.8413126896578,700.6628413126897
7,582.3355843152765,700.5823355843153
8,661.8617190210032,800.661861719021
8,673.0903992103754,800.6730903992104
7,643.5399982450531,700.643539998245
7,650.6313009273429,700.6506313009273
8,672.4085558605562,800.6724085558606
8,621.7567899283154,800.6217567899283
7,639.8977201769852,700.639897720177
8,716.5808743275572,800.7165808743275
8,728.0642591602284,800.7280642591602
8,637.2222153152755,800.6372222153153
8,649.1585347138732,800.6491585347138
8,644.4565987040896,800.6444565987041
