num_vehicles,distance,fitness
7,636.8199997144283,700.6368199997145
7,599.4125115605955,700.5994125115606
7,651.0340142810379,700.6510340142811
7,622.6011782226055,700.6226011782226
7,632.9205580911002,700.6329205580911
7,667.1105406909584,700.6671105406909
7,666.8829416272504,700.6668829416273
7,548.038303492976,700.548038303493
7,544.8501753388259,700.5448501753389
8,659.0655895253709,800.6590655895254
7,662.5270901579831,700.6625270901579
7,588.0324248816631,700.5880324248817
7,602.7085357183173,700.6027085357183
8,598.7355775003273,800.5987355775003
7,700.6280084652599,700.7006280084653
7,691.4638192067978,700.6914638192068
8,556.103142903154,800.5561031429031
7,686.8883855230556,700.686888385523
6,642.5754692221828,600.6425754692222
7,625.7776713140539,700.625777671314
