num_vehicles,distance,fitness
5,457.2023704760672,500.45720237047607
6,519.5625314924413,600.5195625314924
6,487.06085831705843,600.487060858317
8,512.7748699654478,800.5127748699655
6,488.44117661208065,600.4884411766121
6,504.0885328547246,600.5040885328548
8,641.0906063540443,800.641090606354
9,717.9101577367227,900.7179101577367
9,737.0517901657327,900.7370517901658
8,782.7014100828626,800.7827014100828
9,694.2706302643882,900.6942706302644
8,781.317877652466,800.7813178776524
10,765.8617618260372,1000.765861761826
9,701.6832941542409,900.7016832941542
9,820.2101954093429,900.8202101954093
8,660.1490695750716,800.660149069575
10,813.9331310216668,1000.8139331310217
8,731.6632702977,800.7316632702976
8,708.5399084124476,800.7085399084125
8,812.1688301136321,800.8121688301136
