num_vehicles,distance,fitness
5,555.9485643976219,500.5559485643976
5,650.584496707578,500.65058449670755
5,578.0330385146285,500.5780330385146
5,549.3176731834167,500.5493176731834
5,614.1230777711028,500.6141230777711
5,562.7192663687163,500.56271926636873
5,574.4503340649012,500.5744503340649
6,749.2598974910451,600.749259897491
6,748.6120087068515,600.7486120087068
6,760.5136426929989,600.760513642693
6,657.0312234891767,600.6570312234892
9,828.9727682674386,900.8289727682675
6,740.5174517707811,600.7405174517708
7,788.926534513019,700.788926534513
6,693.128224594486,600.6931282245945
5,696.8455620056934,500.6968455620057
6,755.9864489161253,600.7559864489161
6,686.554092500441,600.6865540925004
6,737.9207877494249,600.7379207877494
7,758.589737240172,700.7585897372402
