num_vehicles,distance,fitness
5,534.3361221591722,500.5343361221592
5,564.7537497233069,500.5647537497233
5,612.1304697442883,500.6121304697443
5,591.087473101157,500.59108747310114
5,520.8456249747496,500.52084562497475
5,731.7764236999465,500.73177642369996
5,756.4609376029416,500.7564609376029
6,779.0825777114937,600.7790825777115
6,805.867158687461,600.8058671586874
6,822.4937898619463,600.8224937898619
6,795.745652382209,600.7957456523823
5,754.9348263485532,500.7549348263486
6,805.392576053885,600.8053925760539
6,797.1219663541426,600.7971219663541
6,741.0721785297898,600.7410721785297
5,705.5069110886528,500.70550691108866
5,694.6941214759548,500.69469412147595
6,754.083935425086,600.7540839354251
5,739.6474964436646,500.73964749644364
5,611.856786828267,500.61185678682824
