num_vehicles,distance,fitness
5,492.8496652239143,500.4928496652239
5,439.59356015404194,500.43959356015404
5,455.69235608626207,500.4556923560863
5,459.7571346025738,500.45975713460257
5,521.5684405543508,500.52156844055435
6,594.1454847848452,600.5941454847848
7,636.4522678248973,700.6364522678249
8,711.6488752371419,800.7116488752372
8,657.1016863895991,800.6571016863896
7,656.0270355653632,700.6560270355653
7,615.0271189037212,700.6150271189038
7,651.3608356036689,700.6513608356037
7,605.7550465700322,700.60575504657
7,595.2170925865635,700.5952170925866
7,607.2312179067285,700.6072312179067
7,651.1451758536697,700.6511451758537
8,544.4297991428842,800.5444297991429
7,614.38985132207,700.614389851322
6,558.3227453891301,600.5583227453891
7,648.4439163252576,700.6484439163253
