num_vehicles,distance,fitness
5,518.2594252824524,500.51825942528245
5,524.7299515417851,500.52472995154176
5,492.9711629146361,500.4929711629146
5,490.845119510108,500.4908451195101
6,532.517043412112,600.5325170434121
5,481.22910486170224,500.4812291048617
6,518.4902027627154,600.5184902027627
6,666.3412408035492,600.6663412408036
5,613.8323970597352,500.61383239705975
6,517.4153391725973,600.5174153391725
7,654.3345866413566,700.6543345866413
5,478.885178824968,500.47888517882495
6,594.7440912680883,600.5947440912681
6,698.4820239486894,600.6984820239487
6,565.4485031859231,600.565448503186
6,641.6763030951493,600.6416763030951
7,700.9280253243681,700.7009280253244
6,580.3046563368401,600.5803046563368
7,606.1834567605417,700.6061834567605
7,675.6915381208861,700.6756915381209
