num_vehicles,distance,fitness
5,466.50342106065915,500.4665034210607
5,440.75827934385813,500.44075827934387
6,498.12322485104914,600.498123224851
5,491.3908911726002,500.4913908911726
5,466.8576825057038,500.4668576825057
5,466.34753904718474,500.4663475390472
5,460.2241336316505,500.46022413363164
7,662.1660050474736,700.6621660050474
6,644.1538588107006,600.6441538588107
6,668.2745037721189,600.6682745037721
6,700.9775091210196,600.700977509121
6,616.2458582108102,600.6162458582108
6,538.870282771746,600.5388702827718
7,693.4265415951209,700.6934265415952
6,643.3271338673954,600.6433271338674
6,687.0682933525304,600.6870682933526
6,619.4027732972047,600.6194027732972
7,601.0005897834388,700.6010005897834
5,648.9347590254305,500.64893475902545
7,542.5652976386866,700.5425652976387
