num_vehicles,distance,fitness
8,800.9792222618502,800.8009792222618
12,840.2342239575513,1200.8402342239576
12,913.1105369684756,1200.9131105369686
13,972.2866132724712,1300.9722866132724
14,879.2368658084038,1400.8792368658085
15,972.4152435264511,1500.9724152435265
13,950.301833516206,1300.9503018335163
13,904.5644298337755,1300.9045644298337
15,978.0819939578381,1500.9780819939579
14,975.8400265225425,1400.9758400265225
13,1016.7470756755715,1301.0167470756755
16,1022.9939710206834,1601.0229939710207
14,921.3618962174044,1400.9213618962174
15,1015.7193502340696,1501.0157193502341
13,995.9445574828019,1300.9959445574827
17,1065.3087283618913,1701.065308728362
14,996.1799358722591,1400.9961799358723
14,1007.9768179728744,1401.0079768179728
14,1052.3970013805042,1401.0523970013805
14,943.075814320805,1400.9430758143208
