num_vehicles,distance,fitness
7,743.2970155147732,700.7432970155148
7,751.2350938132779,700.7512350938133
7,733.1166960109238,700.7331166960109
7,817.8310615604386,700.8178310615605
7,736.7518824106835,700.7367518824107
7,712.330537816441,700.7123305378165
7,879.5243389717206,700.8795243389717
9,889.2817871851098,900.8892817871852
10,899.5780337180828,1000.8995780337181
9,857.4394951188542,900.8574394951189
10,878.295785406889,1000.8782957854069
8,900.012425932098,800.9000124259321
8,855.2571808562979,800.8552571808563
10,907.5400843165612,1000.9075400843166
12,940.1718575539089,1200.9401718575539
10,974.474431960276,1000.9744744319603
10,841.1282017303505,1000.8411282017304
11,973.9806924586865,1100.9739806924588
11,1000.6013333595974,1101.0006013333596
9,912.6041262841546,900.9126041262841
