num_vehicles,distance,fitness
7,847.9959707224298,700.8479959707224
6,821.0916253277246,600.8210916253278
7,853.5612664729907,700.853561266473
7,800.0080826458509,700.8000080826458
6,801.203305798164,600.8012033057981
6,744.288355007756,600.7442883550077
7,935.1083331548595,700.9351083331549
6,845.6194747907762,600.8456194747907
6,848.2574766509745,600.8482574766509
9,958.5818733495199,900.9585818733495
9,1028.710526443141,901.0287105264431
10,941.3717690682555,1000.9413717690683
9,1025.0295018967533,901.0250295018967
9,931.0240294955545,900.9310240294956
8,976.030435429829,800.9760304354298
9,970.0859416317054,900.9700859416317
8,841.4094315708795,800.8414094315709
9,930.711358009124,900.9307113580091
8,1025.565892128223,801.0255658921283
9,915.3223155786245,900.9153223155786
