num_vehicles,distance,fitness
7,864.4833286468569,700.8644833286469
10,814.0006009665661,1000.8140006009666
10,863.883379329898,1000.8638833793299
8,811.3219451949706,800.811321945195
13,940.1464613050991,1300.9401464613052
8,834.2949621036265,800.8342949621036
10,773.536850063959,1000.7735368500639
11,1016.4848011490997,1101.016484801149
12,987.0097874765642,1200.9870097874766
11,951.8636257515507,1100.9518636257515
15,1012.6693520853618,1501.0126693520854
13,972.2548124762536,1300.9722548124762
11,967.954513628814,1100.967954513629
12,956.5791112126271,1200.9565791112127
13,952.5750994422435,1300.9525750994424
11,910.3975961125393,1100.9103975961125
12,974.5647641248584,1200.9745647641248
12,946.4413406682269,1200.9464413406681
12,973.200981324001,1200.973200981324
11,927.1957651078438,1100.9271957651079
