num_vehicles,distance,fitness
6,738.2850068179622,600.7382850068179
7,757.8694226336771,700.7578694226337
9,771.4507009478361,900.7714507009479
9,821.5870310534214,900.8215870310535
12,1004.8454086946331,1201.0048454086946
9,887.5721725520507,900.887572172552
10,981.037309735121,1000.9810373097351
10,952.1028902264708,1000.9521028902265
9,931.8548360890477,900.9318548360891
10,998.1751826441911,1000.9981751826442
9,934.3006869504429,900.9343006869505
9,957.8132087083512,900.9578132087083
10,889.9382763710594,1000.889938276371
9,916.6196363772214,900.9166196363773
9,916.2377083586587,900.9162377083586
8,885.2004014405487,800.8852004014406
10,917.1990107525332,1000.9171990107525
10,963.7760709033348,1000.9637760709034
9,1000.7358789306018,901.0007358789306
9,935.3763169895105,900.9353763169895
