num_vehicles,distance,fitness
7,818.2437983267619,700.8182437983268
6,917.1358104562215,600.9171358104562
6,869.6582361139879,600.869658236114
6,809.3210060966419,600.8093210060966
6,784.6055377147832,600.7846055377148
9,930.3484462394782,900.9303484462395
8,903.6861586442668,800.9036861586443
8,977.7122852201845,800.9777122852202
8,977.1380796413669,800.9771380796413
8,857.5317056290778,800.8575317056291
10,918.5597282604209,1000.9185597282604
11,1015.4445491488854,1101.015444549149
7,893.4607012033623,700.8934607012034
8,905.3513130887949,800.9053513130888
8,865.4022907036317,800.8654022907036
9,973.365723212104,900.973365723212
11,920.0093910883407,1100.9200093910883
7,831.285922549243,700.8312859225492
8,884.7909182862256,800.8847909182862
9,895.3723749885928,900.8953723749886
