num_vehicles,distance,fitness
7,875.9048735512156,700.8759048735512
6,803.4511378537078,600.8034511378537
6,928.0691370369618,600.9280691370369
6,771.4678236740222,600.771467823674
6,797.4923189453041,600.7974923189453
7,775.04547820397,700.775045478204
7,808.3945094522172,700.8083945094522
8,916.9896536106538,800.9169896536107
8,844.6858416756578,800.8446858416756
8,955.6702537598202,800.9556702537599
9,934.3503972642422,900.9343503972642
8,831.700914783989,800.8317009147839
8,942.5735253011284,800.9425735253011
8,957.4024925821768,800.9574024925822
8,944.8509442273548,800.9448509442274
8,977.0469689169222,800.977046968917
8,988.5767157056413,800.9885767157057
8,941.572500881498,800.9415725008815
8,880.9409698554133,800.8809409698554
8,810.5801422132566,800.8105801422132
