num_vehicles,distance,fitness
6,849.5290070488132,600.8495290070488
9,820.4485990195509,900.8204485990195
9,854.1149248522923,900.8541149248523
7,744.6359191509357,700.7446359191509
8,907.9796507405855,800.9079796507406
8,836.5927064079978,800.8365927064079
9,821.8797577972791,900.8218797577973
7,667.7110940776312,700.6677110940776
9,967.2698663015192,900.9672698663015
9,894.0499185845432,900.8940499185845
8,910.3389782147608,800.9103389782148
9,903.5593066991352,900.9035593066991
8,957.0100034080162,800.9570100034081
9,952.3541209891864,900.9523541209892
8,911.3767872992105,800.9113767872992
9,997.685845559709,900.9976858455597
11,999.8054442366176,1100.9998054442367
9,916.8355060558908,900.9168355060559
9,837.9515093852401,900.8379515093852
9,956.502141626587,900.9565021416266
