num_vehicles,distance,fitness
6,762.3946846662257,600.7623946846662
7,809.0748863308146,700.8090748863308
8,842.311667656469,800.8423116676564
6,775.4075905984463,600.7754075905984
7,768.2139826518206,700.7682139826518
9,941.0930296620656,900.941093029662
8,970.7904710802561,800.9707904710802
10,1031.1878951261585,1001.0311878951262
8,941.3458436924823,800.9413458436925
7,817.2547844587446,700.8172547844588
8,913.4674778215146,800.9134674778215
8,922.3482418110156,800.922348241811
8,942.0417981629479,800.9420417981629
8,929.1699323105846,800.9291699323106
8,870.8788659603183,800.8708788659603
8,935.0981220240883,800.9350981220241
8,895.6235890181262,800.8956235890181
9,960.580441568823,900.9605804415688
7,824.0811937279964,700.824081193728
9,959.8442835779001,900.9598442835779
