num_vehicles,distance,fitness
6,840.3646523098904,600.8403646523099
7,808.9636399364186,700.8089636399365
7,880.9741236171719,700.8809741236172
7,755.8589573136853,700.7558589573136
7,838.9783231035807,700.8389783231036
7,920.4314765981848,700.9204314765982
6,815.1003005155952,600.8151003005156
6,823.9049780095611,600.8239049780095
7,815.6861500165721,700.8156861500165
7,1043.059558373237,701.0430595583732
7,879.1741691637765,700.8791741691638
7,913.1259697066042,700.9131259697066
8,950.8366876963706,800.9508366876963
6,806.5912921659444,600.806591292166
8,969.0212336684149,800.9690212336684
7,995.676048491188,700.9956760484912
7,868.0199859309869,700.868019985931
7,941.8079212518398,700.9418079212519
7,851.9211634886514,700.8519211634887
7,842.7775700358443,700.8427775700359
