num_vehicles,distance,fitness
4,848.564939599413,400.84856493959944
4,887.9639287433306,400.8879639287433
4,829.8391544274037,400.8298391544274
7,990.6651913817012,700.9906651913817
6,957.907303214213,600.9579073032143
6,906.6250831713797,600.9066250831714
8,999.1886618313422,800.9991886618313
8,1038.4813604222834,801.0384813604223
7,936.2877530551793,700.9362877530551
6,920.9060030149672,600.9209060030149
7,949.8575965601408,700.9498575965602
5,857.3077829846283,500.8573077829846
7,941.6648130139436,700.941664813014
6,905.041158854506,600.9050411588545
6,914.6228324587023,600.9146228324587
6,880.4325960270762,600.880432596027
5,897.5500321660849,500.89755003216607
8,1048.8126708808747,801.0488126708809
7,901.7977029769663,700.901797702977
6,1019.2406368623849,601.0192406368624
