num_vehicles,distance,fitness
4,937.6570066368039,400.9376570066368
5,1048.0401487348602,501.04804014873486
4,891.3180834113481,400.89131808341136
4,937.2066013009068,400.9372066013009
4,928.7954927621016,400.9287954927621
4,967.2398796810072,400.967239879681
4,976.6764132968855,400.9766764132969
4,821.4448423905305,400.8214448423905
4,948.6299744210056,400.948629974421
4,935.8705755500268,400.93587057555004
4,929.3270363058591,400.92932703630584
5,915.0452801150711,500.91504528011507
4,911.1169096044456,400.91111690960446
6,924.6711837745597,600.9246711837745
4,840.3202277213744,400.84032022772135
5,981.4072787453645,500.98140727874534
5,960.5369846900254,500.96053698469
5,878.2283473609227,500.8782283473609
5,983.3349511385351,500.98333495113854
4,889.6877292897292,400.88968772928973
