num_vehicles,distance,fitness
4,887.2260787198006,400.8872260787198
4,839.6107725612968,400.8396107725613
4,879.2736908814984,400.8792736908815
5,907.575376354093,500.9075753763541
5,907.7424363442286,500.9077424363442
4,785.6447483733352,400.78564474837333
4,866.4933016111678,400.8664933016112
4,950.5360305976785,400.9505360305977
5,949.6297633659248,500.9496297633659
5,881.0089420146035,500.8810089420146
4,1032.8582945856097,401.0328582945856
5,746.1512147859967,500.746151214786
5,858.6114802595059,500.8586114802595
5,902.9057171752752,500.90290571717526
5,885.1455575913583,500.8851455575914
5,946.0381264331156,500.9460381264331
5,835.1876314489961,500.835187631449
6,974.7640720703855,600.9747640720703
5,962.6565665465224,500.9626565665465
5,908.3895677548696,500.90838956775485
