num_vehicles,distance,fitness
4,934.6666440653541,400.9346666440654
4,982.5335344899953,400.98253353449
4,859.5505735130457,400.85955057351305
4,953.4316624955743,400.9534316624956
4,958.4236086892611,400.95842360868926
4,991.5767364422754,400.99157673644225
4,973.277281060398,400.9732772810604
4,907.1388799728747,400.9071388799729
5,881.9215780724876,500.8819215780725
5,815.0056738376283,500.8150056738376
5,968.3780078915073,500.9683780078915
5,894.550121765157,500.8945501217652
5,802.5984885560052,500.802598488556
5,944.8014960527848,500.9448014960528
5,899.8626683673052,500.8998626683673
5,1027.1733208036956,501.0271733208037
4,834.880529424234,400.83488052942425
5,924.9830034971296,500.9249830034971
5,945.1148942001498,500.9451148942002
5,913.5222414122803,500.9135222414123
