num_vehicles,distance,fitness
4,1099.2379083158141,401.0992379083158
4,1105.5460712754982,401.1055460712755
4,1032.6602594489848,401.03266025944896
4,1038.4322650651434,401.0384322650651
4,994.5512915831766,400.99455129158315
4,1066.0001791270374,401.06600017912706
4,919.5100854998147,400.91951008549984
4,1017.6819103043945,401.0176819103044
4,1015.3760184619027,401.0153760184619
5,1039.8853977496121,501.03988539774963
5,945.4991585836785,500.9454991585837
4,747.3108190839278,400.7473108190839
4,966.9395908649552,400.96693959086497
5,1010.0100886285547,501.0100100886286
4,937.2331061692355,400.93723310616923
4,999.3254210290304,400.999325421029
5,897.8461497789262,500.8978461497789
5,887.0538160075687,500.88705381600755
4,830.6512380270294,400.83065123802703
5,1033.024809289058,501.03302480928903
