num_vehicles,distance,fitness
4,990.4776981132496,400.99047769811324
4,984.5765877573375,400.9845765877573
4,956.6010823328309,400.95660108233284
4,925.0497227948516,400.9250497227948
4,903.5375143719201,400.9035375143719
4,1002.3831771437714,401.00238317714377
4,982.4357669583203,400.9824357669583
4,888.8815954940956,400.88888159549407
5,1021.6309463721294,501.0216309463721
4,845.3425428724901,400.8453425428725
4,857.0198453255915,400.85701984532557
5,907.2745447452597,500.90727454474523
4,980.3818152295353,400.9803818152295
4,904.5827987130516,400.9045827987131
4,914.032561439358,400.91403256143934
5,974.0601111722367,500.97406011117226
4,876.8700047870582,400.87687000478707
4,856.001378152895,400.8560013781529
4,1035.016492136352,401.0350164921364
4,809.9935308481909,400.8099935308482
