num_vehicles,distance,fitness
4,954.4951724086313,400.95449517240866
4,989.5024650504542,400.98950246505046
4,894.2800699782844,400.89428006997827
5,920.9499669346407,500.92094996693464
5,891.4342829125501,500.89143428291254
5,940.2459571388774,500.94024595713887
5,820.4402703840108,500.820440270384
5,925.0479267540545,500.9250479267541
5,1012.9187742698346,501.01291877426985
5,891.7040647849097,500.8917040647849
5,896.397072152626,500.89639707215264
5,927.0604606450959,500.9270604606451
5,952.8467163049436,500.9528467163049
5,958.2599327320875,500.95825993273206
4,855.8042889870544,400.85580428898703
4,802.67327103003,400.80267327103
5,863.4820038607642,500.8634820038608
6,969.2405757699615,600.96924057577
5,915.3972277958887,500.9153972277959
5,889.102322866748,500.88910232286673
