num_vehicles,distance,fitness
4,918.9340678700514,400.91893406787005
6,962.6489349222211,600.9626489349222
4,857.6540053341433,400.85765400533415
4,834.1176502028998,400.8341176502029
4,822.4855209893562,400.82248552098935
5,889.925249431608,500.8899252494316
4,977.031269023521,400.97703126902354
5,1015.3924349475419,501.01539243494756
5,1023.6046680875897,501.0236046680876
5,920.3999345419236,500.92039993454193
5,933.1162558567805,500.93311625585676
5,885.354855588882,500.8853548555889
5,870.986831902076,500.8709868319021
5,962.4563585935003,500.9624563585935
5,874.2345625674393,500.87423456256744
5,846.8915405931941,500.8468915405932
5,856.9222829337377,500.85692228293374
5,956.6452189216626,500.95664521892166
5,924.9895843796369,500.92498958437966
5,968.1355125944184,500.9681355125944
