num_vehicles,distance,fitness
7,979.4404534601562,700.9794404534601
7,940.1730154281383,700.9401730154282
7,1070.57978491428,701.0705797849142
7,923.3980060946824,700.9233980060947
7,879.8070636700659,700.8798070636701
8,1038.7836111817999,801.0387836111818
8,1131.1194000181692,801.1311194000182
8,1088.536538027402,801.0885365380274
8,1201.1996562888535,801.2011996562888
8,1241.4762405351375,801.2414762405351
8,1103.0702381572132,801.1030702381572
7,945.6447947137556,700.9456447947138
7,1008.5393989782208,701.0085393989782
7,975.1280206207894,700.9751280206208
8,1161.0264794838413,801.1610264794839
7,1007.4615850459599,701.0074615850459
8,1131.566973639327,801.1315669736393
8,1048.5721698744646,801.0485721698744
8,998.0114664727513,800.9980114664728
7,942.5421026880174,700.942542102688
