num_vehicles,distance,fitness
8,962.0780328369437,800.962078032837
8,755.8316860638992,800.7558316860639
8,749.479594990122,800.7494795949901
8,769.1650671629792,800.7691650671629
8,812.8891895484105,800.8128891895484
9,1009.7293135040508,901.0097293135041
8,823.9823355058217,800.8239823355058
9,1035.823754120801,901.0358237541208
8,987.5073357332863,800.9875073357333
8,843.5018040816805,800.8435018040817
10,1096.9231897840727,1001.0969231897841
9,953.5138127367493,900.9535138127368
10,1160.842638672309,1001.1608426386723
11,1130.735229895148,1101.1307352298952
9,950.0641596171042,900.9500641596171
8,884.4044064754114,800.8844044064754
9,1138.9294893487588,901.1389294893488
8,995.3293277369144,800.995329327737
9,889.5516943583784,900.8895516943584
10,1137.0014854631002,1001.1370014854631
