num_vehicles,distance,fitness
8,1070.571296979287,801.0705712969793
7,982.9978583411207,700.9829978583412
7,1047.8023796750401,701.0478023796751
7,1049.9907052596218,701.0499907052596
7,1024.924827027373,701.0249248270273
7,908.0174648803003,700.9080174648803
7,815.0506994293542,700.8150506994293
7,1012.5726774125454,701.0125726774125
7,861.9093175632725,700.8619093175632
9,1081.917478729607,901.0819174787296
9,1166.0090224518008,901.1660090224518
8,1007.5315431120663,801.0075315431121
9,1142.82907609619,901.1428290760962
8,1207.718563227581,801.2077185632276
10,1268.5433235498801,1001.2685433235499
9,1150.1235182238895,901.1501235182238
10,1298.138801427812,1001.2981388014279
8,1089.2179382120394,801.0892179382121
9,1179.0857566089107,901.1790857566089
8,1194.722234299729,801.1947222342998
