num_vehicles,distance,fitness
7,791.5872570391791,700.7915872570392
7,891.7133287182847,700.8917133287183
7,800.6617108010049,700.800661710801
7,809.7040722545846,700.8097040722546
7,839.3688044012437,700.8393688044013
7,824.9127839041017,700.8249127839041
8,968.5774246810586,800.968577424681
7,851.4719637304486,700.8514719637304
8,959.6578600288617,800.9596578600289
7,799.6613724783675,700.7996613724783
10,1266.7932340563214,1001.2667932340563
10,1174.676385728586,1001.1746763857286
8,1006.4415523914978,801.0064415523915
9,1073.8961502687866,901.0738961502688
8,1038.0042300871464,801.0380042300872
9,1106.646768042743,901.1066467680428
9,1034.529170628128,901.0345291706282
9,1109.9116109466693,901.1099116109467
8,954.0935526771216,800.9540935526771
9,1043.7043885375379,901.0437043885375
