num_vehicles,distance,fitness
7,792.558481332472,700.7925584813324
7,898.2807575913537,700.8982807575914
8,1034.158098861662,801.0341580988617
7,897.2685117057534,700.8972685117058
7,880.4102254018217,700.8804102254019
7,831.1999746393012,700.8311999746393
7,858.7421069129371,700.8587421069129
10,1028.189647468302,1001.0281896474683
8,1026.6278960131076,801.0266278960131
9,1189.3425345656838,901.1893425345656
8,935.2400921409459,800.9352400921409
9,1111.9382452972372,901.1119382452972
9,1145.913162199823,901.1459131621998
9,1022.6417395385488,901.0226417395386
9,1067.9282489850814,901.067928248985
9,1030.869805698797,901.0308698056988
8,952.1486767701999,800.9521486767702
9,1132.170504403002,901.132170504403
10,1131.8828286409375,1001.131882828641
9,980.3762327258698,900.9803762327259
