num_vehicles,distance,fitness
5,1306.6275740598305,501.3066275740598
5,1070.6344199636076,501.0706344199636
5,1092.9139065485947,501.0929139065486
5,1151.2980253378944,501.1512980253379
4,1237.626530584156,401.2376265305842
4,902.6104603613435,400.90261046036136
4,915.1800150470365,400.91518001504704
4,963.0324782632458,400.96303247826324
5,1125.2012532783815,501.12520125327836
5,1268.5613386677585,501.2685613386678
5,1262.7371984042632,501.26273719840424
5,1055.02279841525,501.0550227984152
5,1109.684722303536,501.10968472230354
5,1271.447841248244,501.27144784124823
4,1025.6024589603278,401.02560245896035
5,1110.7467100815325,501.1107467100815
5,1218.4008503009002,501.2184008503009
4,1111.2083648327646,401.11120836483275
5,905.7915050017729,500.9057915050018
5,1152.3202283455844,501.15232022834556
