num_vehicles,distance,fitness
5,1206.7227033268164,501.2067227033268
6,1093.9505395097651,601.0939505395098
6,1108.787935261896,601.108787935262
6,1252.612957533366,601.2526129575334
5,1096.923729125392,501.09692372912536
5,1109.3026105935567,501.10930261059355
7,1158.9767913295013,701.1589767913295
6,1148.0478388227395,601.1480478388228
7,1152.8102226423944,701.1528102226424
7,1136.9842832920272,701.136984283292
7,1288.6075562950482,701.288607556295
7,1269.5738905332964,701.2695738905333
6,1062.5271036672634,601.0625271036672
7,1249.9622513989232,701.2499622513989
8,1383.8118416961206,801.3838118416961
7,1424.0324148903494,701.4240324148903
8,1244.5079665549774,801.244507966555
6,1338.2729162816258,601.3382729162817
7,1051.4002990280924,701.051400299028
7,1398.8393539115186,701.3988393539115
