num_vehicles,distance,fitness
5,1310.0844333327757,501.3100844333328
5,1238.1737057427817,501.2381737057428
5,1159.9018455149408,501.1599018455149
5,1150.9633277802332,501.15096332778023
5,1153.861067112122,501.15386106711213
5,1205.2023057923861,501.2052023057924
6,1052.2695486481518,601.0522695486482
5,1047.4960264158497,501.04749602641584
6,1164.0366083770361,601.164036608377
5,1024.5492735721393,501.0245492735721
6,1296.8386391842387,601.2968386391842
5,1017.4322571285525,501.0174322571286
6,1205.1784104755598,601.2051784104756
5,1087.0253986419486,501.08702539864197
5,1119.1108223534175,501.11911082235343
5,1041.5250488824715,501.0415250488825
5,942.0375755853386,500.94203757558535
5,1080.3366636332746,501.08033666363326
6,1174.9579935032436,601.1749579935032
5,952.0288869418046,500.95202888694183
