num_vehicles,distance,fitness
5,1098.2107185369055,501.0982107185369
5,974.0715787081979,500.9740715787082
6,1017.332225122855,601.0173322251228
5,951.4958721146724,500.95149587211466
5,998.0477027901275,500.99804770279013
4,1118.5545598999079,401.1185545598999
6,1119.8880016449843,601.119888001645
6,1203.149782328708,601.2031497823288
6,1203.4894078847667,601.2034894078847
8,1294.6780515060884,801.2946780515061
7,1324.028013869634,701.3240280138697
6,1217.3499713739063,601.2173499713739
6,1318.2934451681697,601.3182934451681
6,1196.873155351889,601.1968731553519
7,1049.4062510709928,701.049406251071
8,1339.0494706754798,801.3390494706755
6,1258.4319689046401,601.2584319689047
8,1338.4716553536482,801.3384716553536
6,1287.5894738301618,601.2875894738302
6,1285.0091501969403,601.285009150197
