num_vehicles,distance,fitness
5,1156.9680017061987,501.1569680017062
5,1015.27165515613,501.01527165515614
5,1318.4577823506097,501.3184577823506
5,1062.066291699628,501.06206629169964
5,1411.1302307584997,501.4111302307585
6,1312.6648588602698,601.3126648588602
5,1245.1961198708634,501.24519611987085
5,1078.221403961792,501.0782214039618
5,962.7946618233267,500.96279466182335
5,1148.1724989583722,501.1481724989584
5,1058.9349266397132,501.0589349266397
5,1089.138386436617,501.0891383864366
5,1083.0018256060134,501.083001825606
6,1156.478818392291,601.1564788183923
5,1009.3447351660516,501.00934473516605
6,1050.3240981424879,601.0503240981425
5,1053.7464780217624,501.05374647802176
5,1209.4634114578064,501.2094634114578
5,916.3250167141024,500.9163250167141
5,1172.0500923026548,501.17205009230264
