num_vehicles,distance,fitness
4,1067.7019895573885,401.0677019895574
5,1021.157742086608,501.0211577420866
4,1060.40947591427,401.0604094759143
5,1124.5714058888582,501.12457140588884
5,1233.2771726759447,501.23327717267597
5,985.3366151274531,500.98533661512744
5,1248.324263134802,501.2483242631348
5,1205.5853323962574,501.20558533239625
5,1299.4549883592326,501.29945498835923
5,1210.6962429512998,501.2106962429513
5,1021.5371207166272,501.02153712071663
6,1088.857031617998,601.088857031618
5,1200.976923843291,501.2009769238433
5,1190.008257153309,501.1900082571533
5,1044.3631393404955,501.0443631393405
6,999.2747063465697,600.9992747063466
5,1226.4067628864093,501.2264067628864
6,1093.9865540863802,601.0939865540864
5,1119.421177918085,501.11942117791807
5,1255.9581521451632,501.2559581521452
