num_vehicles,distance,fitness
7,537.3913739362137,700.5373913739362
9,596.3789829296016,900.5963789829297
8,607.4805721764186,800.6074805721764
7,517.8043407321163,700.5178043407321
7,682.9664029021576,700.6829664029021
8,509.2848980457885,800.5092848980457
8,526.1299333517753,800.5261299333517
9,620.3238279614131,900.6203238279614
11,731.3505996485288,1100.7313505996485
9,624.5858539413966,900.6245858539414
10,717.2905792636434,1000.7172905792636
11,756.8884741909363,1100.7568884741909
11,641.638340298604,1100.6416383402986
9,689.2912503695131,900.6892912503695
9,645.5598661630191,900.645559866163
10,665.7966732975822,1000.6657966732976
10,651.9805699697297,1000.6519805699697
10,699.6215269050992,1000.699621526905
9,645.5954944226294,900.6455954944227
10,682.6087771902095,1000.6826087771902
