num_vehicles,distance,fitness
6,447.6452532027363,600.4476452532027
7,541.1973173202981,700.5411973173203
7,539.5424089467167,700.5395424089468
8,553.086569149383,800.5530865691494
8,587.042132142275,800.5870421321423
8,556.1973927609126,800.556197392761
8,615.0670870252347,800.6150670870252
10,707.2045842391103,1000.7072045842391
9,726.8187428430303,900.7268187428431
8,608.0961098709939,800.608096109871
9,733.1898295452685,900.7331898295453
8,674.9202628137691,800.6749202628138
9,644.7412781048914,900.6447412781049
9,718.0980748219088,900.7180980748219
8,610.4234720658533,800.6104234720658
10,717.2752086905923,1000.7172752086906
8,628.1043087424019,800.6281043087424
9,720.2145909368089,900.7202145909368
10,681.0860125753572,1000.6810860125754
9,719.8204216094471,900.7198204216095
