num_vehicles,distance,fitness
7,495.26436520284466,700.4952643652028
7,583.9500541810969,700.5839500541811
7,631.2188936828004,700.6312188936828
7,536.8606763721214,700.5368606763722
8,696.4378630070967,800.6964378630071
9,614.3804525520767,900.614380452552
7,576.3394793837347,700.5763394793837
8,693.2059088482242,800.6932059088482
7,647.9068795269101,700.6479068795269
8,769.3630879505622,800.7693630879505
7,573.1270913894181,700.5731270913894
8,637.7756698110252,800.637775669811
7,627.5305635087983,700.6275305635088
8,614.9078697275803,800.6149078697276
8,611.0263539780904,800.6110263539781
8,715.5256458898141,800.7155256458898
7,642.8776516130753,700.642877651613
7,639.3029511321811,700.6393029511322
9,652.5238477565308,900.6525238477566
7,609.5927357736545,700.6095927357736
