num_vehicles,distance,fitness
7,512.2931205274929,700.5122931205275
7,519.2521170264594,700.5192521170264
7,527.1286673601263,700.5271286673601
7,610.1763021959847,700.610176302196
6,525.9867185826594,600.5259867185827
7,649.9347767672773,700.6499347767673
6,555.9869542600175,600.55598695426
7,569.2268788115191,700.5692268788115
8,756.3258893738246,800.7563258893738
7,587.4819570000407,700.587481957
7,668.3615584765513,700.6683615584766
7,694.336476361317,700.6943364763613
7,653.317938761739,700.6533179387617
7,663.9943821969493,700.663994382197
6,627.5948069123829,600.6275948069124
7,648.8103232149631,700.648810323215
8,694.8300896829202,800.6948300896829
8,694.2964122068029,800.6942964122068
7,648.1873682648758,700.6481873682649
7,633.0865436436956,700.6330865436437
