num_vehicles,distance,fitness
8,516.3387731186642,800.5163387731187
11,658.9567348551248,1100.658956734855
9,579.7340048916044,900.5797340048916
10,677.7146243159139,1000.677714624316
9,672.4140642183377,900.6724140642183
10,623.949605570619,1000.6239496055706
9,567.6989250382018,900.5676989250383
8,648.1349532088631,800.6481349532089
11,702.8446556612485,1100.7028446556612
10,663.4660481324972,1000.6634660481325
12,720.7826818079122,1200.7207826818078
12,830.433858532983,1200.830433858533
10,559.6611336460495,1000.559661133646
10,670.5736968474237,1000.6705736968474
12,681.7169308403201,1200.6817169308404
10,643.5465503323154,1000.6435465503323
9,696.732320828268,900.6967323208282
10,663.5241910585567,1000.6635241910585
12,708.6591061065973,1200.7086591061066
10,687.3015148243246,1000.6873015148243
