num_vehicles,distance,fitness
7,636.8199997144283,700.6368199997145
7,645.3368115953954,700.6453368115954
6,667.1279201992642,600.6671279201993
7,631.243100343632,700.6312431003437
7,557.2086970199762,700.55720869702
7,657.1286563653715,700.6571286563653
7,652.217697380404,700.6522176973804
7,688.4556040882361,700.6884556040883
7,620.3085906132678,700.6203085906133
7,626.3502455753598,700.6263502455754
7,684.2727601076238,700.6842727601077
8,588.5821656192843,800.5885821656193
7,613.959836457178,700.6139598364572
6,603.0473636427544,600.6030473636428
7,671.1266707278021,700.6711266707279
7,719.2232726263657,700.7192232726263
6,595.801048251298,600.5958010482512
7,668.9932515631052,700.668993251563
7,659.4326957809208,700.6594326957809
7,685.6855513187289,700.6856855513188
