num_vehicles,distance,fitness
5,457.2023704760672,500.45720237047607
7,542.3312874276105,700.5423312874276
8,657.1282188813246,800.6571282188813
6,542.5829064096329,600.5425829064096
6,558.9640388953444,600.5589640388954
8,597.9434664449715,800.5979434664449
5,514.7350871305979,500.5147350871306
7,645.6150321789997,700.645615032179
8,693.232397472013,800.693232397472
8,717.485742885806,800.7174857428859
8,700.8060462565098,800.7008060462565
10,768.6759339976709,1000.7686759339977
8,656.1117988643296,800.6561117988643
8,761.2110738991128,800.7612110738991
8,709.7952335844419,800.7097952335845
9,704.1497927232023,900.7041497927232
7,704.7656611328254,700.7047656611328
12,771.7921514930858,1200.7717921514932
11,819.9835137167297,1100.8199835137168
7,716.6558947606522,700.7166558947606
