num_vehicles,distance,fitness
5,512.8102709016586,500.51281027090164
5,578.2492317343227,500.57824923173433
5,526.6483023082199,500.5266483023082
5,559.053133617749,500.55905313361774
7,686.3412638240751,700.686341263824
5,515.1168344625431,500.51511683446256
10,742.3415419826867,1000.7423415419827
9,751.3284902361282,900.7513284902361
8,787.1917440553922,800.7871917440553
7,729.9661859397711,700.7299661859398
7,698.1401866887546,700.6981401866888
7,668.8288953321428,700.6688288953321
6,627.0124087890837,600.627012408789
8,689.623951312971,800.689623951313
7,707.1667397237832,700.7071667397238
9,787.722666026254,900.7877226660263
7,728.9491560349966,700.728949156035
7,685.280095593844,700.6852800955938
8,768.105403019968,800.76810540302
7,744.738459178195,700.7447384591782
