num_vehicles,distance,fitness
5,534.3361221591722,500.5343361221592
5,619.1556057196287,500.61915560571964
5,537.9524140989139,500.5379524140989
5,628.9274980464215,500.62892749804644
4,583.7429503989549,400.58374295039897
5,601.8168164112881,500.6018168164113
5,543.5662559178279,500.5435662559178
5,609.0661202931105,500.6090661202931
5,579.6448377204083,500.5796448377204
5,648.3670864041453,500.64836708640416
5,735.7891248268508,500.73578912482685
7,782.8477998646789,700.7828477998647
7,725.691718682797,700.7256917186828
5,708.9305954965839,500.7089305954966
6,718.1594273046958,600.7181594273047
5,725.5944814996647,500.7255944814997
5,840.2493149677305,500.8402493149677
5,655.7129226468261,500.65571292264684
6,782.8938318177626,600.7828938318178
5,803.926628265406,500.8039266282654
