num_vehicles,distance,fitness
5,492.8496652239143,500.4928496652239
5,474.2259504782128,500.4742259504782
5,451.77289507695906,500.45177289507694
5,530.7258336011158,500.53072583360114
8,546.8213542034939,800.5468213542035
5,559.2550135815266,500.55925501358155
6,620.004254755434,600.6200042547555
7,641.8590091153466,700.6418590091154
7,622.133736795948,700.622133736796
7,618.8558171259652,700.618855817126
6,573.1387209818672,600.5731387209819
7,608.3930064435984,700.6083930064436
7,617.7101810842729,700.6177101810842
8,621.1350722666034,800.6211350722666
7,617.1157837547762,700.6171157837548
8,661.6869715831857,800.6616869715832
7,523.206270477896,700.5232062704779
6,571.0403873327601,600.5710403873328
6,611.6310331177697,600.6116310331178
6,649.2045327259804,600.649204532726
