num_vehicles,distance,fitness
5,518.2594252824524,500.51825942528245
5,494.4168650176857,500.4944168650177
5,591.9834012513578,500.59198340125135
5,503.0624372839477,500.503062437284
6,524.0476705681353,600.5240476705682
6,572.1658881603005,600.5721658881603
6,554.6136947822282,600.5546136947822
7,528.9976170991742,700.5289976170992
6,630.0945866574546,600.6300945866575
6,583.1521888711663,600.5831521888712
6,627.6442744624113,600.6276442744625
7,725.9745295109974,700.725974529511
7,654.822254693686,700.6548222546937
7,593.7344050049047,700.5937344050049
6,568.2616765596458,600.5682616765597
5,567.4040456206918,500.5674040456207
5,551.2393050270674,500.5512393050271
6,653.6597880974417,600.6536597880975
5,565.3732888377576,500.56537328883775
6,608.236395285662,600.6082363952856
