num_vehicles,distance,fitness
5,492.8496652239143,500.4928496652239
5,569.3834846711156,500.5693834846711
6,515.6542102029008,600.5156542102029
6,597.074305629495,600.5970743056295
6,547.0378723157502,600.5470378723157
5,555.2415194644777,500.55524151946446
5,529.2629747552232,500.5292629747552
5,564.4114320581003,500.5644114320581
5,500.50281157694013,500.50050281157695
5,457.8348421387937,500.45783484213877
6,633.8774045400752,600.63387740454
5,648.1785430722289,500.6481785430722
5,604.6441681300546,500.60464416813005
5,587.5373357604869,500.5875373357605
5,667.0700815302419,500.66707008153026
5,481.4303488093245,500.48143034880934
6,637.386871799568,600.6373868717995
7,661.6294548897516,700.6616294548897
6,586.1552176858994,600.5861552176859
6,682.792904200969,600.6827929042009
