num_vehicles,distance,fitness
8,800.9792222618502,800.8009792222618
13,935.582831775296,1300.9355828317753
10,810.6005916639677,1000.810600591664
15,971.4331800205915,1500.9714331800205
14,929.0574851933666,1400.9290574851934
15,978.9660606680874,1500.9789660606682
14,986.9880407903222,1400.9869880407903
15,995.8968452300774,1500.9958968452302
14,1057.111179076517,1401.0571111790766
15,1005.9207091279612,1501.0059207091278
16,1046.4875630305569,1601.0464875630305
15,956.7971338747851,1500.9567971338747
13,938.0668244595134,1300.9380668244596
15,975.8574642257907,1500.9758574642258
15,1017.4931839746472,1501.0174931839747
15,1057.8869425325984,1501.0578869425326
15,981.0447366816551,1500.9810447366817
15,1046.3202545820827,1501.046320254582
16,1019.882152142516,1601.0198821521426
14,961.1807077043195,1400.9611807077042
