num_vehicles,distance,fitness
7,847.9959707224298,700.8479959707224
6,845.0073631504234,600.8450073631504
6,891.9849830189969,600.891984983019
7,854.8712931285404,700.8548712931286
8,943.6153108275917,800.9436153108276
8,985.3099434947926,800.9853099434948
9,954.7056987760052,900.954705698776
9,929.8427703377491,900.9298427703377
10,1051.2784725797242,1001.0512784725797
7,937.7925948483286,700.9377925948484
9,980.9090841092168,900.9809090841093
9,1048.6625386367348,901.0486625386368
8,871.6736056997042,800.8716736056997
10,962.8209739692463,1000.9628209739692
8,906.1706871309281,800.906170687131
8,889.9740416479118,800.8899740416479
8,954.4505297882001,800.9544505297882
8,933.7416385952231,800.9337416385953
9,895.5273847662704,900.8955273847663
8,906.434916718943,800.9064349167189
