num_vehicles,distance,fitness
7,864.4833286468569,700.8644833286469
9,780.9809589442884,900.7809809589443
9,782.6005313006838,900.7826005313007
9,829.4032317759699,900.8294032317759
12,906.1622093094816,1200.9061622093095
7,810.2899595608542,700.8102899595608
12,916.3696733962482,1200.9163696733963
12,838.1438989461413,1200.838143898946
10,790.3984112897214,1000.7903984112897
10,854.2619297019903,1000.854261929702
9,783.639922225034,900.783639922225
12,898.5696748636209,1200.8985696748637
12,929.3170369100934,1200.92931703691
10,877.7548539315442,1000.8777548539315
14,1059.4579163763551,1401.0594579163765
12,942.0442874249178,1200.942044287425
13,967.2215607336126,1300.9672215607336
12,1059.1879537409816,1201.059187953741
11,884.688040537066,1100.884688040537
11,895.5203692777849,1100.8955203692778
