num_vehicles,distance,fitness
6,738.2850068179622,600.7382850068179
8,861.4523775800589,800.86145237758
8,741.1931224542614,800.7411931224542
10,871.9249328364564,1000.8719249328365
7,807.9958450954891,700.8079958450954
9,943.6782301554138,900.9436782301555
12,934.6719373190296,1200.934671937319
10,864.5946963084511,1000.8645946963085
8,848.2749928095737,800.8482749928096
11,1045.109749394416,1101.0451097493944
10,970.0146128046441,1000.9700146128047
10,867.1441606588037,1000.8671441606588
11,994.0667663605893,1100.9940667663607
11,952.0762154889613,1100.952076215489
10,959.3335557986143,1000.9593335557986
11,1016.5472584706431,1101.0165472584706
10,966.7982775574887,1000.9667982775575
10,944.24913277682,1000.9442491327768
12,968.2460333162704,1200.9682460333163
12,953.125102282387,1200.9531251022825
