num_vehicles,distance,fitness
7,818.2437983267619,700.8182437983268
8,891.5961565795578,800.8915961565796
7,777.5660176030345,700.777566017603
6,683.4123579399449,600.6834123579399
9,855.5674926639688,900.855567492664
10,960.280824479631,1000.9602808244796
9,927.4422070646349,900.9274422070646
9,999.3781166408799,900.9993781166409
11,973.6234841241667,1100.9736234841241
10,949.4694181310193,1000.949469418131
9,917.9457322928583,900.9179457322929
7,804.4763485156707,700.8044763485157
8,910.9860536106552,800.9109860536106
8,999.8785471326541,800.9998785471327
8,912.1692540638621,800.9121692540639
7,938.258639725705,700.9382586397257
10,944.1857811179519,1000.944185781118
8,856.0615949691896,800.8560615949692
9,958.2373481579231,900.9582373481579
8,879.3039068130558,800.8793039068131
