num_vehicles,distance,fitness
7,875.9048735512156,700.8759048735512
7,819.986049829503,700.8199860498295
6,880.5240417137971,600.8805240417138
6,811.912707619943,600.81191270762
6,820.1458160957313,600.8201458160958
7,898.1491999463839,700.8981491999464
7,821.4482018538883,700.8214482018539
8,846.1784869996127,800.8461784869996
9,969.605311397014,900.969605311397
9,880.5306254967759,900.8805306254968
7,916.5889495261425,700.9165889495262
8,903.1027140214062,800.9031027140214
8,956.9603702512746,800.9569603702513
8,873.1668504562413,800.8731668504562
7,843.8201142149517,700.843820114215
8,976.8354356443758,800.9768354356444
8,859.6858519445875,800.8596858519446
7,971.1054034019328,700.9711054034019
7,958.8673986829526,700.958867398683
7,822.3862055982195,700.8223862055983
