num_vehicles,distance,fitness
6,849.5290070488132,600.8495290070488
7,725.5314874021178,700.7255314874021
9,769.7338832576801,900.7697338832577
9,782.7623605075471,900.7827623605075
7,704.0597647175573,700.7040597647176
9,808.0464935731093,900.8080464935731
8,819.55444609042,800.8195544460904
8,781.4560605462964,800.7814560605462
9,970.936030422411,900.9709360304224
9,990.3123993312788,900.9903123993313
8,762.1418000003143,800.7621418000003
9,940.8329032221866,900.9408329032221
9,897.2310324606345,900.8972310324606
10,954.3853461425977,1000.9543853461425
8,928.8147668871653,800.9288147668872
10,1000.9001811523048,1001.0009001811524
8,781.853929634452,800.7818539296345
9,1013.7728566905826,901.0137728566906
11,1057.8494164051313,1101.0578494164051
8,855.2154590620362,800.855215459062
