num_vehicles,distance,fitness
7,842.8913236348984,700.842891323635
6,763.5954756857079,600.7635954756857
7,898.218495605593,700.8982184956056
7,807.3265268243105,700.8073265268243
6,770.6443008585705,600.7706443008585
7,828.3413648659516,700.828341364866
8,886.6438102568773,800.8866438102568
8,941.6877643811704,800.9416877643812
8,871.867605260325,800.8718676052604
11,1093.3621986143723,1101.0933621986144
8,922.641134739049,800.922641134739
9,957.9427959250696,900.9579427959251
9,938.451729917562,900.9384517299176
8,945.4294880816826,800.9454294880817
9,934.1602164627943,900.9341602164628
8,921.8951510774145,800.9218951510774
9,898.3789616484405,900.8983789616484
8,868.6645405094431,800.8686645405095
8,993.6813373823687,800.9936813373823
10,889.8573182945872,1000.8898573182946
