num_vehicles,distance,fitness
4,918.1606608150763,400.9181606608151
7,949.6874245783157,700.9496874245783
5,769.0810763791271,500.7690810763791
6,842.3712940607656,600.8423712940607
5,901.2832900259098,500.9012832900259
6,836.3873164785582,600.8363873164785
4,919.3314857758551,400.91933148577584
8,901.890331763542,800.9018903317635
7,932.4962150640265,700.932496215064
6,841.3676265840958,600.8413676265841
7,936.4354759422719,700.9364354759423
7,913.0379972676911,700.9130379972677
7,854.5069656944636,700.8545069656944
6,961.3825709534931,600.9613825709534
7,887.4563768251467,700.8874563768252
7,903.0859409683987,700.9030859409684
7,971.9180922294096,700.9719180922294
7,1002.4352339065058,701.0024352339065
7,918.7642694357735,700.9187642694358
6,832.0233933249465,600.8320233933249
