num_vehicles,distance,fitness
4,848.564939599413,400.84856493959944
4,981.9178723391055,400.9819178723391
5,860.0090151332648,500.86000901513324
5,787.8380239016468,500.78783802390166
4,895.1051016640077,400.895105101664
4,939.6943262248814,400.93969432622487
5,882.9302754509853,500.882930275451
6,852.4860613302973,600.8524860613303
7,981.4892614096241,700.9814892614096
8,922.5974520155064,800.9225974520155
7,1010.4515811061516,701.0104515811062
6,947.0192507356119,600.9470192507356
7,955.593114239465,700.9555931142395
7,934.3847399214054,700.9343847399214
6,871.0468405094571,600.8710468405095
7,897.8961219603607,700.8978961219603
5,748.6730372680242,500.748673037268
7,937.9146273166803,700.9379146273167
7,865.0975385950205,700.865097538595
6,993.1701744662535,600.9931701744663
