num_vehicles,distance,fitness
4,934.6666440653541,400.9346666440654
4,1026.3769268088745,401.0263769268089
4,927.3366673613848,400.9273366673614
4,925.8762784157918,400.9258762784158
4,974.003389584339,400.9740033895843
4,967.1464708014022,400.9671464708014
4,873.1979864596175,400.8731979864596
4,964.1645343163034,400.9641645343163
5,819.6755955364085,500.8196755955364
4,907.9691954690273,400.90796919546904
5,936.3705590905845,500.93637055909056
5,840.4369949349816,500.840436994935
5,811.2936799384353,500.81129367993844
5,892.5055527916037,500.8925055527916
5,867.7876098967077,500.8677876098967
5,872.761743472479,500.8727617434725
5,949.4413611270477,500.94944136112707
5,1009.0734919238962,501.0090734919239
5,998.485334592036,500.99848533459203
5,868.2538006147679,500.86825380061475
