num_vehicles,distance,fitness
4,1099.2379083158141,401.0992379083158
4,967.0815279494115,400.9670815279494
4,986.8875534836591,400.98688755348365
4,859.41449392283,400.8594144939228
4,1102.864490634876,401.1028644906349
4,1084.203208305445,401.08420320830544
4,1010.4330982317523,401.0104330982318
5,917.9169144695849,500.9179169144696
4,902.4187662795302,400.90241876627954
4,894.37320782397,400.89437320782395
5,973.6103690713036,500.9736103690713
5,982.3189272922798,500.9823189272923
4,994.4057109193786,400.99440571091935
4,895.5315737260255,400.89553157372603
5,869.8376698714384,500.86983766987146
4,780.6536475764696,400.78065364757646
5,945.0328067011399,500.94503280670114
4,851.771792450738,400.85177179245073
5,956.1339278887614,500.95613392788874
5,912.7127286088005,500.9127127286088
