num_vehicles,distance,fitness
4,990.4776981132496,400.99047769811324
4,860.4326359634875,400.8604326359635
4,904.3390671944571,400.9043390671945
5,955.1079569652221,500.9551079569652
5,929.1276984287967,500.9291276984288
4,910.7883862772744,400.91078838627726
4,969.4044674114019,400.9694044674114
4,976.3008243980273,400.97630082439804
5,908.6360863650218,500.90863608636505
4,819.9834127713083,400.8199834127713
4,952.4795499754641,400.95247954997546
5,834.960647235113,500.8349606472351
4,858.0202890147634,400.85802028901475
4,840.409379753289,400.8404093797533
5,885.9484028296085,500.8859484028296
5,845.2815385575564,500.8452815385576
5,887.9740033622672,500.8879740033623
4,895.7773911553653,400.8957773911554
4,859.6758146036278,400.85967581460363
4,983.2051975171089,400.9832051975171
