num_vehicles,distance,fitness
4,954.4951724086313,400.95449517240866
4,959.0394536629049,400.9590394536629
4,841.0882895374189,400.8410882895374
5,885.9938559866312,500.8859938559866
4,884.6582428093213,400.88465824280934
5,790.054833115181,500.79005483311516
5,912.1942914096915,500.9121942914097
5,1006.7332544417018,501.0067332544417
4,848.8140137168582,400.84881401371683
5,799.8787828491273,500.79987878284913
5,947.9357628229163,500.9479357628229
4,842.7208014134437,400.84272080141346
5,947.1331738096494,500.9471331738097
4,927.173536034489,400.9271735360345
4,902.9037953551378,400.90290379535514
4,958.3784875164465,400.9583784875164
5,936.5394014264291,500.93653940142644
5,860.1223069838918,500.8601223069839
5,733.4007952774092,500.7334007952774
4,860.4055583750967,400.8604055583751
