num_vehicles,distance,fitness
4,918.9340678700514,400.91893406787005
5,903.362870449327,500.9033628704493
4,854.2056189334595,400.85420561893346
4,898.4580413488386,400.8984580413488
4,914.9317294866928,400.9149317294867
4,1017.6868156516475,401.01768681565164
4,924.0878999288782,400.92408789992885
5,936.8595162470183,500.936859516247
4,896.366570485683,400.89636657048567
5,953.4187689463719,500.9534187689464
5,904.6082326432124,500.9046082326432
6,946.4425947149556,600.946442594715
5,946.4493535112621,500.94644935351124
5,884.4572722951989,500.8844572722952
6,891.0251031266152,600.8910251031266
7,1019.7510915395914,701.0197510915395
6,1015.9525270206502,601.0159525270207
6,1067.6995317606202,601.0676995317606
6,978.4771582537234,600.9784771582537
4,1008.7446472128721,401.0087446472129
