num_vehicles,distance,fitness
4,877.1580260263885,400.8771580260264
4,922.0726742659324,400.9220726742659
4,892.5020613130424,400.89250206131305
4,883.5326477980589,400.88353264779806
4,886.3143461839627,400.88631434618395
4,923.2693834673239,400.9232693834673
4,961.8245305514439,400.96182453055144
4,878.1168831076935,400.8781168831077
4,945.7041043439137,400.9457041043439
5,841.525076419383,500.8415250764194
4,849.7286795657004,400.8497286795657
4,920.0530817495767,400.9200530817496
5,943.037582789066,500.9430375827891
4,840.4316712326088,400.84043167123264
4,1042.6864802889484,401.0426864802889
5,967.7517897421747,500.9677517897422
4,1011.1754927978544,401.01117549279786
4,906.063778828822,400.9060637788288
5,843.6475979526053,500.8436475979526
4,916.836059164419,400.91683605916444
