num_vehicles,distance,fitness
8,1070.571296979287,801.0705712969793
7,956.0519870160119,700.956051987016
7,893.4748908195137,700.8934748908196
8,955.3059611479488,800.9553059611479
7,895.6068171509752,700.895606817151
7,1060.397292580542,701.0603972925805
7,932.3592877786847,700.9323592877787
10,1322.1260594371374,1001.3221260594371
7,1014.8061121401576,701.0148061121401
9,1332.0662729482774,901.3320662729483
8,1090.2289056708298,801.0902289056709
9,1199.5495527840626,901.1995495527841
9,1162.0274961924233,901.1620274961924
8,988.342612782874,800.9883426127828
8,971.4121676514419,800.9714121676515
8,1076.0991250435807,801.0760991250436
8,1161.5709962034032,801.1615709962034
8,1182.8794534542649,801.1828794534542
9,1006.3930506939452,901.006393050694
9,1247.0837377126413,901.2470837377126
