num_vehicles,distance,fitness
7,792.558481332472,700.7925584813324
7,982.5376392723505,700.9825376392723
7,886.6263516199587,700.88662635162
7,926.6716941422079,700.9266716941422
7,958.3765741491671,700.9583765741492
7,951.406339319755,700.9514063393198
8,1021.56723285202,801.021567232852
7,857.9827537122559,700.8579827537122
8,1160.2435267959806,801.160243526796
9,1099.8373417604066,901.0998373417605
9,1159.3638458023804,901.1593638458024
10,1188.1616206078434,1001.1881616206078
9,1107.986483193054,901.107986483193
10,1268.8850373751836,1001.2688850373752
8,1048.034887746923,801.0480348877469
8,1118.323575151374,801.1183235751514
10,1260.2141969383383,1001.2602141969384
8,961.8579488444252,800.9618579488445
10,1125.6207599588001,1001.1256207599588
10,1107.5834235122668,1001.1075834235122
