num_vehicles,distance,fitness
8,962.0780328369437,800.962078032837
8,889.9449229169452,800.8899449229169
9,993.3072798864848,900.9933072798865
7,791.3304155836715,700.7913304155836
9,861.9986614076524,900.8619986614076
8,925.2509061104233,800.9252509061105
9,1081.697016938279,901.0816970169383
9,1014.8340327378949,901.0148340327379
9,1146.5761135977416,901.1465761135977
10,968.4835501153296,1000.9684835501154
10,1125.506649714077,1001.1255066497141
8,946.1431528673322,800.9461431528673
9,1073.0015996560883,901.0730015996561
10,1111.8079795608612,1001.1118079795608
10,1276.298501067368,1001.2762985010673
9,1116.6039763799122,901.1166039763799
10,1110.2209316588444,1001.1102209316589
9,1132.653573477131,901.1326535734771
9,969.9087564084057,900.9699087564084
9,1001.6600042473804,901.0016600042474
