num_vehicles,distance,fitness
7,979.4404534601562,700.9794404534601
7,1122.4582068703562,701.1224582068703
7,1008.9577075462014,701.0089577075462
7,939.4137337560451,700.939413733756
7,969.9001210253507,700.9699001210254
8,1015.4029645853068,801.0154029645853
7,969.5667293066284,700.9695667293066
8,1038.2051212594217,801.0382051212595
7,928.8777896132561,700.9288777896132
7,957.4313678448373,700.9574313678448
7,952.4453838694001,700.9524453838694
8,1104.6755031049374,801.1046755031049
7,1046.1941863213165,701.0461941863214
8,1247.848058016197,801.2478480580162
9,1182.9396472459,901.1829396472459
8,1039.237135796268,801.0392371357963
8,999.1475607451729,800.9991475607452
8,1125.5394674667293,801.1255394674668
8,985.7465045878257,800.9857465045878
8,985.4390599962267,800.9854390599962
