num_vehicles,distance,fitness
5,1088.2573579320474,501.08825735793204
5,1219.241703265116,501.21924170326514
5,982.5461474059788,500.98254614740597
4,1083.080661057595,401.0830806610576
5,998.6390909485608,500.9986390909486
5,1073.8266360830198,501.073826636083
4,1195.2706203231169,401.19527062032313
5,1022.5422152758329,501.02254221527585
6,1290.214532775768,601.2902145327757
5,1097.5075443048972,501.0975075443049
6,1115.760705631702,601.1157607056317
6,1042.1643535008407,601.0421643535009
6,1274.9702168462536,601.2749702168462
5,1078.897287920777,501.07889728792077
5,1234.4636538663055,501.2344636538663
5,1129.5099106829791,501.129509910683
7,1260.9728992517635,701.2609728992518
6,1316.6911355787233,601.3166911355787
5,1170.2249944016426,501.1702249944016
5,991.3499706308543,500.99134997063084
