num_vehicles,distance,fitness
5,1310.0844333327757,501.3100844333328
5,1126.6516843242773,501.12665168432426
5,1130.557959574719,501.13055795957473
5,1201.0113174528433,501.20101131745287
5,1028.985921810424,501.02898592181043
5,1062.330296798198,501.0623302967982
5,1194.6913849546265,501.19469138495464
4,1166.6437848789935,401.166643784879
6,1321.5636711914203,601.3215636711914
5,1196.9559287799425,501.1969559287799
5,1100.0544771211632,501.10005447712115
5,994.8629327257605,500.99486293272577
5,1196.6035303240803,501.19660353032407
6,1205.3596249337597,601.2053596249337
6,1368.6428371741551,601.3686428371742
6,1329.406967067141,601.3294069670671
5,987.0042727507883,500.98700427275077
5,1274.5872159677156,501.2745872159677
6,1027.3964215284436,601.0273964215285
6,1310.7634487026958,601.3107634487027
