num_vehicles,distance,fitness
5,1098.2107185369055,501.0982107185369
6,1137.2521052965355,601.1372521052965
5,1193.6313992383803,501.19363139923837
5,1154.6217331302967,501.1546217331303
5,1019.8316019704384,501.01983160197045
5,1000.4999048869206,501.0004999048869
5,1045.8848136271156,501.04588481362714
6,1145.915118486822,601.1459151184869
5,1065.511062132275,501.06551106213226
6,974.2906325650816,600.974290632565
8,1301.709199308471,801.3017091993084
6,1288.2755114502565,601.2882755114503
7,1284.9512659084328,701.2849512659085
6,1126.937288330614,601.1269372883306
6,978.4275467353561,600.9784275467354
6,1055.8134324459347,601.0558134324459
7,1157.180361901552,701.1571803619015
7,1049.1125789894081,701.0491125789894
6,1205.0350292416654,601.2050350292417
7,1269.0541978674064,701.2690541978674
