num_vehicles,distance,fitness
5,1206.7227033268164,501.2067227033268
6,1207.7647902062888,601.2077647902063
5,1066.4829471293003,501.0664829471293
6,1045.763594153856,601.0457635941539
6,1145.3132557475965,601.1453132557476
7,1192.637774758029,701.192637774758
6,1218.3204656592463,601.2183204656592
7,1356.4377904663202,701.3564377904663
7,1314.6515571715174,701.3146515571715
8,1210.3585503035063,801.2103585503035
7,1175.144317201754,701.1751443172018
7,1220.279766664464,701.2202797666645
6,1116.2463284596097,601.1162463284596
6,1237.5608247706305,601.2375608247706
6,1086.1803287697383,601.0861803287697
8,1229.1445001756333,801.2291445001756
7,1255.3355846574068,701.2553355846574
7,1067.967621447016,701.067967621447
7,1193.784640522914,701.193784640523
7,1255.8665911811363,701.2558665911812
