num_vehicles,distance,fitness
4,1081.4010688547528,401.08140106885475
5,1133.2757666439281,501.1332757666439
5,1050.7397483921434,501.0507397483921
6,1098.0694396610388,601.098069439661
8,1222.0896955934063,801.2220896955934
6,981.8298942515707,600.9818298942515
7,1082.8746498793425,701.0828746498794
6,1102.6362140462636,601.1026362140462
7,1254.7814381481644,701.2547814381481
8,1156.109754197746,801.1561097541977
6,1183.91074085572,601.1839107408557
6,1062.1731518864533,601.0621731518864
7,1153.1259211767597,701.1531259211768
6,1081.3937392563307,601.0813937392563
7,1260.5455331245673,701.2605455331245
7,1132.063809340929,701.1320638093409
6,1085.0646775427942,601.0850646775428
6,1246.9492438492487,601.2469492438493
6,1041.3152086298828,601.0413152086298
7,1290.402595821614,701.2904025958217
