num_vehicles,distance,fitness
5,1156.9680017061987,501.1569680017062
5,1060.6655370158614,501.06066553701584
5,1279.5580053548151,501.27955800535483
4,995.449708157183,400.9954497081572
5,1154.1869438569665,501.154186943857
5,1202.008695008027,501.20200869500803
6,1047.8628654056783,601.0478628654057
5,1228.1861542828765,501.22818615428287
6,1025.4684984685036,601.0254684984685
5,1221.6155083942133,501.2216155083942
6,1078.6148509542043,601.0786148509542
5,1235.26989776398,501.235269897764
5,1044.6140634341111,501.0446140634341
5,1249.9508694852561,501.24995086948525
4,1068.545347681041,401.06854534768104
5,1057.6547017662374,501.05765470176624
5,1174.5096183998562,501.17450961839984
5,1074.4849231726541,501.07448492317263
5,1195.523048004261,501.19552304800425
5,973.2147393021345,500.97321473930214
