num_vehicles,distance,fitness
7,495.26436520284466,700.4952643652028
6,581.8671900644683,600.5818671900645
7,608.46733763797,700.608467337638
7,543.7392432158452,700.5437392432159
7,638.505659818632,700.6385056598186
7,612.0796392155014,700.6120796392155
7,617.4085216321605,700.6174085216321
7,634.4831101034245,700.6344831101035
7,645.8623861330447,700.645862386133
8,677.8944457608238,800.6778944457608
8,718.208991843286,800.7182089918433
7,666.1005666625255,700.6661005666625
8,698.7155458019631,800.698715545802
7,623.8914920855993,700.6238914920856
8,655.794272052972,800.655794272053
7,535.1797700085331,700.5351797700085
7,670.9687442096648,700.6709687442096
7,623.4940389646235,700.6234940389646
8,647.160441099698,800.6471604410997
8,713.3274923301793,800.7133274923302
