num_vehicles,distance,fitness
7,512.2931205274929,700.5122931205275
7,611.3573246512892,700.6113573246513
7,630.574772675785,700.6305747726758
6,542.6558563386754,600.5426558563387
7,535.8795435469431,700.5358795435469
6,502.42514822193107,600.502425148222
7,546.4538212487897,700.5464538212487
7,642.3630111243515,700.6423630111243
6,638.9192937606741,600.6389192937606
7,745.6864297838036,700.7456864297839
8,739.8815720474928,800.7398815720475
7,685.5900048390995,700.6855900048391
7,728.3904732775952,700.7283904732776
7,616.7817691831531,700.6167817691831
7,657.336956526506,700.6573369565265
7,673.0802861300597,700.67308028613
7,681.7386236674228,700.6817386236675
7,667.3437630200777,700.6673437630201
7,646.8765772147297,700.6468765772147
7,712.2177126930409,700.712217712693
