num_vehicles,distance,fitness
7,658.8124637298049,700.6588124637298
8,643.7061543829033,800.6437061543829
10,720.3336117984225,1000.7203336117984
9,627.8746655596008,900.6278746655596
9,516.3789767447453,900.5163789767447
8,720.0435610568394,800.7200435610569
8,615.5790955987493,800.6155790955987
9,672.2162244872598,900.6722162244872
9,636.5751250917899,900.6365751250918
9,646.6144813543765,900.6466144813544
9,587.927033343732,900.5879270333437
8,640.3527541625522,800.6403527541626
9,567.6801563979171,900.567680156398
9,670.3952299592379,900.6703952299592
10,627.1688274834767,1000.6271688274835
9,677.1707838785223,900.6771707838785
8,660.9288563615464,800.6609288563616
10,689.7671699913044,1000.6897671699913
10,690.6709816737778,1000.6906709816737
8,607.4849317847007,800.6074849317847
