num_vehicles,distance,fitness
7,599.946623310844,700.5999466233109
9,762.0091957637694,900.7620091957638
9,708.1266550368039,900.7081266550368
7,639.52629268758,700.6395262926876
8,713.0247238781463,800.7130247238781
8,647.5040976500495,800.6475040976501
7,607.6806176926133,700.6076806176926
7,606.6607648260821,700.6066607648261
8,734.7982321327754,800.7347982321328
8,644.3257905192464,800.6443257905192
9,766.4223834977483,900.7664223834978
8,655.530103884176,800.6555301038842
9,668.9734760330139,900.668973476033
8,589.6325291915466,800.5896325291916
10,716.9124988811145,1000.7169124988811
9,673.4081856826014,900.6734081856825
10,725.6160420391539,1000.7256160420392
9,727.7400821663205,900.7277400821663
8,690.2861413660203,800.6902861413661
8,680.8722928561734,800.6808722928562
