num_vehicles,distance,fitness
7,664.5333586844342,700.6645333586845
7,688.1056080240714,700.6881056080241
7,568.4943222859181,700.5684943222859
7,662.4085277871393,700.6624085277872
7,679.7461114256064,700.6797461114256
7,643.0186042231658,700.6430186042231
7,569.6082322937142,700.5696082322937
8,584.683579530328,800.5846835795303
7,540.1559182134678,700.5401559182135
9,704.139984877912,900.7041399848779
8,677.7924194912159,800.6777924194912
8,665.004283517531,800.6650042835175
7,634.9575764723671,700.6349575764724
8,658.1977191902386,800.6581977191902
7,697.1939215287846,700.6971939215288
7,640.6982426046511,700.6406982426047
7,607.177436316293,700.6071774363163
7,630.9836295651228,700.6309836295651
8,624.9928421057289,800.6249928421057
8,629.9221350871417,800.6299221350871
