num_vehicles,distance,fitness
5,457.2023704760672,500.45720237047607
6,564.9086689352424,600.5649086689352
6,480.25332225249775,600.4802533222525
6,563.8089866019002,600.5638089866019
9,667.5572449810926,900.6675572449811
8,601.8846294929369,800.6018846294929
10,756.7191401544618,1000.7567191401545
8,687.7539477308437,800.6877539477308
9,698.2667984506796,900.6982667984507
7,710.1572686240952,700.7101572686241
8,722.7942527455838,800.7227942527455
10,828.6057913636421,1000.8286057913637
7,675.4910108769157,700.675491010877
9,695.1246719518759,900.6951246719519
9,688.3622748583992,900.6883622748584
10,676.9909467503807,1000.6769909467504
9,754.5194515613863,900.7545194515614
10,794.8333608660984,1000.794833360866
9,613.3174554143955,900.6133174554144
10,702.5392692961053,1000.7025392692962
