num_vehicles,distance,fitness
5,555.9485643976219,500.5559485643976
5,594.4300539318153,500.59443005393183
5,648.7994092040618,500.64879940920406
5,646.4773974627376,500.6464773974627
5,590.4905643963825,500.59049056439636
5,546.0061605046538,500.54600616050465
6,715.3495477751947,600.7153495477752
7,791.6756939498147,700.7916756939499
6,747.2777003153144,600.7472777003153
6,729.3507467469822,600.729350746747
7,702.1283441255727,700.7021283441255
6,659.6551330170132,600.659655133017
6,738.9210257209572,600.738921025721
8,825.9869393021119,800.8259869393021
5,771.1614107058758,500.7711614107059
6,713.3158033732525,600.7133158033732
6,731.0124832038175,600.7310124832038
7,804.8829593321038,700.8048829593321
7,856.1731272460792,700.856173127246
6,810.8135833003684,600.8108135833004
