num_vehicles,distance,fitness
5,518.2594252824524,500.51825942528245
6,530.4075739867778,600.5304075739867
5,445.79615501412684,500.44579615501414
7,526.2177533577332,700.5262177533577
6,551.5668972843832,600.5515668972844
6,492.2959008548182,600.4922959008549
5,506.4894962683328,500.50648949626833
5,498.4998990889502,500.4984998990889
6,579.7248620780683,600.579724862078
5,636.3849510739831,500.636384951074
6,578.1738944813292,600.5781738944813
6,620.2983201106177,600.6202983201106
6,661.7941213697561,600.6617941213698
7,640.6940536365053,700.6406940536365
6,604.841492883802,600.6048414928838
7,672.206222333516,700.6722062223336
6,683.8654319821052,600.6838654319821
7,724.9922628746749,700.7249922628747
6,626.2464060573626,600.6262464060574
6,623.0655665895755,600.6230655665896
