num_vehicles,distance,fitness
5,492.8496652239143,500.4928496652239
5,550.4886240046777,500.5504886240047
6,557.5297430525281,600.5575297430526
6,530.9922295021146,600.5309922295021
5,514.1307991750803,500.51413079917506
5,564.6600390966646,500.5646600390967
6,554.7535669267753,600.5547535669268
5,512.9283323320018,500.512928332332
7,683.4417931133224,700.6834417931133
6,622.6801160608748,600.6226801160609
6,649.9893713414074,600.6499893713415
7,706.1616258034506,700.7061616258035
6,621.0977715211094,600.6210977715211
6,617.2328129397764,600.6172328129397
5,550.9040236926921,500.5509040236927
7,672.3585779693311,700.6723585779694
6,682.6929125314849,600.6826929125315
6,661.0751741896771,600.6610751741897
6,587.169338268584,600.5871693382686
5,535.8817136019317,500.53588171360195
