num_vehicles,distance,fitness
8,800.9792222618502,800.8009792222618
13,888.0096456420815,1300.8880096456421
10,894.9198871710032,1000.894919887171
12,869.1011655253609,1200.8691011655253
12,916.6251349016687,1200.9166251349018
12,938.7938380797818,1200.9387938380798
16,1009.3925252625402,1601.0093925252625
15,1021.0899153782973,1501.0210899153783
17,1132.0973136324826,1701.1320973136326
15,924.8856868403578,1500.9248856868403
14,1007.7257671289303,1401.007725767129
14,1025.910812488757,1401.0259108124887
14,958.9414151375071,1400.9589414151376
13,981.1601027610898,1300.9811601027611
13,941.9793896538216,1300.9419793896539
12,897.3487794667975,1200.8973487794667
16,1084.7895770452028,1601.0847895770453
16,1016.4626250248766,1601.0164626250248
14,997.6117444858261,1400.9976117444858
14,1046.4398714024976,1401.0464398714025
