num_vehicles,distance,fitness
8,801.6266998825827,800.8016266998826
8,775.1133521955741,800.7751133521956
8,774.2120539610298,800.774212053961
11,837.7996941868035,1100.8377996941867
9,838.7749148837389,900.8387749148837
10,801.9591809509794,1000.801959180951
9,805.3936645389292,900.8053936645389
11,952.7727529883546,1100.9527727529883
11,930.7214637014598,1100.9307214637015
14,990.4931793425629,1400.9904931793426
11,964.2318672117254,1100.9642318672118
12,1018.491616033015,1201.018491616033
12,923.4470159478141,1200.9234470159479
12,1065.8168493416592,1201.0658168493417
12,959.0431118446934,1200.9590431118447
12,1027.6213910294366,1201.0276213910295
13,1071.571524991697,1301.0715715249917
12,1002.5515834581836,1201.0025515834582
14,1020.5429951181154,1401.0205429951181
12,991.052461139582,1200.9910524611396
