num_vehicles,distance,fitness
7,864.4833286468569,700.8644833286469
12,907.0076129803217,1200.9070076129804
10,811.0846706345361,1000.8110846706345
8,764.7089554699,800.7647089554699
8,797.1255340596562,800.7971255340597
11,852.735658269952,1100.85273565827
11,833.4895616088497,1100.8334895616088
10,939.5479874111102,1000.9395479874111
15,1135.6410716092576,1501.1356410716094
13,1012.0296902179134,1301.012029690218
13,917.9835363782335,1300.9179835363782
13,1016.9055319310207,1301.0169055319311
12,938.9313017974325,1200.9389313017975
11,978.0769958652302,1100.9780769958652
10,868.7334236561219,1000.8687334236561
11,952.9357181613376,1100.9529357181614
13,1107.771364355889,1301.1077713643558
12,967.7883275182483,1200.9677883275183
11,967.3824273767358,1100.9673824273768
12,1014.9903195634612,1201.0149903195634
