num_vehicles,distance,fitness
7,818.2437983267619,700.8182437983268
7,837.9851431239049,700.8379851431239
6,733.2884664494434,600.7332884664495
7,829.2856981477503,700.8292856981477
7,802.8150662080694,700.802815066208
6,825.776252566073,600.8257762525661
9,951.0540433320001,900.951054043332
8,877.5361399067802,800.8775361399067
9,976.7770330175206,900.9767770330175
9,1010.7831656174599,901.0107831656175
8,854.1289895106536,800.8541289895106
9,926.4691735324761,900.9264691735325
7,840.4745101753547,700.8404745101753
9,946.2826975478014,900.9462826975478
8,902.1321546754327,800.9021321546754
10,976.2217786552728,1000.9762217786553
9,884.6006814788134,900.8846006814788
9,1062.5486400800994,901.0625486400801
8,907.7267317300931,800.9077267317301
8,932.682741000565,800.9326827410006
