num_vehicles,distance,fitness
7,875.9048735512156,700.8759048735512
6,801.462777964425,600.8014627779644
7,848.88625053499,700.848886250535
6,879.4338951275973,600.8794338951276
8,979.7575717300433,800.97975757173
8,932.5638614460973,800.932563861446
7,854.1388884537332,700.8541388884537
8,977.7456597724718,800.9777456597725
8,856.4008321896483,800.8564008321896
9,1015.9915609851977,901.0159915609852
7,892.6556686629644,700.892655668663
7,922.4401194420684,700.9224401194421
8,997.6422262821379,800.9976422262821
7,987.2589626323631,700.9872589626324
8,959.861130792008,800.959861130792
8,981.7152000904936,800.9817152000905
7,867.1971612638945,700.8671971612639
8,946.3851937389728,800.9463851937389
8,902.9679244010064,800.902967924401
8,918.137389921189,800.9181373899212
