num_vehicles,distance,fitness
6,849.5290070488132,600.8495290070488
8,863.9626831636415,800.8639626831637
8,718.1437181542069,800.7181437181542
8,880.374474055727,800.8803744740558
9,885.1945710476793,900.8851945710477
7,835.1835124826207,700.8351835124827
10,954.1392065379387,1000.9541392065379
9,798.2075758104274,900.7982075758105
10,901.290473503627,1000.9012904735036
8,819.2172385980682,800.8192172385981
11,1032.5338207005113,1101.0325338207006
8,841.1846581241803,800.8411846581242
9,871.272023109211,900.8712720231092
9,888.2619170964601,900.8882619170964
10,976.4640510066496,1000.9764640510067
10,966.8690182130949,1000.9668690182131
10,967.5590275241858,1000.9675590275242
9,918.0077214623569,900.9180077214623
10,1001.0792484156216,1001.0010792484156
10,927.617387714027,1000.927617387714
