num_vehicles,distance,fitness
6,762.3946846662257,600.7623946846662
7,802.0526265554987,700.8020526265555
7,770.7230725957656,700.7707230725957
8,905.3819774673433,800.9053819774673
8,789.5127194266206,800.7895127194266
8,832.8130835176819,800.8328130835176
7,824.4484586927263,700.8244484586927
7,850.9701763919732,700.850970176392
7,814.2291244011489,700.8142291244011
7,808.0059004835622,700.8080059004835
9,960.3201771113806,900.9603201771114
8,886.3058974557284,800.8863058974557
9,828.4153487700204,900.82841534877
8,833.864622932429,800.8338646229324
8,832.976724331148,800.8329767243312
8,853.014511599259,800.8530145115992
9,914.2231394265727,900.9142231394266
8,1023.3872218572219,801.0233872218572
8,824.9667227192131,800.8249667227192
7,928.7544874777132,700.9287544874777
