num_vehicles,distance,fitness
7,842.8913236348984,700.842891323635
7,802.1095807411662,700.8021095807412
7,930.4379789172632,700.9304379789172
7,797.0255288523708,700.7970255288524
6,781.8772954547403,600.7818772954547
7,720.1326085109126,700.7201326085109
9,875.2008217402599,900.8752008217402
9,909.2046187774681,900.9092046187775
9,964.7286975787536,900.9647286975787
9,836.2173859948825,900.8362173859949
8,894.5409907902905,800.8945409907903
8,895.7617601534673,800.8957617601535
9,921.6556301001237,900.9216556301001
9,921.9666296447042,900.9219666296447
8,963.9522528038555,800.9639522528039
9,936.8126688219725,900.936812668822
10,888.7108924666,1000.8887108924666
9,947.2567167933541,900.9472567167934
9,929.4026146230252,900.929402614623
9,1002.6846709361348,901.0026846709361
