num_vehicles,distance,fitness
4,918.1606608150763,400.9181606608151
6,787.9253820713616,600.7879253820713
5,813.1816837600136,500.81318168376004
4,927.9307716775504,400.92793077167755
7,933.3763950376451,700.9333763950376
5,964.4960489346662,500.9644960489347
7,820.3515170016823,700.8203515170017
6,869.368663464977,600.869368663465
7,853.9802783463615,700.8539802783464
6,904.083135762423,600.9040831357624
8,951.6167345198262,800.9516167345198
6,925.4825817726547,600.9254825817726
7,928.0940821689082,700.9280940821689
7,843.1811513632235,700.8431811513632
6,964.1055110113732,600.9641055110113
7,885.5428374121263,700.8855428374121
7,983.1684312065038,700.9831684312065
7,941.3744602406264,700.9413744602406
7,978.3051892438976,700.9783051892439
7,911.9022818835327,700.9119022818835
