num_vehicles,distance,fitness
4,848.564939599413,400.84856493959944
4,971.4679878619319,400.97146798786196
4,981.69698922212,400.98169698922214
4,905.5376268548905,400.9055376268549
4,807.7640208906515,400.80776402089066
5,818.8345065945123,500.8188345065945
4,902.1558740456501,400.90215587404566
4,947.65624171723,400.94765624171725
4,843.3146967431392,400.84331469674316
7,1004.5685460527038,701.0045685460527
6,904.4808621753559,600.9044808621753
6,955.6770241444182,600.9556770241444
8,927.2450429965949,800.9272450429966
5,984.0503412371561,500.98405034123715
6,934.5142607818959,600.934514260782
7,1007.868024411753,701.0078680244118
6,934.8587132852972,600.9348587132853
5,979.7318696682296,500.9797318696682
6,925.0690369896892,600.9250690369897
7,889.8190139183722,700.8898190139183
