num_vehicles,distance,fitness
4,937.6570066368039,400.9376570066368
4,895.5528619905981,400.8955528619906
4,948.6020462416539,400.94860204624166
5,1017.8317048835385,501.0178317048835
5,880.6526934171343,500.8806526934171
4,952.354851110019,400.95235485111004
5,880.4297157707191,500.88042971577073
6,983.0217153722947,600.9830217153723
5,1080.081735878094,501.0800817358781
5,987.598858051633,500.9875988580516
4,852.4921359608209,400.8524921359608
5,1086.075408439502,501.0860754084395
6,961.2372069778736,600.9612372069779
4,960.68887744677,400.9606888774468
5,1022.5243518913244,501.0225243518913
4,884.739347824284,400.8847393478243
6,863.4334341688643,600.8634334341689
5,1056.7061259256616,501.05670612592564
5,898.1193910667279,500.8981193910667
6,944.0890914983331,600.9440890914983
