num_vehicles,distance,fitness
4,1099.2379083158141,401.0992379083158
4,1022.1060519027053,401.0221060519027
5,979.9654639277531,500.9799654639277
4,908.744486647835,400.90874448664783
4,875.0789551061475,400.8750789551062
5,860.714746562938,500.86071474656296
5,1019.653938003541,501.01965393800356
5,1012.5380415889466,501.0125380415889
5,934.0726805050602,500.93407268050504
5,1005.4936001222151,501.00549360012224
4,946.3673596996412,400.94636735969965
4,1016.5262274874935,401.0165262274875
5,873.8825742692014,500.8738825742692
4,840.0307508774841,400.8400307508775
5,938.4642523215332,500.9384642523215
4,811.3187197910875,400.8113187197911
5,899.4543891301732,500.8994543891302
5,946.7517057186357,500.9467517057186
4,966.4639208740134,400.966463920874
5,984.718171126317,500.9847181711263
