num_vehicles,distance,fitness
4,954.4951724086313,400.95449517240866
4,914.1316465782675,400.91413164657826
4,794.4732240026306,400.7944732240026
4,895.5919022192252,400.8955919022192
4,954.2713519103469,400.95427135191034
4,900.7093943544627,400.90070939435446
4,965.654138276891,400.9656541382769
4,952.230341546935,400.9522303415469
4,872.1037224958088,400.8721037224958
5,960.525380225873,500.9605253802259
4,868.755728281348,400.86875572828137
5,835.3684212758578,500.83536842127586
5,973.3657564228234,500.9733657564228
4,973.7772483599542,400.97377724835997
5,836.3455552207396,500.83634555522076
5,884.257091568574,500.8842570915686
5,905.5802401668905,500.9055802401669
5,1061.3956272014454,501.0613956272014
5,842.7826630635788,500.8427826630636
4,888.1421614334151,400.8881421614334
