num_vehicles,distance,fitness
4,918.9340678700514,400.91893406787005
5,927.088966369164,500.9270889663692
4,911.970859641855,400.9119708596419
5,944.3560065637802,500.9443560065638
4,904.5728630529898,400.904572863053
4,903.847110084431,400.9038471100844
4,984.6737710996865,400.98467377109966
5,1001.3644550252272,501.0013644550252
5,1013.8214938675623,501.01382149386757
5,985.3160873330179,500.985316087333
5,965.3160451016781,500.9653160451017
5,935.5106572844468,500.93551065728445
5,990.721443326984,500.990721443327
5,986.8666362463114,500.9868666362463
5,886.3462501361745,500.88634625013617
5,974.4371019378538,500.97443710193784
5,989.2685623771654,500.98926856237716
7,950.1281360710516,700.950128136071
5,1025.6255401139729,501.025625540114
5,948.0852930195929,500.9480852930196
