num_vehicles,distance,fitness
4,877.1580260263885,400.8771580260264
4,779.3635819292932,400.7793635819293
4,927.357631693078,400.9273576316931
4,922.2019900474306,400.9222019900474
4,852.5778342865829,400.8525778342866
5,963.4493323102631,500.9634493323103
4,964.9421513454367,400.96494215134544
5,892.4599187546078,500.8924599187546
4,740.8545774938847,400.7408545774939
4,853.4868540573211,400.85348685405734
5,985.930813668745,500.98593081366874
4,906.1808872978602,400.90618088729786
5,947.5424221239825,500.947542422124
4,947.0304280569371,400.94703042805696
4,827.8983823141328,400.8278983823141
4,929.926663061591,400.92992666306156
4,978.5355562931637,400.97853555629314
4,856.8352266768748,400.8568352266769
4,951.2264142726482,400.95122641427264
4,785.172978120914,400.7851729781209
