num_vehicles,distance,fitness
8,962.0780328369437,800.962078032837
8,940.2698280339227,800.9402698280339
10,1106.116245532235,1001.1061162455322
9,1211.7624496788567,901.2117624496789
10,1169.600936025911,1001.1696009360259
9,1131.919924970182,901.1319199249701
10,1214.3549950852419,1001.2143549950853
9,963.0362399873428,900.9630362399873
10,1146.2183558690149,1001.146218355869
9,1117.804446163567,901.1178044461635
9,1080.2508221244045,901.0802508221244
9,918.9185401978795,900.9189185401979
9,1000.8159023897474,901.0008159023897
10,1132.8099602112914,1001.1328099602113
9,976.9499999406898,900.9769499999406
10,1234.2147708210007,1001.234214770821
9,999.753656466052,900.999753656466
10,1135.76361833213,1001.1357636183321
9,984.0206196147549,900.9840206196147
9,1145.3436760838242,901.1453436760838
