num_vehicles,distance,fitness
7,792.558481332472,700.7925584813324
7,887.0869083475932,700.8870869083476
7,1018.1564579557494,701.0181564579558
7,816.6602991485266,700.8166602991486
7,935.6003103604651,700.9356003103604
7,812.0072936221131,700.8120072936221
7,878.6054617186287,700.8786054617186
9,1098.9793214329159,901.0989793214329
9,1074.0148436291665,901.0740148436291
9,1022.7758173525427,901.0227758173526
9,1040.7203441940405,901.040720344194
10,1128.9057623991118,1001.1289057623991
9,1197.1452866092152,901.1971452866093
9,1032.1542420077112,901.0321542420077
10,1287.026556238971,1001.287026556239
10,1176.7611590402096,1001.1767611590402
9,1110.0874418225885,901.1100874418225
8,951.0948557546985,800.9510948557547
7,916.8695858648836,700.9168695858649
9,1111.1045893239257,901.1111045893239
