num_vehicles,distance,fitness
7,691.9245200332821,700.6919245200332
9,859.0738219708182,900.8590738219708
9,931.2233036716058,900.9312233036716
7,739.4013776276123,700.7394013776276
11,1081.7851766830613,1101.081785176683
13,1428.9642749260977,1301.428964274926
12,1321.4384217532709,1201.3214384217533
10,1051.6146883870185,1001.051614688387
10,1200.2934214525121,1001.2002934214526
11,1112.1402325171393,1101.112140232517
10,1088.8940451944654,1001.0888940451945
10,1167.2948738313817,1001.1672948738313
9,976.4585348774501,900.9764585348775
10,1184.2825769742783,1001.1842825769743
10,1060.22096983427,1001.0602209698343
11,1190.4016930120563,1101.190401693012
9,1009.0694414446743,901.0090694414447
10,1142.9384813484196,1001.1429384813484
13,1343.8492782491423,1301.343849278249
10,1148.8079559258254,1001.1488079559258
