num_vehicles,distance,fitness
8,894.5607712993112,800.8945607712993
9,875.9127405923842,900.8759127405924
9,848.8231636295789,900.8488231636296
9,831.9116699656029,900.8319116699656
11,1032.498837612519,1101.0324988376126
10,966.0989841724247,1000.9660989841724
9,915.6610340098916,900.9156610340099
11,987.7869994716391,1100.9877869994716
11,977.3160261130823,1100.9773160261132
10,1026.2564504246845,1001.0262564504247
12,1204.4784867292096,1201.2044784867292
10,909.4372476891655,1000.9094372476892
12,1276.3230062518624,1201.276323006252
10,1048.3190791131717,1001.0483190791132
9,995.6726789040682,900.995672678904
10,1029.0066458602178,1001.0290066458602
12,1169.62564505712,1201.169625645057
13,1269.3580378360698,1301.2693580378361
13,1230.9674892012279,1301.2309674892012
9,1004.299504859005,901.004299504859
