num_vehicles,distance,fitness
5,1098.2107185369055,501.0982107185369
6,931.493854366627,600.9314938543666
5,1034.0524215516132,501.0340524215516
6,1128.044433351533,601.1280444333515
5,1063.6226673970482,501.06362266739706
5,1034.416044980133,501.0344160449801
6,1182.4657575133722,601.1824657575133
7,1042.5935177097167,701.0425935177097
8,1388.552293083411,801.3885522930834
5,1135.452280135508,501.1354522801355
9,1321.7663363757229,901.3217663363757
5,1017.1946530909318,501.01719465309094
6,1168.88645315208,601.168886453152
6,1041.8530783451704,601.0418530783452
6,1188.944599257709,601.1889445992578
8,1085.3986408664048,801.0853986408664
6,1135.3476622231826,601.1353476622232
5,1075.6685316688695,501.0756685316689
6,1250.7335636553264,601.2507335636553
7,1370.0696506860347,701.370069650686
