num_vehicles,distance,fitness
5,1306.6275740598305,501.3066275740598
4,1263.8221750482298,401.26382217504823
5,1244.2526765178336,501.2442526765178
5,1108.9345324753815,501.10893453247536
5,971.9931772435932,500.9719931772436
5,904.8077208552838,500.9048077208553
5,931.7307073918857,500.93173070739186
5,1010.5073637742208,501.0105073637742
4,1164.3754280258179,401.16437542802583
5,1249.7251578256985,501.2497251578257
4,995.5923042690725,400.99559230426905
5,1006.5816353166526,501.00658163531665
4,934.6253724655105,400.9346253724655
4,1105.3271535436827,401.10532715354367
5,1174.2837764509252,501.1742837764509
5,1136.734535313241,501.1367345353132
5,1145.5652083062419,501.14556520830627
5,1179.0377412200241,501.17903774122004
4,1078.9718403417105,401.0789718403417
4,1149.588937213538,401.14958893721354
