num_vehicles,distance,fitness
4,1067.7019895573885,401.0677019895574
5,1058.4552130733905,501.0584552130734
5,1113.3784161356066,501.1133784161356
5,1095.732523464558,501.09573252346456
4,1159.8767452518412,401.15987674525184
4,1134.3571761528071,401.13435717615283
5,1180.1773347634241,501.1801773347634
6,1242.7546200114566,601.2427546200115
5,1212.0014623726229,501.2120014623726
4,1115.2923906918782,401.1152923906919
5,1150.2148402404284,501.15021484024044
6,1064.9135776371922,601.0649135776372
6,1220.39616474237,601.2203961647424
7,1412.7603634747918,701.4127603634748
5,1195.6015325272162,501.19560153252723
5,1137.157797816299,501.1371577978163
5,1219.99097630616,501.2199909763062
5,1136.5871519328202,501.1365871519328
5,1255.597413644288,501.2555974136443
4,1132.6079117133038,401.1326079117133
