num_vehicles,distance,fitness
5,1156.9680017061987,501.1569680017062
5,1017.914658546607,501.0179146585466
5,990.4698188395774,500.9904698188396
5,1122.407020836899,501.1224070208369
4,1077.5811034559617,401.07758110345594
5,1193.7620176962237,501.1937620176962
4,1111.4293004117274,401.1114293004117
5,1066.0110913644894,501.0660110913645
5,943.0144767933585,500.94301447679334
5,1385.627962849649,501.38562796284964
5,1068.5225112099554,501.06852251120995
5,1119.7294431022065,501.1197294431022
4,1032.2774278273682,401.03227742782735
5,1174.735149874246,501.17473514987427
5,1159.018850896872,501.15901885089687
5,996.5456903075334,500.9965456903075
5,1157.15675140279,501.1571567514028
5,1268.2407288118993,501.2682407288119
6,1149.8330074975029,601.1498330074975
5,1237.5847281823512,501.23758472818236
