num_vehicles,distance,fitness
4,1081.4010688547528,401.08140106885475
5,1027.486342781028,501.027486342781
5,1148.8838334088334,501.14888383340883
4,1138.4171596053889,401.1384171596054
5,1137.908560053906,501.1379085600539
5,1230.1504793405159,501.2301504793405
4,1106.5893493216931,401.10658934932167
5,1192.1822700393338,501.1921822700393
6,1047.465800349017,601.0474658003491
6,1155.6311379840772,601.1556311379841
6,1212.7757855460527,601.212775785546
6,1102.6722230771604,601.1026722230772
6,1105.2704091774858,601.1052704091775
6,1047.3584620206534,601.0473584620206
6,1035.488922873204,601.0354889228732
6,1093.5668059251332,601.0935668059251
7,1125.4900732681597,701.1254900732681
7,1223.4089499957474,701.2234089499957
5,1082.8243745509194,501.0828243745509
7,1336.687558509906,701.3366875585099
