num_vehicles,distance,fitness
5,1310.0844333327757,501.3100844333328
4,1226.546775760486,401.2265467757605
5,1108.9315348485798,501.1089315348486
6,1199.4689772694878,601.1994689772695
5,1260.1312264149487,501.26013122641496
5,1218.4034103873814,501.2184034103874
5,1298.4614779235465,501.2984614779235
5,1251.9208757067954,501.2519208757068
5,1109.0086687940627,501.10900866879405
6,1050.6227545263437,601.0506227545263
5,1027.9328239329982,501.027932823933
6,1126.6998665737945,601.1266998665737
6,1327.940146421405,601.3279401464214
6,1024.0733474289484,601.024073347429
6,976.8287461145803,600.9768287461146
5,1153.911937859151,501.15391193785916
5,1146.5448386855828,501.1465448386856
6,1103.8903205833794,601.1038903205833
5,1209.9405639046222,501.20994056390464
6,1172.9354533475469,601.1729354533476
