num_vehicles,distance,fitness,time
1.0,223.3100725415374,1.9971491858394241,324.8201231956482
1.0,223.3100725415374,1.9971491858394241,320.9102339744568
1.0,223.3100725415374,1.9971491858394241,324.4925308227539
