num_vehicles,distance,fitness,time
1.0,223.3100725415374,1.9971491858394241,324.8201231956482
