num_vehicles,distance,fitness,time
1.0,334.115706723964,1.9980946185448913,331.2440288066864
1.0,334.115706723964,1.9980946185448913,323.9488031864166
1.0,334.115706723964,1.9980946185448913,329.1185607910156
