num_vehicles,distance,fitness
7,537.3913739362137,700.5373913739362
8,508.8919145923895,800.5088919145924
10,638.6786293315083,1000.6386786293315
8,653.2116119857944,800.6532116119857
9,548.2126754778758,900.5482126754779
8,549.8318784819634,800.549831878482
9,698.9252139703349,900.6989252139704
10,696.5984691114104,1000.6965984691114
9,673.5165525204538,900.6735165525205
11,625.6209159746968,1100.6256209159747
11,689.1409534165333,1100.6891409534164
11,749.0866540441026,1100.749086654044
11,709.626224224642,1100.7096262242246
9,688.8278323017739,900.6888278323017
10,688.4798961891447,1000.6884798961892
8,715.5361557929104,800.715536155793
9,661.1461358588678,900.6611461358589
13,773.1993784313414,1300.7731993784314
10,732.646271870062,1000.7326462718701
10,713.764614153493,1000.7137646141535
