num_vehicles,distance,fitness
7,512.2931205274929,700.5122931205275
6,503.4041813915262,600.5034041813915
6,588.9698829184914,600.5889698829185
7,627.2958633650719,700.627295863365
6,484.021550257627,600.4840215502576
6,577.4153523736898,600.5774153523737
7,561.3369668542799,700.5613369668542
7,617.0678111753645,700.6170678111754
7,534.2518514011656,700.5342518514011
7,566.3739673298041,700.5663739673298
8,615.7614529497264,800.6157614529498
8,675.8728213922767,800.6758728213923
7,692.195430908765,700.6921954309088
7,717.8447211859539,700.717844721186
7,658.3348176674418,700.6583348176674
8,666.8674704508776,800.6668674704508
7,639.8806260410181,700.639880626041
7,581.7750964940378,700.5817750964941
7,644.6406167650789,700.6446406167651
8,643.2451241420692,800.643245124142
