num_vehicles,distance,fitness
7,658.8124637298049,700.6588124637298
8,585.360050657155,800.5853600506572
8,616.1588143072503,800.6161588143073
8,569.9656532339623,800.5699656532339
8,614.3727571782564,800.6143727571782
10,683.673149282403,1000.6836731492824
9,633.9486606204931,900.6339486606205
9,730.2669588667364,900.7302669588668
10,574.6566394605434,1000.5746566394605
9,676.0936835760926,900.6760936835761
8,628.312626075729,800.6283126260757
9,641.0198351172514,900.6410198351173
9,618.2866814496441,900.6182866814496
9,654.6339908696051,900.6546339908696
8,664.4411816748449,800.6644411816749
10,622.7619702461599,1000.6227619702462
10,758.5984764919323,1000.7585984764919
10,698.5005984424299,1000.6985005984425
9,743.142185432491,900.7431421854325
9,697.3277343420336,900.697327734342
