num_vehicles,distance,fitness
8,516.3387731186642,800.5163387731187
8,562.8152044966413,800.5628152044966
8,492.16603877554275,800.4921660387755
11,619.4939087329831,1100.619493908733
7,522.5182831542911,700.5225182831543
10,666.4271937698076,1000.6664271937698
11,733.2024364588394,1100.733202436459
11,727.1165536978568,1100.727116553698
9,634.6879995622056,900.6346879995622
10,668.7616170270812,1000.668761617027
9,676.7451519014114,900.6767451519014
12,789.4481871627303,1200.7894481871626
9,626.8951358004318,900.6268951358004
11,707.7067119548562,1100.7077067119549
9,672.0018156042809,900.6720018156043
11,639.963376516312,1100.6399633765163
11,627.447216105191,1100.627447216105
11,696.4218860298553,1100.6964218860298
11,805.0305436915805,1100.8050305436916
8,668.7044125936962,800.6687044125937
