num_vehicles,distance,fitness
7,664.5333586844342,700.6645333586845
7,620.6771249710462,700.620677124971
7,629.6379057943293,700.6296379057943
7,638.4921348149621,700.638492134815
8,648.8335023077512,800.6488335023078
8,619.5729057907719,800.6195729057907
7,578.9187598581279,700.5789187598581
7,640.5943398106841,700.6405943398107
8,648.8441713344586,800.6488441713344
8,662.7896533422273,800.6627896533422
7,694.5050902270445,700.694505090227
9,720.921097859099,900.7209210978591
9,595.9193333137056,900.5959193333138
8,698.9439869280884,800.698943986928
7,639.2932007308439,700.6392932007309
7,623.3430262093539,700.6233430262093
7,649.1244273743991,700.6491244273744
7,569.9225768686949,700.5699225768687
8,689.058512263985,800.689058512264
9,655.3144910256657,900.6553144910257
