num_vehicles,distance,fitness
7,636.8199997144283,700.6368199997145
7,662.2722077639646,700.662272207764
7,673.8115290466114,700.6738115290466
7,721.8326543970066,700.721832654397
7,613.2281312797955,700.6132281312798
7,694.421019165296,700.6944210191652
6,570.7180745136168,600.5707180745136
7,693.0785300224816,700.6930785300225
7,656.4995938725211,700.6564995938725
7,637.0368777979196,700.6370368777979
7,620.2464384617597,700.6202464384618
7,674.3180251929207,700.674318025193
7,599.8322805437907,700.5998322805438
7,668.8045529614118,700.6688045529614
7,643.3241009999597,700.643324101
7,594.2904233885799,700.5942904233885
7,646.8757917396309,700.6468757917396
7,568.8282120104544,700.5688282120104
7,612.285633570051,700.6122856335701
7,657.1114103117985,700.6571114103118
