num_vehicles,distance,fitness
5,512.8102709016586,500.51281027090164
5,550.3445211717368,500.5503445211717
5,497.38862759962524,500.4973886275996
5,589.2095008997238,500.5892095008997
9,708.8051729139779,900.708805172914
6,651.5761744693233,600.6515761744694
6,642.3724296738981,600.6423724296739
6,642.6830427192879,600.6426830427193
8,807.6143131944632,800.8076143131944
9,675.0381063907616,900.6750381063907
7,703.7548171995331,700.7037548171995
9,753.4443812389151,900.7534443812389
8,788.5255531659416,800.788525553166
6,648.142993666119,600.6481429936662
10,793.1365811842036,1000.7931365811842
7,692.480395913387,700.6924803959134
6,651.493636271415,600.6514936362714
8,680.0786151447068,800.6800786151447
5,622.2374869036187,500.6222374869036
8,704.6326937583534,800.7046326937583
