num_vehicles,distance,fitness
5,555.9485643976219,500.5559485643976
5,613.4946305794612,500.61349463057945
5,626.0356717504629,500.62603567175046
5,608.3386195883329,500.6083386195883
5,591.2506234787149,500.59125062347874
5,603.2264319156418,500.60322643191563
5,546.0942352423417,500.5460942352423
5,608.2857040458463,500.60828570404584
5,623.9468644404501,500.6239468644404
6,675.6412023347051,600.6756412023348
5,658.6245401238176,500.6586245401238
7,849.9189305374464,700.8499189305375
9,740.6564615058628,900.7406564615059
5,708.4605102274533,500.70846051022744
5,748.4764969892216,500.7484764969892
6,803.0002317421378,600.8030002317421
6,724.9431066066235,600.7249431066066
6,730.0213938106292,600.7300213938106
6,727.4982946091058,600.7274982946091
5,681.8666813223194,500.68186668132233
