num_vehicles,distance,fitness
5,492.8496652239143,500.4928496652239
5,464.1632023378463,500.46416320233783
5,528.3102982545258,500.52831029825455
5,459.7642576963125,500.4597642576963
8,646.7487373339618,800.646748737334
7,654.1935485485087,700.6541935485485
7,661.8163772316335,700.6618163772316
7,636.0401722636157,700.6360401722636
7,624.2334058379123,700.6242334058379
7,589.4817513688025,700.5894817513688
8,631.7189742427973,800.6317189742427
7,616.952181538384,700.6169521815384
9,705.6544269208014,900.7056544269208
9,648.7390550942691,900.6487390550943
7,597.0277322710165,700.597027732271
8,677.4131270583265,800.6774131270583
6,629.658393240215,600.6296583932402
6,551.4422077061599,600.5514422077061
6,545.8580253195717,600.5458580253196
7,635.6142485311427,700.6356142485312
