num_vehicles,distance,fitness
5,518.2594252824524,500.51825942528245
5,483.25956638832935,500.4832595663883
6,467.37257476067316,600.4673725747607
5,482.9168604549605,500.48291686045496
5,525.5703663793253,500.5255703663793
6,660.9669374054196,600.6609669374054
7,661.3631667671181,700.6613631667672
6,557.6123449755567,600.5576123449756
6,691.9316296726632,600.6919316296727
6,614.8536508034821,600.6148536508035
6,671.8456442828763,600.6718456442828
6,617.3642135979679,600.617364213598
6,583.5063264022995,600.5835063264022
6,587.659576039023,600.5876595760391
7,605.9061825138874,700.6059061825139
6,583.7437897320978,600.5837437897321
6,701.0658729542084,600.7010658729542
5,601.1980436374399,500.60119804363745
5,610.9753034596923,500.61097530345967
7,575.1229904575266,700.5751229904575
