num_vehicles,distance,fitness
5,466.50342106065915,500.4665034210607
5,456.25703033902766,500.45625703033903
7,690.9418773737385,700.6909418773737
5,646.6727393760476,500.6466727393761
6,603.724848714517,600.6037248487145
6,696.3231420372908,600.6963231420373
6,637.359827737192,600.6373598277372
5,671.553178749294,500.6715531787493
6,661.4163649178403,600.6614163649178
6,687.5379648440406,600.6875379648441
6,654.5353025186345,600.6545353025186
7,764.784684358657,700.7647846843587
6,602.7697157795476,600.6027697157796
6,639.8465727108717,600.6398465727109
7,687.1306910704168,700.6871306910704
6,723.5879377395983,600.7235879377396
6,642.144986754256,600.6421449867543
6,650.8713460352496,600.6508713460353
7,698.9004596937444,700.6989004596937
6,747.0096314711858,600.7470096314712
