num_vehicles,distance,fitness
8,800.9792222618502,800.8009792222618
11,852.3946806181258,1100.852394680618
15,922.9232662849026,1500.922923266285
11,891.5615988454448,1100.8915615988456
15,1009.1510650530646,1501.0091510650532
14,872.980827499141,1400.872980827499
15,949.8978285306594,1500.9498978285308
11,846.5439643274599,1100.8465439643276
10,806.1393855324042,1000.8061393855324
12,909.4140667375797,1200.9094140667376
14,1026.9258509942956,1401.0269258509943
15,1068.6052523219605,1501.068605252322
12,918.4870833183454,1200.9184870833183
14,947.4671091451078,1400.947467109145
15,1026.090686474593,1501.0260906864746
16,987.9150219296188,1600.9879150219297
14,955.7057289817737,1400.9557057289817
14,972.1956307781028,1400.972195630778
15,1054.4573083124772,1501.0544573083125
13,905.9478657292835,1300.9059478657293
