num_vehicles,distance,fitness
7,743.2970155147732,700.7432970155148
8,757.9404410914019,800.7579404410914
6,735.2797289107266,600.7352797289108
6,727.6222221932031,600.7276222221932
6,675.1105625728353,600.6751105625729
7,830.0005568710103,700.830000556871
8,798.920036451403,800.7989200364514
8,923.1028441814062,800.9231028441814
9,853.0351163659119,900.853035116366
9,984.2395111854286,900.9842395111855
9,987.0171577988476,900.9870171577988
11,979.0042273442077,1100.9790042273441
11,897.5070392688197,1100.897507039269
9,937.4518394104657,900.9374518394104
10,989.0104627540877,1000.9890104627541
10,889.5445635318054,1000.8895445635318
8,877.1329777971513,800.8771329777971
9,988.7588985231764,900.9887588985232
10,920.7010244757895,1000.9207010244758
9,988.8139121099998,900.98881391211
