num_vehicles,distance,fitness
7,847.9959707224298,700.8479959707224
7,805.6284740009105,700.8056284740009
7,894.6151467096104,700.8946151467096
6,748.1503549749478,600.748150354975
6,807.0463717374864,600.8070463717374
6,851.1092521592495,600.8511092521593
8,972.8650811763882,800.9728650811763
8,857.5207417523175,800.8575207417523
8,921.4393432129318,800.9214393432129
7,981.3120240937037,700.9813120240937
9,934.4316327192055,900.9344316327192
9,907.2438568404032,900.9072438568404
8,819.7643008273698,800.8197643008274
10,928.0624525217736,1000.9280624525218
9,905.3037466543716,900.9053037466543
8,815.7645884862884,800.8157645884863
8,979.9079848636923,800.9799079848636
9,987.5944918517434,900.9875944918517
8,911.5516912286785,800.9115516912286
7,889.4059850279583,700.8894059850279
