num_vehicles,distance,fitness
6,738.2850068179622,600.7382850068179
9,850.9369306050497,900.850936930605
7,824.1118533323672,700.8241118533324
9,806.9531509447553,900.8069531509448
7,766.864941883811,700.7668649418838
10,932.9217750007867,1000.9329217750008
10,915.7738165221693,1000.9157738165221
9,1010.7359104292511,901.0107359104293
11,916.1444577333189,1100.9161444577333
9,971.5248133283818,900.9715248133284
10,843.4433464413545,1000.8434433464414
10,944.0534973371114,1000.9440534973371
12,1012.7441782296692,1201.0127441782297
10,1026.6755990315378,1001.0266755990316
11,1025.861127179961,1101.02586112718
8,747.4117798853779,800.7474117798854
10,957.7531704680227,1000.957753170468
11,982.9404585041857,1100.9829404585041
10,959.7135472240689,1000.959713547224
12,1028.7946077134186,1201.0287946077135
