num_vehicles,distance,fitness
7,818.2437983267619,700.8182437983268
6,859.0812867531688,600.8590812867532
6,799.8683608912486,600.7998683608912
6,837.0236675720552,600.8370236675721
6,748.2585055616892,600.7482585055617
6,857.3339348487037,600.8573339348487
6,809.5002107402387,600.8095002107402
7,820.2196469001474,700.8202196469001
6,825.3794443983984,600.8253794443984
6,808.7811266234587,600.8087811266234
8,819.8531471244579,800.8198531471245
10,906.970903741191,1000.9069709037412
10,962.0684912442654,1000.9620684912443
10,979.3178040648504,1000.9793178040649
10,899.319171665778,1000.8993191716658
9,997.0627494411739,900.9970627494412
8,910.9284415487701,800.9109284415488
10,974.9260491946656,1000.9749260491947
8,972.5379850510086,800.972537985051
9,949.3754767131425,900.9493754767132
