num_vehicles,distance,fitness
6,849.5290070488132,600.8495290070488
8,723.2719890444346,800.7232719890444
8,787.9154009909113,800.7879154009909
8,789.2770123508512,800.7892770123508
9,826.7193301392331,900.8267193301392
7,896.400036342179,700.8964000363421
9,726.1691850422903,900.7261691850423
8,951.5609239346643,800.9515609239346
9,885.562997455859,900.8855629974558
10,934.079526194635,1000.9340795261946
9,924.2550003157925,900.9242550003158
10,966.9527365460294,1000.966952736546
9,922.7919284861192,900.9227919284862
10,969.2300862371612,1000.9692300862372
8,916.7207241127197,800.9167207241127
9,839.7611631426698,900.8397611631427
9,900.500514431178,900.9005005144312
9,919.9591152895881,900.9199591152895
9,840.5565518976597,900.8405565518976
9,986.8032058110193,900.986803205811
