num_vehicles,distance,fitness
6,762.3946846662257,600.7623946846662
7,816.1430377554607,700.8161430377554
6,758.4590901759777,600.758459090176
8,752.6477257442018,800.7526477257442
6,820.7246323703935,600.8207246323703
9,846.6859486331964,900.8466859486332
9,901.0046425663205,900.9010046425664
8,842.4389688789526,800.8424389688789
9,932.3076895662707,900.9323076895663
9,926.7325167944226,900.9267325167945
10,984.6635191497709,1000.9846635191498
9,930.7564212188992,900.9307564212189
8,1017.8681278451386,801.0178681278452
7,902.2986212113033,700.9022986212113
9,963.7891538292673,900.9637891538292
9,894.6734050283691,900.8946734050284
8,969.9491952024297,800.9699491952024
7,883.8739562944498,700.8838739562945
8,959.7909795789851,800.959790979579
9,889.7851287095779,900.8897851287096
