num_vehicles,distance,fitness
6,840.3646523098904,600.8403646523099
7,802.4278430043965,700.8024278430044
6,861.3937606533968,600.8613937606534
6,723.7967771488334,600.7237967771488
6,670.14279627891,600.6701427962789
7,905.6903776477238,700.9056903776477
7,859.8444606200529,700.85984446062
7,827.0857897480128,700.827085789748
6,797.3630789754374,600.7973630789754
6,857.3437297244787,600.8573437297244
7,934.1472441229104,700.9341472441229
7,864.5877840212571,700.8645877840213
7,876.1520575377933,700.8761520575378
7,922.7563694267963,700.9227563694268
7,1004.9545218498329,701.0049545218499
7,988.0074660746907,700.9880074660747
7,999.4706862488775,700.9994706862489
7,885.1728514850809,700.8851728514851
7,930.2134280932321,700.9302134280932
7,910.8638618122557,700.9108638618122
