num_vehicles,distance,fitness
4,918.1606608150763,400.9181606608151
5,905.3371869313954,500.9053371869314
5,944.1526164082957,500.9441526164083
5,886.3334717481085,500.8863334717481
6,907.275463731372,600.9072754637314
5,808.7881761094226,500.80878817610943
4,873.1634405304341,400.87316344053045
5,826.793567119599,500.8267935671196
7,850.3654683048926,700.8503654683049
9,987.4665638883301,900.9874665638883
7,1047.5152261151402,701.0475152261151
7,953.4844792670904,700.9534844792671
8,933.7372143150119,800.933737214315
8,848.1905409515279,800.8481905409516
7,881.1115758943787,700.8811115758944
7,914.9665312321076,700.9149665312322
7,933.8942051679605,700.9338942051679
8,926.8222868670902,800.926822286867
8,964.5258296588466,800.9645258296589
8,937.407569127671,800.9374075691277
