num_vehicles,distance,fitness
4,848.564939599413,400.84856493959944
4,926.9806993821792,400.92698069938217
4,864.5010869471835,400.8645010869472
4,881.652396235656,400.88165239623567
5,859.3038672686212,500.85930386726864
5,904.2925109167696,500.9042925109168
5,935.394947833466,500.93539494783346
6,928.7455035684693,600.9287455035685
6,1004.8845336262539,601.0048845336263
6,913.1576059769178,600.913157605977
6,977.611654696974,600.977611654697
7,1028.8505859999188,701.0288505859999
6,984.8678990783376,600.9848678990784
7,955.7034632400802,700.9557034632401
7,866.7104210416077,700.8667104210416
6,1018.7425636546905,601.0187425636547
7,1032.441892661414,701.0324418926614
6,865.9148346698976,600.8659148346699
7,974.719720799769,700.9747197207997
6,1014.4712593010465,601.014471259301
