num_vehicles,distance,fitness
4,934.6666440653541,400.9346666440654
4,883.8719430435435,400.8838719430435
4,959.4905373200487,400.95949053732005
4,948.1027728084113,400.9481027728084
5,934.337260593628,500.9343372605936
5,915.9650376416503,500.9159650376416
5,905.8320735043039,500.9058320735043
5,938.7312103124661,500.9387312103125
5,944.0132315255753,500.94401323152556
5,833.1404771464117,500.8331404771464
5,857.1816585677935,500.8571816585678
5,914.0240749983532,500.91402407499834
6,972.9787700603952,600.9729787700604
5,895.2396247444209,500.8952396247444
5,884.6068601373856,500.8846068601374
5,843.8124738051156,500.8438124738051
5,972.1044272357194,500.9721044272357
5,889.1866093456177,500.88918660934564
5,937.134999068296,500.9371349990683
5,949.1930945297141,500.94919309452973
