num_vehicles,distance,fitness
4,990.4776981132496,400.99047769811324
4,1012.8929335532741,401.01289293355325
4,980.8453566800287,400.98084535668005
4,1026.9317770598775,401.0269317770599
6,988.7806392206569,600.9887806392206
4,887.8853257954754,400.8878853257955
4,1001.5008401675907,401.0015008401676
4,975.1626593808846,400.9751626593809
5,937.7811170848552,500.93778111708485
4,890.8053104271964,400.8908053104272
4,930.5310823511869,400.9305310823512
5,930.3623279085691,500.9303623279086
4,855.2634521834456,400.85526345218346
6,921.2105012173895,600.9212105012174
5,853.0860538226004,500.8530860538226
4,948.0305488961116,400.9480305488961
4,901.3948763828676,400.9013948763829
4,945.42969578574,400.9454296957857
6,957.5839568861597,600.9575839568862
5,922.6916246540875,500.9226916246541
