num_vehicles,distance,fitness
4,918.9340678700514,400.91893406787005
5,932.2045362459495,500.93220453624593
4,847.6896783386184,400.8476896783386
4,829.6138398118708,400.8296138398119
4,921.1239088182779,400.9211239088183
4,889.9714125212115,400.8899714125212
5,931.6175602523082,500.93161756025233
5,930.3213071705103,500.9303213071705
5,1036.1869766569798,501.036186976657
5,967.0018098659248,500.9670018098659
6,988.0998176302448,600.9880998176302
6,929.6576485704335,600.9296576485705
5,914.8193672405207,500.9148193672405
5,955.6642583244229,500.9556642583244
4,890.1387594262762,400.8901387594263
5,965.6463959760723,500.9656463959761
4,891.3312564675738,400.8913312564676
5,1047.1699399602828,501.04716993996027
5,948.5821647640729,500.94858216476405
5,960.931038842542,500.96093103884255
