num_vehicles,distance,fitness
8,1070.571296979287,801.0705712969793
7,832.114879695742,700.8321148796957
7,957.9704771719865,700.957970477172
7,863.205163618139,700.8632051636181
7,973.3046827981932,700.9733046827982
8,1049.2774115244515,801.0492774115245
9,1058.5073690993263,901.0585073690993
9,1131.9764736285535,901.1319764736286
8,1163.2267414971263,801.1632267414972
8,1090.6471670340895,801.090647167034
8,1173.3862428684777,801.1733862428684
9,1171.7444682932794,901.1717444682932
8,1109.371737512639,801.1093717375127
8,1052.940717020149,801.0529407170202
9,1040.004529436179,901.0400045294361
9,1222.6450489256813,901.2226450489256
9,930.3363623698511,900.9303363623699
8,915.987134362664,800.9159871343627
9,1176.1642496226943,901.1761642496227
8,1104.2371017827336,801.1042371017827
