num_vehicles,distance,fitness
8,894.5607712993112,800.8945607712993
8,740.4860768593903,800.7404860768594
9,840.3665323786355,900.8403665323787
10,987.1335730432049,1000.9871335730433
9,904.5160868895048,900.9045160868895
9,839.9848774471484,900.8399848774471
9,885.4936244630196,900.885493624463
10,961.4976132851419,1000.9614976132851
12,1114.0528773608994,1201.1140528773608
10,1057.6446952434337,1001.0576446952434
12,1076.9524815892182,1201.0769524815892
11,1140.903066180456,1101.1409030661805
12,1158.9893655802546,1201.1589893655803
11,1044.39313911121,1101.0443931391112
12,1076.3162102793035,1201.0763162102794
12,1170.2852052170338,1201.170285205217
11,1089.9290219924242,1101.0899290219925
10,1051.0513860928122,1001.0510513860928
12,1094.2531348918194,1201.094253134892
10,1077.950304339658,1001.0779503043397
