num_vehicles,distance,fitness
8,759.1670203183024,800.7591670203183
9,935.7097083248337,900.9357097083248
7,774.379003133424,700.7743790031334
7,786.9125190800607,700.78691251908
8,827.370971875811,800.8273709718758
7,916.4359793430483,700.9164359793431
9,1024.0918087291386,901.0240918087292
7,918.9007140682138,700.9189007140682
10,1098.1310295380993,1001.0981310295381
11,1264.4894587331803,1101.2644894587331
9,945.1859610106115,900.9451859610106
11,1342.9837132250252,1101.342983713225
9,918.9884550537587,900.9189884550537
10,1260.1092397218367,1001.2601092397218
9,1012.6512476768264,901.0126512476768
10,1091.4846643389344,1001.091484664339
9,1166.6073854074916,901.1666073854075
10,1211.4308077272065,1001.2114308077272
10,1011.3344780393679,1001.0113344780393
9,1053.2107572706636,901.0532107572707
