num_vehicles,distance,fitness
7,979.4404534601562,700.9794404534601
7,1039.3545545517065,701.0393545545517
7,1113.6975184066712,701.1136975184066
6,869.5909445903278,600.8695909445903
7,1013.8400652932404,701.0138400652933
8,1060.2819183690979,801.0602819183691
7,844.729435659054,700.844729435659
8,1122.7470354137854,801.1227470354138
8,1061.4011489857753,801.0614011489857
7,1100.8057208879454,701.1008057208879
8,1029.9002120991777,801.0299002120992
7,1027.8358636963114,701.0278358636963
8,1085.156682402728,801.0851566824027
8,1167.455264258639,801.1674552642586
9,1238.9197286087892,901.2389197286088
8,1102.3941729728288,801.1023941729728
8,1190.987905290896,801.1909879052909
8,1064.5968356222363,801.0645968356222
8,1029.963104691914,801.0299631046919
8,965.471766703508,800.9654717667036
