num_vehicles,distance,fitness
7,691.9245200332821,700.6919245200332
9,888.5501612307147,900.8885501612307
8,822.6830149155383,800.8226830149156
8,793.0169805567847,800.7930169805568
9,891.2953516435728,900.8912953516435
10,899.5910860462797,1000.8995910860463
7,762.7123086100744,700.76271230861
7,712.0304805005355,700.7120304805005
10,1127.7960105936718,1001.1277960105937
11,1200.067165034075,1101.2000671650342
10,1062.7112566558392,1001.0627112566558
10,1010.96786280329,1001.0109678628033
11,1222.5519268312187,1101.2225519268313
9,1028.5549234743328,901.0285549234743
9,1053.9677402867717,901.0539677402868
11,1023.8823874651556,1101.0238823874652
9,900.9180244641475,900.9009180244642
8,864.8052858146199,800.8648052858147
11,1112.9135885546812,1101.1129135885546
11,1190.3864027872066,1101.1903864027872
