num_vehicles,distance,fitness
7,792.558481332472,700.7925584813324
8,1107.1100986188926,801.1071100986189
7,871.0231389437249,700.8710231389438
7,929.3375723297542,700.9293375723297
7,860.8263353583,700.8608263353583
7,912.1785129781514,700.9121785129781
7,912.4245875572254,700.9124245875572
9,1113.246624131779,901.1132466241318
8,1112.6832876362048,801.1126832876362
9,1073.1914732481393,901.0731914732481
9,1039.3947128615737,901.0393947128616
10,1177.857600990461,1001.1778576009905
9,1037.5781322693406,901.0375781322693
9,1105.5049166128579,901.1055049166129
9,1208.922797656488,901.2089227976564
8,1131.1370120880288,801.1311370120881
11,1361.9132447731927,1101.3619132447732
10,1176.6272652053885,1001.1766272652054
9,992.489739858086,900.9924897398581
9,1208.3908942632538,901.2083908942633
