num_vehicles,distance,fitness
5,1156.9680017061987,501.1569680017062
5,1014.3596438684373,501.01435964386843
5,1061.5686692727509,501.06156866927273
5,1055.1476229314783,501.0551476229315
5,1040.8860815140663,501.0408860815141
4,1187.6965083573837,401.18769650835736
5,1006.3934749804225,501.0063934749804
5,1193.8119275459635,501.19381192754594
5,1270.844590545695,501.2708445905457
5,1112.1945045432547,501.11219450454325
5,1086.6984383837162,501.08669843838373
5,1121.6250129537127,501.1216250129537
5,1239.201251803356,501.23920125180337
5,1139.5330454123764,501.13953304541235
5,1167.375055505151,501.16737505550515
5,970.4785867765952,500.9704785867766
5,1048.6949329517954,501.0486949329518
6,1042.8350429424436,601.0428350429424
5,1346.3815231020387,501.346381523102
5,1155.9641699382146,501.1559641699382
