num_vehicles,distance,fitness
5,1098.2107185369055,501.0982107185369
7,971.9014413687813,700.9719014413688
5,1144.4244634754946,501.1444244634755
5,1138.2776561947028,501.1382776561947
6,1019.5621720342979,601.0195621720343
5,1146.6181531051363,501.1466181531051
6,1243.8045614845362,601.2438045614846
6,1109.9068463035708,601.1099068463036
6,1132.789273374706,601.1327892733747
7,996.4611566985503,700.9964611566985
5,1127.7261610134276,501.1277261610134
6,1032.804872363476,601.0328048723635
8,1206.091570282417,801.2060915702824
7,1142.0335583204856,701.1420335583205
6,1068.4496970925145,601.0684496970925
6,1005.2324134180507,601.0052324134181
7,1316.4490928568632,701.3164490928568
6,1045.7107077999908,601.0457107078
6,1254.9351794146783,601.2549351794147
5,1080.024131057524,501.08002413105754
