num_vehicles,distance,fitness
5,1088.2573579320474,501.08825735793204
4,1173.533884911289,401.1735338849113
4,967.8072993051946,400.9678072993052
5,1061.3634751059835,501.06136347510596
4,1106.103304138369,401.10610330413834
5,980.7517894102546,500.98075178941025
7,1153.6182332310752,701.1536182332311
5,1215.3108714021148,501.2153108714021
6,1099.698351650117,601.0996983516501
6,1230.0422157440653,601.2300422157441
5,1031.360786453686,501.03136078645366
5,933.6739456769744,500.93367394567696
5,1208.1990368120182,501.208199036812
6,1235.5414235863855,601.2355414235864
6,1234.4949919173878,601.2344949919174
6,1282.7103781624894,601.2827103781625
6,1281.9926357107288,601.2819926357107
5,1038.2969398471278,501.0382969398471
5,1001.8019049076711,501.00180190490767
5,1000.2695058201325,501.00026950582014
