num_vehicles,distance,fitness
5,1206.7227033268164,501.2067227033268
5,1033.861852058751,501.03386185205875
7,1299.5167988343567,701.2995167988344
6,1107.7046099514196,601.1077046099514
5,1127.5815284076623,501.1275815284077
5,1215.3373355152264,501.21533733551524
9,1277.7499697951084,901.2777499697951
6,1104.550583392995,601.104550583393
7,1175.640150803347,701.1756401508034
7,1172.6127424366498,701.1726127424366
7,1193.9715894535166,701.1939715894536
7,1006.8724902318207,701.0068724902318
6,1395.125093732487,601.3951250937325
7,1206.8313780675937,701.2068313780676
7,1173.0072561702475,701.1730072561702
8,987.5468130080308,800.9875468130081
8,1241.3988600789532,801.2413988600789
7,1221.3894677002404,701.2213894677002
7,1185.2993202990708,701.1852993202991
8,1356.8233143850914,801.3568233143851
