num_vehicles,distance,fitness
5,1306.6275740598305,501.3066275740598
5,882.1592833382181,500.88215928333824
5,1035.2296493945782,501.0352296493946
4,927.9018813302002,400.9279018813302
5,1128.1677828698103,501.1281677828698
5,1147.770216506316,501.14777021650633
5,857.1367673420237,500.857136767342
5,1074.7444745799182,501.0747444745799
5,1078.5294719620592,501.07852947196204
5,1123.8085350191645,501.1238085350192
5,1161.9906487566054,501.1619906487566
5,1253.4999054821078,501.2534999054821
5,1155.6832354375024,501.1556832354375
5,1097.436852132239,501.09743685213226
4,926.7219855289036,400.9267219855289
5,1309.9964923141858,501.3099964923142
5,1207.1720493708017,501.2071720493708
4,1341.958348369187,401.3419583483692
5,1007.0475381160499,501.00704753811607
5,1015.0012609458579,501.01500126094584
