num_vehicles,distance,fitness,time
3.0,190.7376293618508,3.9966623579119,213.85328722000122
