num_vehicles,distance,fitness,time
4.0,466.7372217786499,400.46673722177866,264.8551812171936
