num_vehicles,distance,fitness,time
4.0,417.7692999314208,4.998476148063991,175.90220832824707
