num_vehicles,distance,fitness,time
4.0,417.7692999314208,4.998476148063991,175.90220832824707
4.0,417.76929993142085,4.998476148063991,173.95621585845947
4.0,417.76929993142085,4.998476148063991,176.36390948295593
