num_vehicles,distance,fitness,time
3.0,191.8136197786562,3.9966810802823503,186.9317343235016
3.0,191.8136197786562,3.9966810802823503,186.9911196231842
3.0,191.8136197786562,3.9966810802823503,187.17216110229492
