num_vehicles,distance,fitness
7,495.26436520284466,700.4952643652028
7,566.448605693463,700.5664486056935
7,525.4049622110456,700.525404962211
7,660.34634944697,700.660346349447
7,568.2514126295528,700.5682514126296
8,746.5131807277057,800.7465131807277
7,626.9588529545449,700.6269588529545
8,692.6710594824871,800.6926710594824
7,568.910561154274,700.5689105611543
9,738.398910857159,900.7383989108572
8,704.2165108652537,800.7042165108653
8,687.6861048695596,800.6876861048696
9,708.1042153315709,900.7081042153316
9,703.4810284568606,900.7034810284568
7,693.6134257422112,700.6936134257422
7,685.2456028981916,700.6852456028981
9,619.8866291297217,900.6198866291297
9,701.6218466384728,900.7016218466384
7,684.8254544147123,700.6848254544147
8,703.4019306334618,800.7034019306335
