num_vehicles,distance,fitness
7,512.2931205274929,700.5122931205275
7,608.3089624103169,700.6083089624103
7,588.0774903107312,700.5880774903108
6,575.0960034911312,600.5750960034911
6,465.2914693507256,600.4652914693507
8,707.9544627044802,800.7079544627045
8,685.3910265481209,800.6853910265481
7,657.3253039514665,700.6573253039514
8,665.5780132896784,800.6655780132896
6,627.5060061347751,600.6275060061348
7,695.4471796676386,700.6954471796677
8,686.8989132340822,800.6868989132341
7,652.4515908447838,700.6524515908447
7,674.2729154378558,700.6742729154379
8,690.6604861834228,800.6906604861834
7,727.1379158646531,700.7271379158647
8,650.3661401644573,800.6503661401645
7,735.6984328676166,700.7356984328676
7,556.8152237545944,700.5568152237546
7,669.2189074991342,700.6692189074992
