num_vehicles,distance,fitness
7,658.8124637298049,700.6588124637298
9,585.9084488391244,900.5859084488392
8,610.4352008238121,800.6104352008238
8,588.7617366496845,800.5887617366496
9,603.7629302241739,900.6037629302242
8,595.5715986933858,800.5955715986934
9,604.4074127772104,900.6044074127772
9,757.7118315735668,900.7577118315736
11,724.5721548148508,1100.724572154815
8,617.5217239417148,800.6175217239418
9,702.9503268259228,900.7029503268259
9,699.0444176688102,900.6990444176688
10,658.9512947937149,1000.6589512947937
10,705.5051562198181,1000.7055051562198
8,697.20510059304,800.697205100593
10,778.4345048765671,1000.7784345048766
10,630.2496470733588,1000.6302496470734
11,654.5564791742568,1100.6545564791743
7,615.1960545229505,700.6151960545229
9,658.045142356577,900.6580451423566
