num_vehicles,distance,fitness
8,516.3387731186642,800.5163387731187
8,647.1091006779934,800.647109100678
9,597.5192510668522,900.5975192510668
9,601.9205988913402,900.6019205988913
10,622.0990599181602,1000.6220990599181
9,569.2130762250284,900.5692130762251
12,779.3756712001747,1200.7793756712001
11,757.667102834288,1100.7576671028344
10,725.3606324584009,1000.7253606324584
9,674.946432083338,900.6749464320833
8,609.6421900967379,800.6096421900968
10,728.9205349789082,1000.7289205349789
11,669.9588242032992,1100.6699588242034
11,755.9347104986365,1100.7559347104987
10,719.8660481257883,1000.7198660481258
12,807.2172555138621,1200.807217255514
11,704.2846602261761,1100.7042846602262
12,699.6160230227002,1200.6996160230226
9,651.6806154219572,900.6516806154219
9,641.3694871165994,900.6413694871165
