num_vehicles,distance,fitness
7,664.5333586844342,700.6645333586845
8,555.6747369772229,800.5556747369773
7,627.2395679891795,700.6272395679891
7,659.5277851780356,700.659527785178
6,613.0169896077537,600.6130169896078
7,647.4367542460361,700.6474367542461
8,629.846388211223,800.6298463882113
8,628.2343951505477,800.6282343951506
7,602.7405823091626,700.6027405823091
9,592.9199605387962,900.5929199605388
8,606.0159927147063,800.6060159927147
8,634.972758423234,800.6349727584233
8,561.0109667211995,800.5610109667213
8,656.0151391197367,800.6560151391197
8,638.816504482761,800.6388165044827
8,726.7697455355615,800.7267697455355
8,671.3570351509879,800.671357035151
8,669.8340085841538,800.6698340085842
10,684.8924598340348,1000.684892459834
7,634.0658320811558,700.6340658320812
