num_vehicles,distance,fitness
7,636.8199997144283,700.6368199997145
6,518.4204685578586,600.5184204685579
7,602.4587154314632,700.6024587154315
7,599.6720919230806,700.599672091923
7,671.1290255757833,700.6711290255757
7,697.8490132390004,700.697849013239
7,693.9491998719003,700.6939491998719
7,577.9486748462739,700.5779486748463
7,602.4989464730318,700.602498946473
7,728.4531691264212,700.7284531691264
8,645.5404702081794,800.6455404702082
7,599.0526947974726,700.5990526947975
6,571.8508554593084,600.5718508554593
7,677.2555388804523,700.6772555388804
8,583.2283205054737,800.5832283205054
7,648.9313725021783,700.6489313725021
8,594.0376704263085,800.5940376704264
7,591.6200152780158,700.5916200152781
7,588.6964869752924,700.5886964869753
7,588.6680757445453,700.5886680757445
