num_vehicles,distance,fitness
5,555.9485643976219,500.5559485643976
5,539.6299810142481,500.53962998101423
5,608.6882757263106,500.6086882757263
5,589.8589249445536,500.58985892494456
5,585.5161855810107,500.585516185581
5,593.2491486516191,500.59324914865164
5,596.7054248482614,500.59670542484827
5,613.2581745989894,500.61325817459897
8,868.5428516773255,800.8685428516774
6,723.4288312042908,600.7234288312043
7,749.6313426621155,700.7496313426622
6,743.0693195928678,600.7430693195929
6,705.4168308146147,600.7054168308147
6,718.1936785204645,600.7181936785205
7,778.0998084984193,700.7780998084984
6,726.4956131576864,600.7264956131577
7,731.0835855162137,700.7310835855162
7,769.1157367293363,700.7691157367293
6,682.5258739415113,600.6825258739415
6,741.3165399804255,600.7413165399804
