num_vehicles,distance,fitness
5,534.3361221591722,500.5343361221592
5,607.9589578935054,500.6079589578935
5,551.737361920922,500.5517373619209
5,578.1868658194654,500.5781868658195
5,562.7423435500116,500.56274234355
5,555.5826802617976,500.5555826802618
5,584.6456983587323,500.5846456983587
5,560.706896366655,500.56070689636664
7,790.9813185011052,700.790981318501
5,662.2878572739592,500.66228785727395
5,747.9506777157168,500.7479506777157
5,845.2558092750485,500.84525580927505
5,747.4160469020992,500.7474160469021
5,724.7086439614749,500.7247086439615
6,760.6479961444658,600.7606479961445
6,759.9470790290596,600.7599470790291
5,787.9189672519049,500.7879189672519
5,710.2812584160835,500.7102812584161
5,766.2988021644367,500.76629880216444
5,816.4805474859611,500.816480547486
