num_vehicles,distance,fitness
5,492.8496652239143,500.4928496652239
6,635.5500269530157,600.6355500269531
5,575.52101471786,500.5755210147179
5,482.2396858451676,500.4822396858452
6,490.66548837962614,600.4906654883796
6,489.60175414633056,600.4896017541463
6,517.9881142200611,600.5179881142201
5,523.0762735424858,500.5230762735425
8,697.560578517882,800.6975605785179
7,644.767183074884,700.6447671830749
8,690.9159422627273,800.6909159422627
7,690.0971281752923,700.6900971281752
6,588.7436770338261,600.5887436770338
6,622.1458039555168,600.6221458039555
7,690.0887301160915,700.6900887301161
6,653.3582393386426,600.6533582393387
8,722.5796202939069,800.7225796202939
6,690.085629864379,600.6900856298644
7,564.4148982753378,700.5644148982753
8,663.096827572469,800.6630968275724
