num_vehicles,distance,fitness
5,518.2594252824524,500.51825942528245
6,502.1773983213128,600.5021773983214
6,495.12175654962493,600.4951217565497
6,482.210889505561,600.4822108895056
5,572.1176995966724,500.5721176995967
6,521.4079817404336,600.5214079817405
6,584.4240626896283,600.5844240626897
7,678.6743197704767,700.6786743197705
7,579.5173852108769,700.5795173852109
7,647.2637624480001,700.647263762448
6,552.4691551483448,600.5524691551484
5,639.7999916061085,500.6397999916061
6,581.0446920606187,600.5810446920606
6,625.2316695163627,600.6252316695163
6,636.4804310032966,600.6364804310033
6,642.3241748489862,600.642324174849
7,665.1716698454052,700.6651716698454
6,641.0166152717093,600.6410166152717
6,569.7337202471549,600.5697337202472
5,599.968266058555,500.59996826605857
