num_vehicles,distance,fitness
5,466.50342106065915,500.4665034210607
5,428.75790924313804,500.42875790924313
5,406.7516237853803,500.4067516237854
5,535.3678471393282,500.53536784713936
5,470.9376811577988,500.4709376811578
5,443.03869950289493,500.4430386995029
5,482.1147156054265,500.4821147156054
8,656.8234479706432,800.6568234479706
6,535.4083266645439,600.5354083266645
8,685.8041913171851,800.6858041913172
6,572.1621275848329,600.5721621275849
6,538.0408476085659,600.5380408476086
5,648.6055916758394,500.64860559167585
5,530.9435343373686,500.5309435343374
6,560.3754184604227,600.5603754184605
6,676.2391214169062,600.6762391214169
6,524.7121375607408,600.5247121375608
6,577.947672172909,600.5779476721729
7,636.4770327928459,700.6364770327929
7,560.8448829848933,700.5608448829848
