num_vehicles,distance,fitness
8,800.9792222618502,800.8009792222618
12,819.8850551218426,1200.8198850551219
13,937.9801672291478,1300.9379801672292
10,766.7227477285273,1000.7667227477285
11,812.406416604059,1100.812406416604
10,795.0488267216816,1000.7950488267217
18,1109.0347330400532,1801.10903473304
12,857.3803637486402,1200.8573803637487
11,796.7540993379716,1100.796754099338
9,769.9662345742394,900.7699662345742
15,990.6219600486372,1500.9906219600487
14,992.598885615462,1400.9925988856155
17,1052.6110043652193,1701.0526110043652
14,1015.8552028361484,1401.015855202836
14,1016.4986335953344,1401.0164986335953
14,971.6764923281078,1400.971676492328
14,942.5789299201638,1400.9425789299203
15,1047.2565515671115,1501.0472565515672
14,1003.6515819620954,1401.003651581962
15,1000.2596646789775,1501.0002596646789
