num_vehicles,distance,fitness
8,801.6266998825827,800.8016266998826
11,941.7446975527895,1100.9417446975528
7,766.3055775625073,700.7663055775625
13,1001.4190106238775,1301.001419010624
11,909.4129648200822,1100.9094129648201
9,787.0623210207202,900.7870623210207
9,845.021430773572,900.8450214307736
8,901.4570058119099,800.901457005812
12,918.3937028803854,1200.9183937028804
12,1039.2603771507322,1201.0392603771506
13,984.2232656601932,1300.9842232656601
11,915.9379334362048,1100.9159379334362
12,1037.1305478148151,1201.0371305478147
12,989.7265166214853,1200.9897265166214
11,934.8579871905253,1100.9348579871905
12,1003.8422253121205,1201.0038422253122
12,970.1245566752577,1200.9701245566753
11,930.8035382931339,1100.930803538293
12,1015.114989874582,1201.0151149898745
11,918.3511599903935,1100.9183511599904
