num_vehicles,distance,fitness
7,847.9959707224298,700.8479959707224
6,783.4066540423972,600.7834066540424
6,873.2677477188435,600.8732677477188
6,869.5054796205633,600.8695054796206
6,843.2195476033612,600.8432195476033
9,981.9483216495533,900.9819483216495
8,996.0340599794896,800.9960340599795
7,852.6846448806174,700.8526846448806
7,981.4676569511716,700.9814676569512
9,939.7471583177323,900.9397471583177
7,881.2660589411115,700.8812660589412
7,866.7154733979178,700.8667154733979
8,932.1602452794504,800.9321602452794
8,921.7408403046212,800.9217408403047
8,930.0363443841563,800.9300363443841
8,871.6084788009624,800.8716084788009
8,986.8167772024732,800.9868167772024
8,935.2555452687287,800.9352555452688
8,867.3124322093686,800.8673124322094
8,948.5727327354156,800.9485727327354
