num_vehicles,distance,fitness
7,818.2437983267619,700.8182437983268
6,785.4310236912484,600.7854310236912
6,828.4902363325411,600.8284902363325
6,836.108475639441,600.8361084756394
6,793.0062110744744,600.7930062110745
6,756.4611516743057,600.7564611516743
7,880.1144502370026,700.880114450237
9,969.2912888902785,900.9692912888903
8,955.7960337533414,800.9557960337534
9,1033.0572660751977,901.0330572660752
9,889.6247991286825,900.8896247991287
8,954.843988747691,800.9548439887477
8,1024.2121325794374,801.0242121325795
9,837.0626436917225,900.8370626436918
8,909.0151071156345,800.9090151071156
8,913.6381879782246,800.9136381879782
8,833.2954754755029,800.8332954754756
9,985.1968161212078,900.9851968161212
10,902.5442116408097,1000.9025442116408
9,1044.09420616331,901.0440942061633
