num_vehicles,distance,fitness
6,849.5290070488132,600.8495290070488
8,711.4225716696573,800.7114225716697
8,809.4016284909821,800.809401628491
8,687.2058069305829,800.6872058069306
10,961.7728879946279,1000.9617728879946
8,816.3026065651896,800.8163026065652
10,931.9805119067223,1000.9319805119068
9,963.4220914933898,900.9634220914934
11,931.9146296007508,1100.9319146296007
9,840.5964925664067,900.8405964925664
9,788.5265393622556,900.7885265393622
9,874.9782532118943,900.8749782532119
8,872.333343154694,800.8723333431547
10,908.2264027666092,1000.9082264027666
10,969.4062596283649,1000.9694062596284
11,986.7631861988181,1100.986763186199
9,916.8179957451238,900.9168179957451
9,962.9908189139807,900.962990818914
9,945.4589683527325,900.9454589683527
9,904.5016696303851,900.9045016696303
