num_vehicles,distance,fitness
6,762.3946846662257,600.7623946846662
8,847.3734700958573,800.8473734700958
6,834.261876104251,600.8342618761043
7,826.4289681203314,700.8264289681204
7,825.6100779553734,700.8256100779554
7,818.0305022344953,700.8180305022345
7,752.1022870466006,700.7521022870466
9,866.4588754247557,900.8664588754248
7,799.8370982493246,700.7998370982493
8,837.2308133486092,800.8372308133486
8,1020.8988229810352,801.020898822981
10,959.1898061343843,1000.9591898061344
8,964.1781248751076,800.9641781248752
10,899.4214347250746,1000.8994214347251
10,984.9719605702078,1000.9849719605702
9,931.2307061636093,900.9312307061637
8,922.1852100182481,800.9221852100183
9,984.712699999531,900.9847126999995
7,822.3746455232797,700.8223746455233
8,893.4405166009159,800.8934405166009
