num_vehicles,distance,fitness
6,840.3646523098904,600.8403646523099
6,766.316545865416,600.7663165458654
6,736.4244111842931,600.7364244111843
7,947.0527186981401,700.9470527186982
6,676.7996757425757,600.6767996757426
7,927.7628677555379,700.9277628677555
7,887.3736711606656,700.8873736711606
7,860.1753244237545,700.8601753244237
7,882.3254094938952,700.8823254094939
7,865.383484591186,700.8653834845912
7,812.3459424293937,700.8123459424294
7,1014.829814510549,701.0148298145106
8,1013.022272347853,801.0130222723478
7,928.5229247370772,700.9285229247371
7,953.5304498302986,700.9535304498303
7,926.5133047492793,700.9265133047493
7,923.561410407631,700.9235614104076
7,923.1862707387835,700.9231862707388
7,866.1697801183692,700.8661697801184
7,971.7643866406268,700.9717643866406
