num_vehicles,distance,fitness
4,918.1606608150763,400.9181606608151
5,895.6534131576472,500.8956534131577
4,909.9940605955078,400.9099940605955
5,877.9571360940357,500.87795713609404
6,849.7358035432876,600.8497358035432
5,833.9383310687153,500.83393833106874
5,845.9366428636185,500.8459366428636
7,896.1467035954312,700.8961467035954
7,872.9359779732835,700.8729359779733
7,886.335856685691,700.8863358566857
7,903.4466342242326,700.9034466342242
7,911.7198852861485,700.9117198852862
7,960.0716057227521,700.9600716057228
7,882.5729769970172,700.882572976997
7,947.1242578284188,700.9471242578284
7,882.60453670077,700.8826045367008
8,1001.5998607358607,801.0015998607358
7,844.852247460987,700.844852247461
4,859.466273871094,400.8594662738711
6,915.3826526609284,600.9153826526609
