num_vehicles,distance,fitness
4,1071.3637846072347,401.07136378460723
4,894.4504773159458,400.89445047731596
4,951.3036247531791,400.95130362475317
5,1001.8550461069829,501.001855046107
5,1036.5170395299028,501.0365170395299
6,1068.212084177664,601.0682120841776
4,936.6615627852939,400.9366615627853
5,1059.5744559059901,501.059574455906
6,998.3562080781744,600.9983562080781
6,993.1528753690774,600.9931528753691
7,963.8370720316068,700.9638370720317
6,1015.9137350871409,601.0159137350871
5,936.1791717109078,500.93617917171093
5,994.8507096864182,500.99485070968643
6,925.0609867213868,600.9250609867214
6,926.0319449688096,600.9260319449688
5,919.809447179561,500.91980944717955
6,1020.3536631023222,601.0203536631024
6,929.7441647739982,600.929744164774
6,1001.4752113818491,601.0014752113818
