num_vehicles,distance,fitness
4,937.6570066368039,400.9376570066368
4,951.9121002057495,400.95191210020573
4,983.2268982119277,400.9832268982119
4,896.1500620261216,400.8961500620261
5,1003.7646815225295,501.0037646815225
4,945.3231084069394,400.94532310840697
4,947.5774106404402,400.94757741064046
5,893.8232072143358,500.8938232072143
5,798.9874561676636,500.79898745616765
4,881.4543348619268,400.8814543348619
6,985.0747156062182,600.9850747156062
5,858.1089147307192,500.85810891473074
6,1040.0907767727954,601.0400907767728
5,898.1872795117494,500.8981872795118
4,868.0032917102482,400.86800329171024
4,975.1614995504766,400.9751614995505
4,899.9164473088084,400.8999164473088
5,870.7989246956947,500.8707989246957
5,908.169724053963,500.90816972405395
5,927.2565800198215,500.92725658001984
