num_vehicles,distance,fitness
4,887.2260787198006,400.8872260787198
5,943.9616185856935,500.9439616185857
4,835.9945650645319,400.83599456506454
4,873.8797776223689,400.8738797776224
5,831.9853537006564,500.83198535370065
4,822.5901526471193,400.82259015264714
5,881.0966395846598,500.88109663958465
5,1028.8097881762772,501.02880978817626
5,928.3472433386228,500.92834724333864
5,943.6283373334867,500.9436283373335
5,939.2804341576207,500.93928043415764
6,985.9441842233684,600.9859441842234
5,866.2413679865163,500.8662413679865
5,927.7440654972195,500.9277440654972
6,983.8625715143005,600.9838625715144
6,954.737555834229,600.9547375558342
5,911.452479796782,500.91145247979676
5,816.7680543687459,500.81676805436877
4,908.733471934697,400.9087334719347
5,874.4004460216436,500.87440044602164
