num_vehicles,distance,fitness
4,934.6666440653541,400.9346666440654
4,989.8705896997213,400.9898705896997
4,991.8385796601781,400.99183857966017
4,893.1301926332853,400.8931301926333
4,739.9557136631013,400.7399557136631
4,927.9823418661458,400.92798234186614
4,911.6741635395964,400.9116741635396
5,846.8929782255311,500.8468929782255
5,838.0620690238956,500.8380620690239
5,876.8080137970638,500.8768080137971
4,985.3787241439479,400.98537872414397
4,862.8898611687,400.8628898611687
5,857.7345140051801,500.8577345140052
5,881.4460768663366,500.8814460768663
5,876.9697224582491,500.8769697224582
4,887.5126319011165,400.88751263190113
5,968.6388599456111,500.9686388599456
5,919.4401048711944,500.91944010487117
4,872.525595392319,400.87252559539235
5,833.8116613702525,500.83381166137025
