num_vehicles,distance,fitness
4,990.4776981132496,400.99047769811324
4,1065.9999715682868,401.06599997156826
4,901.138815227237,400.9011388152272
4,996.4109226376521,400.99641092263766
4,998.5517196842005,400.9985517196842
4,1051.0108663459114,401.0510108663459
5,954.6877079586216,500.9546877079586
5,880.2625324083281,500.8802625324083
4,939.2892890918553,400.93928928909185
5,966.7011101016965,500.9667011101017
4,879.0356266249614,400.87903562662495
5,893.679598389875,500.8936795983899
4,950.6524485500399,400.95065244855004
5,896.5129206486265,500.8965129206486
4,975.6012560172069,400.9756012560172
5,1012.9764188447263,501.01297641884474
5,908.1530542162052,500.9081530542162
5,943.0996009878572,500.94309960098786
5,883.0819703947898,500.8830819703948
5,1022.9165358388911,501.0229165358389
