num_vehicles,distance,fitness
4,954.4951724086313,400.95449517240866
4,946.3704602435417,400.94637046024354
4,865.213654750979,400.86521365475096
4,841.8959657956802,400.8418959657957
4,889.1288659950196,400.889128865995
5,896.2337215021682,500.89623372150214
5,928.9339898484095,500.9289339898484
5,851.7647164970015,500.851764716497
5,955.1811005991203,500.95518110059913
5,964.0959146791085,500.9640959146791
5,802.2569691826403,500.8022569691826
4,978.7217996325257,400.9787217996325
5,974.4581063194444,500.97445810631945
5,907.2695221666041,500.9072695221666
4,719.7643041560792,400.71976430415606
5,827.6837736328366,500.8276837736328
5,883.8129152809177,500.88381291528094
6,945.1558591740359,600.9451558591741
4,929.9483766038226,400.9299483766038
5,970.6125282443801,500.9706125282444
