num_vehicles,distance,fitness
4,918.9340678700514,400.91893406787005
4,908.5208311425711,400.9085208311426
4,952.9847024434334,400.9529847024434
4,990.4084647399789,400.99040846473997
4,1032.0284573530926,401.0320284573531
4,922.0833416385253,400.92208334163854
5,904.9420576122243,500.90494205761223
4,982.6640799530567,400.98266407995305
4,939.9321283057861,400.93993212830577
5,923.6703039566481,500.92367030395667
5,950.2254706530098,500.95022547065304
5,943.6409462315127,500.94364094623154
5,982.9503426725337,500.98295034267255
5,937.8887473223951,500.9378887473224
6,973.2235780990604,600.973223578099
5,955.4598036800577,500.95545980368007
5,995.0212267103935,500.9950212267104
4,912.8737363449843,400.912873736345
5,1000.8310523528992,501.0008310523529
5,837.6514194241772,500.83765141942416
