num_vehicles,distance,fitness
4,877.1580260263885,400.8771580260264
4,915.8266511050376,400.915826651105
4,802.2304252215952,400.8022304252216
4,894.2001170575148,400.8942001170575
4,814.628335006709,400.8146283350067
4,893.6639893173628,400.89366398931736
4,761.791463841521,400.7617914638415
4,825.6751577934564,400.82567515779346
4,903.0160178343716,400.9030160178344
4,793.3242100504874,400.7933242100505
4,984.4746095756475,400.98447460957567
4,916.2057424963116,400.9162057424963
4,917.9390173829313,400.91793901738293
4,950.0451670637694,400.95004516706376
4,846.0928976154777,400.8460928976155
4,870.2762318495745,400.8702762318496
4,943.5076874800808,400.94350768748006
5,921.2786719572887,500.9212786719573
4,964.6080404795198,400.9646080404795
4,830.7218473469052,400.8307218473469
