num_vehicles,distance,fitness
7,691.9245200332821,700.6919245200332
8,830.8435595364106,800.8308435595364
8,726.012636694677,800.7260126366947
11,1007.2874446605069,1101.0072874446605
10,936.4701842319178,1000.9364701842319
10,1059.10167462911,1001.0591016746291
8,774.6037858888245,800.7746037858889
8,804.5388214237212,800.8045388214238
11,1068.4194669063781,1101.0684194669063
11,1136.2121716506306,1101.1362121716506
10,926.8034495576628,1000.9268034495576
10,1080.7930654395905,1001.0807930654396
10,1121.0177539593597,1001.1210177539593
9,901.6165783053084,900.9016165783053
9,877.2699754706101,900.8772699754707
12,1129.7478016005152,1201.1297478016006
11,1092.2287764922567,1101.0922287764922
9,995.2380552937016,900.9952380552937
10,1114.2963536444806,1001.1142963536445
10,1032.0467967590562,1001.032046796759
