num_vehicles,distance,fitness
7,792.558481332472,700.7925584813324
7,844.4113606922386,700.8444113606922
8,1032.2774217775695,801.0322774217776
7,873.0360847668971,700.8730360847669
7,931.9726225779945,700.931972622578
7,954.7586621437916,700.9547586621438
7,902.0959285348262,700.9020959285348
8,1032.9305857638356,801.0329305857638
8,1205.953028350894,801.2059530283509
9,1080.2759630585608,901.0802759630585
9,1159.0414572396687,901.1590414572397
8,1019.8470569339402,801.0198470569339
9,1012.3729044524395,901.0123729044525
9,1075.8047246988683,901.0758047246989
11,1312.4571424835997,1101.3124571424837
11,1283.0888616565062,1101.2830888616566
10,1155.0874809538698,1001.1550874809539
10,1196.3370907686099,1001.1963370907686
10,1113.8191130015066,1001.1138191130015
9,988.3050921046768,900.9883050921047
