num_vehicles,distance,fitness
8,759.1670203183024,800.7591670203183
7,796.1257624344173,700.7961257624344
7,747.8255158625833,700.7478255158626
9,1034.184047786529,901.0341840477865
7,862.0046502448865,700.8620046502449
8,873.6848870673489,800.8736848870674
9,1032.9508066760543,901.032950806676
10,1186.572183905951,1001.1865721839059
10,1056.32254959992,1001.0563225495999
10,1083.3781936974788,1001.0833781936975
10,1022.9479035446395,1001.0229479035446
9,1054.933183452866,901.0549331834528
11,1037.1037138679442,1101.037103713868
9,1023.7374407967942,901.0237374407968
9,1003.9780001343363,901.0039780001343
9,1039.984193345287,901.0399841933453
9,1083.7615050318043,901.0837615050318
10,998.5248426038224,1000.9985248426038
10,1187.3717800945299,1001.1873717800945
9,966.5789633497919,900.9665789633498
