num_vehicles,distance,fitness
8,894.5607712993112,800.8945607712993
8,780.7566475002697,800.7807566475003
8,810.7714839162219,800.8107714839163
10,913.9900461582563,1000.9139900461582
10,882.8093472889096,1000.8828093472889
10,962.858316104253,1000.9628583161043
11,954.5338309881206,1100.954533830988
9,845.3229064662149,900.8453229064662
11,947.801229912234,1100.9478012299123
10,1084.130759514219,1001.0841307595142
11,1193.1617884267118,1101.1931617884268
10,1068.5657270052068,1001.0685657270052
10,1047.1298373470106,1001.047129837347
12,1179.5508297750782,1201.179550829775
13,1218.6177324747057,1301.2186177324747
12,1177.280529181025,1201.177280529181
11,985.0814105337184,1100.9850814105337
10,1066.6921948294703,1001.0666921948294
10,971.9937260045981,1000.9719937260046
12,1253.9465770615225,1201.2539465770615
