num_vehicles,distance,fitness
5,1206.7227033268164,501.2067227033268
6,1226.0105353354857,601.2260105353355
5,1010.7653376498158,501.01076533764984
5,1105.6716825938947,501.1056716825939
6,1256.5449454235043,601.2565449454235
6,1177.8365610383137,601.1778365610384
8,1080.0940927730937,801.080094092773
7,1269.889200092749,701.2698892000927
8,1152.5910512574221,801.1525910512574
9,1304.1458232673565,901.3041458232674
7,1275.0914768071875,701.2750914768072
8,1207.710418223435,801.2077104182234
8,1366.8104141445822,801.3668104141445
6,1207.9568040464706,601.2079568040465
7,1329.8818043356728,701.3298818043356
8,1370.1556501684506,801.3701556501685
8,1231.4628530348368,801.2314628530348
6,1056.0708760641712,601.0560708760642
7,1062.7601541960985,701.0627601541961
8,1301.5295829807978,801.3015295829808
