num_vehicles,distance,fitness
5,1098.2107185369055,501.0982107185369
6,1096.3908610075416,601.0963908610075
5,930.9651914217056,500.9309651914217
6,1091.6233142990004,601.091623314299
6,911.1912952485702,600.9111912952486
6,1057.5774594498203,601.0575774594498
6,1095.2301276308604,601.0952301276309
8,1383.4131253414196,801.3834131253415
6,1188.0289506736192,601.1880289506736
6,1077.4439193478493,601.0774439193478
7,1265.5807316337614,701.2655807316338
7,1145.939112877311,701.1459391128773
7,1458.4995037281346,701.4584995037281
7,1231.083045784701,701.2310830457847
6,978.2282266035409,600.9782282266035
5,1227.5220083515794,501.22752200835157
7,1052.1529306648608,701.0521529306649
5,1170.6145452498147,501.1706145452498
6,1194.3852267663735,601.1943852267664
6,1104.2740901637778,601.1042740901638
