num_vehicles,distance,fitness
5,1306.6275740598305,501.3066275740598
4,872.4978843841906,400.8724978843842
5,995.3476989889431,500.99534769898895
5,1132.8560542957903,501.1328560542958
5,940.9090219743877,500.9409090219744
5,1014.0216021687764,501.0140216021688
5,1326.3325021739613,501.32633250217395
4,1051.7225971151356,401.05172259711514
5,1074.2528416065147,501.0742528416065
5,1131.9991533983277,501.13199915339834
5,1043.090060766422,501.0430900607664
5,1116.8275711516944,501.1168275711517
5,1220.625417030499,501.2206254170305
5,1188.0341208382333,501.1880341208382
5,1432.1164119464838,501.4321164119465
5,1074.1877619612899,501.0741877619613
5,1288.339721160805,501.2883397211608
4,925.7138935603612,400.9257138935604
5,1039.679139840318,501.0396791398403
5,1201.1382980544608,501.20113829805445
