num_vehicles,distance,fitness
5,1156.9680017061987,501.1569680017062
5,1046.175339339164,501.0461753393392
5,1167.1650156846533,501.16716501568465
5,1011.6726925233419,501.01167269252335
5,928.9273533040966,500.9289273533041
5,945.527801180601,500.9455278011806
5,1101.6202515415862,501.1016202515416
5,1285.6846412088016,501.2856846412088
5,1031.018406208263,501.03101840620826
5,1261.0782805899244,501.2610782805899
5,1188.0010899842073,501.1880010899842
5,927.1025731846509,500.92710257318464
5,1251.869116755204,501.2518691167552
5,1128.407597418431,501.12840759741846
5,1288.3353266322038,501.2883353266322
5,1084.5140460857858,501.08451404608576
5,1242.5319894169074,501.24253198941693
5,1245.9752887276409,501.24597528872766
5,1077.1561585850973,501.07715615858507
5,1109.314706987783,501.1093147069878
