num_vehicles,distance,fitness
7,537.3913739362137,700.5373913739362
8,506.7379130578285,800.5067379130578
8,534.4972073157002,800.5344972073157
10,733.7444594708008,1000.7337444594708
10,684.8360322688503,1000.6848360322689
12,861.8763955104986,1200.8618763955105
11,728.9432245483513,1100.7289432245484
9,656.0500204671451,900.6560500204671
9,685.9363078048007,900.6859363078048
11,760.1346048940987,1100.7601346048941
11,754.543814038436,1100.7545438140385
11,746.8532516259612,1100.746853251626
11,667.4656193586602,1100.6674656193586
10,708.519144698298,1000.7085191446982
11,753.5343853791414,1100.7535343853792
9,645.1036643865991,900.6451036643866
12,720.4735535001389,1200.7204735535001
9,660.1694250814255,900.6601694250814
12,793.9292634951373,1200.793929263495
12,738.2444949556342,1200.7382444949556
