num_vehicles,distance,fitness
7,495.26436520284466,700.4952643652028
7,570.4438761015275,700.5704438761015
7,589.411347893747,700.5894113478937
7,543.2838692214017,700.5432838692215
6,572.3564376693074,600.5723564376693
7,588.6445799646621,700.5886445799647
7,536.6235971844374,700.5366235971844
7,608.9507729684188,700.6089507729685
6,699.4571635775293,600.6994571635776
7,692.0051662366179,700.6920051662366
7,599.3284418550859,700.599328441855
7,658.5787333946987,700.6585787333947
8,650.6318889650724,800.6506318889651
8,639.0825861696306,800.6390825861696
8,697.9142084866255,800.6979142084866
7,600.2743310565484,700.6002743310565
9,735.1063002971441,900.7351063002972
8,675.28564015654,800.6752856401565
7,624.2221352585028,700.6242221352585
7,676.8972984426937,700.6768972984427
