num_vehicles,distance,fitness
7,658.8124637298049,700.6588124637298
8,646.8429260820159,800.6468429260821
8,611.8871220431342,800.6118871220432
7,629.0605945708688,700.6290605945709
8,651.5299671136775,800.6515299671137
8,572.1272890524375,800.5721272890524
9,724.8553633222905,900.7248553633223
11,735.7179819908204,1100.7357179819908
8,670.5925553448683,800.6705925553449
10,748.5407009134176,1000.7485407009134
10,725.0502491471087,1000.7250502491471
8,684.1884541580389,800.6841884541581
8,693.3862137068611,800.6933862137068
9,705.0700459019531,900.705070045902
9,692.0140914422079,900.6920140914422
10,707.7272808729551,1000.707727280873
8,678.9566293799081,800.6789566293799
10,619.730103979703,1000.6197301039797
10,642.6355672802229,1000.6426355672802
11,751.8605805502496,1100.7518605805503
