num_vehicles,distance,fitness
7,664.5333586844342,700.6645333586845
6,520.3063515754238,600.5203063515754
8,634.6373168697602,800.6346373168698
7,596.8468895859567,700.596846889586
8,660.7622144318824,800.6607622144319
8,685.171269204473,800.6851712692045
8,625.3110887303125,800.6253110887303
8,616.9331350314164,800.6169331350314
8,712.8243483030074,800.712824348303
7,670.379742784961,700.6703797427849
8,594.9421347073221,800.5949421347074
7,604.23268968852,700.6042326896885
7,650.4518343946849,700.6504518343946
8,683.4522690384281,800.6834522690384
8,638.2710817052455,800.6382710817053
7,702.8344628635767,700.7028344628636
7,670.5260847337474,700.6705260847338
8,698.139614786639,800.6981396147867
7,645.9197565816451,700.6459197565816
7,539.0823632834516,700.5390823632835
