num_vehicles,distance,fitness
5,457.2023704760672,500.45720237047607
6,505.17209293438964,600.5051720929343
7,627.6103063995594,700.6276103063996
7,607.9276943850672,700.607927694385
5,495.36594660358355,500.49536594660356
5,459.71331431962915,500.45971331431963
9,743.1524251413031,900.7431524251413
9,789.6207694765836,900.7896207694765
10,742.8312481608536,1000.7428312481609
9,778.8158393781846,900.7788158393782
8,682.5810019958258,800.6825810019958
8,730.7446610116152,800.7307446610116
7,681.501981981014,700.681501981981
9,756.6858194237609,900.7566858194238
7,611.1189237048771,700.6111189237049
7,710.071112797253,700.7100711127972
6,651.3760521356512,600.6513760521357
9,739.5911856063743,900.7395911856064
9,719.4756596034956,900.7194756596035
8,646.6611200385347,800.6466611200385
