num_vehicles,distance,fitness
5,512.8102709016586,500.51281027090164
5,524.8817742859115,500.5248817742859
5,601.1463442498324,500.60114634424986
4,491.3429158299873,400.49134291583
5,554.5999559178952,500.5545999559179
5,584.7372271422939,500.5847372271423
5,596.6666513165032,500.5966666513165
7,665.4481014127635,700.6654481014127
8,771.2812191757369,800.7712812191758
8,783.0991973300734,800.7830991973301
8,781.0368816479022,800.7810368816479
8,764.5024362723179,800.7645024362723
8,801.779776819395,800.8017797768194
6,645.6267426502588,600.6456267426503
7,740.6385893495475,700.7406385893496
7,692.58223256877,700.6925822325687
7,701.88226776187,700.7018822677619
9,852.0882425703885,900.8520882425704
8,735.0283218556798,800.7350283218557
6,631.2119455520017,600.631211945552
