num_vehicles,distance,fitness
5,555.9485643976219,500.5559485643976
5,591.2778738313558,500.59127787383136
5,525.9459525806524,500.5259459525806
5,606.4569454673058,500.6064569454673
5,528.9356979681016,500.5289356979681
5,592.3622088324851,500.59236220883247
5,631.2558632926764,500.63125586329267
6,797.5906327608143,600.7975906327608
7,754.211875183187,700.7542118751832
6,775.279627936354,600.7752796279364
8,756.0104036498789,800.7560104036498
6,695.1682828106618,600.6951682828106
6,688.88218823958,600.6888821882396
7,811.4041223988756,700.8114041223989
7,760.277352464364,700.7602773524644
6,738.4359016117154,600.7384359016118
6,789.4951344096943,600.7894951344097
7,783.7309571974058,700.7837309571973
5,709.4196213284382,500.70941962132844
5,635.6649374096328,500.6356649374096
