num_vehicles,distance,fitness
5,534.3361221591722,500.5343361221592
5,572.6769933259241,500.5726769933259
5,557.6353949698987,500.5576353949699
5,653.9236899721333,500.65392368997215
5,593.5056243376133,500.59350562433764
5,563.5382966941359,500.56353829669416
5,750.5137646743444,500.75051376467434
5,718.2537549185299,500.7182537549185
5,706.0649701502996,500.7060649701503
5,584.4608782131054,500.5844608782131
6,807.351375442043,600.8073513754421
7,751.0615111870802,700.7510615111871
5,741.8339325696318,500.74183393256965
5,796.2590928332178,500.7962590928332
7,688.234938779493,700.6882349387795
5,760.9942165403578,500.7609942165404
7,756.4158018205538,700.7564158018206
6,772.8125279268429,600.7728125279268
5,783.657143962813,500.78365714396284
5,781.1453847470682,500.78114538474705
