num_vehicles,distance,fitness
5,518.2594252824524,500.51825942528245
6,496.1775905485192,600.4961775905485
5,500.10640309139444,500.5001064030914
6,472.4787837417209,600.4724787837417
6,498.74104030808314,600.4987410403081
6,481.7075780030806,600.4817075780031
6,565.6074447406717,600.5656074447406
5,548.8072769801015,500.5488072769801
7,633.5801491848572,700.6335801491848
6,623.8420367004583,600.6238420367005
6,654.8637632292415,600.6548637632293
6,591.0889833195712,600.5910889833195
7,568.3948257895249,700.5683948257895
6,616.7690195258117,600.6167690195258
6,617.6138710019839,600.6176138710019
6,648.1173365416583,600.6481173365416
6,621.0182555581799,600.6210182555582
6,560.4919627710876,600.560491962771
7,663.735375188281,700.6637353751883
7,644.3529163920263,700.644352916392
