num_vehicles,distance,fitness
5,466.50342106065915,500.4665034210607
6,493.10548973557155,600.4931054897356
5,421.295329575163,500.4212953295752
6,488.06874471213655,600.4880687447121
6,471.1958891020465,600.4711958891021
5,557.8345087034379,500.5578345087034
7,620.8713671602062,700.6208713671602
6,538.5017123338839,600.5385017123339
7,684.2052138327425,700.6842052138328
5,646.2355389395145,500.6462355389395
6,686.3439388492851,600.6863439388493
6,661.5206484340282,600.661520648434
6,596.8450632453931,600.5968450632454
6,638.3907849118197,600.6383907849118
6,778.0767160203789,600.7780767160203
6,626.6540660731473,600.6266540660731
5,596.349915710826,500.59634991571085
6,556.5164626516423,600.5565164626516
6,531.9677969103361,600.5319677969103
6,597.2281395595545,600.5972281395595
