num_vehicles,distance,fitness
5,492.8496652239143,500.4928496652239
5,484.50166702131344,500.48450166702133
5,503.8340725245257,500.5038340725245
5,497.3804649665889,500.49738046496657
5,480.608368690477,500.48060836869047
5,515.3459298775975,500.5153459298776
5,567.3299978206817,500.5673299978207
6,595.6842202282106,600.5956842202282
5,520.67375746644,500.52067375746645
6,547.9072927992418,600.5479072927992
5,705.7879144412778,500.70578791444126
5,565.6617057377283,500.56566170573774
6,693.1186032882309,600.6931186032882
5,590.908424328341,500.59090842432835
5,487.4706546187333,500.48747065461873
5,629.820243643496,500.6298202436435
6,583.9074826859935,600.583907482686
6,644.5484918579899,600.644548491858
6,725.4894718826824,600.7254894718827
5,623.5045612520646,500.62350456125205
