num_vehicles,distance,fitness
8,800.9792222618502,800.8009792222618
12,818.8290618502667,1200.8188290618502
13,855.5857146210028,1300.855585714621
12,920.4270739274907,1200.9204270739274
16,1012.3543585718293,1601.0123543585719
14,975.8434934591681,1400.9758434934593
14,964.7673310260601,1400.964767331026
17,1109.3936472438154,1701.109393647244
14,1017.9753737607545,1401.0179753737607
14,972.8419424168677,1400.9728419424168
14,915.6811122210827,1400.9156811122211
16,1055.7119995404823,1601.0557119995406
13,883.7465469684929,1300.8837465469685
13,1030.298376722619,1301.0302983767226
16,1091.0336649581839,1601.091033664958
15,996.4868594693777,1500.9964868594693
15,1108.9743264927574,1501.1089743264927
13,950.1715258577931,1300.9501715258577
12,889.8923334531448,1200.8898923334532
13,950.8280493321358,1300.9508280493321
