num_vehicles,distance,fitness
7,743.2970155147732,700.7432970155148
7,776.0805531091412,700.7760805531092
6,773.1738418631915,600.7731738418632
7,796.9758247344795,700.7969758247344
8,713.3348594218475,800.7133348594218
11,1018.236489590829,1101.018236489591
10,916.6208191878587,1000.9166208191879
9,930.6530034332366,900.9306530034332
12,965.2372419674945,1200.9652372419675
9,923.1404352451136,900.9231404352452
10,964.0396008535148,1000.9640396008535
9,888.7006277213312,900.8887006277213
10,861.9114969882227,1000.8619114969882
9,895.7888042036486,900.8957888042037
10,932.1471034637739,1000.9321471034638
9,970.971394662487,900.9709713946625
9,953.2900768994346,900.9532900768994
8,871.121179016834,800.8711211790169
10,992.0680964603799,1000.9920680964603
11,948.3614665413368,1100.9483614665414
