num_vehicles,distance,fitness
7,847.9959707224298,700.8479959707224
6,897.5471619814326,600.8975471619814
6,827.3251901019814,600.827325190102
7,786.7130691764098,700.7867130691764
6,625.9724156262298,600.6259724156263
6,812.7997154614357,600.8127997154614
6,773.3292464104428,600.7733292464104
6,837.602397803085,600.837602397803
9,958.9334055293604,900.9589334055294
8,996.3976532943667,800.9963976532944
8,907.0936087009898,800.907093608701
7,915.4745901304505,700.9154745901304
9,1007.7431155396984,901.0077431155397
7,958.6511703162191,700.9586511703162
7,915.0566288669809,700.915056628867
9,927.7213751140749,900.9277213751141
10,1019.8938888133372,1001.0198938888134
10,942.6907980080982,1000.9426907980081
8,922.7228505392685,800.9227228505392
8,869.2793010113617,800.8692793010114
