num_vehicles,distance,fitness
7,864.4833286468569,700.8644833286469
10,860.196097787818,1000.8601960977878
11,929.40922743272,1100.9294092274326
12,934.9009652629608,1200.934900965263
7,741.0338533835959,700.7410338533836
8,751.2330898935414,800.7512330898935
10,867.634248440451,1000.8676342484405
8,716.6209787209798,800.7166209787209
11,944.5373868136168,1100.9445373868136
12,874.3352752832824,1200.8743352752833
13,953.3715187285403,1300.9533715187285
12,960.5820976244268,1200.9605820976244
10,879.5466107046182,1000.8795466107047
9,898.6457914667752,900.8986457914667
12,1045.0456712567852,1201.0450456712567
9,814.0754371220623,900.814075437122
11,900.6132421875814,1100.9006132421875
11,920.2227805422334,1100.9202227805422
10,965.2635433703654,1000.9652635433704
17,1066.099209402388,1701.0660992094024
