num_vehicles,distance,fitness
7,818.2437983267619,700.8182437983268
6,737.0516750578641,600.7370516750578
6,833.1556357803279,600.8331556357804
6,855.3857170418742,600.8553857170418
7,923.0668448035397,700.9230668448035
7,826.531664404969,700.826531664405
7,814.4245648105694,700.8144245648106
8,838.8600659237434,800.8388600659238
12,1026.114983108848,1201.0261149831088
11,1048.5152896838567,1101.0485152896838
9,897.6243988983472,900.8976243988983
8,946.6438447855605,800.9466438447855
8,851.8360244768398,800.8518360244768
10,920.4575338497897,1000.9204575338498
9,869.754233266957,900.8697542332669
9,970.6013172471187,900.9706013172471
8,863.1468341180793,800.8631468341181
9,857.8218887941193,900.8578218887941
10,962.9959511093003,1000.9629959511093
9,885.1215890647666,900.8851215890647
