num_vehicles,distance,fitness
6,849.5290070488132,600.8495290070488
7,749.3312775545445,700.7493312775546
8,855.6353813398216,800.8556353813398
9,833.2250065186572,900.8332250065187
8,780.4534443558267,800.7804534443558
9,818.8048756355669,900.8188048756356
9,886.2382696408592,900.8862382696409
10,955.4355675702384,1000.9554355675702
9,929.1117109447703,900.9291117109448
11,985.9252939009352,1100.985925293901
9,876.8369874812629,900.8768369874813
11,887.4944974424668,1100.8874944974425
9,969.6659262781853,900.9696659262781
9,1043.4906073416687,901.0434906073417
10,957.6829868859583,1000.957682986886
9,851.1344924061432,900.8511344924061
9,894.7195733997778,900.8947195733998
11,1012.5136006519272,1101.012513600652
9,933.5635072338422,900.9335635072339
10,986.9991807033783,1000.9869991807034
