num_vehicles,distance,fitness
4,918.1606608150763,400.9181606608151
5,837.0893676157979,500.8370893676158
5,859.7729181781856,500.8597729181782
5,913.1464759544565,500.9131464759545
5,852.135303631066,500.8521353036311
6,820.5968710146475,600.8205968710147
5,861.1498215067883,500.8611498215068
7,933.1066433589552,700.933106643359
7,914.4989093509906,700.914498909351
6,1011.6633565497549,601.0116633565498
8,989.5132516764043,800.9895132516764
7,836.8457421834023,700.8368457421834
7,986.9726224126148,700.9869726224126
8,977.9204897326604,800.9779204897327
6,871.0505805659541,600.8710505805659
7,994.6314239318375,700.9946314239319
8,872.0674973848384,800.8720674973848
7,947.73796719631,700.9477379671963
6,976.9681696755522,600.9769681696755
8,885.8485507595835,800.8858485507595
