num_vehicles,distance,fitness
4,848.564939599413,400.84856493959944
4,945.6498599421471,400.94564985994214
5,871.1578991654552,500.87115789916544
4,791.1782748210167,400.791178274821
4,960.1857924844685,400.9601857924845
4,980.0695906544621,400.98006959065447
5,872.8614266270359,500.872861426627
5,896.0461300583079,500.8960461300583
7,985.8478556421496,700.9858478556422
8,1018.8869135442695,801.0188869135443
7,895.7266602412523,700.8957266602413
7,967.8476328609424,700.967847632861
6,966.222850133773,600.9662228501338
5,928.0189595958614,500.9280189595959
7,935.4097998116492,700.9354097998116
6,969.6051336351463,600.9696051336351
6,890.1259662986745,600.8901259662987
5,815.1680473444518,500.81516804734446
6,963.2267807017485,600.9632267807018
7,1050.6783010793263,701.0506783010793
