num_vehicles,distance,fitness
4,1071.3637846072347,401.07136378460723
5,936.5839057634353,500.9365839057634
4,1016.3409657721381,401.01634096577214
5,990.6306757703225,500.9906306757703
4,935.7229058244711,400.9357229058245
4,1043.7227602696917,401.0437227602697
5,949.7407467384343,500.9497407467384
6,938.152444441218,600.9381524444412
5,972.0725257447732,500.97207252574475
6,991.3840752247521,600.9913840752248
5,951.2280733782661,500.9512280733783
6,939.3141689995912,600.9393141689995
6,940.1357241710426,600.940135724171
5,923.027207894199,500.9230272078942
5,896.1307325763389,500.89613073257635
5,990.9733097856512,500.99097330978566
6,1011.2934885050818,601.0112934885051
5,885.7368006967382,500.88573680069675
7,1057.9235829807114,701.0579235829807
5,904.9131039305638,500.90491310393054
