num_vehicles,distance,fitness
4,937.6570066368039,400.9376570066368
4,1006.3465580791269,401.00634655807914
4,920.4559576476302,400.9204559576476
4,1021.4700268031627,401.0214700268032
4,989.6713604167735,400.98967136041676
4,914.1552255728008,400.9141552255728
4,1041.092918008267,401.04109291800825
5,962.4125428279593,500.96241254282796
4,912.2475361063935,400.9122475361064
6,897.5838510748506,600.8975838510748
5,975.6008684761698,500.9756008684762
4,904.4101769725056,400.90441017697253
5,1045.1727523443722,501.0451727523444
5,974.36031554291,500.9743603155429
6,975.1748530138847,600.9751748530139
5,961.5556410142419,500.96155564101423
5,919.6873329796848,500.91968733297966
4,920.6961646145871,400.9206961646146
5,1017.059956638245,501.01705995663826
5,980.0373895114034,500.9800373895114
