num_vehicles,distance,fitness
4,887.2260787198006,400.8872260787198
5,907.5912218758887,500.90759122187586
4,842.3427402639932,400.842342740264
5,918.4346214131753,500.91843462141316
4,853.7069992816129,400.8537069992816
4,915.8195019250907,400.9158195019251
5,966.6611916289618,500.966661191629
5,887.7724531710453,500.88777245317107
5,928.8135557994194,500.9288135557994
5,820.9885069973202,500.8209885069973
4,945.1579261739026,400.9451579261739
5,915.429516457874,500.9154295164579
5,838.2452174408834,500.8382452174409
5,798.9683585182064,500.7989683585182
5,995.4340737467345,500.9954340737467
6,941.6388308045274,600.9416388308045
5,857.9439804986423,500.85794398049865
5,851.9185518445304,500.8519185518445
5,831.114131598606,500.8311141315986
5,836.1969845413599,500.83619698454135
