num_vehicles,distance,fitness
4,1099.2379083158141,401.0992379083158
4,1069.4794772179864,401.069479477218
4,1090.5657851701894,401.0905657851702
4,1028.3121669861619,401.02831216698615
4,1072.7841498253817,401.0727841498254
4,1023.5868909087361,401.02358689090875
4,961.4687215742825,400.9614687215743
4,1077.6510932588074,401.0776510932588
4,905.2396961320707,400.90523969613207
5,1004.4475145157414,501.00444751451573
4,979.9384553800887,400.9799384553801
4,1038.02036718386,401.03802036718383
5,965.0533669167714,500.9650533669168
5,976.5617648446752,500.9765617648447
5,893.0914286891277,500.8930914286891
5,968.2172756525385,500.96821727565253
4,829.1590417156319,400.8291590417156
5,983.1008262124284,500.9831008262124
5,1004.6332693579543,501.00463326935795
5,957.0961850192123,500.9570961850192
