num_vehicles,distance,fitness
4,918.9340678700514,400.91893406787005
4,910.430149044345,400.9104301490444
4,823.0022092743982,400.8230022092744
5,1016.9023670230432,501.016902367023
4,858.7276825068607,400.85872768250687
4,836.8324189928521,400.83683241899286
5,939.179409292967,500.939179409293
7,855.6061163107097,700.8556061163107
5,913.7925891522799,500.9137925891523
6,963.5999749355818,600.9635999749356
5,971.6420405896623,500.97164204058964
7,1040.5319113230275,701.040531911323
5,1002.8326648209534,501.00283266482097
5,991.4546179272847,500.9914546179273
6,796.2160381110399,600.7962160381111
6,950.5600602901795,600.9505600602902
5,919.5688420724252,500.9195688420724
5,1007.1616867392374,501.0071616867392
5,1016.1595923473526,501.0161595923474
5,972.2143105599837,500.97221431056
