num_vehicles,distance,fitness
4,877.1580260263885,400.8771580260264
4,955.156190602064,400.95515619060205
4,943.3224931236642,400.9433224931237
4,798.3622637635892,400.7983622637636
4,925.3781565245347,400.9253781565245
4,894.1501340550735,400.89415013405505
4,909.5475931620412,400.909547593162
4,914.4622921593224,400.9144622921593
4,964.271937938276,400.9642719379383
4,918.839453534729,400.9188394535347
4,885.6970195556042,400.8856970195556
4,811.4181291334698,400.8114181291335
4,882.6735411402884,400.88267354114026
4,1015.6859347639468,401.01568593476395
4,898.3023182147849,400.8983023182148
4,798.0556485032448,400.79805564850324
4,877.0174706283278,400.87701747062835
4,945.5228134362721,400.9455228134363
4,894.2832930102767,400.8942832930103
4,877.1692444553482,400.87716924445533
