num_vehicles,distance,fitness
8,962.0780328369437,800.962078032837
9,936.473268771392,900.9364732687714
7,868.9139850627191,700.8689139850627
8,854.5938486383632,800.8545938486384
8,909.7787892475413,800.9097787892475
8,832.6140973127115,800.8326140973127
9,835.4537923102532,900.8354537923102
9,981.8202128830626,900.981820212883
10,1034.9675046076977,1001.0349675046077
10,1139.8112005328917,1001.1398112005329
8,947.3575039037563,800.9473575039037
11,1364.6358231533848,1101.3646358231533
9,1023.7388787425,901.0237388787425
11,1266.1551176289458,1101.2661551176288
9,944.2763101478298,900.9442763101479
10,988.7110725098865,1000.9887110725099
9,973.5965891202102,900.9735965891202
9,1020.6750938308804,901.0206750938308
10,1066.3630296948543,1001.0663630296948
10,1147.4808297391953,1001.1474808297392
