num_vehicles,distance,fitness
7,979.4404534601562,700.9794404534601
7,859.3718596422431,700.8593718596422
7,946.0864614845797,700.9460864614846
7,944.8294317532077,700.9448294317532
7,954.9497383230959,700.9549497383231
8,974.5664374000029,800.9745664374
7,988.5347779717628,700.9885347779717
7,884.8440093315131,700.8848440093315
8,1186.3511521713708,801.1863511521714
8,1063.7570850883817,801.0637570850884
8,1153.7530257945855,801.1537530257946
8,1113.0053607680757,801.113005360768
8,1014.7563891480182,801.014756389148
8,1125.9362281003891,801.1259362281004
7,908.773973330414,700.9087739733304
7,847.5417099030185,700.847541709903
9,1209.8967136678957,901.209896713668
8,1183.321662994953,801.1833216629949
8,1145.3368741063407,801.1453368741063
7,906.9012415384775,700.9069012415384
