num_vehicles,distance,fitness
8,759.1670203183024,800.7591670203183
9,949.3538500599487,900.94935385006
8,833.2569713744724,800.8332569713745
8,865.2267233203924,800.8652267233203
8,884.1563109296353,800.8841563109296
7,888.9870833126747,700.8889870833127
9,980.5726099320887,900.9805726099321
10,1133.7542433863339,1001.1337542433863
10,1067.7246796464146,1001.0677246796464
10,999.4704412302164,1000.9994704412302
9,1096.2245644758336,901.0962245644758
10,1075.9840793173512,1001.0759840793173
9,1106.6004845671002,901.1066004845671
10,1323.9823711326037,1001.3239823711326
11,1085.8839450164373,1101.0858839450163
10,1234.9139433850105,1001.234913943385
11,1103.6587127175978,1101.1036587127176
9,971.1896115188647,900.9711896115189
9,1023.6908745370946,901.0236908745371
10,1112.7191228939275,1001.112719122894
