num_vehicles,distance,fitness
8,894.5607712993112,800.8945607712993
11,1038.239128845913,1101.0382391288458
10,915.2245566487107,1000.9152245566487
9,827.8174554332321,900.8278174554332
11,1009.3665005471402,1101.0093665005472
11,1096.8888123386118,1101.0968888123386
11,1129.2873131059712,1101.129287313106
11,1165.9588976698776,1101.16595889767
10,1087.9642626307743,1001.0879642626307
11,980.3309993827243,1100.9803309993827
10,1034.1408010961804,1001.0341408010962
11,1111.884466285726,1101.1118844662858
12,1126.7655738546232,1201.1267655738545
11,1110.5173390422124,1101.1105173390422
12,1248.720619642773,1201.2487206196429
12,1226.5313941718457,1201.2265313941718
10,1009.435812990376,1001.0094358129904
11,967.3001156164258,1100.9673001156164
11,1151.952138853882,1101.1519521388539
10,992.711531184751,1000.9927115311848
