num_vehicles,distance,fitness
8,1070.571296979287,801.0705712969793
7,1058.9017358596213,701.0589017358596
7,1076.0556694590864,701.076055669459
7,869.1579098428587,700.8691579098429
7,1115.8199215150075,701.115819921515
7,973.3053063652659,700.9733053063653
8,1104.4215067044474,801.1044215067044
7,984.2960049289017,700.9842960049289
7,1051.5773325563384,701.0515773325563
9,1285.4013677935116,901.2854013677935
8,1080.169396903486,801.0801693969034
9,1259.0090543042443,901.2590090543042
8,1107.5040710993098,801.1075040710994
8,1131.9182282756913,801.1319182282757
8,1156.5568725474634,801.1565568725474
8,1135.084547438345,801.1350845474384
9,1091.54067400713,901.0915406740071
8,1046.0717182094124,801.0460717182094
8,1026.0151151271298,801.0260151151272
8,1041.4549527786248,801.0414549527786
