num_vehicles,distance,fitness
7,792.558481332472,700.7925584813324
7,897.6305994064388,700.8976305994064
7,991.9285467510286,700.9919285467511
7,814.34535676688,700.8143453567669
7,982.1694132098212,700.9821694132098
7,926.7314932387263,700.9267314932388
10,1159.1402186703885,1001.1591402186704
9,1010.3534513083521,901.0103534513083
9,1232.7862939008241,901.2327862939009
9,1232.477203980672,901.2324772039807
8,1009.5187773244268,801.0095187773244
9,1034.4513842408076,901.0344513842408
9,1070.770847194112,901.0707708471941
10,1207.6521056044717,1001.2076521056044
9,1038.3499756677622,901.0383499756678
8,1066.0883768830906,801.066088376883
10,1254.8769558555243,1001.2548769558555
9,1209.5491697793016,901.2095491697793
8,1189.938290638621,801.1899382906386
9,1070.505566054552,901.0705055660545
