num_vehicles,distance,fitness
7,691.9245200332821,700.6919245200332
8,791.5481699244011,800.7915481699245
8,827.6157918887991,800.8276157918888
9,803.8008489292071,900.8038008489292
9,800.9486350744954,900.8009486350745
10,1089.1199732190016,1001.089119973219
10,1152.366893006203,1001.1523668930062
9,1000.498208822027,901.000498208822
9,1050.4649580756184,901.0504649580756
12,1315.425976954669,1201.3154259769547
9,930.6412368306767,900.9306412368306
12,1116.7598635971394,1201.116759863597
11,1080.9431397121277,1101.0809431397122
9,1118.7825491804724,901.1187825491804
11,1243.9615363291434,1101.2439615363292
11,963.5609258247001,1100.9635609258246
10,1116.5390364752097,1001.1165390364752
10,986.3397320222497,1000.9863397320222
11,1128.1685987502365,1101.1281685987503
9,993.1826096646844,900.9931826096647
