num_vehicles,distance,fitness
7,791.5872570391791,700.7915872570392
7,772.3912040830055,700.772391204083
7,791.6045468805833,700.7916045468805
8,830.5397939847087,800.8305397939847
8,858.6034848467197,800.8586034848468
8,1264.2765723976283,801.2642765723976
9,1091.3258273961258,901.0913258273961
8,997.1542895692078,800.9971542895692
9,1139.3671625661677,901.1393671625661
9,1196.367466806471,901.1963674668065
9,1119.549610678643,901.1195496106786
8,1092.914537818231,801.0929145378183
9,1178.8235490454827,901.1788235490454
9,988.3496793502636,900.9883496793502
9,1210.005427859035,901.2100054278591
9,1199.714013329701,901.1997140133298
9,1151.4343189343233,901.1514343189343
9,1345.8841287225196,901.3458841287226
9,1095.1560791226484,901.0951560791226
8,1023.1649230778991,801.0231649230778
