num_vehicles,distance,fitness
5,1310.0844333327757,501.3100844333328
5,1187.0440950686097,501.1870440950686
4,1121.203105063763,401.1212031050638
5,1235.185277505372,501.23518527750537
5,1227.925630613356,501.22792563061336
5,1189.7111739528214,501.18971117395284
5,1114.1959335527406,501.11419593355276
5,1229.6504777326268,501.2296504777326
6,1260.93586090771,601.2609358609077
5,1050.186354771657,501.05018635477165
5,1120.9541329815124,501.1209541329815
5,996.823092710171,500.99682309271014
5,1084.1843359383788,501.0841843359384
5,1322.372165805099,501.3223721658051
6,1210.4481156953998,601.2104481156954
6,1197.3313071052044,601.1973313071052
6,1121.0002406504373,601.1210002406505
5,1210.4251922343485,501.21042519223437
5,1204.7563347052642,501.2047563347053
5,1185.0498564756176,501.18504985647564
