num_vehicles,distance,fitness
5,1206.7227033268164,501.2067227033268
5,1159.9707953368302,501.15997079533685
7,1200.3919360324776,701.2003919360325
5,1067.1397313110265,501.06713973131104
5,1126.8113017268297,501.12681130172683
5,1181.2283855269734,501.181228385527
5,1230.9545454152276,501.2309545454152
7,1339.5288097078928,701.3395288097079
6,1176.5422782447033,601.1765422782447
6,984.1845161817897,600.9841845161818
8,1018.617214518712,801.0186172145187
9,1325.324867434772,901.3253248674348
7,1393.450971169996,701.39345097117
7,1047.8828634023332,701.0478828634024
7,1234.3168234552195,701.2343168234552
6,1158.1384768361418,601.1581384768361
7,1324.8486921937263,701.3248486921938
8,1206.1933961672519,801.2061933961672
6,1183.4001690631371,601.1834001690631
6,1126.5399327832117,601.1265399327832
