num_vehicles,distance,fitness
5,1098.2107185369055,501.0982107185369
6,1229.4842965627095,601.2294842965628
5,786.5382144961329,500.78653821449615
7,1247.8977343198042,701.2478977343198
5,1059.8080230402074,501.0598080230402
5,948.8526229805154,500.9488526229805
5,954.8055662125558,500.95480556621254
5,1109.3471914434806,501.1093471914435
5,974.2333817259288,500.9742333817259
5,1045.7006619114904,501.0457006619115
7,1216.9352715448422,701.2169352715448
7,1076.0092220060446,701.0760092220061
6,1132.7447304333655,601.1327447304334
6,1130.3808489634898,601.1303808489635
7,1081.2821486807575,701.0812821486808
6,1174.720174714678,601.1747201747147
6,1028.2886016667778,601.0282886016668
7,1305.4555914348318,701.3054555914348
8,1094.7395320799128,801.0947395320799
6,1099.6696801556957,601.0996696801557
