num_vehicles,distance,fitness
5,1156.9680017061987,501.1569680017062
5,865.2589610733319,500.8652589610733
5,881.7695153067583,500.88176951530676
5,1191.6361419493603,501.19163614194935
5,1019.0614310566085,501.0190614310566
5,889.68726361953,500.8896872636195
5,891.2154955669466,500.89121549556694
4,917.1026967970965,400.9171026967971
5,1082.6144459812188,501.0826144459812
5,1240.1169937240543,501.24011699372403
5,1216.749029349632,501.2167490293496
6,1238.8829178971928,601.2388829178972
5,1281.693309765162,501.28169330976516
5,986.3826775509007,500.9863826775509
5,1190.2445089441533,501.19024450894415
5,1156.060289587309,501.1560602895873
6,1295.9373053367608,601.2959373053368
5,1314.3008349933689,501.3143008349934
5,1192.6802304662008,501.1926802304662
5,1142.9680751748595,501.14296807517485
