num_vehicles,distance,fitness
5,1088.2573579320474,501.08825735793204
5,1044.9601935724677,501.0449601935725
4,1038.830992826072,401.0388309928261
4,995.7778008350269,400.995777800835
5,1208.7737193129512,501.20877371931294
4,1027.3118549071123,401.0273118549071
5,1454.4918693941063,501.45449186939413
5,1272.2842102031618,501.27228421020317
6,1071.7730248421633,601.0717730248422
6,1327.5026601662425,601.3275026601663
6,1258.209248628513,601.2582092486285
5,1187.4366618657873,501.1874366618658
5,1013.0014736313767,501.0130014736314
5,1295.4080179375965,501.2954080179376
5,1084.7465223034217,501.0847465223034
5,1147.128735470824,501.1471287354708
6,1090.27208292064,601.0902720829206
5,1290.2980496406885,501.2902980496407
7,1233.8503722849707,701.233850372285
6,1160.7325814907917,601.1607325814908
