num_vehicles,distance,fitness
4,1067.7019895573885,401.0677019895574
4,1104.1335670489852,401.10413356704896
5,890.8801820787437,500.8908801820787
5,1024.6218347671024,501.0246218347671
5,1005.7552521411754,501.00575525214117
5,1100.6822384671439,501.10068223846713
5,1176.640543311517,501.1766405433115
5,1128.1272586485484,501.12812725864853
5,1298.0700467447882,501.2980700467448
6,1170.6873942532488,601.1706873942533
5,866.9055389854624,500.86690553898546
5,1297.4260490943057,501.2974260490943
5,1329.1911902486577,501.32919119024865
5,1064.9783562712723,501.0649783562713
5,1129.0550138755227,501.12905501387553
6,1276.964445245471,601.2769644452454
5,1063.5460565207918,501.0635460565208
5,1056.980748294973,501.05698074829496
5,1019.7278482073599,501.01972784820737
5,1080.4649482068803,501.0804649482069
