num_vehicles,distance,fitness
5,1306.6275740598305,501.3066275740598
5,1108.407952940298,501.1084079529403
4,983.9917104528544,400.98399171045287
5,1064.8992846395704,501.0648992846396
5,1081.9682319709518,501.08196823197096
5,1159.5800216989505,501.15958002169896
4,1127.8198373484147,401.1278198373484
4,1297.1258169269963,401.297125816927
5,1124.689693243318,501.12468969324334
5,1172.276311637784,501.1722763116378
5,986.2977191151339,500.98629771911516
5,919.1738334871902,500.9191738334872
5,1035.3354809554367,501.03533548095544
5,942.4850333603724,500.94248503336036
5,1372.721340392119,501.3727213403921
5,1098.4953051299472,501.09849530513
4,1035.413847516707,401.0354138475167
5,1156.9340987604805,501.1569340987605
5,1094.0010333391224,501.0940010333391
5,1098.0491620242685,501.09804916202427
