num_vehicles,distance,fitness
7,537.3913739362137,700.5373913739362
9,580.8795555423134,900.5808795555423
9,616.2008647655356,900.6162008647656
8,660.6819801759253,800.6606819801759
10,595.8433491398379,1000.5958433491398
9,691.163959842035,900.691163959842
10,680.6615308189691,1000.680661530819
10,661.8612149181575,1000.6618612149182
11,780.715922223439,1100.7807159222234
10,636.2196349452194,1000.6362196349452
9,608.7128951386195,900.6087128951386
11,695.5275075222955,1100.6955275075222
12,718.4363412111239,1200.7184363412111
9,681.1763821436541,900.6811763821437
10,697.6049015062104,1000.6976049015062
9,683.4172546627999,900.6834172546628
12,735.5742709725946,1200.7355742709726
11,728.1666703159523,1100.7281666703159
9,632.5796449174411,900.6325796449174
9,696.8466773427107,900.6968466773427
