num_vehicles,distance,fitness
7,599.946623310844,700.5999466233109
8,707.3005784307971,800.7073005784308
7,680.3159525686056,700.6803159525687
7,564.9103743494968,700.5649103743496
7,656.9592510816233,700.6569592510816
8,639.0395945500226,800.63903959455
8,713.6857947225199,800.7136857947226
10,625.2542116937888,1000.6252542116938
9,742.9126962617345,900.7429126962618
7,651.9740274548906,700.6519740274549
11,817.7957013750489,1100.817795701375
9,659.6509833610276,900.6596509833611
8,628.1563465706108,800.6281563465706
9,633.5531754775797,900.6335531754776
8,611.2574403212766,800.6112574403213
8,681.3340886645601,800.6813340886646
10,730.3766719721847,1000.7303766719722
9,633.4162864536879,900.6334162864537
9,632.2240585622287,900.6322240585622
10,752.2266727627349,1000.7522266727627
