num_vehicles,distance,fitness
7,664.5333586844342,700.6645333586845
7,570.0013689531206,700.5700013689532
7,616.3457457615609,700.6163457457616
7,625.18554700139,700.6251855470014
7,627.053780763445,700.6270537807634
7,585.2854200817528,700.5852854200817
8,677.0419077733378,800.6770419077733
9,655.3803455892617,900.6553803455893
8,704.1274793948808,800.7041274793949
8,619.7843644132166,800.6197843644132
8,586.6809391216898,800.5866809391217
8,642.5208801629798,800.642520880163
7,596.2674471297385,700.5962674471298
8,601.5179434092221,800.6015179434092
8,714.816733163877,800.7148167331638
7,590.9190453735573,700.5909190453735
7,573.1551433050972,700.5731551433051
9,733.0388685024683,900.7330388685025
9,647.9380457161403,900.6479380457162
8,660.8653339503677,800.6608653339504
