num_vehicles,distance,fitness
7,636.8199997144283,700.6368199997145
7,722.381157697683,700.7223811576977
7,708.602293051873,700.7086022930519
6,730.6582632763236,600.7306582632763
7,648.5355226553869,700.6485355226554
6,660.8280217416569,600.6608280217416
6,553.8189114109498,600.553818911411
7,578.3074172720248,700.5783074172721
8,635.4563431976788,800.6354563431977
7,668.8135004017945,700.6688135004018
7,609.1696942710546,700.609169694271
7,649.7927678679714,700.649792767868
7,641.4580162107183,700.6414580162107
7,650.5899638989714,700.6505899638989
7,594.6156239648942,700.5946156239648
7,568.9194028553231,700.5689194028553
7,630.0406970310667,700.6300406970311
7,620.2300379346749,700.6202300379347
7,646.169790219969,700.6461697902199
7,566.8459901813707,700.5668459901814
