num_vehicles,distance,fitness
5,555.9485643976219,500.5559485643976
5,605.8716807335604,500.60587168073357
5,610.4068120469656,500.61040681204696
5,609.3571317815301,500.6093571317815
5,661.6139062623498,500.66161390626235
5,550.8983645136082,500.5508983645136
5,595.1311923355522,500.59513119233554
7,786.1106967761913,700.7861106967762
6,721.6776966567126,600.7216776966567
5,699.7929416127243,500.6997929416127
7,752.833957930602,700.7528339579306
5,793.3842880225991,500.7933842880226
7,717.466816193025,700.717466816193
6,793.6871678337753,600.7936871678338
7,792.0069276248498,700.7920069276248
5,662.6209489714246,500.66262094897144
5,655.6296281352944,500.6556296281353
7,680.2514760514438,700.6802514760515
7,746.525710568406,700.7465257105684
5,627.9534352711228,500.62795343527114
