num_vehicles,distance,fitness
5,534.3361221591722,500.5343361221592
5,534.2364110471354,500.5342364110471
5,594.0343315356387,500.5940343315356
5,621.2443274488128,500.62124432744884
5,586.1586568107379,500.5861586568107
5,774.1169789787672,500.7741169789788
5,694.025003837168,500.69402500383717
7,790.4426666333302,700.7904426666333
5,756.7153115618019,500.7567153115618
6,693.3612162766701,600.6933612162767
5,726.6628295224408,500.72666282952247
5,692.0843998725104,500.6920843998725
6,761.9626807901207,600.7619626807901
5,718.9065750888772,500.71890657508885
5,781.0574689848172,500.78105746898484
6,777.2934559278674,600.7772934559279
6,780.6407194962939,600.7806407194963
6,826.7561627831572,600.8267561627831
6,779.9686086386728,600.7799686086387
6,722.4035586167547,600.7224035586167
