num_vehicles,distance,fitness
5,492.8496652239143,500.4928496652239
5,455.76199320350526,500.4557619932035
5,540.8732873458403,500.54087328734585
5,460.94677280961037,500.4609467728096
6,496.1055087557986,600.4961055087558
6,510.53884491844485,600.5105388449184
7,553.8696690160945,700.5538696690161
7,679.0625488264097,700.6790625488264
6,605.7839389915665,600.6057839389915
6,637.6768494701638,600.6376768494702
7,649.3708868581322,700.6493708868582
8,663.6940830695555,800.6636940830696
9,656.8255598085656,900.6568255598086
8,634.8645053078213,800.6348645053079
8,653.3005292525742,800.6533005292525
7,653.3157213486959,700.6533157213487
8,691.257464746384,800.6912574647464
6,630.3717906523906,600.6303717906524
7,623.5641900623473,700.6235641900623
7,613.0939939883947,700.6130939939884
