num_vehicles,distance,fitness
5,492.8496652239143,500.4928496652239
5,424.83578419654515,500.42483578419655
5,479.24905248305583,500.47924905248306
6,550.8143885366501,600.5508143885367
6,510.2791477435568,600.5102791477435
6,618.2455214172132,600.6182455214172
6,716.1991045409635,600.7161991045409
5,611.0013212071236,500.61100132120714
5,638.9289137382301,500.63892891373825
5,525.8708499029709,500.52587084990296
6,579.5217641473047,600.5795217641473
5,659.3336916622076,500.6593336916622
6,679.0749635621996,600.6790749635622
6,709.6808322680859,600.7096808322681
6,618.257080391817,600.6182570803918
5,674.8699178671231,500.6748699178671
6,563.0395694034268,600.5630395694034
6,700.1620717790693,600.7001620717791
6,609.204675643703,600.6092046756437
5,650.3719043803803,500.6503719043804
