num_vehicles,distance,fitness
8,800.9792222618502,800.8009792222618
12,851.6081900345588,1200.8516081900345
12,789.5099789119514,1200.789509978912
13,910.4728518267224,1300.9104728518266
13,895.1067955058575,1300.8951067955059
13,882.9678589350309,1300.882967858935
11,803.7320746526855,1100.8037320746528
13,885.0158725760181,1300.885015872576
15,987.632935219532,1500.9876329352196
16,1024.258980872084,1601.024258980872
14,1120.6910659948253,1401.1206910659948
15,1033.858029843444,1501.0338580298435
16,993.9323970360606,1600.9939323970361
17,1045.3456813936564,1701.0453456813937
15,1059.157504649841,1501.0591575046499
13,1016.9161580872249,1301.0169161580873
13,997.926891061545,1300.9979268910615
16,1156.7221624711888,1601.1567221624712
15,1097.159641078571,1501.0971596410786
15,1033.5740129669377,1501.033574012967
