num_vehicles,distance,fitness
8,801.6266998825827,800.8016266998826
9,783.3192229447395,900.7833192229448
10,951.0221371965863,1000.9510221371966
8,803.7470312734602,800.8037470312735
8,807.30345990742,800.8073034599074
8,772.1512517353531,800.7721512517354
9,767.2579608022613,900.7672579608022
11,1048.7778314811935,1101.0487778314812
12,1023.8115257458212,1201.0238115257457
11,879.6873946197177,1100.8796873946196
9,923.0920983356559,900.9230920983357
12,973.5952251888525,1200.9735952251888
11,907.9972783579707,1100.907997278358
12,1031.7288308018528,1201.0317288308017
12,914.3481533061513,1200.9143481533063
13,910.9080279023749,1300.9109080279025
10,972.0071660755168,1000.9720071660755
12,984.2500400699819,1200.98425004007
12,1005.5335324412878,1201.0055335324412
12,1017.4184516163597,1201.0174184516163
