num_vehicles,distance,fitness
6,738.2850068179622,600.7382850068179
8,743.7706240921558,800.7437706240921
9,805.2607753043706,900.8052607753044
9,830.6532987187056,900.8306532987187
7,759.1291437766607,700.7591291437767
8,800.0618944197491,800.8000618944197
8,930.3270393461376,800.9303270393461
9,838.6160044893101,900.8386160044893
8,767.2311016939452,800.7672311016939
10,891.9980414556122,1000.8919980414556
9,960.4104847976132,900.9604104847976
10,1012.46613907436,1001.0124661390744
10,949.0551670890383,1000.949055167089
10,896.9892394714466,1000.8969892394714
11,978.1120070797665,1100.9781120070797
9,939.9108847437305,900.9399108847438
9,891.6715118516395,900.8916715118517
9,913.2065887596623,900.9132065887596
10,1004.0953148005925,1001.0040953148006
10,840.4478081619346,1000.8404478081619
