num_vehicles,distance,fitness
7,818.2437983267619,700.8182437983268
7,838.3090902376471,700.8383090902377
6,756.3451442535394,600.7563451442535
7,809.4812027772147,700.8094812027772
7,723.7614319750004,700.723761431975
7,836.8845897134368,700.8368845897135
7,833.6505211023591,700.8336505211024
7,803.1254214232509,700.8031254214233
9,979.6184704213961,900.9796184704214
9,930.3730085448914,900.9303730085448
9,882.7152397991548,900.8827152397992
9,947.5880472077898,900.9475880472078
9,870.6503387024773,900.8706503387025
9,926.5480572814772,900.9265480572815
11,967.5051023788469,1100.967505102379
9,963.2689192677215,900.9632689192678
10,907.218792292955,1000.907218792293
9,975.6820877955904,900.9756820877956
9,978.359978018573,900.9783599780186
11,964.3295698883335,1100.9643295698884
