num_vehicles,distance,fitness
6,840.3646523098904,600.8403646523099
6,804.5179666827274,600.8045179666827
6,761.363067484026,600.761363067484
7,873.2718995556925,700.8732718995557
6,837.1966945586468,600.8371966945587
6,773.5612667159048,600.7735612667159
6,856.1157051811771,600.8561157051812
6,843.6870919285468,600.8436870919286
8,1088.0165118125324,801.0880165118125
8,1004.5757463340592,801.004575746334
7,850.3867806744938,700.8503867806745
7,913.4277335608601,700.9134277335609
7,911.1077125604189,700.9111077125605
7,869.6895935396726,700.8696895935396
8,967.4699171761401,800.9674699171761
7,951.2023886506945,700.9512023886507
7,962.5453909278568,700.9625453909279
7,874.9892543582914,700.8749892543583
7,811.7206405051837,700.8117206405052
7,937.0487359320027,700.937048735932
