num_vehicles,distance,fitness
4,848.564939599413,400.84856493959944
4,735.9793150293838,400.7359793150294
4,870.3319392617268,400.87033193926175
4,956.7754737771842,400.95677547377716
8,1022.4241167432922,801.0224241167433
7,934.778939768611,700.9347789397686
7,986.3228401358323,700.9863228401358
6,910.0919238346778,600.9100919238347
6,903.910227645019,600.903910227645
6,937.5256637622435,600.9375256637622
8,1047.0913902065604,801.0470913902066
8,1048.0978601028987,801.0480978601029
7,1022.713021719208,701.0227130217193
5,924.6189846810014,500.924618984681
8,1081.6460610095219,801.0816460610096
7,932.9736271550887,700.9329736271551
7,1024.6704907349322,701.0246704907349
6,919.1510905972052,600.9191510905972
5,851.5866899678879,500.85158668996786
5,1001.0247931585116,501.00102479315854
