num_vehicles,distance,fitness
4,887.2260787198006,400.8872260787198
4,844.884337055364,400.84488433705536
4,850.909620195738,400.85090962019575
4,892.1608081350424,400.89216080813503
5,852.6407907629282,500.8526407907629
5,901.6181100305265,500.90161811003054
5,872.4796534319513,500.8724796534319
6,890.4919159633516,600.8904919159634
5,949.826445534981,500.949826445535
5,851.774882313484,500.85177488231346
5,1027.9980045588359,501.0279980045588
6,1016.4626140263239,601.0164626140263
5,856.6825232737519,500.8566825232738
5,913.0952230833113,500.9130952230833
5,903.6629934995027,500.9036629934995
5,936.7934658499908,500.93679346585
6,893.5519347468806,600.8935519347468
4,911.4235922930619,400.9114235922931
5,876.2299556895722,500.87622995568955
5,965.8241722693239,500.9658241722693
