num_vehicles,distance,fitness
4,934.6666440653541,400.9346666440654
4,915.5236045308513,400.91552360453085
4,928.6199330050871,400.9286199330051
4,911.3577531060325,400.911357753106
4,819.3417012244884,400.8193417012245
4,891.8396993107945,400.8918396993108
4,909.0235333320253,400.909023533332
4,951.1641563380493,400.95116415633805
4,922.7200753753002,400.9227200753753
4,983.9371045586779,400.98393710455866
5,986.2571987819377,500.9862571987819
5,876.9545097282592,500.87695450972825
4,924.4498927522778,400.92444989275225
5,939.6798941891042,500.9396798941891
5,834.3387825124863,500.8343387825125
5,977.8532320218825,500.97785323202186
5,1026.732898425111,501.0267328984251
5,958.711349825583,500.9587113498256
5,909.3472549068248,500.90934725490683
5,925.771189958517,500.92577118995854
