num_vehicles,distance,fitness
4,990.4776981132496,400.99047769811324
4,998.4836091206365,400.9984836091206
4,995.9128959090075,400.995912895909
4,990.742641807374,400.9907426418074
4,1047.8894894810899,401.04788948948107
4,986.2668705319966,400.986266870532
4,808.9881516697469,400.8089881516697
4,1002.3900983583964,401.0023900983584
4,901.2003318011532,400.90120033180114
4,940.8955378605027,400.9408955378605
5,963.2511258627073,500.9632511258627
4,837.7749383040028,400.837774938304
4,833.401602698577,400.8334016026986
4,829.9781699113706,400.8299781699114
5,864.7524649238123,500.8647524649238
4,923.6409105020327,400.92364091050206
4,923.3761054585159,400.9233761054585
5,951.3168404028065,500.9513168404028
4,1040.4309268411673,401.04043092684117
5,864.011463986572,500.86401146398657
