num_vehicles,distance,fitness
4,954.4951724086313,400.95449517240866
4,848.4477091361573,400.84844770913617
4,823.5255100828847,400.8235255100829
4,820.8483208857268,400.8208483208857
4,808.9534803894866,400.8089534803895
4,877.1814885614444,400.87718148856146
4,920.4510359654806,400.92045103596547
4,861.6345966541599,400.86163459665414
4,726.2589196261147,400.7262589196261
5,995.6445681469058,500.99564456814693
5,888.8980240941191,500.88889802409415
5,925.8484053808396,500.92584840538086
4,909.1662656064971,400.9091662656065
6,1075.911453760973,601.075911453761
5,996.7401721157845,500.9967401721158
4,833.337026432911,400.8333370264329
5,974.3669448448281,500.9743669448448
5,868.9459606674174,500.8689459606674
5,864.5274430514008,500.86452744305143
5,887.7605193478196,500.8877605193478
