num_vehicles,distance,fitness
7,979.4404534601562,700.9794404534601
7,1086.8688464693928,701.0868688464694
8,1077.6136961663672,801.0776136961664
7,905.9999779202599,700.9059999779203
7,908.6191795931186,700.9086191795931
7,971.6318546103372,700.9716318546103
7,930.8500108616877,700.9308500108617
7,982.8894339106178,700.9828894339106
9,1191.1352739934139,901.1911352739934
8,947.7249294123673,800.9477249294124
8,1129.6471285437476,801.1296471285438
8,1163.474736312249,801.1634747363122
7,1053.6017410886018,701.0536017410886
8,1178.3548359504127,801.1783548359504
8,1004.6047842268088,801.0046047842268
8,1067.8190330148211,801.0678190330149
8,1060.6227329152805,801.0606227329152
7,901.3980091436547,700.9013980091437
7,992.9626609394736,700.9929626609395
8,1059.330382015663,801.0593303820157
