num_vehicles,distance,fitness
8,759.1670203183024,800.7591670203183
8,880.5414626189538,800.8805414626189
10,1057.496244639399,1001.0574962446394
9,924.8079019685468,900.9248079019685
8,864.3820477499746,800.8643820477499
9,914.9396527634165,900.9149396527635
10,1075.1497927118223,1001.0751497927118
10,1184.9750078759012,1001.1849750078759
10,1186.6860502444576,1001.1866860502445
10,1186.3283707851565,1001.1863283707852
9,1024.7919326885144,901.0247919326885
9,1009.9618397862257,901.0099618397862
11,1212.043188202071,1101.212043188202
9,995.6728841351545,900.9956728841352
10,1099.7980848173877,1001.0997980848174
11,1221.0302143841336,1101.2210302143842
10,1066.1396469384752,1001.0661396469385
10,1110.6142270289295,1001.1106142270289
10,1063.1578735674548,1001.0631578735674
11,1180.516978007121,1101.180516978007
