num_vehicles,distance,fitness
7,691.9245200332821,700.6919245200332
8,792.3103631575602,800.7923103631575
9,894.5570201549107,900.8945570201549
9,820.5925731298488,900.8205925731298
9,866.4612127500204,900.86646121275
8,755.899748850893,800.7558997488509
10,1088.2490550384682,1001.0882490550384
9,1083.9063586584548,901.0839063586585
10,1135.6802003117382,1001.1356802003118
12,1045.9017355171925,1201.0459017355172
13,1365.5478239387612,1301.3655478239389
11,1155.7066176554868,1101.1557066176556
11,1156.92814524313,1101.1569281452432
11,1173.9692568152504,1101.1739692568153
10,1106.833096943535,1001.1068330969435
10,972.5776604739847,1000.972577660474
12,1232.8381650969784,1201.232838165097
10,983.112830823725,1000.9831128308238
11,1151.1461531133245,1101.1511461531134
9,895.543946136731,900.8955439461367
