num_vehicles,distance,fitness
8,894.5607712993112,800.8945607712993
9,899.5314072067147,900.8995314072067
9,838.4796447638943,900.8384796447639
9,810.5244918783458,900.8105244918784
9,964.968554396062,900.964968554396
12,1059.2388583807221,1201.0592388583807
10,952.7838511366903,1000.9527838511367
11,1155.618896822889,1101.155618896823
9,999.9882494149895,900.999988249415
10,1030.3283210151794,1001.0303283210152
12,1122.3052284872817,1201.1223052284872
11,1025.1059405747742,1101.0251059405748
10,1018.038681418514,1001.0180386814185
12,1170.7960965376305,1201.1707960965377
10,1063.153147234718,1001.0631531472347
11,1123.7563553018,1101.1237563553018
13,1217.6928551124108,1301.2176928551123
11,1100.7138632703995,1101.1007138632704
13,1271.2752481123662,1301.2712752481123
10,1075.9233203220042,1001.075923320322
