num_vehicles,distance,fitness
7,792.558481332472,700.7925584813324
7,937.4835546478207,700.9374835546478
7,889.1978951179161,700.889197895118
7,1062.3170065718314,701.0623170065718
7,736.8777932765888,700.7368777932766
7,808.1179475269563,700.808117947527
7,986.4607650820831,700.986460765082
9,1059.1148263034888,901.0591148263035
8,1147.759520161979,801.147759520162
9,1042.1249237389136,901.0421249237389
9,1075.893353956832,901.0758933539569
9,1024.3279493326334,901.0243279493326
7,951.3194098470984,700.9513194098471
10,1151.7225547854155,1001.1517225547855
8,1012.6747526904921,801.0126747526905
8,1282.871185045962,801.2828711850459
9,1108.2330734143693,901.1082330734143
10,1406.6287537437408,1001.4066287537437
9,1004.6640020670629,901.0046640020671
7,873.4938205658908,700.8734938205658
