num_vehicles,distance,fitness
7,791.5872570391791,700.7915872570392
8,809.4938911920644,800.8094938911921
8,932.2953633825972,800.9322953633827
8,827.2742942127849,800.8272742942128
7,939.7185276337277,700.9397185276338
8,945.2734099019503,800.9452734099019
8,912.280257784508,800.9122802577845
8,827.559139223854,800.8275591392238
8,1028.900016655973,801.0289000166559
8,1012.0939928662375,801.0120939928662
9,911.1830321588374,900.9111830321589
8,994.0433495427835,800.9940433495428
9,1202.481057722744,901.2024810577227
10,1189.270864878896,1001.189270864879
9,1241.44760862668,901.2414476086267
9,1130.2323365832851,901.1302323365833
8,1159.0250782662038,801.1590250782662
10,1281.8707438669362,1001.281870743867
9,1143.028566740139,901.1430285667401
8,1087.633360975756,801.0876333609757
