num_vehicles,distance,fitness
5,1098.2107185369055,501.0982107185369
6,1035.7319521298248,601.0357319521298
6,994.5952756012268,600.9945952756012
5,886.2429932271905,500.8862429932272
6,908.7569095399043,600.9087569095399
5,1095.2203848118422,501.09522038481185
5,1096.4488083583028,501.0964488083583
5,918.4159649444819,500.9184159649445
7,1184.514453302649,701.1845144533027
6,1072.268722221604,601.0722687222216
6,1193.7030944233732,601.1937030944234
6,1100.7794771311428,601.1007794771311
7,1125.5809641945998,701.1255809641946
7,977.9926642631808,700.9779926642632
7,1282.7276215553247,701.2827276215553
7,1060.4092579571084,701.0604092579571
6,1067.0842256180708,601.067084225618
6,1262.0735208702213,601.2620735208702
6,1168.6731986303193,601.1686731986304
6,1083.7199886179897,601.083719988618
