num_vehicles,distance,fitness
4,1067.7019895573885,401.0677019895574
5,1149.6808240883497,501.14968082408836
4,996.897074245924,400.9968970742459
5,1108.8740777763057,501.1088740777763
5,1038.0065078554123,501.0380065078554
4,1049.614028898415,401.0496140288984
5,1222.9937268027918,501.22299372680277
5,1208.761807560062,501.20876180756005
6,1370.3685601175189,601.3703685601175
5,1215.3570667263098,501.2153570667263
5,1139.0665615573735,501.1390665615574
6,1075.9705768100346,601.07597057681
5,1144.4605074721464,501.14446050747216
4,999.386538892263,400.9993865388923
5,1280.4063612513933,501.2804063612514
5,1287.509304088858,501.28750930408887
5,1179.5093824275366,501.1795093824275
4,1160.3656049259166,401.1603656049259
5,1235.559778445608,501.23555977844563
5,1395.140786629669,501.39514078662967
