num_vehicles,distance,fitness
5,1310.0844333327757,501.3100844333328
5,1068.2281680231308,501.06822816802315
5,1232.452132260897,501.2324521322609
5,1176.9941375345015,501.1769941375345
5,1008.1942323153995,501.0081942323154
6,1194.4707248958885,601.1944707248958
5,1203.6456346290902,501.2036456346291
5,1144.2454245161891,501.1442454245162
5,1160.7388021122672,501.1607388021123
6,1278.2400104210492,601.2782400104211
5,1068.9673566239635,501.06896735662394
5,1191.736385457927,501.19173638545794
5,1124.0208752787944,501.1240208752788
6,1224.9746184478815,601.2249746184478
5,1077.461566705317,501.0774615667053
5,1116.5719624859546,501.116571962486
5,1170.7289606711395,501.1707289606711
4,960.3189195272817,400.96031891952725
5,1135.5216896447346,501.13552168964475
6,1352.1565659363698,601.3521565659364
