num_vehicles,distance,fitness
4,1081.4010688547528,401.08140106885475
5,938.8585021630242,500.93885850216304
4,1170.3212769645359,401.17032127696456
5,1084.2905893074721,501.0842905893075
5,889.7800408726599,500.88978004087267
5,1164.044480328333,501.16404448032836
5,1102.6502957126565,501.10265029571264
5,1130.4656507542204,501.1304656507542
4,1153.606088595485,401.1536060885955
5,1051.9703327737311,501.05197033277375
6,1098.3475384909518,601.098347538491
7,1189.598726021023,701.189598726021
6,1150.1262265002647,601.1501262265002
7,1163.6838770910178,701.163683877091
7,1007.1672063575234,701.0071672063575
7,1217.0006539027781,701.2170006539028
6,979.6698963901719,600.9796698963902
6,1065.2333500175778,601.0652333500176
7,1252.4940751233999,701.2524940751234
6,1064.196685889284,601.0641966858893
