num_vehicles,distance,fitness
7,512.2931205274929,700.5122931205275
7,540.4064957835976,700.5404064957836
7,624.955414068044,700.624955414068
7,600.8092322682483,700.6008092322683
7,548.9439366381681,700.5489439366381
7,631.4229029630641,700.6314229029631
7,603.4407150971617,700.6034407150971
7,613.6483624782057,700.6136483624782
7,694.7576193123035,700.6947576193123
7,638.9790523765278,700.6389790523765
7,649.8657102742571,700.6498657102743
7,665.2302437472679,700.6652302437473
7,666.9729102798584,700.6669729102798
7,645.9340294740459,700.645934029474
7,744.2000672987697,700.7442000672987
8,642.7682861131727,800.6427682861132
7,650.0814775790412,700.6500814775791
7,593.4678171937103,700.5934678171938
7,671.6744837268452,700.6716744837269
7,683.8760445481623,700.6838760445481
