num_vehicles,distance,fitness
7,658.8124637298049,700.6588124637298
9,694.0843585754576,900.6940843585754
9,656.836336002993,900.656836336003
7,606.2188447828514,700.6062188447828
9,615.1599851035811,900.6151599851036
8,615.1898593815599,800.6151898593815
9,642.8367475691906,900.6428367475692
11,737.1426174018345,1100.7371426174018
10,623.7620835701377,1000.6237620835701
10,643.5621835790915,1000.6435621835791
10,646.8542817165278,1000.6468542817165
11,756.4361117305364,1100.7564361117306
9,701.7545819179984,900.701754581918
10,672.1022316946272,1000.6721022316947
10,714.9473625529627,1000.714947362553
8,652.7649007639642,800.6527649007639
8,644.9272346402436,800.6449272346402
13,739.5107758970814,1300.739510775897
9,630.3588501186908,900.6303588501187
10,683.7847114189655,1000.683784711419
