num_vehicles,distance,fitness
7,599.946623310844,700.5999466233109
7,666.2553515835848,700.6662553515836
8,650.7093199627934,800.6507093199627
7,569.775940307107,700.5697759403071
8,600.372147663715,800.6003721476637
9,609.8513356900156,900.60985133569
8,636.6134606629698,800.6366134606629
9,739.4105470181984,900.7394105470182
8,676.8715398664792,800.6768715398665
8,703.0894933510492,800.7030894933511
8,667.1208549905352,800.6671208549906
8,682.54192824915,800.6825419282492
9,692.7414073152274,900.6927414073152
9,732.8395945752108,900.7328395945752
7,550.0502685841009,700.5500502685841
10,784.9887635541081,1000.7849887635541
8,675.983011312014,800.675983011312
10,713.8615900622343,1000.7138615900623
7,638.8456891204709,700.6388456891204
9,746.0236255998475,900.7460236255998
