num_vehicles,distance,fitness
7,664.5333586844342,700.6645333586845
7,583.5613376751544,700.5835613376752
7,592.2097222041286,700.5922097222041
8,663.4747694309392,800.663474769431
8,700.5168324595554,800.7005168324596
8,658.8153219296033,800.6588153219296
8,614.1702753679745,800.614170275368
7,677.0053389969088,700.6770053389969
8,641.2822919547391,800.6412822919548
8,643.270605908098,800.6432706059081
8,563.4052306337284,800.5634052306337
7,611.6891560404238,700.6116891560404
7,617.5075026770608,700.6175075026771
7,638.8424690632402,700.6388424690632
8,612.6098674986365,800.6126098674987
8,711.2143741707982,800.7112143741708
7,619.8196372969929,700.619819637297
9,617.3241223971469,900.6173241223971
8,660.6416614003404,800.6606416614003
8,757.0376835033284,800.7570376835033
