num_vehicles,distance,fitness
7,636.8199997144283,700.6368199997145
8,686.3662834835865,800.6863662834836
7,694.8670591029228,700.6948670591029
7,662.6644115196955,700.6626644115197
7,606.6927884195491,700.6066927884195
7,619.4896560232523,700.6194896560232
7,655.3515287522825,700.6553515287522
7,674.0813120919671,700.674081312092
7,605.8965746341348,700.6058965746341
7,596.3864198814531,700.5963864198815
7,650.6102262213176,700.6506102262213
7,535.8242133743404,700.5358242133743
7,643.3411040817962,700.6433411040817
7,624.6932722769379,700.6246932722769
8,660.7282004157474,800.6607282004157
7,703.6607916598207,700.7036607916598
7,515.476771105229,700.5154767711052
8,656.4918218721742,800.6564918218721
7,724.9908679331365,700.7249908679331
7,616.8420422179772,700.616842042218
