num_vehicles,distance,fitness
5,512.8102709016586,500.51281027090164
6,608.2331787493645,600.6082331787494
5,520.4348033644065,500.5204348033644
5,580.4396100675555,500.5804396100676
6,651.6367054207349,600.6516367054207
5,497.86703923889604,500.4978670392389
8,756.1516419490782,800.756151641949
8,710.4420733948612,800.7104420733949
8,682.9626152521377,800.6829626152521
7,658.1251115078306,700.6581251115078
7,716.3199153383555,700.7163199153383
7,770.1700981037745,700.7701700981038
7,664.0827026246579,700.6640827026247
9,720.0629566250193,900.720062956625
8,669.932391725009,800.669932391725
8,770.7484850271593,800.7707484850272
7,610.1998842288518,700.6101998842289
8,661.3308497635203,800.6613308497635
7,740.6836058666847,700.7406836058667
7,708.4757823466965,700.7084757823467
