num_vehicles,distance,fitness
5,555.9485643976219,500.5559485643976
5,616.4109718666521,500.6164109718666
5,586.1984278053699,500.58619842780536
5,584.9622428337783,500.5849622428338
5,579.3691138373921,500.5793691138374
5,628.6536934978449,500.6286536934978
5,585.9235883879301,500.5859235883879
8,780.594417177755,800.7805944171778
7,659.1785139241159,700.6591785139241
7,800.5522029372779,700.8005522029373
7,708.5872472981384,700.7085872472982
5,725.890870467044,500.725890870467
6,706.9640285222174,600.7069640285222
7,742.2494064332262,700.7422494064332
5,791.9411799555028,500.79194117995553
5,683.4434233743278,500.68344342337434
8,756.1180545561213,800.7561180545562
6,704.1871412059832,600.704187141206
6,770.9554369537881,600.7709554369538
8,836.421236915938,800.836421236916
