num_vehicles,distance,fitness
8,800.9792222618502,800.8009792222618
13,859.271480966252,1300.8592714809663
12,865.6170168314411,1200.8656170168315
14,939.5972796086895,1400.9395972796087
15,979.0592941221053,1500.9790592941222
16,1039.3080371012065,1601.0393080371011
13,871.102601250529,1300.8711026012506
15,1019.0309453465163,1501.0190309453465
15,1006.9760368415754,1501.0069760368415
16,1110.367981804068,1601.110367981804
13,1057.9737892617907,1301.0579737892617
14,927.2407409574878,1400.9272407409576
16,1085.2788924184758,1601.0852788924185
12,854.7133657839404,1200.854713365784
13,1008.8016693783318,1301.0088016693783
14,889.1736214901304,1400.88917362149
16,967.7673783400696,1600.96776737834
15,999.9910797515059,1500.9999910797515
15,974.4655770199829,1500.97446557702
14,982.427905142573,1400.9824279051427
