num_vehicles,distance,fitness
7,864.4833286468569,700.8644833286469
9,848.5979033166907,900.8485979033167
10,836.9434259887685,1000.8369434259888
8,810.9541342482681,800.8109541342483
10,845.7466603893777,1000.8457466603894
8,812.0276392964529,800.8120276392965
10,843.9204855093653,1000.8439204855093
11,948.2536144829548,1100.948253614483
11,1014.8780855924155,1101.0148780855925
12,1017.1157796444728,1201.0171157796444
11,954.7759000403173,1100.9547759000402
11,969.7494502814973,1100.9697494502816
13,1010.4483117564783,1301.0104483117566
13,1014.1817376274518,1301.0141817376275
15,1012.1910789336736,1501.0121910789337
11,985.5593726454028,1100.9855593726454
13,959.4156819349888,1300.959415681935
14,970.5874354965973,1400.9705874354966
11,939.8439052639319,1100.9398439052638
9,913.5206797682349,900.9135206797682
