num_vehicles,distance,fitness
6,738.2850068179622,600.7382850068179
9,722.1416475799904,900.72214164758
7,702.8071468582874,700.7028071468583
6,752.6037830101019,600.7526037830102
7,783.7726736853512,700.7837726736853
9,798.2750651996831,900.7982750651997
9,759.5547067384314,900.7595547067384
7,755.3940094538351,700.7553940094539
8,764.5538314234337,800.7645538314234
9,920.7761341857924,900.9207761341858
10,1009.565780347342,1001.0095657803473
11,1014.4005846692561,1101.0144005846691
10,913.4818371898286,1000.9134818371898
10,913.8038683156918,1000.9138038683157
12,966.1941146686394,1200.9661941146687
12,1017.0967003904634,1201.0170967003905
12,962.964437305868,1200.9629644373058
11,954.1832770388105,1100.9541832770387
10,979.4444599682874,1000.9794444599682
10,892.4736630361414,1000.8924736630362
