num_vehicles,distance,fitness
7,818.2437983267619,700.8182437983268
6,829.0740780994918,600.8290740780994
7,837.7342153578916,700.8377342153578
7,788.8103659432917,700.7888103659433
6,819.7918007369559,600.819791800737
8,902.7048678365123,800.9027048678365
9,987.9527751147358,900.9879527751148
9,898.05920574944,900.8980592057494
10,875.3799429846028,1000.8753799429846
9,1012.1144580409266,901.012114458041
7,907.4606107144106,700.9074606107145
10,885.1911964252666,1000.8851911964252
9,990.5243710705583,900.9905243710706
9,940.6664803411143,900.9406664803411
9,903.8160693853691,900.9038160693854
8,939.2865868998363,800.9392865868998
9,861.1041003532055,900.8611041003533
9,908.2450353217245,900.9082450353217
8,921.293232792776,800.9212932327928
8,972.5824131809666,800.9725824131809
