num_vehicles,distance,fitness
7,875.9048735512156,700.8759048735512
6,789.6869063539622,600.789686906354
6,868.7537579763552,600.8687537579764
6,882.9179324965633,600.8829179324965
6,777.8276702225457,600.7778276702226
6,780.1408363240569,600.7801408363241
6,857.2434697909647,600.857243469791
8,973.2652944177221,800.9732652944177
8,895.9012302908062,800.8959012302909
7,846.5689194013771,700.8465689194014
8,873.7177160922412,800.8737177160922
8,1036.0404287991942,801.0360404287992
10,1082.2544648037392,1001.0822544648038
7,843.8004356191727,700.8438004356192
8,954.7663849373796,800.9547663849373
8,895.2512477154525,800.8952512477155
6,848.3989269371696,600.8483989269372
8,964.873477143665,800.9648734771437
7,890.3880500536454,700.8903880500536
7,811.6140325893801,700.8116140325894
