num_vehicles,distance,fitness
6,849.5290070488132,600.8495290070488
10,860.4357469423638,1000.8604357469424
9,755.4272953269636,900.755427295327
7,823.0595157067665,700.8230595157067
8,687.9955276549849,800.687995527655
10,954.060539406225,1000.9540605394062
10,988.0451418866526,1000.9880451418867
9,974.6365783959225,900.9746365783959
9,930.2371174650514,900.930237117465
9,926.8239639426282,900.9268239639426
8,903.7983525227688,800.9037983525228
10,1013.868499804137,1001.0138684998042
8,934.0667371846299,800.9340667371846
9,874.1310863821261,900.8741310863821
10,843.5797595357549,1000.8435797595357
10,961.4500843484201,1000.9614500843484
8,874.5958597684336,800.8745958597684
10,934.6538441366371,1000.9346538441366
10,987.6740574994226,1000.9876740574995
11,1006.0080692895745,1101.0060080692895
