num_vehicles,distance,fitness
6,762.3946846662257,600.7623946846662
8,908.6116768131593,800.9086116768132
6,699.0698940091407,600.6990698940091
8,890.1300041250198,800.890130004125
6,738.6351321669432,600.7386351321669
8,799.1609449811484,800.7991609449812
7,816.1564891760568,700.816156489176
7,769.7460106101461,700.7697460106101
8,897.7608377803643,800.8977608377803
9,898.0773300809817,900.898077330081
8,945.5238865366471,800.9455238865366
9,897.9713562629518,900.8979713562629
9,1022.8319330896957,901.0228319330897
9,884.8181624404851,900.8848181624405
8,828.6851695364041,800.8286851695364
8,901.5481456445316,800.9015481456445
7,857.561345589497,700.8575613455895
8,923.7413442434007,800.9237413442434
8,991.986615611678,800.9919866156117
9,905.5419781197345,900.9055419781197
