num_vehicles,distance,fitness
7,842.8913236348984,700.842891323635
7,818.0964672401537,700.8180964672401
6,730.9992251469914,600.730999225147
6,776.4494393594603,600.7764494393595
7,855.5259280255997,700.8555259280256
7,799.4894498932231,700.7994894498933
8,748.5321389885465,800.7485321389886
7,698.3472004232804,700.6983472004233
10,915.8800277055122,1000.9158800277055
8,893.642241870639,800.8936422418707
10,938.9876379155,1000.9389876379155
11,955.3488459317282,1100.9553488459317
11,965.2531269253784,1100.9652531269253
8,941.7100807696411,800.9417100807697
9,960.2060199605264,900.9602060199605
9,864.4122718336321,900.8644122718337
7,864.4618328444599,700.8644618328444
9,919.9836660404295,900.9199836660405
8,963.1216010570162,800.963121601057
8,911.909855893127,800.9119098558931
