num_vehicles,distance,fitness
4,918.1606608150763,400.9181606608151
5,940.5682485117852,500.9405682485118
7,807.0858010061552,700.8070858010061
5,885.8511565607309,500.8858511565607
6,902.4620462071874,600.9024620462072
4,857.5148389517703,400.8575148389518
6,882.7569355414337,600.8827569355415
7,977.5893045005238,700.9775893045005
6,913.0765324679523,600.9130765324679
6,983.1101428536978,600.9831101428537
7,967.7143683620923,700.9677143683621
8,895.8599105578026,800.8958599105578
7,898.74943903259,700.8987494390326
7,779.178598756635,700.7791785987566
7,834.7618378837708,700.8347618378838
7,970.0703549076769,700.9700703549076
6,960.0763684562717,600.9600763684563
7,876.2789279297268,700.8762789279298
7,959.9092365117191,700.9599092365117
7,870.8281047261698,700.8708281047261
