num_vehicles,distance,fitness
4,848.564939599413,400.84856493959944
4,944.6758034427253,400.94467580344275
4,868.5090166596116,400.86850901665963
4,839.0790794975316,400.83907907949754
8,970.2888895131631,800.9702888895132
6,805.0504066289753,600.805050406629
6,904.1967464595054,600.9041967464595
6,1022.5762502100229,601.02257625021
8,948.0210309263831,800.9480210309264
7,834.9230439820724,700.834923043982
6,956.518980938394,600.9565189809384
5,853.22263508647,500.85322263508647
6,858.0162306241473,600.8580162306241
5,914.5320955773274,500.91453209557733
6,989.1166366906211,600.9891166366906
6,940.3604100990733,600.9403604100991
7,1002.008039535683,701.0020080395357
7,975.7554622487506,700.9757554622488
6,919.1518578223566,600.9191518578224
7,901.0668142673429,700.9010668142673
