num_vehicles,distance,fitness
4,887.2260787198006,400.8872260787198
5,904.6428675258155,500.9046428675258
5,882.4491068600383,500.88244910686007
4,852.7077837303061,400.8527077837303
5,873.4896809272032,500.8734896809272
5,891.3953877294,500.8913953877294
5,945.642999173904,500.9456429991739
5,856.9045921370418,500.856904592137
6,949.674035570465,600.9496740355704
5,941.4691076829628,500.94146910768296
5,896.6500672103746,500.8966500672104
5,859.2574454523083,500.85925744545233
6,956.7022515542589,600.9567022515542
5,896.5802768909732,500.896580276891
5,1028.46827204244,501.02846827204246
5,939.1699928039504,500.93916999280395
5,930.7873828728227,500.93078738287284
5,1036.921466095609,501.03692146609563
5,849.478840442915,500.84947884044294
5,857.5456295542789,500.8575456295543
