num_vehicles,distance,fitness
4,934.6666440653541,400.9346666440654
4,960.5852994029369,400.96058529940296
4,953.9607937787755,400.9539607937788
4,1012.2931545786502,401.01229315457863
4,875.1742954645599,400.87517429546455
4,944.6734517900354,400.94467345179004
4,965.7966821967883,400.9657966821968
4,901.9153267056402,400.90191532670565
5,1030.3702948034338,501.03037029480345
5,867.18684833257,500.86718684833255
6,938.9778367786574,600.9389778367787
5,945.3251799119811,500.945325179912
5,956.7987054729333,500.9567987054729
5,981.424803660925,500.9814248036609
5,898.9249786536568,500.89892497865367
5,840.7715062948896,500.8407715062949
5,1022.9459411275451,501.02294594112755
5,974.0002995224241,500.9740002995224
4,888.0525901589943,400.888052590159
5,926.5695740360196,500.926569574036
