num_vehicles,distance,fitness
4,990.4776981132496,400.99047769811324
4,1002.8303634450546,401.00283036344507
4,938.5227151142997,400.9385227151143
4,976.459712703763,400.9764597127038
4,1002.1982159835419,401.0021982159835
4,1049.1436573573255,401.0491436573573
4,1032.1669874126555,401.03216698741267
4,893.2885575038983,400.8932885575039
5,948.2177766811805,500.9482177766812
5,943.3070059760593,500.94330700597607
5,962.9479797720453,500.962947979772
4,935.3418103503145,400.93534181035034
5,890.6763245722123,500.8906763245722
4,930.2111969666348,400.93021119696664
4,951.3947555272438,400.95139475552725
5,936.8463472465104,500.9368463472465
4,933.589634052229,400.9335896340522
4,970.5904279620629,400.97059042796207
4,888.2266976781576,400.88822669767814
4,994.62457827482,400.9946245782748
