num_vehicles,distance,fitness
4,954.4951724086313,400.95449517240866
4,881.2136309309847,400.881213630931
4,924.1644003296492,400.92416440032963
4,933.4025662347527,400.93340256623475
4,877.8044109734931,400.8778044109735
4,865.7594770748783,400.8657594770749
4,812.9659147713176,400.8129659147713
4,802.8057171254336,400.8028057171254
4,946.5024908970784,400.9465024908971
4,880.0374340598513,400.88003743405983
5,920.3479257037894,500.92034792570377
5,903.0847890683402,500.9030847890683
5,984.9264407033425,500.98492644070336
4,879.3323821393035,400.8793323821393
4,879.9932082311658,400.87999320823116
5,928.1824346208405,500.92818243462085
5,1027.962170222546,501.02796217022257
4,827.4553274513504,400.82745532745133
4,887.2998757605619,400.88729987576056
5,925.5761294946703,500.9255761294947
