num_vehicles,distance,fitness
4,918.9340678700514,400.91893406787005
4,888.1635434775706,400.88816354347756
4,910.8145584056394,400.91081455840566
4,985.6656670718248,400.9856656670718
5,903.7297475717048,500.90372974757173
4,859.4865649870778,400.8594865649871
6,975.4599235016194,600.9754599235016
6,990.8212083111289,600.9908212083111
6,870.6961238257985,600.8706961238258
5,886.9564326585777,500.88695643265856
5,940.2824868775501,500.94028248687755
6,909.0790608343881,600.9090790608344
5,856.1225516616032,500.8561225516616
5,903.3265807241368,500.9033265807241
6,995.136833695125,600.9951368336951
6,904.3859975359875,600.904385997536
6,908.808446977504,600.9088084469776
6,1006.8445188925176,601.0068445188925
6,873.7174145408011,600.8737174145408
5,980.7966302125919,500.9807966302126
