num_vehicles,distance,fitness
8,894.5607712993112,800.8945607712993
10,1019.5181568834889,1001.0195181568835
8,782.4613084137313,800.7824613084138
12,1037.1799415950907,1201.037179941595
8,741.7860142929569,800.741786014293
10,980.7255952300155,1000.9807255952301
12,1055.14168677693,1201.055141686777
13,1277.3686309418058,1301.2773686309417
11,1204.726840503491,1101.2047268405036
10,1184.4150017317497,1001.1844150017317
10,1001.1244917404482,1001.0011244917405
10,973.7771163581365,1000.9737771163582
11,1039.9200033153352,1101.0399200033153
11,1043.0662921783123,1101.0430662921783
11,1130.486547498689,1101.1304865474988
11,1138.9371660264446,1101.1389371660264
12,1105.9085974539214,1201.105908597454
11,1214.7386693513397,1101.2147386693514
10,994.731069697229,1000.9947310696972
11,1123.5140465640175,1101.123514046564
