num_vehicles,distance,fitness
7,691.9245200332821,700.6919245200332
8,748.300042790243,800.7483000427902
8,857.7047260645827,800.8577047260646
10,1060.7330670611943,1001.0607330670612
11,1130.6784994954517,1101.1306784994954
10,1201.4143161477373,1001.2014143161477
9,993.3489406732521,900.9933489406733
9,1022.6880265337032,901.0226880265337
11,1040.3175645309173,1101.0403175645308
11,1103.968179939712,1101.1039681799398
10,1129.9951629402076,1001.1299951629402
10,1131.3275201647164,1001.1313275201647
10,1188.7630155526317,1001.1887630155526
9,997.7445550612625,900.9977445550612
11,1232.008108037262,1101.2320081080372
10,1087.9009136490536,1001.087900913649
11,1121.1269986509517,1101.1211269986509
10,1006.3616304574374,1001.0063616304575
11,1105.9579228084644,1101.1059579228086
11,1051.481122235589,1101.0514811222356
