num_vehicles,distance,fitness
7,792.558481332472,700.7925584813324
7,935.0549370442785,700.9350549370442
7,913.9656327280593,700.913965632728
7,1022.3775768674699,701.0223775768675
7,812.1018430027996,700.8121018430028
7,920.979060776118,700.9209790607761
7,807.2811435236085,700.8072811435236
7,885.754391179746,700.8857543911797
9,1061.0147566376302,901.0610147566376
10,1139.079866337073,1001.139079866337
9,1159.251116905303,901.1592511169054
9,1068.0097314224145,901.0680097314224
9,1188.7554001362078,901.1887554001362
10,1276.060334378411,1001.2760603343784
8,1027.4454790683224,801.0274454790683
9,1186.3162938321345,901.1863162938321
9,1117.70145417628,901.1177014541763
9,1011.6776538753845,901.0116776538754
8,1037.3968636595039,801.0373968636595
8,1080.0720097969254,801.0800720097969
