num_vehicles,distance,fitness
8,962.0780328369437,800.962078032837
8,879.1444348427231,800.8791444348427
9,895.3686397241377,900.8953686397241
7,723.7057637813323,700.7237057637814
8,803.4182491458155,800.8034182491458
8,1009.0541741962594,801.0090541741963
8,921.7120950786573,800.9217120950786
10,1084.8557548319964,1001.084855754832
8,1013.4917518940576,801.0134917518941
9,1103.1516070436644,901.1031516070436
10,1132.9984773756378,1001.1329984773756
9,1016.8521083122835,901.0168521083123
10,1106.5779575786912,1001.1065779575787
9,1208.9401122228662,901.2089401122229
8,1008.5077220064765,801.0085077220065
9,1102.1531407531986,901.1021531407532
8,844.5101899863503,800.8445101899863
9,1110.531051806737,901.1105310518068
9,984.8641475121365,900.9848641475121
8,1037.0512910683335,801.0370512910683
