num_vehicles,distance,fitness
7,979.4404534601562,700.9794404534601
7,969.0049715659098,700.9690049715659
7,1071.5611714307063,701.0715611714307
7,871.0702227627662,700.8710702227628
7,866.6759414708044,700.8666759414708
7,881.0167172296448,700.8810167172296
7,1011.9569530323062,701.0119569530323
7,974.9671843473225,700.9749671843473
7,1017.3822752229621,701.017382275223
7,929.3484272816796,700.9293484272816
8,1057.0801337119558,801.0570801337119
8,1184.9544439911845,801.1849544439912
7,1078.0008568335716,701.0780008568336
8,1049.1515303146457,801.0491515303147
8,1132.3181452360523,801.132318145236
7,935.4160342569236,700.935416034257
7,1015.2592861494696,701.0152592861494
7,998.3676457637386,700.9983676457638
8,1148.1900393704793,801.1481900393704
8,1028.64299028656,801.0286429902866
