num_vehicles,distance,fitness
8,1070.571296979287,801.0705712969793
7,946.8811562834256,700.9468811562834
7,1079.346716274644,701.0793467162747
7,1068.7101217110624,701.0687101217111
7,919.6965340604376,700.9196965340604
7,853.8160176234278,700.8538160176234
8,1186.8027051787672,801.1868027051788
8,1095.3854531088273,801.0953854531089
8,1163.5216809710837,801.163521680971
9,1137.8516042173803,901.1378516042174
8,1074.334388377757,801.0743343883778
7,921.407073879463,700.9214070738794
9,1089.3775930357942,901.0893775930358
8,1035.555138254661,801.0355551382546
8,1041.5657224184824,801.0415657224185
8,1095.6961522256156,801.0956961522256
8,1173.2542841283353,801.1732542841283
9,1140.4784853419899,901.140478485342
8,1095.5399855568435,801.0955399855568
10,1274.0563072207585,1001.2740563072208
