num_vehicles,distance,fitness
7,791.5872570391791,700.7915872570392
7,810.6023739466214,700.8106023739466
8,966.070486925244,800.9660704869252
8,886.5548904177622,800.8865548904178
7,763.9791164905632,700.7639791164905
8,909.6475061122328,800.9096475061123
8,1074.9482360072268,801.0749482360072
8,1056.4068782165195,801.0564068782165
9,984.2481438849242,900.9842481438849
9,1080.813412414098,901.080813412414
10,1228.5289389030102,1001.228528938903
10,1118.5286180894343,1001.1185286180894
8,925.1507851914193,800.9251507851914
8,1046.555691871893,801.0465556918718
8,1084.419626957701,801.0844196269577
9,1049.838598784089,901.049838598784
8,1108.6436648369317,801.1086436648369
9,1070.2620174856077,901.0702620174856
10,1128.5504317639063,1001.1285504317639
9,1290.229796265847,901.2902297962659
