num_vehicles,distance,fitness
5,1306.6275740598305,501.3066275740598
5,1340.259698960763,501.3402596989608
5,1176.7743586820407,501.17677435868205
5,1115.0502726732143,501.1150502726732
4,1410.7092343696727,401.4107092343697
5,1384.315739664367,501.3843157396644
4,1005.7836996382621,401.00578369963824
4,1188.6834246731382,401.1886834246731
5,1086.3416668419525,501.086341666842
5,1160.9544535913894,501.1609544535914
4,1177.9595761689814,401.177959576169
5,1089.5455106082552,501.0895455106083
4,1187.0717109969908,401.187071710997
5,937.501592042797,500.9375015920428
4,1119.8357836370387,401.11983578363703
5,1012.319607292523,501.0123196072925
5,915.2897231279234,500.9152897231279
4,1046.461225026429,401.0464612250264
5,1185.802790895534,501.18580279089554
5,1235.463609874497,501.2354636098745
