num_vehicles,distance,fitness
5,1088.2573579320474,501.08825735793204
5,1138.0202214113897,501.1380202214114
5,994.5754930137418,500.99457549301377
5,994.4906590713749,500.9944906590714
5,1146.0102671172351,501.1460102671172
5,1124.1284684480609,501.1241284684481
5,1060.7304807950359,501.06073048079503
5,1093.0413855846052,501.0930413855846
6,1037.982675957298,601.0379826759573
7,1193.0571972586768,701.1930571972587
4,987.5454400761249,400.98754544007613
5,1080.0400031398178,501.0800400031398
5,1079.6413845195118,501.0796413845195
6,1245.5024304302167,601.2455024304302
5,1191.6604441931963,501.1916604441932
5,1194.845382031122,501.19484538203113
5,1189.420850495684,501.1894208504957
5,951.0002185645732,500.95100021856456
7,889.3091265184373,700.8893091265185
4,1152.5778422531275,401.15257784225315
