num_vehicles,distance,fitness,time
2.0,457.7493779159116,200.45774937791592,229.78691625595093
