num_vehicles,distance,fitness,time
2.0,457.7493779159116,200.45774937791592,229.78691625595093
2.0,457.7493779159116,200.45774937791592,229.97028493881226
2.0,460.19142220343826,200.46019142220345,232.4464647769928
2.0,458.0015988176375,200.45800159881765,232.6846342086792
