num_vehicles,distance,fitness,time
4.0,398.29470724433304,400.39829470724436,246.38683533668518
