num_vehicles,distance,fitness,time
4.0,398.29470724433304,400.39829470724436,246.38683533668518
4.0,398.29470724433304,400.39829470724436,244.97313451766968
4.0,398.29470724433304,400.39829470724436,248.36271500587463
4.0,398.29470724433304,400.39829470724436,249.5962061882019
