num_vehicles,distance,fitness,time
2.0,388.1087474485617,2.9983596907625767,192.33787870407104
