num_vehicles,distance,fitness,time
2.0,388.1087474485617,2.9983596907625767,192.33787870407104
2.0,388.1087474485617,2.9983596907625767,191.61052131652832
2.0,388.1087474485617,2.9983596907625767,192.07445359230042
