num_vehicles,distance,fitness
7,537.3913739362137,700.5373913739362
11,663.1273568793088,1100.6631273568794
11,639.7179292667018,1100.6397179292667
7,518.6140642712785,700.5186140642713
11,646.7631731381432,1100.6467631731382
9,600.3347229888218,900.6003347229888
12,712.9386077312193,1200.7129386077313
10,686.2823678310858,1000.686282367831
8,560.1332257950043,800.560133225795
9,702.3289825182037,900.7023289825182
11,685.2994278779742,1100.685299427878
10,735.6785023785544,1000.7356785023785
11,759.6519619816502,1100.7596519619817
9,661.4566473377047,900.6614566473377
9,666.157668227755,900.6661576682278
11,732.769762401477,1100.7327697624014
11,754.0786985884397,1100.7540786985885
10,627.4426456424694,1000.6274426456424
10,679.7018392634177,1000.6797018392634
11,754.6035556419838,1100.754603555642
