num_vehicles,distance,fitness
7,495.26436520284466,700.4952643652028
7,580.8494723923188,700.5808494723923
7,552.4001763156101,700.5524001763156
7,507.00886415711824,700.5070088641571
7,596.0793586331323,700.5960793586331
8,719.9940156508517,800.7199940156509
8,688.8658838430629,800.688865883843
8,708.4217327440764,800.7084217327441
8,665.6669988361933,800.6656669988362
7,619.392906469382,700.6193929064693
8,681.973745164391,800.6819737451644
10,698.2583090270754,1000.6982583090271
7,695.5364203923617,700.6955364203924
8,615.1053955342034,800.6151053955342
6,610.6657397069739,600.610665739707
8,763.5544492299653,800.76355444923
9,751.0346281985649,900.7510346281986
9,695.2410244068774,900.6952410244069
7,637.0897938384908,700.6370897938385
8,640.001170503209,800.6400011705032
