num_vehicles,distance,fitness
7,512.2931205274929,700.5122931205275
7,528.7125027756003,700.5287125027756
6,529.9852826653444,600.5299852826654
7,639.7875076222496,700.6397875076223
7,634.9547264541397,700.6349547264541
7,642.5450023210734,700.6425450023211
8,624.025865035795,800.6240258650358
6,663.5980744126105,600.6635980744126
7,603.497617467354,700.6034976174674
7,663.2234539269539,700.663223453927
8,678.4437391743119,800.6784437391743
8,711.5263626205127,800.7115263626205
8,654.2661304238832,800.6542661304239
8,698.4572375364132,800.6984572375364
7,654.260934985618,700.6542609349856
7,515.6786753065667,700.5156786753066
8,682.2231966524006,800.6822231966524
8,719.3635870609996,800.719363587061
7,662.0049473815847,700.6620049473815
7,578.072442926719,700.5780724429267
