num_vehicles,distance,fitness
7,599.946623310844,700.5999466233109
7,646.8723343406223,700.6468723343406
7,616.2113735238936,700.6162113735239
7,575.3479303521005,700.5753479303521
8,652.5285545382698,800.6525285545383
8,689.9878018925554,800.6899878018926
9,626.4261508974166,900.6264261508974
9,701.3006438543315,900.7013006438543
10,735.5156250015264,1000.7355156250015
9,667.7711071065064,900.6677711071065
7,570.9686120664147,700.5709686120664
10,721.9750506259318,1000.7219750506259
9,673.2522212611268,900.6732522212611
10,775.1228157883189,1000.7751228157883
9,692.6068645865618,900.6926068645865
8,581.310727029638,800.5813107270296
10,672.4103843343937,1000.6724103843344
11,705.531251193506,1100.7055312511934
10,712.3322244031021,1000.7123322244031
9,764.4824670480386,900.7644824670481
