num_vehicles,distance,fitness
7,664.5333586844342,700.6645333586845
7,600.0500173182074,700.6000500173182
8,572.728624969985,800.57272862497
7,599.9342612280846,700.5999342612281
7,595.0627136422705,700.5950627136423
7,688.7568644291749,700.6887568644291
7,614.6754409917909,700.6146754409918
7,611.9639156177645,700.6119639156178
7,627.0190216895693,700.6270190216895
8,625.2765233956825,800.6252765233957
8,671.3052455932063,800.6713052455932
8,678.9863693150571,800.6789863693151
8,742.493591841175,800.7424935918411
8,636.3931303908984,800.6363931303908
9,676.1135706441044,900.6761135706441
7,631.5274900550195,700.631527490055
8,666.0989678929153,800.6660989678929
8,721.5471618766594,800.7215471618766
8,667.2811885000642,800.6672811885
8,556.0556173238483,800.5560556173239
