num_vehicles,distance,fitness
5,555.9485643976219,500.5559485643976
5,521.6091281458669,500.5216091281459
5,541.2148416685222,500.54121484166853
5,639.6479549941578,500.63964795499413
5,598.2020759508387,500.59820207595084
5,586.3023294618492,500.58630232946183
7,698.4463963258597,700.6984463963258
6,691.5523176245816,600.6915523176245
7,761.2650069521084,700.7612650069522
6,681.7584085675857,600.6817584085676
6,734.412632910698,600.7344126329107
6,747.1914355689496,600.747191435569
6,672.0803340013232,600.6720803340013
8,830.6318133152688,800.8306318133152
7,685.4230241382061,700.6854230241382
7,788.4558600766085,700.7884558600766
6,682.5983186728186,600.6825983186728
5,790.7718043354286,500.7907718043354
6,775.9493465143242,600.7759493465144
6,703.645480582534,600.7036454805825
