num_vehicles,distance,fitness
5,534.3361221591722,500.5343361221592
5,603.6817946685786,500.6036817946686
5,564.0322024936445,500.56403220249365
5,543.391022172539,500.54339102217256
5,583.9151062205995,500.5839151062206
5,581.9038430404437,500.58190384304044
5,562.8384938821112,500.5628384938821
5,553.9921734067057,500.5539921734067
5,621.8666635540249,500.62186666355404
5,574.5342925233521,500.57453429252337
6,702.9062277280191,600.702906227728
5,696.016468906314,500.6960164689063
5,678.5930881529547,500.678593088153
6,764.3541185746672,600.7643541185747
7,878.082658371083,700.8780826583711
5,658.7573801487902,500.6587573801488
5,849.0271227136833,500.84902712271366
6,829.0372247231261,600.8290372247232
4,686.0781345648704,400.68607813456487
5,743.7169892585587,500.7437169892586
