num_vehicles,distance,fitness
5,466.50342106065915,500.4665034210607
4,487.6623360547861,400.48766233605477
5,533.6897704110925,500.5336897704111
5,439.2621488989366,500.43926214889893
5,482.4375949363675,500.48243759493636
6,432.56509231156855,600.4325650923116
5,647.1393128986542,500.6471393128987
6,619.6175019997308,600.6196175019998
7,612.9202261976714,700.6129202261976
6,632.3162164797325,600.6323162164797
5,664.801453980914,500.6648014539809
6,608.9771559637304,600.6089771559638
7,631.4348686491884,700.6314348686492
6,703.2148200195712,600.7032148200195
6,634.1020018853966,600.6341020018854
5,695.0323713810154,500.695032371381
6,586.6406200365764,600.5866406200366
6,639.1179363380377,600.639117936338
6,618.5103997170083,600.618510399717
7,577.5374192558561,700.5775374192558
