num_vehicles,distance,fitness
8,800.9792222618502,800.8009792222618
16,949.8298294907862,1600.9498298294907
10,892.8826908724322,1000.8928826908724
12,908.306635190022,1200.90830663519
12,874.9887068077235,1200.8749887068077
13,939.3672843846145,1300.9393672843846
16,1083.1701753153325,1601.0831701753154
12,908.3926463377866,1200.9083926463377
14,1043.2758523264847,1401.0432758523266
12,921.563049693406,1200.9215630496933
14,1017.270122089929,1401.01727012209
14,946.9184229327986,1400.9469184229329
16,1072.799152626017,1601.072799152626
14,973.3682776176126,1400.9733682776175
15,951.8991270066878,1500.9518991270068
16,996.6985429600671,1600.99669854296
15,1033.7697952328656,1501.033769795233
14,984.6550218204763,1400.9846550218206
15,1002.7926084662428,1501.0027926084663
15,1005.833058020247,1501.0058330580202
