num_vehicles,distance,fitness
8,801.6266998825827,800.8016266998826
9,759.6258588027439,900.7596258588028
8,786.6075120974226,800.7866075120975
9,742.5588820907,900.7425588820907
10,876.4405677661356,1000.8764405677662
9,842.24378336835,900.8422437833683
9,787.9282876880822,900.787928287688
12,1010.2775935019753,1201.010277593502
11,968.9876707104535,1100.9689876707105
11,984.9965239851123,1100.984996523985
13,1000.1339305679381,1301.000133930568
11,945.5695342636127,1100.9455695342635
14,1003.4993277580967,1401.0034993277582
12,1017.2463892882471,1201.0172463892882
13,1005.5422536581563,1301.0055422536582
11,926.8991509870209,1100.926899150987
12,1012.5813980968599,1201.012581398097
11,944.2043240497965,1100.94420432405
11,885.3208821649295,1100.885320882165
12,989.9243015443583,1200.9899243015443
