num_vehicles,distance,fitness
7,743.2970155147732,700.7432970155148
6,718.5422722954014,600.7185422722954
8,810.0692163316348,800.8100692163316
10,881.3419907257933,1000.8813419907258
10,918.4734559944388,1000.9184734559944
8,832.354229885182,800.8323542298851
10,1041.8963712514615,1001.0418963712515
10,927.6702900565645,1000.9276702900565
10,893.5308160060123,1000.893530816006
10,981.2479317552479,1000.9812479317552
10,1007.1780592413702,1001.0071780592414
11,982.0000822702158,1100.9820000822701
11,1048.5483607693088,1101.0485483607692
10,990.6753125157435,1000.9906753125157
8,910.5285093595378,800.9105285093596
9,937.5885800647329,900.9375885800647
9,973.9952888354306,900.9739952888355
11,1034.7545238267894,1101.0347545238267
9,989.4004084702577,900.9894004084703
10,917.8117520715417,1000.9178117520715
