num_vehicles,distance,fitness
7,847.9959707224298,700.8479959707224
6,808.095446433372,600.8080954464334
6,797.7173433209758,600.797717343321
6,851.0705445933859,600.8510705445934
7,822.0168002913191,700.8220168002913
8,899.4821492160189,800.899482149216
10,1006.0988648170935,1001.0060988648171
9,938.8252063429723,900.9388252063429
9,973.3822039438492,900.9733822039439
8,823.2417066654234,800.8232417066654
9,958.4703818041338,900.9584703818041
8,914.8058619654355,800.9148058619654
7,959.1337346401457,700.9591337346401
9,929.2128878634617,900.9292128878635
8,970.726711145513,800.9707267111455
8,857.6168836494596,800.8576168836495
9,1005.4484523364752,901.0054484523365
10,949.4530296716822,1000.9494530296716
7,886.0215974266979,700.8860215974267
9,981.6890039458308,900.9816890039458
