num_vehicles,distance,fitness
7,864.4833286468569,700.8644833286469
9,817.5731239705184,900.8175731239705
9,793.8922483610378,900.7938922483611
12,1010.3063328414936,1201.0103063328415
12,1014.5707671847777,1201.0145707671848
14,1073.0202203951224,1401.0730202203952
12,975.7321234681161,1200.975732123468
10,903.2218062034455,1000.9032218062034
12,942.0214580083779,1200.9420214580084
11,937.0697908584948,1100.9370697908585
12,968.5095565348608,1200.9685095565349
14,1065.3782721564883,1401.0653782721565
13,948.22026470383,1300.9482202647039
12,929.5960351759036,1200.9295960351758
12,942.2702911699487,1200.94227029117
12,947.7704206314235,1200.9477704206315
11,980.9427515345533,1100.9809427515345
12,971.6016527201051,1200.9716016527202
11,898.6436375643609,1100.8986436375644
11,937.3922517020803,1100.937392251702
