num_vehicles,distance,fitness
6,738.2850068179622,600.7382850068179
7,744.1292870854519,700.7441292870855
6,766.8148342277883,600.7668148342278
8,823.8708602513176,800.8238708602513
10,846.6283340606326,1000.8466283340606
9,892.737407412104,900.8927374074121
9,800.5157311218337,900.8005157311218
8,787.0326900702884,800.7870326900703
10,892.7960387009266,1000.8927960387009
10,1006.3094889590702,1001.0063094889591
9,870.4462020790197,900.870446202079
11,991.8962248815246,1100.9918962248814
9,804.8231154071997,900.8048231154072
9,924.9216663151104,900.9249216663151
8,923.1478284867817,800.9231478284868
10,990.3824293547949,1000.9903824293548
12,864.5687527220423,1200.864568752722
10,949.3128157659357,1000.9493128157659
9,846.9697785316953,900.8469697785317
11,1044.5027559790467,1101.044502755979
