num_vehicles,distance,fitness
7,818.2437983267619,700.8182437983268
7,724.883299647067,700.7248832996471
6,799.5485394094065,600.7995485394094
6,796.49933793477,600.7964993379347
8,938.5166431299092,800.9385166431299
9,922.3844975768186,900.9223844975768
8,826.6545321531243,800.8266545321532
11,1069.1602759833659,1101.0691602759834
11,1013.2897357603517,1101.0132897357603
8,878.6664321160545,800.878666432116
9,1002.6243881477374,901.0026243881478
9,999.2619149100605,900.9992619149101
9,866.1473407276198,900.8661473407276
8,991.825804788256,800.9918258047883
10,977.1560584316621,1000.9771560584317
10,948.5062355387843,1000.9485062355387
9,954.6414555620295,900.9546414555621
7,836.7934396701543,700.8367934396701
9,947.404615056406,900.9474046150564
10,975.2041935463681,1000.9752041935463
