num_vehicles,distance,fitness
6,849.5290070488132,600.8495290070488
8,780.3831684250101,800.780383168425
9,686.5245971241014,900.686524597124
8,693.455953414279,800.6934559534143
7,757.3785917070486,700.757378591707
9,905.4930099713201,900.9054930099713
8,827.5263604365965,800.8275263604367
9,864.0867021837382,900.8640867021837
9,1012.5758433369249,901.0125758433369
10,879.4791311900444,1000.87947913119
9,874.7597074821539,900.8747597074821
10,985.940569150241,1000.9859405691502
9,902.233907593139,900.9022339075931
9,949.3466561658279,900.9493466561659
9,889.2295242035738,900.8892295242035
9,919.5883181860115,900.919588318186
11,1037.616345386231,1101.0376163453861
10,874.2127881249083,1000.874212788125
10,1133.667894004963,1001.1336678940049
9,941.3490714776564,900.9413490714777
