num_vehicles,distance,fitness
6,762.3946846662257,600.7623946846662
7,793.1609774617609,700.7931609774618
7,868.6858206374496,700.8686858206374
7,759.7150241092475,700.7597150241093
7,758.6569809422417,700.7586569809422
8,782.9916204198105,800.7829916204198
7,862.3721378499704,700.86237213785
9,938.1969825404834,900.9381969825405
9,829.055123229666,900.8290551232296
8,893.3336117459302,800.8933336117459
8,911.2973062864123,800.9112973062864
8,941.6286915684246,800.9416286915684
8,777.5984931573319,800.7775984931574
8,875.4615056659652,800.875461505666
8,910.7684119981166,800.9107684119981
7,830.837060051438,700.8308370600514
8,950.416998605931,800.950416998606
8,845.3572372283321,800.8453572372283
8,924.2705850809584,800.924270585081
8,859.3446881903491,800.8593446881904
