num_vehicles,distance,fitness
4,918.1606608150763,400.9181606608151
5,866.3043808375546,500.86630438083756
5,860.8930756310345,500.86089307563105
6,891.1765582224431,600.8911765582225
7,838.7122592842825,700.8387122592843
4,854.9606833235289,400.85496068332355
4,915.2747363675414,400.91527473636756
6,805.7722467409735,600.805772246741
5,803.373143397412,500.80337314339744
5,846.5934727149271,500.8465934727149
4,861.0179134091145,400.8610179134091
7,1003.8284477680628,701.0038284477681
7,1011.8841022475286,701.0118841022476
7,845.6829451769136,700.8456829451769
7,967.5883291411786,700.9675883291412
6,933.1709938787571,600.9331709938788
8,951.6993813981029,800.9516993813982
6,899.8292162385173,600.8998292162386
8,782.1828009836219,800.7821828009836
6,934.7940376045888,600.9347940376045
