num_vehicles,distance,fitness
4,1071.3637846072347,401.07136378460723
4,1067.052544040967,401.06705254404096
4,978.5329701067838,400.9785329701068
4,925.1217319547839,400.9251217319548
4,925.5894163681966,400.9255894163682
4,1011.2552369427674,401.01125523694276
5,997.1013099639715,500.99710130996397
4,955.716010191541,400.95571601019157
6,1004.784757676227,601.0047847576762
6,1020.7219535861268,601.0207219535861
5,880.3182888559786,500.88031828885596
5,876.2577522048207,500.8762577522048
5,932.033930361208,500.93203393036123
6,1041.199881986981,601.0411998819869
5,857.678686395313,500.85767868639533
5,906.2332104374404,500.90623321043745
5,936.9757063103345,500.9369757063103
5,980.4014401732874,500.9804014401733
6,923.7762327010228,600.923776232701
5,990.1995252997375,500.9901995252997
