num_vehicles,distance,fitness
4,937.6570066368039,400.9376570066368
5,993.2110076030084,500.993211007603
4,922.1757244909079,400.9221757244909
4,822.4382902770873,400.8224382902771
4,957.8808993621943,400.9578808993622
4,894.5507316531011,400.8945507316531
4,969.9727688617827,400.9699727688618
4,963.3031941754496,400.96330319417547
5,1000.8269222905251,501.0008269222905
4,860.810744387333,400.8608107443873
6,953.4372054584344,600.9534372054584
5,936.8983369296079,500.93689833692963
4,933.414253819338,400.93341425381936
4,856.6387983037047,400.8566387983037
5,900.8547168850281,500.900854716885
5,914.6868486582288,500.9146868486582
4,866.6084287307913,400.8666084287308
6,995.8018379393417,600.9958018379393
5,917.5248069532787,500.9175248069533
5,1051.1899145908483,501.05118991459085
