num_vehicles,distance,fitness
4,887.2260787198006,400.8872260787198
4,844.604455475424,400.8446044554754
4,965.7971561973208,400.9657971561973
4,911.7126988237485,400.91171269882375
5,872.2788994033409,500.87227889940334
5,823.9024725214963,500.8239024725215
5,961.702748735186,500.9617027487352
4,856.2962479989123,400.8562962479989
5,1004.7109626126764,501.00471096261265
5,878.3813996739365,500.8783813996739
4,774.9437396649263,400.77494373966493
5,882.2404416585191,500.8822404416585
5,891.5277766020665,500.89152777660206
5,816.3450098776004,500.8163450098776
5,1103.750201580315,501.10375020158034
5,819.0267296082803,500.81902672960825
5,856.6693631664344,500.8566693631664
4,866.8988019554885,400.8668988019555
6,946.6285314906917,600.9466285314907
5,951.4336947985857,500.9514336947986
