num_vehicles,distance,fitness
4,918.9340678700514,400.91893406787005
4,887.769110243344,400.88776911024337
5,900.3037099973335,500.90030370999733
4,893.7987873260223,400.89379878732603
5,943.4501411988418,500.94345014119887
4,762.5751460812334,400.76257514608125
4,849.685626511342,400.84968562651136
6,921.908086584794,600.9219080865848
5,953.9218849482357,500.9539218849482
4,878.6406623512435,400.87864066235124
6,971.1141161624298,600.9711141161624
6,1040.8535504488714,601.0408535504489
4,897.9725815202257,400.8979725815202
5,1018.0237041971901,501.01802370419716
5,808.1516533168865,500.8081516533169
6,1073.7624245996783,601.0737624245996
5,883.6880696669284,500.8836880696669
5,952.8333183279423,500.9528333183279
5,894.3558706392907,500.8943558706393
4,926.5434673364621,400.92654346733644
