num_vehicles,distance,fitness
7,691.9245200332821,700.6919245200332
8,747.6785899394578,800.7476785899395
9,858.4200684432873,900.8584200684433
8,805.0289110906326,800.8050289110906
10,927.3816111913906,1000.9273816111914
9,989.2439593035054,900.9892439593035
8,770.2377419950305,800.7702377419951
8,726.2260255298244,800.7262260255299
10,1040.171753010102,1001.0401717530101
10,1048.5228610059914,1001.048522861006
10,1115.8198776081267,1001.1158198776081
9,914.1328254682663,900.9141328254683
8,862.3016762638714,800.8623016762639
10,1092.1206743541188,1001.0921206743541
11,1146.2491410077896,1101.1462491410077
11,1115.4990240994969,1101.1154990240996
11,1253.1482273460194,1101.253148227346
11,1209.0780428982496,1101.2090780428982
12,1192.7385590475594,1201.1927385590475
9,982.0241971375216,900.9820241971375
