num_vehicles,distance,fitness
8,962.0780328369437,800.962078032837
7,718.8880051924432,700.7188880051924
9,901.0876783771773,900.9010876783772
9,912.2539304552488,900.9122539304552
9,812.1382009585079,900.8121382009585
9,953.5299142843916,900.9535299142844
8,783.2006308265654,800.7832006308265
8,865.7906528977862,800.8657906528978
9,1104.1383724810632,901.1041383724811
7,901.9105439412149,700.9019105439412
9,1058.4699138994056,901.0584699138994
10,1023.5747579900001,1001.02357475799
9,1032.4783316054272,901.0324783316054
9,1006.5784089808881,901.0065784089809
9,974.8293207841807,900.9748293207841
8,896.0783482116634,800.8960783482116
9,996.8890069012704,900.9968890069013
9,952.5158645242421,900.9525158645242
9,943.2384587989881,900.943238458799
10,1167.773221582327,1001.1677732215824
