num_vehicles,distance,fitness
7,979.4404534601562,700.9794404534601
7,1071.2995447490955,701.0712995447491
7,920.8169592997135,700.9208169592997
7,837.6349753890332,700.837634975389
7,954.6812521243457,700.9546812521244
7,897.5466203445728,700.8975466203445
8,1044.3452394249027,801.044345239425
7,991.158218128601,700.9911582181286
7,959.0396034653781,700.9590396034654
8,1120.662554626687,801.1206625546267
7,1113.503341814795,701.1135033418147
8,1291.5455134365939,801.2915455134366
8,1205.0847085618832,801.2050847085619
7,1013.1422821768474,701.0131422821769
8,1131.9814160854582,801.1319814160854
8,1072.3635302115715,801.0723635302115
8,1205.4085570226434,801.2054085570227
8,1144.4651315614647,801.1444651315614
7,1008.3774697045035,701.0083774697046
7,954.6317703532914,700.9546317703533
