num_vehicles,distance,fitness
7,791.5872570391791,700.7915872570392
8,945.0679454518086,800.9450679454518
8,912.0899461880218,800.9120899461881
7,824.8997369629385,700.824899736963
7,905.9615442395236,700.9059615442395
8,861.0395545182414,800.8610395545182
7,881.0312726400193,700.88103127264
7,1076.313420415674,701.0763134204157
9,1243.3915470858678,901.2433915470858
8,1040.137057488755,801.0401370574888
8,982.6185920110058,800.982618592011
8,975.7355093029954,800.975735509303
8,1048.231979028975,801.048231979029
8,977.886384793654,800.9778863847937
9,1164.9249034322506,901.1649249034323
9,1116.0971251212684,901.1160971251213
8,1037.5852460018064,801.0375852460018
9,1147.1476506218858,901.1471476506218
8,901.8330573321444,800.9018330573322
9,1133.60361779299,901.133603617793
