num_vehicles,distance,fitness
8,894.5607712993112,800.8945607712993
9,859.8877865025354,900.8598877865026
10,991.1415115216096,1000.9911415115216
10,996.2292969590562,1000.9962292969591
9,957.4324664689618,900.957432466469
10,1009.3609178786957,1001.0093609178787
7,771.0097987254541,700.7710097987255
11,1076.7757108505932,1101.0767757108506
11,1182.8745676639514,1101.182874567664
9,823.2196350032058,900.8232196350032
10,992.8606070576183,1000.9928606070577
11,1053.421565841681,1101.0534215658417
11,998.0579095079122,1100.998057909508
10,1064.0229121057725,1001.0640229121058
10,1131.909417114435,1001.1319094171145
11,1182.2607106887908,1101.1822607106888
10,1097.5093618697483,1001.0975093618697
10,918.1001172467627,1000.9181001172468
10,1038.385710916316,1001.0383857109164
11,1175.5034710925117,1101.1755034710925
