num_vehicles,distance,fitness
8,1070.571296979287,801.0705712969793
7,870.8883600530675,700.8708883600531
7,874.6810448702629,700.8746810448703
7,883.3875881708774,700.8833875881709
8,926.9278665941247,800.9269278665942
7,954.902328706451,700.9549023287065
7,1020.6300350061895,701.0206300350062
7,872.8185343461379,700.8728185343462
9,1259.5334784327586,901.2595334784328
8,1093.3569152987363,801.0933569152987
9,1289.4815331927002,901.2894815331927
9,1054.142280689286,901.0541422806892
8,1169.529690345674,801.1695296903457
8,1043.2405471615093,801.0432405471615
8,1035.6413861740964,801.0356413861741
9,1130.9225729051782,901.1309225729052
8,1005.8615610113588,801.0058615610113
9,1194.2124714424153,901.1942124714424
8,999.1869481153453,800.9991869481154
8,992.9779871564704,800.9929779871565
