num_vehicles,distance,fitness
4,1067.7019895573885,401.0677019895574
4,986.9362911624164,400.9869362911624
5,1296.2893641175933,501.29628936411757
4,1026.8304928927741,401.02683049289277
5,1177.734407536484,501.1777344075365
5,1161.4968701853873,501.1614968701854
6,1303.6464473113422,601.3036464473114
5,1214.8608290035038,501.2148608290035
5,1058.1877505932346,501.0581877505932
5,1200.3681705314782,501.2003681705315
5,1092.6919067893466,501.09269190678936
5,1167.2442568733875,501.1672442568734
5,1003.5068083011138,501.0035068083011
5,1010.057620328061,501.01005762032804
5,1152.1600642363169,501.15216006423634
5,1148.0714350665544,501.1480714350665
7,1427.9781075831697,701.4279781075832
5,1112.871832284017,501.11287183228404
5,1067.048891613602,501.0670488916136
5,1133.7058754068821,501.13370587540686
