num_vehicles,distance,fitness
5,1306.6275740598305,501.3066275740598
4,825.4067769905832,400.8254067769906
4,964.8856238391134,400.9648856238391
5,1012.4043587115167,501.01240435871154
5,1106.5527203217966,501.1065527203218
5,844.2982911862952,500.8442982911863
5,1213.6386892419503,501.213638689242
5,931.4135771279505,500.93141357712796
5,1153.3296609155616,501.1533296609156
5,1140.6960468800792,501.14069604688007
5,1057.455292324009,501.057455292324
5,916.4756584826763,500.9164756584827
5,1311.2064608438077,501.31120646084383
5,1247.0284147193784,501.24702841471935
5,1348.6165613630574,501.34861656136303
5,1220.2733658520353,501.22027336585205
5,870.9610288339306,500.8709610288339
4,1003.919913349707,401.0039199133497
5,1243.0262198870537,501.24302621988704
4,990.2425589081834,400.99024255890816
